"param_id","prop_relapse"
7546,0.906264945002391
7547,0.909738717339667
7548,0.905762711864407
7549,0.900888265544647
755,0.881476224272534
7550,0.913314176245211
7551,0.908700564971751
7552,0.90351711026616
7553,0.906109931587639
7554,0.900184842883549
7555,0.896094674556213
7556,0.908079342041606
7557,0.904640960517202
