"param_id","prop_relapse"
11928,0.721047331319235
11929,0.735049883505586
1193,0.812036448400085
11930,0.726939486809687
11931,0.721910447761194
11932,0.732375583439413
11933,0.714157006426812
11934,0.74060014461316
11935,0.722571377267014
11936,0.70957548294777
11937,0.723982444537967
11938,0.719140041803523
11939,0.724664928133907
