"param_id","prop_relapse"
5650,0.379833395499192
5651,0.380222144393856
5652,0.379643727161998
5653,0.379050166548905
5654,0.3811937213994
5655,0.380173697270471
5656,0.379287847230935
5657,0.372816989381636
5658,0.378345773957626
5659,0.382137041212577
566,0.871338912133891
5660,0.378159732467788
5661,0.372094169850857
