"param_id","prop_relapse"
4363,0.883113935542442
4364,0.882821387940842
4365,0.876958002270148
4366,0.875570776255708
4367,0.888863992829935
4368,0.890276538804639
4369,0.887023593466425
437,0.882414151925078
4370,0.883602566939588
4371,0.891156462585034
4372,0.874400548070336
4373,0.876650943396226
4374,0.888141672270791
