"param_id","prop_relapse"
4399,0.863973799126638
44,0.882234185733513
440,0.879678209164043
4400,0.830661548882366
4401,0.836147592245153
4402,0.831866197183099
4403,0.833549783549784
4404,0.832049306625578
4405,0.828418230563003
4406,0.838854456080359
4407,0.830866347409665
4408,0.840016708437761
4409,0.83994905540225
