"param_id","prop_relapse"
1684,0.701443875174662
1685,0.699190890020977
1686,0.70445632798574
1687,0.70641341306132
1688,0.705750560119492
1689,0.704175850360398
169,0.877812391831083
1690,0.70923797360579
1691,0.707620709714951
1692,0.71689281270368
1693,0.71270782467155
1694,0.704782557730629
1695,0.721425621053874
