"param_id","prop_relapse"
1368,0.802244336226974
1369,0.802053388090349
137,0.883729174051755
1370,0.806301543666737
1371,0.797584936553418
1372,0.804938271604938
1373,0.810528514727387
1374,0.803864533554955
1375,0.811535162950257
1376,0.801085368399082
1377,0.797648514851485
1378,0.804597701149425
1379,0.807226399331663
