"param_id","prop_relapse"
12478,0.568400907286646
12479,0.567712750918858
1248,0.796010296010296
12480,0.559260413420588
12481,0.569044919937651
12482,0.567963923016831
12483,0.570107262176895
12484,0.56879242081448
12485,0.573381498795863
12486,0.56799322009958
12487,0.573727109135175
12488,0.559527130701632
12489,0.562836939018413
