"param_id","prop_relapse"
4105,0.859219088937093
4106,0.853093363329584
4107,0.848471121177803
4108,0.878781088953619
4109,0.857735108007855
411,0.873362445414847
4110,0.848687138406765
4111,0.863157894736842
4112,0.848883048620237
4113,0.846976642654442
4114,0.848090086111724
4115,0.867342342342342
4116,0.852025968211327
