"param_id","prop_relapse"
1356,0.816427192794338
1357,0.80913278590026
1358,0.827658680117696
1359,0.799629324546952
136,0.861415025528811
1360,0.821473684210526
1361,0.801624365482233
1362,0.805166846071044
1363,0.807492195629553
1364,0.796385795335154
1365,0.794913530010173
1366,0.802834257547751
1367,0.80686175580222
