"param_id","prop_relapse"
8119,0.8794994479205
812,0.816297208538588
8120,0.876534399086497
8121,0.884137137928556
8122,0.877086388714296
8123,0.879410906969962
8124,0.874917660835834
8125,0.881308004640371
8126,0.884157343919163
8127,0.875275389098145
8128,0.885951384299038
8129,0.879394812680115
813,0.820787791297175
