"param_id","prop_relapse"
950,0.80461811722913
9500,0.316919864487674
9501,0.310300501538332
9502,0.313067091963189
9503,0.310413616009847
9504,0.310285812082834
9505,0.314012643947296
9506,0.312546908841378
9507,0.31848202568681
9508,0.314137129947356
9509,0.313204872075788
951,0.792367399741268
9510,0.315141949015114
