"param_id","prop_relapse"
12009,0.597318954542051
1201,0.805126118795769
12010,0.604260172172761
12011,0.602481280281897
12012,0.597750962005455
12013,0.598766791455627
12014,0.590955731457051
12015,0.602789275459596
12016,0.598789499090268
12017,0.605227529146296
12018,0.59716680698415
12019,0.600415538159018
1202,0.802620632279534
