"param_id","prop_relapse"
4375,0.877546242097869
4376,0.889855736203343
4377,0.882366121442976
4378,0.872335600907029
4379,0.873522194958733
438,0.883211678832117
4380,0.861549006168609
4381,0.885242191036668
4382,0.883393017009848
4383,0.884992987377279
4384,0.876665135507579
4385,0.878122109158187
4386,0.876214140501468
