"param_id","prop_relapse"
2819,0.299932058224043
282,0.881632653061225
2820,0.300388533025307
2821,0.305255311218785
2822,0.304547532942595
2823,0.301203573496567
2824,0.300777007268778
2825,0.302211251244607
2826,0.301680531750345
2827,0.300084478602188
2828,0.300385688494994
2829,0.30459291924949
283,0.885017421602787
