"param_id","prop_relapse"
8799,0.711422021045206
88,0.889886089057646
880,0.79671926910299
8800,0.537868068189475
8801,0.542571691615235
8802,0.541277549495704
8803,0.535766373842553
8804,0.537734593371489
8805,0.539223949027408
8806,0.530169242089772
8807,0.541417165668663
8808,0.53974358974359
8809,0.541334945748933
