"param_id","prop_relapse"
3697,0.883787661406026
3698,0.87908611599297
3699,0.887823926162584
37,0.885352498288843
370,0.88637194008038
3700,0.885871433482296
3701,0.880612972202423
3702,0.889131225009088
3703,0.883315917798676
3704,0.8822913028292
3705,0.883712531599856
3706,0.877911079745942
3707,0.891910985517485
