"param_id","prop_relapse"
10324,0.892513736263736
10325,0.872792792792793
10326,0.876658300466117
10327,0.882611637347767
10328,0.887586206896552
10329,0.887769284225156
1033,0.817538012913976
10330,0.875170998632011
10331,0.894247330347916
10332,0.876857749469214
10333,0.886396011396011
10334,0.884562841530055
10335,0.890541976620616
