"param_id","prop_relapse"
6095,0.328986512179301
6096,0.336522472038087
6097,0.330867548919805
6098,0.333870462378586
6099,0.333544733861835
61,0.873404255319149
610,0.88030888030888
6100,0.334127644268597
6101,0.334414059879704
6102,0.337815012499155
6103,0.332168387609214
6104,0.338657933431359
6105,0.335189987597249
