"param_id","prop_relapse"
400,0.875447387258411
4000,0.851779087535473
4001,0.84815713970426
4002,0.856447688564477
4003,0.865033407572383
4004,0.845537502782105
4005,0.852400179452669
4006,0.860961365678347
4007,0.853415358506576
4008,0.85602328705777
4009,0.862350861688025
401,0.881067961165049
4010,0.863875493204735
