"param_id","prop_relapse"
8986,0.537437660062003
8987,0.539248917676276
8988,0.538394209729002
8989,0.544883845843964
899,0.807700580770058
8990,0.540865707756419
8991,0.539516237703814
8992,0.540174217199744
8993,0.536689333198011
8994,0.542615834987718
8995,0.539752176825184
8996,0.535842175066313
8997,0.536480400333611
