"param_id","prop_relapse"
1613,0.706909777541748
1614,0.696778380929903
1615,0.713061847201033
1616,0.71455421120639
1617,0.711050143015586
1618,0.701831630855935
1619,0.707222575608628
162,0.883391003460208
1620,0.707755102040816
1621,0.717617341244199
1622,0.708927099281592
1623,0.715601173020528
1624,0.704832056570418
