"param_id","prop_relapse"
840,0.814631122132672
8400,0.873829756589371
8401,0.876857437104605
8402,0.884004009737935
8403,0.883475198121515
8404,0.883504193849021
8405,0.874943327792051
8406,0.88216279753159
8407,0.880046302995225
8408,0.882064421669107
8409,0.885088421512263
841,0.812460798661928
8410,0.880438730297087
