"param_id","prop_relapse"
11999,0.715940629902257
12,0.886006825938567
120,0.874565670604587
1200,0.814853123707075
12000,0.596222002996091
12001,0.596629213483146
12002,0.595764374838017
12003,0.597943501985968
12004,0.595727319931756
12005,0.594761397450498
12006,0.598375184638109
12007,0.59564964775946
12008,0.605031861129422
