"param_id","prop_relapse"
10828,0.922167021528271
10829,0.911466917824347
1083,0.801428871611683
10830,0.914395948878707
10831,0.91025641025641
10832,0.910916824196597
10833,0.905929038281979
10834,0.917783735478105
10835,0.918040399349896
10836,0.918108419838524
10837,0.911181795938341
10838,0.919781221513218
10839,0.903132530120482
