"param_id","prop_relapse"
1485,0.809250920998772
1486,0.815101443212717
1487,0.819637589549094
1488,0.818296265211918
1489,0.818276004973063
149,0.871382636655949
1490,0.819243243243243
1491,0.811887515977844
1492,0.807369498464688
1493,0.806030795551754
1494,0.799237611181703
1495,0.80522713130056
1496,0.806525831416022
