"param_id","prop_relapse"
10734,0.924982472540313
10735,0.923816221284576
10736,0.926041168022978
10737,0.9132797731569
10738,0.928707677634716
10739,0.91967680608365
1074,0.80353110244303
10740,0.920810747112892
10741,0.923342371210254
10742,0.916360294117647
10743,0.924649666896393
10744,0.915045087802563
10745,0.922557297949336
