"param_id","prop_relapse"
8658,0.715957510652343
8659,0.718076784209893
866,0.809822150363783
8660,0.722347488412877
8661,0.718051404662283
8662,0.711282452864285
8663,0.711263001485884
8664,0.715786930788743
8665,0.713303167420814
8666,0.725139337048988
8667,0.721293604651163
8668,0.72105041764317
8669,0.72267218445167
