"param_id","prop_relapse"
8423,0.876336996336996
8424,0.870203243084599
8425,0.877129394708228
8426,0.875616398027526
8427,0.885656826833297
8428,0.878174057729871
8429,0.876249472054062
843,0.78419516263553
8430,0.883681535855449
8431,0.879421947915099
8432,0.878740740740741
8433,0.887566620427831
8434,0.88992657018607
