"param_id","prop_relapse"
6434,0.90795576168391
6435,0.891814946619217
6436,0.893180236604036
6437,0.885115606936416
6438,0.890818858560794
6439,0.898141529664046
644,0.875217240180744
6440,0.898653437278526
6441,0.902482269503546
6442,0.909502262443439
6443,0.891494574728736
6444,0.888324873096447
6445,0.897674418604651
