"param_id","prop_relapse"
10219,0.885194259712986
1022,0.795673076923077
10220,0.889045438534695
10221,0.879427549194991
10222,0.883673469387755
10223,0.874313186813187
10224,0.881020848310568
10225,0.887853692201518
10226,0.888426888426888
10227,0.88697524219591
10228,0.877884274050408
10229,0.886119764624438
1023,0.806783369803063
