"param_id","prop_relapse"
5018,0.845098039215686
5019,0.839801475149928
502,0.879049676025918
5020,0.83414766558089
5021,0.829798693866559
5022,0.830728122912492
5023,0.829971581063284
5024,0.835190974582031
5025,0.840254706533776
5026,0.831946068652404
5027,0.831909023618868
5028,0.828733821817435
5029,0.836053938963804
