"param_id","prop_relapse"
5955,0.450652142754766
5956,0.445892831895942
5957,0.444620656452663
5958,0.448776065276519
5959,0.44770473952662
596,0.87298747763864
5960,0.446989072308765
5961,0.453253999886124
5962,0.447450034458994
5963,0.448516986189616
5964,0.449070100143062
5965,0.447397532264927
5966,0.44832406218799
