"param_id","prop_relapse"
3415,0.8825
3416,0.886572438162544
3417,0.901272789817681
3418,0.884981684981685
3419,0.896090172595984
342,0.871043771043771
3420,0.879322268326418
3421,0.886175942549372
3422,0.883278448591292
3423,0.89288256227758
3424,0.902567710165318
3425,0.889752650176678
3426,0.898916967509025
