"param_id","prop_relapse"
7850,0.805755395683453
7851,0.809395136146331
7852,0.820428336079077
7853,0.815458734813574
7854,0.81532292106374
7855,0.822121337185307
7856,0.794772922022279
7857,0.821096173733195
7858,0.812800669316043
7859,0.807893088327417
786,0.874378992193045
7860,0.815104166666667
7861,0.806576402321083
