"param_id","prop_relapse"
7335,0.908684396328548
7336,0.910865475070555
7337,0.898680490103676
7338,0.90861494526416
7339,0.899104196133899
734,0.875796178343949
7340,0.909491761429566
7341,0.905186575921145
7342,0.896001903855307
7343,0.910628571428571
7344,0.905569562227825
7345,0.905347846663512
7346,0.897021473100901
