"param_id","prop_relapse"
9196,0.536102734388236
9197,0.540996219850801
9198,0.546966964923621
9199,0.541935048730314
92,0.88518391199725
920,0.820723684210526
9200,0.550092608183196
9201,0.536196861917566
9202,0.536428547257284
9203,0.536640935831605
9204,0.536807861287185
9205,0.541816932852482
9206,0.547771559571169
