"param_id","prop_relapse"
3907,0.87743535246192
3908,0.890738813735692
3909,0.869457254345513
391,0.878734622144112
3910,0.882978723404255
3911,0.867705690467561
3912,0.895919778699862
3913,0.887358757062147
3914,0.886490250696379
3915,0.879691336373202
3916,0.878745153330983
3917,0.882268485283561
3918,0.87887323943662
