"param_id","prop_relapse"
6364,0.30625092422418
6365,0.304795827502862
6366,0.308580198894098
6367,0.308934452353129
6368,0.303671898134439
6369,0.30427670016359
637,0.884545122396785
6370,0.307198648933924
6371,0.308608520292412
6372,0.307987532070991
6373,0.309512323020451
6374,0.310081161896625
6375,0.309682576410947
