"param_id","prop_relapse"
826,0.799310764240827
8260,0.883211678832117
8261,0.874815470918217
8262,0.876819950987459
8263,0.875816055671139
8264,0.872814778115932
8265,0.880621364732586
8266,0.877050989625487
8267,0.871019691091428
8268,0.879292632814793
8269,0.871082367990903
827,0.801590713671539
8270,0.875402635431918
