"param_id","prop_relapse"
8435,0.875235473119838
8436,0.880612548319952
8437,0.883271859405511
8438,0.882319255547602
8439,0.877794010226443
844,0.816910229645094
8440,0.883176193282263
8441,0.878863519565377
8442,0.876580898386393
8443,0.886903914590747
8444,0.882645342554571
8445,0.876381264703786
8446,0.870405484247375
