"param_id","prop_relapse"
6657,0.898658192090395
6658,0.895700934579439
6659,0.888735314443677
666,0.875634517766497
6660,0.89603090972954
6661,0.902234636871508
6662,0.893836836480228
6663,0.895600558659218
6664,0.895357142857143
6665,0.89726507713885
6666,0.911774921847864
6667,0.888728844076341
6668,0.887526278906797
