"param_id","prop_relapse"
2971,0.301857006356196
2972,0.298838948943254
2973,0.299740109731447
2974,0.303988881744073
2975,0.304277172441093
2976,0.301480878083422
2977,0.298572109506145
2978,0.301028695181375
2979,0.296780789050927
298,0.882289803220036
2980,0.30102472113977
2981,0.299564087517814
2982,0.305338460902287
