"param_id","prop_relapse"
6832,0.885836603638958
6833,0.893601979498056
6834,0.896058597837461
6835,0.895344640923854
6836,0.907368421052632
6837,0.889943741209564
6838,0.892996800568788
6839,0.894366197183099
684,0.880638445523942
6840,0.903748733535968
6841,0.88577664605311
6842,0.897037572254335
6843,0.892209178228389
