"param_id","prop_relapse"
1091,0.812671016628078
10910,0.900875325289804
10911,0.90710636321412
10912,0.905090390104662
10913,0.906741836974395
10914,0.905840286054827
10915,0.910558170813719
10916,0.909507722007722
10917,0.90381861575179
10918,0.90650023551578
10919,0.913472572871242
1092,0.818315789473684
10920,0.909983633387889
