"param_id","prop_relapse"
5979,0.445374058049913
598,0.880871341048332
5980,0.446720374814307
5981,0.444226101028783
5982,0.447450811431854
5983,0.451995438996579
5984,0.442394877025955
5985,0.451069900142653
5986,0.447477846921511
5987,0.443154523618895
5988,0.449626488996568
5989,0.449204194228603
599,0.890834191555098
