"param_id","prop_relapse"
5756,0.379154831315094
5757,0.37549436795995
5758,0.379059925375003
5759,0.383832659899478
576,0.861277797387928
5760,0.377534791252485
5761,0.375717373481404
5762,0.38131551492871
5763,0.383155876267851
5764,0.377346683354193
5765,0.377979568671964
5766,0.379287879926834
5767,0.372420309314237
