"param_id","prop_relapse"
10312,0.889664804469274
10313,0.877345378735233
10314,0.885427483558325
10315,0.888968225633702
10316,0.881051175656985
10317,0.882928475033738
10318,0.895372928176796
10319,0.883315546069015
1032,0.792323651452282
10320,0.888927943760984
10321,0.892857142857143
10322,0.88030888030888
10323,0.891739894551845
