"param_id","prop_relapse"
6247,0.306108486027667
6248,0.309445765580479
6249,0.307073645483519
625,0.878586424072778
6250,0.305950922836508
6251,0.306781531149211
6252,0.302713145380435
6253,0.30862109069379
6254,0.306950786402841
6255,0.301482596983901
6256,0.308846429022348
6257,0.305597094637898
6258,0.30440097799511
