"param_id","prop_relapse"
5147,0.835107108746077
5148,0.839636388869613
5149,0.835585899400864
515,0.890500863557858
5150,0.830874855550269
5151,0.830906593406593
5152,0.836231685608654
5153,0.837550471063257
5154,0.827734535026628
5155,0.841876808598594
5156,0.836016447139173
5157,0.83735397801894
5158,0.824672610755085
