"param_id","prop_relapse"
8389,0.881699346405229
839,0.809709936227114
8390,0.873759763563437
8391,0.880988401412002
8392,0.884588068181818
8393,0.877317698790766
8394,0.88182141586624
8395,0.87489070241912
8396,0.880921148520624
8397,0.879258553740201
8398,0.88920046016681
8399,0.88055097209269
84,0.883044982698962
