"param_id","prop_relapse"
3380,0.876547576936682
3381,0.891826923076923
3382,0.882331902718169
3383,0.88676623827718
3384,0.889483065953654
3385,0.896140350877193
3386,0.886664283160529
3387,0.892526690391459
3388,0.88064849948258
3389,0.887755102040816
339,0.880512091038407
3390,0.893883068604258
3391,0.885792913656691
