"param_id","prop_relapse"
4644,0.827692307692308
4645,0.796427087660989
4646,0.808820470147701
4647,0.806739130434783
4648,0.802002920926351
4649,0.813429571303587
465,0.889041566472003
4650,0.811951525282073
4651,0.810889443059019
4652,0.802070645554202
4653,0.819157894736842
4654,0.809632551380527
4655,0.816725608487622
