"param_id","prop_relapse"
11764,0.885131195335277
11765,0.888217967599411
11766,0.891540624762484
11767,0.896135443503865
11768,0.890437813112612
11769,0.891225787799942
1177,0.808901592486729
11770,0.892864888310562
11771,0.895595071201948
11772,0.892166690534154
11773,0.889330975537872
11774,0.890261419132433
11775,0.887844190732035
