"param_id","prop_relapse"
11541,0.911558470934178
11542,0.909759904853936
11543,0.911714518881223
11544,0.909815311289842
11545,0.916798077645115
11546,0.905663234403392
11547,0.914675256573526
11548,0.912430917723982
11549,0.911895250776742
1155,0.801733030740664
11550,0.908109315660139
11551,0.916343572919773
11552,0.911195158850227
