"param_id","prop_relapse"
3673,0.877031802120141
3674,0.885474860335196
3675,0.898606271777003
3676,0.882879779538409
3677,0.885049606568594
3678,0.886255924170616
3679,0.87313691507799
368,0.885843164469119
3680,0.87302752293578
3681,0.88348134991119
3682,0.880128433820906
3683,0.874866310160428
3684,0.893734856351679
