"param_id","prop_relapse"
9172,0.538872056190607
9173,0.538040374861442
9174,0.536040810918246
9175,0.535697123635615
9176,0.544099090124195
9177,0.537030762976013
9178,0.53751190314243
9179,0.537503765438297
918,0.809692179700499
9180,0.543739509902652
9181,0.543675319324269
9182,0.54057846996406
9183,0.53854443808305
