"param_id","prop_relapse"
11026,0.817986230636833
11027,0.819178082191781
11028,0.81389420012747
11029,0.824746534243741
1103,0.80659793814433
11030,0.801920267167606
11031,0.814559866499791
11032,0.817853347502657
11033,0.820275550071972
11034,0.821151832460733
11035,0.821205402136666
11036,0.818410568253303
11037,0.83166999334664
