"param_id","prop_relapse"
7370,0.908983730252299
7371,0.90422737043229
7372,0.921174294960703
7373,0.910220994475138
7374,0.897940074906367
7375,0.895515487748497
7376,0.900602409638554
7377,0.911785799665312
7378,0.909007352941177
7379,0.899700253631542
738,0.87768014059754
7380,0.905594405594406
7381,0.901682692307692
