"param_id","prop_relapse"
5463,0.712287887653599
5464,0.712314287392096
5465,0.705372412572979
5466,0.721364792147123
5467,0.725684298407776
5468,0.710939357907253
5469,0.714115898959881
547,0.867296918767507
5470,0.716611395839614
5471,0.714404218759258
5472,0.71336948282899
5473,0.719974082582317
5474,0.717936296475718
