"param_id","prop_relapse"
10207,0.886173184357542
10208,0.876955161626695
10209,0.883195987101397
1021,0.801920768307323
10210,0.888544891640867
10211,0.890825035561878
10212,0.878850813430253
10213,0.884286203355015
10214,0.894627383015598
10215,0.887521968365554
10216,0.878475798146241
10217,0.874910650464618
10218,0.888457465584186
