"param_id","prop_relapse"
7100,0.891475522081479
7101,0.889901823281907
7102,0.886347642505278
7103,0.883704489218805
7104,0.874744027303754
7105,0.883157894736842
7106,0.880808797445903
7107,0.887789904502046
7108,0.881450488145049
7109,0.871498599439776
711,0.875874125874126
7110,0.894846074022829
7111,0.868822674418605
