"param_id","prop_relapse"
12454,0.572672071882349
12455,0.566389316179555
12456,0.563850756775783
12457,0.572259254006524
12458,0.570662143920252
12459,0.56720364635886
1246,0.818755085435313
12460,0.569620703138886
12461,0.564035899992877
12462,0.573586503846968
12463,0.564331346586245
12464,0.569628717226817
12465,0.566830654101996
