"param_id","prop_relapse"
2104,0.704387852702056
2105,0.712235563178959
2106,0.701676911141612
2107,0.705509361727583
2108,0.711288592204077
2109,0.712894221060759
211,0.884180790960452
2110,0.699710564399421
2111,0.716459443457667
2112,0.710869050438077
2113,0.706424712238666
2114,0.702909558308016
2115,0.706786946782103
