"param_id","prop_relapse"
10746,0.925126320624713
10747,0.918318028032866
10748,0.92769930572181
10749,0.930424242424242
1075,0.801387137452711
10750,0.915375446960667
10751,0.928435568235853
10752,0.913634158175643
10753,0.922854387656702
10754,0.920758385999028
10755,0.917452287882272
10756,0.920696324951644
10757,0.912882527147088
