"param_id","prop_relapse"
5159,0.84194998595111
516,0.878257887517147
5160,0.83449899591441
5161,0.842704286785252
5162,0.835546764622775
5163,0.834792122538293
5164,0.838087420480197
5165,0.83004839727853
5166,0.833415964303421
5167,0.832522303325223
5168,0.831545435670289
5169,0.8317674291939
517,0.885538039753256
