"param_id","prop_relapse"
2432,0.30243750648273
2433,0.303575567307895
2434,0.302099549795936
2435,0.299366441855712
2436,0.302050653425028
2437,0.302661771454796
2438,0.302599546110996
2439,0.302547837155437
244,0.889749911940824
2440,0.299748216533781
2441,0.301431911163063
2442,0.301786625829505
2443,0.300985610912418
