"param_id","prop_relapse"
10067,0.899932386747803
10068,0.892605633802817
10069,0.907231555880205
1007,0.816080196399345
10070,0.901766784452297
10071,0.896867300246392
10072,0.893333333333333
10073,0.890792291220557
10074,0.898535564853556
10075,0.904761904761905
10076,0.907387769529869
10077,0.887309292649099
10078,0.90057845263919
