"param_id","prop_relapse"
1391,0.801400906468892
1392,0.808474931822949
1393,0.813140824440259
1394,0.8041928721174
1395,0.819790828640386
1396,0.827838827838828
1397,0.802768903088392
1398,0.808670279283035
1399,0.822903885480573
14,0.883389830508475
140,0.884317862165963
1400,0.806075738660008
1401,0.806860388901027
