"param_id","prop_relapse"
12091,0.5916800701857
12092,0.601556131900704
12093,0.593189766243328
12094,0.598626067582622
12095,0.599586211992463
12096,0.599962866691422
12097,0.604960972680877
12098,0.599117613786342
12099,0.602712038806409
121,0.884838160136286
1210,0.783440773569702
12100,0.599075048879531
12101,0.59586278355475
