"param_id","prop_relapse"
8505,0.887022350396539
8506,0.888352002342778
8507,0.886173491853809
8508,0.876655152561888
8509,0.885994660509416
851,0.816045723962743
8510,0.888905347355947
8511,0.87713807409564
8512,0.880364013021604
8513,0.875923082547342
8514,0.881370635436998
8515,0.870027484449588
8516,0.872727272727273
