"param_id","prop_relapse"
606,0.871514295799506
6060,0.335022307916508
6061,0.339152063819298
6062,0.334181204276871
6063,0.336562278839349
6064,0.330551483026954
6065,0.333000333000333
6066,0.336725962621031
6067,0.339613320458985
6068,0.333408567688349
6069,0.331579183088499
607,0.87829962290024
6070,0.329502089769217
