"param_id","prop_relapse"
11342,0.898670368205728
11343,0.895361864216894
11344,0.912939816487248
11345,0.899831093486084
11346,0.898663777537017
11347,0.896748516933243
11348,0.901060594823111
11349,0.901562847196504
1135,0.806231943871234
11350,0.903694997428928
11351,0.900097138160353
11352,0.901421025221338
11353,0.904589917231001
