"param_id","prop_relapse"
4457,0.829131652661064
4458,0.831843337590464
4459,0.837389380530973
446,0.881606039807824
4460,0.829533347538888
4461,0.828024058810426
4462,0.833442194644023
4463,0.826453243470935
4464,0.827144686299616
4465,0.828289473684211
4466,0.837454310900882
4467,0.829216803884315
4468,0.837761324041812
