"param_id","prop_relapse"
2010,0.706398257696156
2011,0.700838437295594
2012,0.705003821955665
2013,0.70081310463529
2014,0.70401472449097
2015,0.700978955390117
2016,0.70643423872126
2017,0.711689991767611
2018,0.703843165381627
2019,0.712417913979767
202,0.880442541042113
2020,0.711831726555653
2021,0.708855496822474
