"param_id","prop_relapse"
1298,0.80262045646661
1299,0.81294363256785
13,0.88364553314121
130,0.895667244367418
1300,0.808045742291199
1301,0.798970133882595
1302,0.805715460526316
1303,0.808177379983727
1304,0.7979035639413
1305,0.811780047815692
1306,0.810193679918451
1307,0.787460815047022
1308,0.79174293268253
