"param_id","prop_relapse"
1084,0.793775933609958
10840,0.917675544794189
10841,0.902065444418659
10842,0.912521028598895
10843,0.913085234093638
10844,0.912276462058966
10845,0.917782475922011
10846,0.90650023551578
10847,0.90057361376673
10848,0.911131898971001
10849,0.912771084337349
1085,0.801833260584897
10850,0.908432609203457
