"param_id","prop_relapse"
12536,0.567419286769361
12537,0.569362424413876
12538,0.571960470457234
12539,0.564550042052145
1254,0.798720066061107
12540,0.567932668505552
12541,0.563004734057366
12542,0.571716030642143
12543,0.56646202420628
12544,0.566837184688658
12545,0.567349118746662
12546,0.567138891892866
12547,0.571898973622447
