"param_id","prop_relapse"
3743,0.87809250627465
3744,0.880759760816039
3745,0.881461061337009
3746,0.874105865522175
3747,0.88515406162465
3748,0.876648841354724
3749,0.88722589627567
375,0.887329013678906
3750,0.896516393442623
3751,0.891625615763547
3752,0.88043862752034
3753,0.889402560455192
3754,0.893083980239944
