"param_id","prop_relapse"
10582,0.916606929510155
10583,0.920567375886525
10584,0.913993822760751
10585,0.910751932536894
10586,0.911994322214336
10587,0.921750963937401
10588,0.915310214673272
10589,0.927898209236569
1059,0.817416307249949
10590,0.920578473210052
10591,0.919733210671573
10592,0.919228020014296
10593,0.920902612826603
