"param_id","prop_relapse"
8576,0.879140239605356
8577,0.88685391631678
8578,0.879228759093156
8579,0.875171964376222
858,0.808614384396587
8580,0.877235238303773
8581,0.876599108811269
8582,0.880232900943396
8583,0.888523872098117
8584,0.882644043831743
8585,0.881106911061978
8586,0.8743961352657
8587,0.877463959988232
