"param_id","prop_relapse"
3755,0.885844748858447
3756,0.888494318181818
3757,0.877659574468085
3758,0.886412652767793
3759,0.892971815911523
376,0.888260254596888
3760,0.883900385829533
3761,0.886469118172081
3762,0.892669238863557
3763,0.889286993908993
3764,0.884005763688761
3765,0.874554526015681
3766,0.883638928067701
