"param_id","prop_relapse"
2502,0.301055636004953
2503,0.299932495148089
2504,0.302115244347192
2505,0.301464254952627
2506,0.302775877438481
2507,0.299133281568068
2508,0.298075341339036
2509,0.301312041253405
251,0.88017955801105
2510,0.303778253727309
2511,0.30150460550994
2512,0.301921846293582
2513,0.30417899408284
