"param_id","prop_relapse"
2936,0.301872437550192
2937,0.300550992826697
2938,0.299510720060478
2939,0.302066217548472
294,0.890156918687589
2940,0.30751896797668
2941,0.300958836171268
2942,0.30228233996036
2943,0.304515130602087
2944,0.300866072549266
2945,0.302760850640468
2946,0.299289813782567
2947,0.301547688952269
