"param_id","prop_relapse"
12711,0.313154506437768
12712,0.316948195753181
12713,0.314720048163757
12714,0.314773459308568
12715,0.319342276070965
12716,0.312233285917496
12717,0.318361581920904
12718,0.315373937185494
12719,0.315972819542405
1272,0.810302534750613
12720,0.31081256490135
12721,0.316729163115732
12722,0.312661272687514
