"param_id","prop_relapse"
3474,0.898868200073019
3475,0.887656529516995
3476,0.897751229796205
3477,0.885901162790698
3478,0.88943146145797
3479,0.890786197082889
348,0.888888888888889
3480,0.886288848263254
3481,0.901018922852984
3482,0.882332878581173
3483,0.890366642703091
3484,0.900595029751488
3485,0.887791107974594
