"param_id","prop_relapse"
4129,0.843150379294958
413,0.88915998605786
4130,0.858609625668449
4131,0.863117870722434
4132,0.857989464442493
4133,0.855952641964482
4134,0.858168370676528
4135,0.843839226883374
4136,0.845333333333333
4137,0.848648648648649
4138,0.838772422736114
4139,0.852388498981209
414,0.862592723419287
