"param_id","prop_relapse"
9113,0.541969619388974
9114,0.534313235343132
9115,0.536700630111275
9116,0.545213939126599
9117,0.536216252654286
9118,0.544729998986863
9119,0.538371105740971
912,0.812050174789225
9120,0.54242928452579
9121,0.539883961591965
9122,0.537336673211022
9123,0.540927648751757
9124,0.54334181509754
