"param_id","prop_relapse"
8564,0.878681223962074
8565,0.881339102063976
8566,0.883506083821541
8567,0.881608447240905
8568,0.882036545829649
8569,0.883731019522777
857,0.800340208377631
8570,0.872856339612033
8571,0.884902075416545
8572,0.881908086096568
8573,0.881553674325959
8574,0.879144538538826
8575,0.880322949414118
