"param_id","prop_relapse"
4550,0.8228097006773
4551,0.817448200654308
4552,0.835689802913453
4553,0.844155844155844
4554,0.828799654576857
4555,0.830400981996727
4556,0.831643430502746
4557,0.840357598978289
4558,0.835628609506886
4559,0.832368747416288
456,0.861189801699717
4560,0.83172268907563
4561,0.835123042505593
