"param_id","prop_relapse"
5720,0.38000301689461
5721,0.376483361106903
5722,0.378366202823105
5723,0.376733075578102
5724,0.380864397892687
5725,0.378618760865731
5726,0.375083823858133
5727,0.379652791675005
5728,0.372887315100831
5729,0.382646052401529
573,0.894125683060109
5730,0.377048352480747
5731,0.381447421031587
