"param_id","prop_relapse"
12665,0.314468010975132
12666,0.317153478491768
12667,0.315935305109865
12668,0.308816175671269
12669,0.312627008064344
1267,0.792089459515428
12670,0.315812039101355
12671,0.318697646374814
12672,0.319173363949483
12673,0.319647333390959
12674,0.318138956752818
12675,0.316568111421578
12676,0.313863748737021
