"param_id","prop_relapse"
5135,0.833542801284737
5136,0.839585854511228
5137,0.837726690487427
5138,0.828261919547368
5139,0.844698004919377
514,0.882078853046595
5140,0.837212458437945
5141,0.829576008273009
5142,0.834298021268004
5143,0.835506316287239
5144,0.841151977793199
5145,0.832101232101232
5146,0.837875320712849
