"param_id","prop_relapse"
3568,0.893631910426872
3569,0.894174422612892
357,0.883679943602397
3570,0.884294649061849
3571,0.899147727272727
3572,0.896417169208939
3573,0.894940267041462
3574,0.891575091575092
3575,0.897987998588069
3576,0.888134381701215
3577,0.894125923320436
3578,0.898475398475398
3579,0.896767466110532
