"param_id","prop_relapse"
8142,0.883276400901228
8143,0.879921970955856
8144,0.878440856390924
8145,0.879718020267293
8146,0.87763253449528
8147,0.878047005748381
8148,0.885183862906105
8149,0.873957091775924
815,0.795326517838514
8150,0.879688080207947
8151,0.876680011438376
8152,0.889416504784517
8153,0.874312647289866
