"param_id","prop_relapse"
7886,0.823847112588284
7887,0.820053530986205
7888,0.823529411764706
7889,0.820417441620169
789,0.873265157048941
7890,0.800928857926958
7891,0.82855348545112
7892,0.816030697079514
7893,0.81098615916955
7894,0.812829710909475
7895,0.811262376237624
7896,0.816125654450262
7897,0.82392776523702
