"param_id","prop_relapse"
11553,0.908938632556723
11554,0.906715856045776
11555,0.908596948269445
11556,0.91788049940547
11557,0.907833751234709
11558,0.905638926784902
11559,0.909374072975378
1156,0.814140558848434
11560,0.912061794414736
11561,0.91084760649978
11562,0.917324907846235
11563,0.909157295165766
11564,0.909503975766755
