"param_id","prop_relapse"
3357,0.888178913738019
3358,0.902972326614281
3359,0.880681818181818
336,0.877642980935875
3360,0.88465535157603
3361,0.884915014164306
3362,0.882921589688507
3363,0.889964157706093
3364,0.88373804267844
3365,0.881844380403458
3366,0.88011383849164
3367,0.887709688462855
3368,0.883672039243168
