"param_id","prop_relapse"
10640,0.923040492540848
10641,0.919153936545241
10642,0.923920994879298
10643,0.929107186063392
10644,0.923957091775924
10645,0.921397379912664
10646,0.917848970251716
10647,0.915998112317131
10648,0.918842625264644
10649,0.926522872718654
1065,0.811830173124485
10650,0.919400855920114
10651,0.918638338966683
