"param_id","prop_relapse"
3556,0.889931432695778
3557,0.891057487579844
3558,0.897480755773268
3559,0.894567548248749
356,0.869017632241814
3560,0.899192132068844
3561,0.886315039201711
3562,0.895908111988514
3563,0.891249549873965
3564,0.904332755632582
3565,0.895136253880649
3566,0.891127606928243
3567,0.893563466379
