"param_id","prop_relapse"
9266,0.538127022653722
9267,0.540483629941584
9268,0.531720721943276
9269,0.547672735839531
927,0.804407713498623
9270,0.53689980712618
9271,0.538844253202004
9272,0.543136582017845
9273,0.536753471632771
9274,0.53702495794569
9275,0.535974590437981
9276,0.534087810199073
9277,0.543274873411354
