"param_id","prop_relapse"
7265,0.904423941329548
7266,0.918687918687919
7267,0.902181562280084
7268,0.897973284200829
7269,0.901923979352417
727,0.874519398811604
7270,0.903145508033492
7271,0.903098066620079
7272,0.899208566108007
7273,0.905642484589853
7274,0.919139985978032
7275,0.916825548141087
7276,0.903248099516241
