"param_id","prop_relapse"
317,0.871968616262482
3170,0.303571794924399
3171,0.300531362862717
3172,0.301263260012232
3173,0.30444270597439
3174,0.302076315305935
3175,0.298577605113102
3176,0.299699201327663
3177,0.303849132427737
3178,0.298344713428512
3179,0.297970538028703
318,0.866478276227481
3180,0.302512329806517
