"param_id","prop_relapse"
613,0.887246476452389
6130,0.333078187262208
6131,0.336441075860219
6132,0.334523917171535
6133,0.33183746371958
6134,0.337863774326013
6135,0.333101529902643
6136,0.334123597281492
6137,0.335192290532703
6138,0.328480436760692
6139,0.334798729989565
614,0.884916581545795
6140,0.337410385029433
