"param_id","prop_relapse"
8646,0.717523660256797
8647,0.712978217096833
8648,0.726904718748112
8649,0.712860768458951
865,0.804392871943639
8650,0.721097245114198
8651,0.717873235205768
8652,0.718683328253581
8653,0.721893129770992
8654,0.712819274198418
8655,0.720502440766758
8656,0.720805208768891
8657,0.718766740074996
