"param_id","prop_relapse"
5217,0.750135566668675
5218,0.748762451873128
5219,0.74406364749082
522,0.875726744186046
5220,0.738663557710008
5221,0.746255883611468
5222,0.749485243651338
5223,0.740989103101425
5224,0.744522859772937
5225,0.745249259624877
5226,0.743378824702437
5227,0.748045663233652
5228,0.742437666118213
