"param_id","prop_relapse"
11424,0.915060196469459
11425,0.911392405063291
11426,0.914497862446561
11427,0.91194736063877
11428,0.916235082188696
11429,0.914507198228128
1143,0.811455360782715
11430,0.918648870330326
11431,0.911596614338421
11432,0.91840407979601
11433,0.904184354154033
11434,0.911047456839823
11435,0.915699864396565
