"param_id","prop_relapse"
4176,0.84966326308929
4177,0.858073209072535
4178,0.855320118478013
4179,0.865889878912497
418,0.888735790561488
4180,0.859135913591359
4181,0.835482436638506
4182,0.859289915051187
4183,0.8521409455843
4184,0.856263736263736
4185,0.85131195335277
4186,0.848975917173081
4187,0.865289627301302
