"param_id","prop_relapse"
5334,0.739298181150101
5335,0.752466752466752
5336,0.746290619251993
5337,0.751751313485114
5338,0.733357762306095
5339,0.744164787616552
534,0.882687522218272
5340,0.756804546889801
5341,0.73924565512141
5342,0.740889911775988
5343,0.745892526250772
5344,0.744609872119602
5345,0.750838465760107
