"param_id","prop_relapse"
8494,0.878552220364852
8495,0.878027805647126
8496,0.8838222480395
8497,0.881731110322809
8498,0.884333310050988
8499,0.881804270203308
85,0.889747191011236
850,0.801992792028832
8500,0.878939724037763
8501,0.8812640104129
8502,0.877443443883154
8503,0.882015024304021
8504,0.875045777484802
