"param_id","prop_relapse"
1590,0.80535677775506
1591,0.816108786610879
1592,0.80986061992927
1593,0.795837669094693
1594,0.808573229670099
1595,0.810816285193437
1596,0.827767275782399
1597,0.820639834881321
1598,0.79587497342122
1599,0.810626421335539
16,0.878724150017525
160,0.879603399433428
1600,0.710279297437374
