"param_id","prop_relapse"
11916,0.728697941598851
11917,0.724928191651898
11918,0.730151086498525
11919,0.735763784272371
1192,0.796319272125724
11920,0.722861549412742
11921,0.740544673842715
11922,0.721359630717583
11923,0.717132413630468
11924,0.721242704280156
11925,0.723081607795371
11926,0.719205298013245
11927,0.727533118510562
