"param_id","prop_relapse"
8681,0.72792694726657
8682,0.721702887764216
8683,0.724431818181818
8684,0.706214689265537
8685,0.715923791602964
8686,0.722159327891319
8687,0.725453149908484
8688,0.718148125645543
8689,0.729335592399855
869,0.798585815298907
8690,0.720258186770889
8691,0.720821885079441
8692,0.717506710408589
