"param_id","prop_relapse"
12267,0.636349568648691
12268,0.631161734713511
12269,0.63033286451008
1227,0.8022910479423
12270,0.635390625
12271,0.626099028227672
12272,0.634570128647631
12273,0.635237360092628
12274,0.633687997550521
12275,0.636683063949403
12276,0.633001477794198
12277,0.628326479944138
12278,0.63442026179227
