"param_id","prop_relapse"
10196,0.890698516105682
10197,0.894079885877318
10198,0.899829642248722
10199,0.899857448325018
102,0.880628272251309
1020,0.82510460251046
10200,0.884505021520803
10201,0.87964989059081
10202,0.881675392670157
10203,0.887966804979253
10204,0.892991452991453
10205,0.871152469577666
10206,0.884996461429582
