"param_id","prop_relapse"
510,0.873703041144902
5100,0.834216965742251
5101,0.839332870048645
5102,0.83311459556538
5103,0.834566006140106
5104,0.821706989247312
5105,0.839414524826669
5106,0.826310597519729
5107,0.843293310463122
5108,0.826019127721631
5109,0.826832548755884
511,0.885980020668274
5110,0.829935811525711
