"param_id","prop_relapse"
2796,0.302294502241046
2797,0.299487345747807
2798,0.302146727803251
2799,0.300478132179745
28,0.882435762055614
280,0.875308207115181
2800,0.304629725530813
2801,0.298200514138817
2802,0.30040504050405
2803,0.300424275196539
2804,0.297382897149525
2805,0.30385718442163
2806,0.303957276149943
