"param_id","prop_relapse"
1270,0.808118081180812
12700,0.3141583482638
12701,0.318083313267517
12702,0.317372056716354
12703,0.314198878472668
12704,0.315850740477268
12705,0.312387220040335
12706,0.316274661841992
12707,0.312732704130228
12708,0.314254371813899
12709,0.312766957116009
1271,0.816776586974444
12710,0.3133294864397
