"param_id","prop_relapse"
1672,0.704659289458358
1673,0.706929994709928
1674,0.700960299800913
1675,0.696048279463819
1676,0.714017900338655
1677,0.701516695641748
1678,0.706292477150223
1679,0.705758426966292
168,0.876672694394213
1680,0.702049302049302
1681,0.708003261882572
1682,0.713433185115844
1683,0.711600237953599
