"param_id","prop_relapse"
1989,0.703553835327234
199,0.879771673207278
1990,0.706638115631692
1991,0.707247390822693
1992,0.701349997052408
1993,0.71575543797766
1994,0.69938830725797
1995,0.704789382573572
1996,0.708233785909912
1997,0.704771489462467
1998,0.706319485078994
1999,0.711921491202602
2,0.88129121832697
