"param_id","prop_relapse"
5182,0.84093384154642
5183,0.837024883784523
5184,0.830579917057584
5185,0.832503240772327
5186,0.835971521393516
5187,0.838532855112675
5188,0.842353423534235
5189,0.837110382818492
519,0.886772853185596
5190,0.831261821129424
5191,0.83553696708041
5192,0.830875857851464
5193,0.830770273016733
