"param_id","prop_relapse"
1800,0.706399437412096
1801,0.702626262626263
1802,0.703354846211989
1803,0.709694201976993
1804,0.714210710535527
1805,0.707397778303002
1806,0.710008108421175
1807,0.706665891112145
1808,0.707779332866807
1809,0.7024607174622
181,0.875531914893617
1810,0.707787291047819
1811,0.709353791678961
