"param_id","prop_relapse"
11495,0.908981856350277
11496,0.908995737680401
11497,0.911417613217289
11498,0.912415856394914
11499,0.916243093922652
115,0.893699401619148
1150,0.809403331224963
11500,0.906818860041779
11501,0.907709251101322
11502,0.909849379799173
11503,0.910347870853865
11504,0.909849379799173
11505,0.902938757197338
