"param_id","prop_relapse"
5393,0.740924604405833
5394,0.745175655616032
5395,0.741412558756177
5396,0.737016359387172
5397,0.74238490279273
5398,0.743491625368547
5399,0.731485992691839
54,0.875
540,0.879632897987999
5400,0.716339015264002
5401,0.715355360114096
5402,0.715421954500263
5403,0.712402918333726
