"param_id","prop_relapse"
1263,0.805979643765903
12630,0.316957108867597
12631,0.315671927510954
12632,0.31700002157637
12633,0.316311417348187
12634,0.316316701984203
12635,0.315766831576683
12636,0.311851997983385
12637,0.318029447956889
12638,0.3154917413365
12639,0.316859092664921
1264,0.806962685011466
12640,0.315436241610738
