"param_id","prop_relapse"
7136,0.884130982367758
7137,0.885345754209961
7138,0.870879120879121
7139,0.883947939262473
714,0.879339979374355
7140,0.889426399447132
7141,0.876344086021505
7142,0.878325647392692
7143,0.886170212765957
7144,0.880301941049605
7145,0.884602015988877
7146,0.883696780893043
7147,0.878101402373247
