"param_id","prop_relapse"
592,0.887343532684284
5920,0.450955967555041
5921,0.453654366718906
5922,0.447486442913674
5923,0.451369545032498
5924,0.442453102453102
5925,0.45406410990269
5926,0.448652462254833
5927,0.448316580743642
5928,0.451422281443717
5929,0.443672948845118
593,0.880041724617524
5930,0.450897180290516
