"param_id","prop_relapse"
3216,0.890218156228008
3217,0.885572139303483
3218,0.895516992046276
3219,0.894092974484446
322,0.885405405405405
3220,0.893437077131258
3221,0.889434889434889
3222,0.887991573033708
3223,0.895404663923182
3224,0.883737517831669
3225,0.89912739965096
3226,0.890564714135391
3227,0.88957264957265
