"param_id","prop_relapse"
4503,0.823416095890411
4504,0.839922647185217
4505,0.818399304045237
4506,0.82060503490586
4507,0.825158562367865
4508,0.824147544499249
4509,0.826124197002141
451,0.877142857142857
4510,0.830172225855679
4511,0.838660245183888
4512,0.828350182835018
4513,0.841890440386681
4514,0.83605851979346
