"param_id","prop_relapse"
10793,0.917756120751129
10794,0.919434628975265
10795,0.929285880437311
10796,0.916764086976853
10797,0.918797348484849
10798,0.921587151629665
10799,0.920710059171598
108,0.886403355470115
1080,0.812654575432811
10800,0.910747232472325
10801,0.917309039943938
10802,0.91608726923999
10803,0.919203479056992
