"param_id","prop_relapse"
12197,0.595961804796268
12198,0.600651996740016
12199,0.59600915930651
122,0.889526542324247
1220,0.807779378472937
12200,0.635498169204086
12201,0.629904769431383
12202,0.628232885879621
12203,0.632851929497632
12204,0.6343711750306
12205,0.630517859928248
12206,0.62908046423165
12207,0.637903508430357
