"param_id","prop_relapse"
5814,0.451453647833242
5815,0.443980414746544
5816,0.448353656795271
5817,0.445942479263461
5818,0.441725710679556
5819,0.445497630331754
582,0.872037914691943
5820,0.444899244332494
5821,0.448623696358352
5822,0.450477684300585
5823,0.448763454823536
5824,0.450096328032895
5825,0.448682188193772
