"param_id","prop_relapse"
5065,0.835593916974928
5066,0.836025684352822
5067,0.832662968099861
5068,0.832664717481471
5069,0.838450094671355
507,0.883688438700664
5070,0.826954959933683
5071,0.832101806239737
5072,0.843175487465181
5073,0.830936758341477
5074,0.835094416797328
5075,0.834081022294725
5076,0.835527648369455
