"param_id","prop_relapse"
5229,0.750217040803671
523,0.880532565671105
5230,0.74110347344729
5231,0.733608047509393
5232,0.746132164108988
5233,0.74166511454647
5234,0.744568835098336
5235,0.746312324759234
5236,0.735985198889917
5237,0.747811405702851
5238,0.753760340937578
5239,0.743063636920439
524,0.866594360086768
