"param_id","prop_relapse"
12419,0.569010827288973
1242,0.821237113402062
12420,0.56816749527344
12421,0.566075803429889
12422,0.567279490664568
12423,0.56779241008213
12424,0.569447453954496
12425,0.571060889186616
12426,0.573743807501769
12427,0.571930935049408
12428,0.568754448398576
12429,0.568117163628701
1243,0.812513078049801
