"param_id","prop_relapse"
7874,0.81948717948718
7875,0.827330508474576
7876,0.815309584393554
7877,0.828077753779698
7878,0.821464595521485
7879,0.822113336173839
788,0.882047734347976
7880,0.821428571428571
7881,0.808067940552017
7882,0.831315411450852
7883,0.824557617608977
7884,0.828904731043422
7885,0.819475964514132
