"param_id","prop_relapse"
427,0.883859649122807
4270,0.886510128913444
4271,0.878705589499887
4272,0.896933364076551
4273,0.872918092630618
4274,0.878949710725412
4275,0.884479924864992
4276,0.881557472604337
4277,0.893755824790308
4278,0.89087656529517
4279,0.883038210624418
428,0.872509960159363
4280,0.882405947285425
