"param_id","prop_relapse"
3392,0.890878378378378
3393,0.88217000691085
3394,0.876630243214663
3395,0.886925795053004
3396,0.890580736543909
3397,0.889047449161613
3398,0.891825229034531
3399,0.88865836791148
34,0.878883071553229
340,0.881909547738693
3400,0.878411910669975
3401,0.894849023090586
3402,0.892078488372093
