"param_id","prop_relapse"
2561,0.300074122879262
2562,0.302722926626481
2563,0.299495651812955
2564,0.303501864466804
2565,0.299791362403505
2566,0.30052226440422
2567,0.30257277701207
2568,0.305287165664524
2569,0.297860372091085
257,0.884389061959155
2570,0.302110245334105
2571,0.296593186372746
2572,0.302133630473361
