"param_id","prop_relapse"
1906,0.710080438131097
1907,0.708309223469506
1908,0.716192962677268
1909,0.70687632011265
191,0.877118644067797
1910,0.702303603071471
1911,0.705183327361758
1912,0.710655218117905
1913,0.709344765656683
1914,0.709018978269595
1915,0.708498667456322
1916,0.699496892571767
1917,0.70853573907009
