"param_id","prop_relapse"
12243,0.631391342231375
12244,0.631902561290828
12245,0.635889594605191
12246,0.633147041819233
12247,0.625765462339253
12248,0.632807668521954
12249,0.632276163017221
1225,0.795214922952149
12250,0.62868491763698
12251,0.628345834978287
12252,0.637917698019802
12253,0.63742418974775
12254,0.64062741461907
