"param_id","prop_relapse"
8540,0.879376601195559
8541,0.878826340152307
8542,0.874115881974709
8543,0.883719298245614
8544,0.88805166846071
8545,0.879440885264997
8546,0.879137742053343
8547,0.878684322938915
8548,0.879745477943805
8549,0.870262182958108
855,0.805746140651801
8550,0.884022528531199
8551,0.887315720332798
