"param_id","prop_relapse"
4246,0.886842689150211
4247,0.881287726358149
4248,0.883584778203107
4249,0.896112600536193
425,0.871949062610541
4250,0.885850991114149
4251,0.87519927123662
4252,0.874636221177524
4253,0.879809868718877
4254,0.87962550156041
4255,0.868912993307178
4256,0.89105504587156
4257,0.877365101611773
