"param_id","prop_relapse"
7183,0.88401142041399
7184,0.887722980062959
7185,0.881232686980609
7186,0.881494661921708
7187,0.880634691669672
7188,0.880597014925373
7189,0.886379430159833
719,0.877449234057713
7190,0.877046198617679
7191,0.893481182795699
7192,0.899558873430607
7193,0.890598290598291
7194,0.873179396092362
