"param_id","prop_relapse"
8283,0.870770574110456
8284,0.872247338486218
8285,0.8743909429636
8286,0.88547586504568
8287,0.880389924576633
8288,0.883014956315712
8289,0.880248500428449
829,0.809438470728793
8290,0.878871201157742
8291,0.877762380570345
8292,0.87948680986017
8293,0.879084733643189
8294,0.877467811158798
