"param_id","prop_relapse"
12032,0.600539362370239
12033,0.591397849462366
12034,0.593218462900786
12035,0.598946521325627
12036,0.604894975820444
12037,0.597386049220912
12038,0.600912575287461
12039,0.605543710021322
1204,0.804438860971524
12040,0.592488540588496
12041,0.599285900249191
12042,0.602217114044194
12043,0.595662985445769
