"param_id","prop_relapse"
5861,0.447363109483579
5862,0.445286363766334
5863,0.443400736845066
5864,0.452635490509947
5865,0.445528129737151
5866,0.446357965029435
5867,0.45413999826233
5868,0.448772785991101
5869,0.44531742845673
587,0.881325730577334
5870,0.453396026262221
5871,0.446406996145216
5872,0.443905519042562
