"param_id","prop_relapse"
5006,0.841389625399415
5007,0.837092559482877
5008,0.835985312117503
5009,0.828452766436717
501,0.88994041359972
5010,0.833077780875383
5011,0.830503889076767
5012,0.833482480897639
5013,0.838778900733767
5014,0.833535027564878
5015,0.841997683450296
5016,0.834721375854831
5017,0.834106338643544
