"param_id","prop_relapse"
11975,0.721692419121198
11976,0.720198279980889
11977,0.722434595627762
11978,0.734445582123713
11979,0.726048898279505
1198,0.803823773898587
11980,0.728586917238887
11981,0.721377296508091
11982,0.7217612895579
11983,0.72568384509487
11984,0.723729323308271
11985,0.725431447746884
11986,0.715929739551787
