"param_id","prop_relapse"
9207,0.539230434927958
9208,0.545624468988955
9209,0.535691555287576
921,0.805376120025005
9210,0.547159609340678
9211,0.530689842476915
9212,0.548389261744966
9213,0.539791203149067
9214,0.548971696192222
9215,0.543748945503628
9216,0.537467438005345
9217,0.542943329718004
9218,0.534334186077824
