"param_id","prop_relapse"
3462,0.888094386843046
3463,0.881963788300836
3464,0.884657236126224
3465,0.889530685920578
3466,0.893092676154113
3467,0.891396332863188
3468,0.886412652767793
3469,0.901388394446422
347,0.875259156876296
3470,0.894938917975567
3471,0.898550724637681
3472,0.893186657203691
3473,0.893510218716386
