"param_id","prop_relapse"
10489,0.911280412877857
1049,0.797243308030364
10490,0.920368620037807
10491,0.914505283381364
10492,0.916983824928639
10493,0.918582824964805
10494,0.918013307984791
10495,0.916980244590781
10496,0.917924528301887
10497,0.91547935281333
10498,0.923366243535496
10499,0.918406072106262
105,0.873559077809798
