"param_id","prop_relapse"
7417,0.907483930211203
7418,0.89709013484741
7419,0.904805702460336
742,0.883094154707735
7420,0.909090909090909
7421,0.901916058394161
7422,0.899265718219367
7423,0.910458284371328
7424,0.912263925412383
7425,0.892915595043255
7426,0.907272727272727
7427,0.8934094694266
7428,0.905038309728349
