"param_id","prop_relapse"
8459,0.88430583501006
846,0.807108709208065
8460,0.883036405886909
8461,0.876625252817105
8462,0.880049314671115
8463,0.884406066323199
8464,0.874840899448451
8465,0.877316293929712
8466,0.881898852896616
8467,0.877370417193426
8468,0.87174334314218
8469,0.879729535318659
847,0.79759898904802
