"param_id","prop_relapse"
6774,0.894187260703098
6775,0.902154715648181
6776,0.899262899262899
6777,0.894924946390279
6778,0.904409171075838
6779,0.903455284552846
678,0.878891549777626
6780,0.90025389916576
6781,0.898996886890349
6782,0.891007194244604
6783,0.895980253878702
6784,0.902322404371585
6785,0.902360515021459
