"param_id","prop_relapse"
9535,0.312433851234071
9536,0.314726404700698
9537,0.31391502341367
9538,0.313162647402528
9539,0.311550871155087
954,0.795297932711796
9540,0.31415919738165
9541,0.312472212224504
9542,0.313351322180248
9543,0.311576673866091
9544,0.316316337591125
9545,0.317196913645492
9546,0.314898224339541
