"param_id","prop_relapse"
10160,0.898286937901499
10161,0.891335740072202
10162,0.894904458598726
10163,0.893631910426872
10164,0.895005468465184
10165,0.897416974169742
10166,0.890534682080925
10167,0.896551724137931
10168,0.893992932862191
10169,0.892998204667864
1017,0.800211193241816
10170,0.882094470889784
10171,0.890843806104129
