"param_id","prop_relapse"
2526,0.30110717720975
2527,0.304570110356007
2528,0.299120906591117
2529,0.298988002086594
253,0.889532901466076
2530,0.300381252331026
2531,0.301430941518042
2532,0.299921383647799
2533,0.299722991689751
2534,0.29894947891648
2535,0.297989801508702
2536,0.299562667108836
2537,0.304168821764767
