"param_id","prop_relapse"
7663,0.904486251808972
7664,0.916453339539213
7665,0.906429942418426
7666,0.899144112884571
7667,0.915001148633127
7668,0.920299727520436
7669,0.915673907965429
767,0.878973988439306
7670,0.896797153024911
7671,0.903923900118906
7672,0.899247777524504
7673,0.901890404402967
7674,0.906286244490837
