"param_id","prop_relapse"
10137,0.901090909090909
10138,0.902888966237383
10139,0.897113752122241
1014,0.795364376696596
10140,0.898484314416637
10141,0.896256684491979
10142,0.898217957505141
10143,0.897390060779407
10144,0.893609671848014
10145,0.901185770750988
10146,0.896442409299049
10147,0.905968077723803
10148,0.901146131805158
