"param_id","prop_relapse"
12500,0.565907887771308
12501,0.564419780142095
12502,0.563684303040956
12503,0.568904719501336
12504,0.558331546214883
12505,0.577727529677784
12506,0.565704452872595
12507,0.563159544457215
12508,0.564290805416964
12509,0.568412794636808
1251,0.814352243861135
12510,0.569048211177035
12511,0.572308132875143
