"param_id","prop_relapse"
6680,0.894401133947555
6681,0.895501239815799
6682,0.900894454382826
6683,0.899257688229056
6684,0.886554621848739
6685,0.894831947958077
6686,0.892703862660944
6687,0.901536312849162
6688,0.901014340678559
6689,0.897435897435897
669,0.880602240896359
6690,0.893965223320832
6691,0.905414667580535
