"param_id","prop_relapse"
10781,0.92566118656183
10782,0.924068767908309
10783,0.920289855072464
10784,0.914965169349027
10785,0.902404189478695
10786,0.927019367028814
10787,0.921921921921922
10788,0.910487161027118
10789,0.911933950462847
1079,0.808715692436623
10790,0.925291458482037
10791,0.916354556803995
10792,0.922624647224835
