"param_id","prop_relapse"
7920,0.813663325833504
7921,0.805113880532875
7922,0.815033783783784
7923,0.817732932589094
7924,0.818592242971475
7925,0.827817434566299
7926,0.806431005110733
7927,0.808838435029394
7928,0.818355235269182
7929,0.810359059017747
793,0.874550682961898
7930,0.825396825396825
7931,0.825622775800712
