"param_id","prop_relapse"
5416,0.713975592583901
5417,0.707255897282771
5418,0.718568313953488
5419,0.712843820092079
542,0.872884407634138
5420,0.715046215046215
5421,0.710692940410675
5422,0.721586215035997
5423,0.71654771186949
5424,0.710374470089496
5425,0.717478338810875
5426,0.714638256891778
5427,0.7129974750511
