"param_id","prop_relapse"
7488,0.915433403805497
7489,0.898580586080586
749,0.882332523429365
7490,0.914168001831083
7491,0.912549292507539
7492,0.914841849148418
7493,0.917955930614158
7494,0.900424728645588
7495,0.907363977485929
7496,0.910294852573713
7497,0.906759906759907
7498,0.910367423355956
7499,0.906077348066298
