"param_id","prop_relapse"
4867,0.789487312273433
4868,0.785595751742449
4869,0.794027172519867
487,0.886825508058865
4870,0.795989877360327
4871,0.786230015471893
4872,0.78636392956202
4873,0.779384238042987
4874,0.781577386835343
4875,0.781698679088763
4876,0.783185554333053
4877,0.788175436336704
4878,0.781505623721881
