"param_id","prop_relapse"
7382,0.903832420852178
7383,0.904817861339601
7384,0.911694510739857
7385,0.912497144162668
7386,0.897808535178777
7387,0.911964411144931
7388,0.902269569245021
7389,0.911964411144931
739,0.885882761012834
7390,0.910011248593926
7391,0.905884995507637
7392,0.906352171882298
7393,0.907214048410062
