"param_id","prop_relapse"
7558,0.901862789641072
7559,0.912230896616986
756,0.880632954936361
7560,0.904883720930233
7561,0.911736641221374
7562,0.902960526315789
7563,0.900878003696858
7564,0.906805786103865
7565,0.904250559284116
7566,0.899321266968326
7567,0.897357243983011
7568,0.90940929255195
7569,0.901154401154401
