"param_id","prop_relapse"
1414,0.787897691827823
1415,0.808945686900958
1416,0.795151017053626
1417,0.799708818635607
1418,0.828207847295864
1419,0.7997542997543
142,0.896900034831069
1420,0.778079331941545
1421,0.808263395739187
1422,0.816152597402597
1423,0.80406538139145
1424,0.805366357069144
1425,0.811125485122898
