"param_id","prop_relapse"
8857,0.536252129471891
8858,0.537164335782737
8859,0.545698294064417
886,0.820012202562538
8860,0.549264904235231
8861,0.539114491375798
8862,0.548646994832744
8863,0.538951527744661
8864,0.540640647506688
8865,0.541704275732959
8866,0.536964327662002
8867,0.547164713431727
8868,0.539550431490262
