"param_id","prop_relapse"
8915,0.532701421800948
8916,0.539669781305469
8917,0.54482223047574
8918,0.539672925499697
8919,0.546192302424325
892,0.811951525282073
8920,0.536072479272533
8921,0.541523192221997
8922,0.540715411177042
8923,0.544499212706237
8924,0.54016036966567
8925,0.541320653629788
8926,0.536833645861238
