"param_id","prop_relapse"
6071,0.33058895179663
6072,0.330475378192755
6073,0.331759176365264
6074,0.333773327264452
6075,0.336461576365713
6076,0.332452924702293
6077,0.336438244670028
6078,0.332843726354208
6079,0.334262269701192
608,0.885144429160935
6080,0.332990589444978
6081,0.334500318268619
6082,0.335494106980961
