"param_id","prop_relapse"
7733,0.898754246885617
7734,0.907345971563981
7735,0.913527008624603
7736,0.901448587033959
7737,0.892040038131554
7738,0.911889097744361
7739,0.900527160210864
774,0.875180375180375
7740,0.91130152848541
7741,0.907144519432162
7742,0.898832684824903
7743,0.896801995917442
7744,0.907860365708858
