"param_id","prop_relapse"
434,0.886299435028249
4340,0.883869441816462
4341,0.877808988764045
4342,0.867885714285714
4343,0.880815952326381
4344,0.878310502283105
4345,0.878801531876549
4346,0.892192464820699
4347,0.87244094488189
4348,0.885858354343342
4349,0.875533587957762
435,0.877302745915885
4350,0.879867256637168
