"param_id","prop_relapse"
5897,0.442483175544656
5898,0.45436685638344
5899,0.44480974298865
59,0.880453452421848
590,0.873376623376623
5900,0.451573226544622
5901,0.450486105136368
5902,0.450072358900145
5903,0.449702287684112
5904,0.452824234774377
5905,0.446303228825456
5906,0.442891929499072
5907,0.450179006157812
