"param_id","prop_relapse"
10945,0.915301824988301
10946,0.907900999524036
10947,0.917191283292978
10948,0.89953488372093
10949,0.905925030229746
1095,0.808617444049362
10950,0.906771578445398
10951,0.915294679074207
10952,0.92093023255814
10953,0.903832588760875
10954,0.904495690659213
10955,0.914767331433998
10956,0.91555023923445
