"param_id","prop_relapse"
8763,0.728591732796399
8764,0.720980223559759
8765,0.725368131210344
8766,0.725732268215928
8767,0.722874955041362
8768,0.721929929451154
8769,0.726352156302121
877,0.796441870086885
8770,0.72140350877193
8771,0.725614496740626
8772,0.723556979296435
8773,0.737324114507521
8774,0.729893959251757
