"param_id","prop_relapse"
8200,0.88184584178499
8201,0.881417208966016
8202,0.878013360441475
8203,0.884080813870182
8204,0.879544100119189
8205,0.870349170005724
8206,0.885328836424958
8207,0.88390846349437
8208,0.878866350165444
8209,0.888187429854096
821,0.811035364294844
8210,0.875626289419393
8211,0.882637235807545
