"param_id","prop_relapse"
11623,0.891023781902552
11624,0.889171511627907
11625,0.88963282937365
11626,0.890166028097063
11627,0.889020595643799
11628,0.88784021071115
11629,0.887538428540788
1163,0.83133291219204
11630,0.892957746478873
11631,0.892627626543433
11632,0.888759464181712
11633,0.887306456324861
11634,0.894959489495949
