"param_id","prop_relapse"
6669,0.89650398061613
667,0.883339154732798
6670,0.887220670391061
6671,0.889892323723515
6672,0.890226628895184
6673,0.893207282913165
6674,0.889931432695778
6675,0.884746922024624
6676,0.901616303583977
6677,0.903952715182859
6678,0.890587009378256
6679,0.899324083955888
668,0.890129054761074
