"param_id","prop_relapse"
9477,0.311314641206204
9478,0.316921311545082
9479,0.311120231563486
948,0.800670016750419
9480,0.312607504618717
9481,0.31187135765163
9482,0.312403234130397
9483,0.313412556343952
9484,0.313287926220492
9485,0.31505809920222
9486,0.314084201388889
9487,0.315188444084624
9488,0.314856590396391
