"param_id","prop_relapse"
7124,0.883386020372322
7125,0.885302197802198
7126,0.878787878787879
7127,0.886765746638358
7128,0.885409497591191
7129,0.878923766816143
713,0.888249238062987
7130,0.883884588318086
7131,0.881136044880785
7132,0.877391920623671
7133,0.881559766763848
7134,0.879479971890372
7135,0.888888888888889
