"param_id","prop_relapse"
1895,0.704542744723978
1896,0.714811080135239
1897,0.711232779936418
1898,0.709955686853767
1899,0.711661531168523
19,0.879518072289157
190,0.883993115318417
1900,0.704755769005505
1901,0.713164466642883
1902,0.703463582734653
1903,0.709249322024119
1904,0.705015618553663
1905,0.704958824574916
