"param_id","prop_relapse"
12138,0.596178114296016
12139,0.596178014341687
1214,0.814454775993238
12140,0.604107077374404
12141,0.597321890952134
12142,0.598257572996027
12143,0.598167196558818
12144,0.600498643396641
12145,0.59731568715418
12146,0.594151659116856
12147,0.598777253977608
12148,0.595184853905784
12149,0.599047583336458
