"param_id","prop_relapse"
4480,0.823219553308049
4481,0.831508907490878
4482,0.8274231678487
4483,0.82566889632107
4484,0.82536247565462
4485,0.828141555414283
4486,0.823051591657519
4487,0.839701560027131
4488,0.829737732656514
4489,0.833517821562984
449,0.870821727019499
4490,0.816705336426914
4491,0.829764453961456
