"param_id","prop_relapse"
12735,0.311646204392184
12736,0.317147589573708
12737,0.315142777215898
12738,0.319022945965951
12739,0.318043144297553
1274,0.806885312690976
12740,0.315205231907753
12741,0.312913168243171
12742,0.320704467353952
12743,0.314976552080196
12744,0.318259037051373
12745,0.315008555894903
12746,0.320168031748712
