"param_id","prop_relapse"
3251,0.888121546961326
3252,0.892156862745098
3253,0.88622754491018
3254,0.892389380530973
3255,0.881739755571531
3256,0.884723195515067
3257,0.897637795275591
3258,0.897746967071057
3259,0.897711511789182
326,0.872796405115797
3260,0.88967468175389
3261,0.880794701986755
3262,0.876404494382023
