"param_id","prop_relapse"
11705,0.889202898550725
11706,0.87782640408461
11707,0.895093317278748
11708,0.886942440747829
11709,0.893842418892077
1171,0.804914213090447
11710,0.888338003880147
11711,0.890382778634928
11712,0.895755663894465
11713,0.894301932887835
11714,0.886296323051362
11715,0.893980497103893
11716,0.893987341772152
