"param_id","prop_relapse"
372,0.882990249187432
3720,0.893277893277893
3721,0.891499654457498
3722,0.886260869565217
3723,0.878266850068776
3724,0.87357118115691
3725,0.89588462891312
3726,0.866496907966533
3727,0.893262411347518
3728,0.881974248927039
3729,0.876435781413157
373,0.877479986077271
3730,0.885504201680672
