"param_id","prop_relapse"
1249,0.801609146728774
12490,0.566529102035008
12491,0.570215431733547
12492,0.566149888765295
12493,0.567117292012283
12494,0.573241557324156
12495,0.56354579576946
12496,0.567943634046169
12497,0.562834458395999
12498,0.574738022640451
12499,0.571034828363819
125,0.88550674507091
1250,0.810029130253849
