"param_id","prop_relapse"
7289,0.910199296600234
729,0.891402714932127
7290,0.911190476190476
7291,0.907794676806084
7292,0.91139846743295
7293,0.906836616454229
7294,0.910617167179002
7295,0.9109396914446
7296,0.906434073402809
7297,0.91006679389313
7298,0.896455223880597
7299,0.900524809160305
73,0.880867709815078
