"param_id","prop_relapse"
2175,0.704993315119456
2176,0.698874296435272
2177,0.704619501978124
2178,0.709358459838306
2179,0.69978720888994
218,0.874824191279888
2180,0.702436495593572
2181,0.696745216985534
2182,0.715461288827075
2183,0.694119025304592
2184,0.713734658094682
2185,0.715621913669901
2186,0.704712469380614
