"param_id","prop_relapse"
5252,0.75253264982302
5253,0.75119324440093
5254,0.748659190638713
5255,0.75372491072528
5256,0.743035955331943
5257,0.738200813946425
5258,0.744468149954282
5259,0.74420372481946
526,0.879462707670555
5260,0.748500030927197
5261,0.745746810107581
5262,0.753268972259562
5263,0.752324238925685
