"param_id","prop_relapse"
7687,0.904299583911234
7688,0.898167478543261
7689,0.902416138869341
769,0.873170731707317
7690,0.915779283639884
7691,0.900766906809203
7692,0.906308411214953
7693,0.902830188679245
7694,0.915641083016335
7695,0.908274231678487
7696,0.90363161642535
7697,0.91030881017257
7698,0.904551788202508
