"param_id","prop_relapse"
1649,0.705800705569371
165,0.88185948968892
1650,0.706427980621529
1651,0.706342311033884
1652,0.716241626513104
1653,0.702375539895431
1654,0.715553750652666
1655,0.70969840331165
1656,0.705292542585313
1657,0.701580684384228
1658,0.709036742800397
1659,0.712760340275741
166,0.883679943602397
