"param_id","prop_relapse"
5615,0.380370671997236
5616,0.385824004819035
5617,0.385124008816153
5618,0.380526199642008
5619,0.379712769435851
562,0.88380159556018
5620,0.382015780854548
5621,0.378789387226841
5622,0.383012740444666
5623,0.377895618197042
5624,0.384451438626056
5625,0.377449732756427
5626,0.381268973130284
