"param_id","prop_relapse"
6141,0.336935649533336
6142,0.334602975443628
6143,0.328801748872797
6144,0.338004446540457
6145,0.330984809388112
6146,0.338813611687337
6147,0.335619219490187
6148,0.331772575250836
6149,0.329614993790222
615,0.87749184487133
6150,0.335100981608936
6151,0.336791771923493
6152,0.337659690133188
