"param_id","prop_relapse"
4316,0.879831342234715
4317,0.880422566868959
4318,0.883348581884721
4319,0.893793412502801
432,0.890796703296703
4320,0.893703452945159
4321,0.887775551102204
4322,0.874777183600713
4323,0.884932116625862
4324,0.868136917068688
4325,0.880224719101124
4326,0.868390936140993
4327,0.87150450658655
