"param_id","prop_relapse"
9933,0.906139731827805
9934,0.893923428170003
9935,0.900878734622144
9936,0.905056384139687
9937,0.89217454020916
9938,0.901388394446422
9939,0.89762663832802
994,0.785641235426468
9940,0.894551845342706
9941,0.898109243697479
9942,0.90154711673699
9943,0.901212553495007
9944,0.897252943275062
