"param_id","prop_relapse"
10383,0.889044943820225
10384,0.887818306951136
10385,0.883736788271394
10386,0.882601054481547
10387,0.880182712579058
10388,0.879811183732752
10389,0.874185807336304
1039,0.81120067882902
10390,0.885045045045045
10391,0.882395382395382
10392,0.876306620209059
10393,0.887136347704171
10394,0.880281690140845
