"param_id","prop_relapse"
3860,0.875087473757873
3861,0.880952380952381
3862,0.867857142857143
3863,0.88300449982693
3864,0.877785765636233
3865,0.870209689081706
3866,0.877602297200287
3867,0.885121107266436
3868,0.884232954545455
3869,0.874956941095419
387,0.882271944922547
3870,0.885467128027682
3871,0.885490753911807
