"param_id","prop_relapse"
11506,0.915670650730412
11507,0.905057608858297
11508,0.917022900763359
11509,0.91740701701551
1151,0.815919415366384
11510,0.913845470034817
11511,0.914997053624042
11512,0.917478979090706
11513,0.913318452380952
11514,0.916420845624385
11515,0.908038248916779
11516,0.906357004615156
11517,0.906873447263419
