"param_id","prop_relapse"
2854,0.305947246184472
2855,0.304676810813052
2856,0.303435114503817
2857,0.299590958927216
2858,0.296249245059042
2859,0.303824451410658
286,0.88406779661017
2860,0.299946690724186
2861,0.299256273890643
2862,0.301195909398242
2863,0.303208145828581
2864,0.2990572516701
2865,0.304235376880263
