"param_id","prop_relapse"
9079,0.538194560320374
908,0.800205761316872
9080,0.538080873131546
9081,0.541896823005591
9082,0.537055871982642
9083,0.534417344173442
9084,0.543516933507871
9085,0.540052906464085
9086,0.550992263706694
9087,0.537320445697409
9088,0.544925684309638
9089,0.534420902998714
909,0.798871001463517
