"param_id","prop_relapse"
1222,0.796016633836726
12220,0.636707773961911
12221,0.628095975232198
12222,0.635103750237959
12223,0.633603474349529
12224,0.631935906080197
12225,0.634483555418624
12226,0.634911850739189
12227,0.627405225507823
12228,0.633770656759163
12229,0.626156080409692
1223,0.805480589578576
12230,0.633429951690821
