"param_id","prop_relapse"
7909,0.819935038570849
791,0.885298295454545
7910,0.815953469048608
7911,0.820780883294218
7912,0.793948126801153
7913,0.800964765100671
7914,0.815728927002719
7915,0.801592289964383
7916,0.820855057351408
7917,0.828225974567438
7918,0.828693355009144
7919,0.813731590956233
792,0.867610619469027
