"param_id","prop_relapse"
1778,0.712772253787879
1779,0.698644481936122
178,0.891219338784216
1780,0.710294725651172
1781,0.711006196518147
1782,0.716002310803004
1783,0.709049188044246
1784,0.710180480112143
1785,0.708320817062181
1786,0.714908613068928
1787,0.695005376986498
1788,0.705033027415678
1789,0.711561525545694
