"param_id","prop_relapse"
7452,0.915194346289753
7453,0.910006869704603
7454,0.917922948073702
7455,0.897104570471405
7456,0.905260707635009
7457,0.894212962962963
7458,0.911460779708783
7459,0.90673339399454
746,0.885069444444444
7460,0.907428835917612
7461,0.898938736131211
7462,0.906910472571836
7463,0.904486586493987
