"param_id","prop_relapse"
7253,0.904335532516494
7254,0.906492248062015
7255,0.922376508081038
7256,0.919915453264443
7257,0.907473309608541
7258,0.905950991831972
7259,0.903180212014134
726,0.87869085734614
7260,0.90179211469534
7261,0.903758678477376
7262,0.908421311072919
7263,0.899188876013905
7264,0.905417814508724
