"param_id","prop_relapse"
4011,0.83490050295211
4012,0.872639437856829
4013,0.865714923042605
4014,0.859982332155477
4015,0.836836403033586
4016,0.861075544174136
4017,0.862592110966623
4018,0.858796296296296
4019,0.857362637362637
402,0.870837907061837
4020,0.855361050328228
4021,0.848443843031123
4022,0.852380952380952
