"param_id","prop_relapse"
9395,0.54337418938648
9396,0.544450726710347
9397,0.542225837061136
9398,0.543049222884148
9399,0.540330353285254
94,0.879032258064516
940,0.795522388059702
9400,0.315667151762636
9401,0.311326651578834
9402,0.313200565894004
9403,0.316366500617363
9404,0.316099560261282
9405,0.314378127936709
