"param_id","prop_relapse"
6633,0.899546564352982
6634,0.900832177531207
6635,0.880496453900709
6636,0.894317394317394
6637,0.888651725364639
6638,0.889518413597734
6639,0.892844797787764
664,0.885199576121512
6640,0.904910096818811
6641,0.8969654199012
6642,0.889249639249639
6643,0.898197242841994
6644,0.893632159373888
