"param_id","prop_relapse"
12185,0.600627306273063
12186,0.593744139819225
12187,0.598724489795918
12188,0.596200590852997
12189,0.598072040913941
1219,0.802937576499388
12190,0.597975946025227
12191,0.590104319717896
12192,0.597592433361995
12193,0.59870753323486
12194,0.601501802906955
12195,0.598125668745157
12196,0.598388480620733
