"param_id","prop_relapse"
6340,0.30806762977577
6341,0.309204758922981
6342,0.30328007439344
6343,0.30464384353523
6344,0.308924485125858
6345,0.309945590282171
6346,0.311846470415319
6347,0.304321105389196
6348,0.309577309534913
6349,0.310495350161321
635,0.875043752187609
6350,0.305167789487022
6351,0.311249867710869
