"param_id","prop_relapse"
7019,0.86637618010167
702,0.892819243013796
7020,0.880096751900484
7021,0.875476933749566
7022,0.879873551106428
7023,0.870264474624732
7024,0.890814558058926
7025,0.873916184971098
7026,0.894442502621461
7027,0.880944116626171
7028,0.880527817403709
7029,0.876702759343346
703,0.881761442441054
