"param_id","prop_relapse"
11179,0.825546420693804
1118,0.815527950310559
11180,0.821689259645464
11181,0.827114427860697
11182,0.823048806708235
11183,0.809457302474062
11184,0.817311693716188
11185,0.828736369467607
11186,0.814751652099766
11187,0.835677749360614
11188,0.819706498951782
11189,0.806592039800995
1119,0.811661073825503
