"param_id","prop_relapse"
8610,0.717886227188967
8611,0.724451578384163
8612,0.719066102093625
8613,0.725482958041098
8614,0.731362007168459
8615,0.724818088880871
8616,0.714797136038186
8617,0.7196807243269
8618,0.717062242673771
8619,0.723347705392475
862,0.810872261264986
8620,0.72218892351954
8621,0.723310770692317
