"param_id","prop_relapse"
289,0.876683203401843
2890,0.30113682501015
2891,0.301240242665176
2892,0.300263569722428
2893,0.298988463467648
2894,0.302923806355016
2895,0.301371558213881
2896,0.302158121462961
2897,0.300596528164799
2898,0.296441222505972
2899,0.302634076386106
29,0.874336283185841
290,0.885946327683616
