"param_id","prop_relapse"
1160,0.804044194288097
11600,0.882404951370469
11601,0.889293139293139
11602,0.88562091503268
11603,0.889891696750903
11604,0.887051346862136
11605,0.887316790015963
11606,0.885693536673929
11607,0.88928261498409
11608,0.888880776812441
11609,0.888800174203382
1161,0.808748728382503
11610,0.892726247533127
