"param_id","prop_relapse"
9254,0.538396538903535
9255,0.543503206209922
9256,0.543746190830907
9257,0.535984653855376
9258,0.541703698639502
9259,0.537576919197014
926,0.813584117032393
9260,0.545887679935122
9261,0.538893690579084
9262,0.542599690673122
9263,0.537591278412013
9264,0.538128682222148
9265,0.54346582304042
