"param_id","prop_relapse"
5381,0.750999815418692
5382,0.752766847024102
5383,0.748103841647654
5384,0.74688363524716
5385,0.739018574297189
5386,0.745680546923555
5387,0.751512096774194
5388,0.736932095749878
5389,0.745033112582781
539,0.882227740333452
5390,0.73591060102688
5391,0.745699872363703
5392,0.745541167847545
