"param_id","prop_relapse"
10184,0.897068847989093
10185,0.891304347826087
10186,0.897236002834869
10187,0.899897154610902
10188,0.892492069087064
10189,0.884282624369142
1019,0.799957707760626
10190,0.894864677307425
10191,0.89187253848908
10192,0.897828408686365
10193,0.890732059141724
10194,0.901960784313726
10195,0.899753781217024
