"param_id","prop_relapse"
1836,0.708147974713182
1837,0.707288285629979
1838,0.708152268381714
1839,0.705569678761266
184,0.875135722041259
1840,0.7038459266261
1841,0.706689040620299
1842,0.711784166096281
1843,0.715356243779638
1844,0.714510214772132
1845,0.700595655220743
1846,0.708440345552183
1847,0.704338166510758
