"param_id","prop_relapse"
11002,0.815778066753359
11003,0.823208041958042
11004,0.79734219269103
11005,0.820496632996633
11006,0.808114961961116
11007,0.828541666666667
11008,0.841193244132485
11009,0.823071937783539
1101,0.807635519932504
11010,0.809543147208122
11011,0.810201178622231
11012,0.809695938762492
11013,0.814939152328997
