"param_id","prop_relapse"
12677,0.315287590481557
12678,0.315038159733419
12679,0.311479686107428
1268,0.806167400881057
12680,0.31802768838686
12681,0.311471154470138
12682,0.315195313335186
12683,0.315243432874134
12684,0.319080222193515
12685,0.318268439516653
12686,0.31349163634798
12687,0.312089412166197
12688,0.318544216514394
