"param_id","prop_relapse"
9640,0.896144494616186
9641,0.893594306049822
9642,0.898051496172582
9643,0.893145869947276
9644,0.899141630901288
9645,0.902499120028159
9646,0.892313142047467
9647,0.887017543859649
9648,0.898369753728755
9649,0.895701198026779
965,0.808736217133164
9650,0.894224077940153
9651,0.899028452463567
