"param_id","prop_relapse"
5475,0.708328289553323
5476,0.712894941169444
5477,0.712232361185662
5478,0.710943485178856
5479,0.702646790386371
548,0.889504676134396
5480,0.708741902894158
5481,0.712404545727858
5482,0.710998509687034
5483,0.71358517980385
5484,0.713600467973092
5485,0.71792242263377
5486,0.710266297144234
