"param_id","prop_relapse"
5709,0.375759545897827
571,0.879316239316239
5710,0.382987748583976
5711,0.377940804452315
5712,0.377627835544702
5713,0.37423095424969
5714,0.378193789308176
5715,0.376697766327322
5716,0.375779651713986
5717,0.383620905226307
5718,0.376782933280597
5719,0.383437734903533
572,0.86711079943899
