"param_id","prop_relapse"
8447,0.880805291082201
8448,0.877882523567803
8449,0.882007776599505
845,0.798887122416534
8450,0.881867118944031
8451,0.875143843498274
8452,0.879125747618696
8453,0.885815911730546
8454,0.884158415841584
8455,0.881081081081081
8456,0.872223039576284
8457,0.878230140616948
8458,0.877670864581859
