"param_id","prop_relapse"
3228,0.882809742322626
3229,0.886654478976234
323,0.88376251788269
3230,0.889241622574956
3231,0.886034732272069
3232,0.898233215547703
3233,0.886671418389166
3234,0.887892376681614
3235,0.893260348956551
3236,0.888262248854424
3237,0.893862815884477
3238,0.892435808466343
3239,0.887632508833922
