"param_id","prop_relapse"
3849,0.889793150220414
385,0.877607788595271
3850,0.882945467176103
3851,0.871241598868058
3852,0.88153681963714
3853,0.87962962962963
3854,0.880264531848242
3855,0.877765687341313
3856,0.893854748603352
3857,0.885474860335196
3858,0.875796178343949
3859,0.875710227272727
386,0.875586007933646
