"param_id","prop_relapse"
3813,0.879535047551955
3814,0.886657590197413
3815,0.886331938633194
3816,0.886558954967343
3817,0.883198877586812
3818,0.883344803854095
3819,0.887215411558669
382,0.880689655172414
3820,0.880756013745704
3821,0.885694000709975
3822,0.876251788268956
3823,0.873818181818182
3824,0.889585510275165
