"param_id","prop_relapse"
6211,0.310367357261787
6212,0.309650075162853
6213,0.308819758994958
6214,0.306961042188762
6215,0.305698376464062
6216,0.310317646306909
6217,0.309711567308104
6218,0.310196235820959
6219,0.305863742277518
622,0.878808864265928
6220,0.310366152730685
6221,0.310065038239095
6222,0.30808505273774
