"param_id","prop_relapse"
4925,0.788383640402457
4926,0.784903225806452
4927,0.781435154707044
4928,0.797592713077424
4929,0.786823992133727
493,0.873249060471473
4930,0.784528574240535
4931,0.785131459655485
4932,0.79272464149454
4933,0.784607336689989
4934,0.785107643689512
4935,0.784162303664921
4936,0.797009102730819
