"param_id","prop_relapse"
4831,0.78714173021299
4832,0.795353762658018
4833,0.787928115640057
4834,0.784057108863772
4835,0.793366500829187
4836,0.786686641047352
4837,0.787552948843271
4838,0.78569151310336
4839,0.782268494568029
484,0.883925549915398
4840,0.780433935299467
4841,0.789783119937288
4842,0.790154944844736
