"param_id","prop_relapse"
5487,0.707574081620772
5488,0.709949900967028
5489,0.713454759106933
549,0.888174347981422
5490,0.713886410942611
5491,0.716273514481935
5492,0.706297077432962
5493,0.717182235834609
5494,0.718993827879353
5495,0.711831481818734
5496,0.705102639296188
5497,0.709974701843151
5498,0.710874074074074
