"param_id","prop_relapse"
2280,0.705493741307371
2281,0.708675962340603
2282,0.714310544611819
2283,0.702906350914962
2284,0.708318687756298
2285,0.700693131695022
2286,0.699404940794614
2287,0.702588766179789
2288,0.70584020064493
2289,0.704151645540179
229,0.896708683473389
2290,0.703516405974362
2291,0.708122565265422
