"param_id","prop_relapse"
10899,0.913740278105114
109,0.885275196568978
1090,0.80341704405105
10900,0.911341664701721
10901,0.905956112852665
10902,0.905843387745446
10903,0.912964641885766
10904,0.918328128753303
10905,0.917506874427131
10906,0.909699769053118
10907,0.909677419354839
10908,0.907760223048327
10909,0.900913562895292
