"param_id","prop_relapse"
9067,0.546672428694901
9068,0.536171650616658
9069,0.541045023539553
907,0.808464223385689
9070,0.543124093500186
9071,0.543088334457181
9072,0.535470345573815
9073,0.531032854347973
9074,0.548639053254438
9075,0.549562828715956
9076,0.543729567591251
9077,0.542501372118551
9078,0.535789649974879
