"param_id","prop_relapse"
9734,0.908231173380035
9735,0.909436571033529
9736,0.90387323943662
9737,0.896728016359918
9738,0.899640287769784
9739,0.907583774250441
974,0.819521571977787
9740,0.888340965128566
9741,0.88952245188881
9742,0.897043106519416
9743,0.894046775336641
9744,0.898305084745763
9745,0.89764052741152
