"param_id","prop_relapse"
544,0.886812791951132
5440,0.712406015037594
5441,0.712777068585355
5442,0.713922553946202
5443,0.71247344461305
5444,0.713502035038046
5445,0.729087677725119
5446,0.715940823480482
5447,0.71577878643096
5448,0.710689943800072
5449,0.71585575951999
545,0.877374784110535
5450,0.714580265095729
