"param_id","prop_relapse"
2585,0.303921163540203
2586,0.295527485187623
2587,0.295681410015453
2588,0.301161252996115
2589,0.300261096605744
259,0.874441004471964
2590,0.303482483812054
2591,0.299757602916913
2592,0.301096832282885
2593,0.303476269775187
2594,0.301174004192872
2595,0.301539679563306
2596,0.301591907802006
