"param_id","prop_relapse"
2772,0.299956428823371
2773,0.297398694165198
2774,0.305975296256819
2775,0.296870151631121
2776,0.306548113677913
2777,0.300760605997803
2778,0.300670172182699
2779,0.301679382895096
278,0.877057793345009
2780,0.301161284932537
2781,0.299598921970163
2782,0.300822344810615
2783,0.301651337792642
