"param_id","prop_relapse"
5603,0.379379206627056
5604,0.385934518429246
5605,0.3790546802595
5606,0.378273374035017
5607,0.378964151366433
5608,0.37722003880404
5609,0.380650769995032
561,0.879727427597956
5610,0.376307498424701
5611,0.374501498600481
5612,0.383262138867123
5613,0.37825094302164
5614,0.37827536922344
