"param_id","prop_relapse"
3110,0.300414640820021
3111,0.302002610327107
3112,0.298640244545167
3113,0.305064733298809
3114,0.300045402014198
3115,0.298518886268669
3116,0.302688149601369
3117,0.302618938223132
3118,0.303625252900615
3119,0.301843751961995
312,0.881071428571429
3120,0.297144525791044
3121,0.295021627017135
