"param_id","prop_relapse"
6914,0.885886953430501
6915,0.890774125132556
6916,0.890909090909091
6917,0.895652173913044
6918,0.899416409200137
6919,0.891258741258741
692,0.877773864036633
6920,0.910478128179044
6921,0.904642857142857
6922,0.904469464346639
6923,0.899862825788752
6924,0.898788310762651
6925,0.907291666666667
