"param_id","prop_relapse"
1579,0.806916426512968
158,0.875
1580,0.815065594583157
1581,0.786591503925911
1582,0.79372197309417
1583,0.826758505531204
1584,0.814690451206716
1585,0.793716411740389
1586,0.816869457620128
1587,0.811579584426064
1588,0.811918063314711
1589,0.800974817221771
159,0.880851063829787
