"param_id","prop_relapse"
8178,0.882766111513396
8179,0.879366693296536
818,0.805302226935313
8180,0.882174353043227
8181,0.879120076006724
8182,0.877784988102963
8183,0.877994865944096
8184,0.884989398259852
8185,0.87584764103304
8186,0.869014699461505
8187,0.884596193598974
8188,0.880472350230415
8189,0.881242254137202
