"param_id","prop_relapse"
1036,0.796482412060301
10360,0.876834944504117
10361,0.894141829393628
10362,0.891078838174274
10363,0.88247493950916
10364,0.886124737210932
10365,0.883103081827843
10366,0.883769633507853
10367,0.882758620689655
10368,0.882152588555858
10369,0.890017513134851
1037,0.815574628427884
10370,0.886475122634898
