"param_id","prop_relapse"
2655,0.296575958501537
2656,0.304427077877182
2657,0.29896264266262
2658,0.298000862936862
2659,0.302760968229955
266,0.893975903614458
2660,0.301461325270849
2661,0.301875588680945
2662,0.298457967169624
2663,0.302362104458923
2664,0.300158956256064
2665,0.303656003323639
2666,0.298148844594877
