"param_id","prop_relapse"
7956,0.808439523710048
7957,0.803519061583578
7958,0.820224719101124
7959,0.828715365239295
796,0.877940675076713
7960,0.805853256389118
7961,0.807452078397588
7962,0.823791348600509
7963,0.820479015600967
7964,0.827534364261168
7965,0.79895724713243
7966,0.810969227548671
7967,0.813453685794111
