"param_id","prop_relapse"
11131,0.817527519051651
11132,0.800599058622165
11133,0.821233738984473
11134,0.808904985087346
11135,0.821746502755405
11136,0.806733432772214
11137,0.808199121522694
11138,0.798909624659258
11139,0.827029324266893
1114,0.801361386138614
11140,0.81731807385014
11141,0.796973518284994
11142,0.813566289825283
