"param_id","prop_relapse"
709,0.884135472370767
7090,0.86600142551675
7091,0.886159169550173
7092,0.877667140825036
7093,0.879009762900976
7094,0.877375403370384
7095,0.881709039548023
7096,0.88041958041958
7097,0.883162725026474
7098,0.879972086531752
7099,0.891948414081562
71,0.890826648064179
710,0.890503189227498
