"param_id","prop_relapse"
9664,0.898418277680141
9665,0.900069637883008
9666,0.899022801302932
9667,0.889208633093525
9668,0.896991150442478
9669,0.900035448422545
967,0.817882159044087
9670,0.89159604519774
9671,0.900068681318681
9672,0.899270580062522
9673,0.897923875432526
9674,0.895254833040422
9675,0.889769452449568
