"param_id","prop_relapse"
4808,0.784233443816209
4809,0.782932946145723
481,0.888024357239513
4810,0.792927663418726
4811,0.778770734216279
4812,0.78646934460888
4813,0.780883103624298
4814,0.790309769658459
4815,0.788017212843429
4816,0.785821333159575
4817,0.782228837690914
4818,0.78935960591133
4819,0.781215397642155
