"param_id","prop_relapse"
1754,0.71820130961349
1755,0.699351846345959
1756,0.690977977740942
1757,0.707626622996842
1758,0.71006160164271
1759,0.696407879490151
176,0.874824684431978
1760,0.711965862620755
1761,0.70559699229883
1762,0.706968641114983
1763,0.697141521014789
1764,0.709191479345651
1765,0.69895393862336
