"param_id","prop_relapse"
214,0.882434782608696
2140,0.708280180911516
2141,0.711009439972201
2142,0.713966085727744
2143,0.705647293882588
2144,0.712291332501634
2145,0.712772842266282
2146,0.701736230884213
2147,0.698103078024338
2148,0.70464936761475
2149,0.71039043917155
215,0.883216783216783
2150,0.707003390623173
