"param_id","prop_relapse"
1965,0.700855716662705
1966,0.706292082656141
1967,0.701154115178363
1968,0.709042024665381
1969,0.700993054359681
197,0.87862703467799
1970,0.706696660321855
1971,0.695816368678822
1972,0.70015901996584
1973,0.695636854777145
1974,0.707807967797312
1975,0.71072029717337
1976,0.703306366514245
