"param_id","prop_relapse"
9441,0.316875349597694
9442,0.315064946273681
9443,0.315028404200379
9444,0.312847965738758
9445,0.314550185556456
9446,0.311983427399751
9447,0.31263651895586
9448,0.314493286341326
9449,0.316531692041896
945,0.81281584798868
9450,0.317056513573502
9451,0.3180205297174
9452,0.315503444734477
