"param_id","prop_relapse"
6223,0.307780783403267
6224,0.304400484457004
6225,0.307116341854383
6226,0.309437843738192
6227,0.308320935398026
6228,0.308484551250613
6229,0.304410006830601
623,0.874867068415455
6230,0.307685848046522
6231,0.310640101738025
6232,0.306455685548355
6233,0.310388891255271
6234,0.304686017833428
