"param_id","prop_relapse"
3801,0.878275862068965
3802,0.87625754527163
3803,0.885453267744202
3804,0.879297994269341
3805,0.868131868131868
3806,0.861858629350556
3807,0.884867287142365
3808,0.884994896223205
3809,0.874550682961898
381,0.884093282283328
3810,0.899684321290775
3811,0.877777777777778
3812,0.876707530647986
