"param_id","prop_relapse"
8588,0.879089412270026
8589,0.877444210220252
859,0.803058872826315
8590,0.884303350970018
8591,0.871406205522346
8592,0.883485971798227
8593,0.876022291380184
8594,0.880061394532963
8595,0.875874635568513
8596,0.880043072505384
8597,0.880379934698724
8598,0.877210859596768
8599,0.886989342806394
