"param_id","prop_relapse"
9559,0.315781657721111
956,0.803438760348121
9560,0.313797787696487
9561,0.315953407006016
9562,0.311600777705768
9563,0.315644679433447
9564,0.314131566091038
9565,0.313935287432725
9566,0.314193814791472
9567,0.314838203910979
9568,0.312175504298238
9569,0.312511971396344
957,0.81319817956144
