"param_id","prop_relapse"
6692,0.898670499461013
6693,0.889484978540773
6694,0.887912087912088
6695,0.906037870668096
6696,0.895244905255631
6697,0.901278409090909
6698,0.886631016042781
6699,0.892920042268404
67,0.882724719101124
670,0.878703380968979
6700,0.898636840265641
6701,0.901474289823804
6702,0.890230905861456
