"param_id","prop_relapse"
11307,0.900082206113145
11308,0.897453183520599
11309,0.905214656622541
1131,0.801112061591103
11310,0.900259660913395
11311,0.90337500903375
11312,0.902505957969235
11313,0.898074827460952
11314,0.900259547645532
11315,0.900365497076023
11316,0.901424287856072
11317,0.905484420102139
11318,0.898914568411726
