"param_id","prop_relapse"
578,0.877746279234585
5780,0.376175548589342
5781,0.374786324786325
5782,0.376692747517304
5783,0.380051505546751
5784,0.378095025652465
5785,0.383977831589984
5786,0.378290623907288
5787,0.381915855005523
5788,0.378922976172485
5789,0.375353080864892
579,0.883498583569405
5790,0.380104063429138
