"param_id","prop_relapse"
8693,0.721159005544625
8694,0.731880568263906
8695,0.731464737793852
8696,0.721066082511866
8697,0.724164133738602
8698,0.725569835111542
8699,0.726022482659651
87,0.882873319179052
870,0.821000413393964
8700,0.71833626244874
8701,0.719297200714711
8702,0.726969371946133
8703,0.723020501412854
