"param_id","prop_relapse"
585,0.862201963534362
5850,0.455684255684256
5851,0.456538672359577
5852,0.446936744847193
5853,0.44724889323291
5854,0.44770437371193
5855,0.445900975200394
5856,0.458747956754897
5857,0.449346264984408
5858,0.449016865957022
5859,0.447660835375235
586,0.883687943262411
5860,0.449065771967374
