"param_id","prop_relapse"
6106,0.332268074660738
6107,0.329844343118978
6108,0.331005243779984
6109,0.333671674110164
611,0.888963660834455
6110,0.330829286006082
6111,0.330245463292385
6112,0.327490003840333
6113,0.330358569374387
6114,0.330687361419069
6115,0.334963931469793
6116,0.331679111272992
6117,0.338703567529024
