"param_id","prop_relapse"
248,0.885045045045045
2480,0.297401547043819
2481,0.30340743818824
2482,0.301500824514163
2483,0.306089776909163
2484,0.304958746911254
2485,0.300261638772374
2486,0.303681616763987
2487,0.298194991469913
2488,0.301947512665061
2489,0.299256582772656
249,0.875625446747677
2490,0.302618633956419
