"param_id","prop_relapse"
5521,0.709592641261498
5522,0.715181856565535
5523,0.710646205490948
5524,0.706100141043724
5525,0.71595400646784
5526,0.724008020902959
5527,0.710162962962963
5528,0.71420228918477
5529,0.723707129557331
553,0.879322512350035
5530,0.7229238651257
5531,0.71048522699976
5532,0.710925870794879
