"param_id","prop_relapse"
358,0.879346314325452
3580,0.900344827586207
3581,0.901576182136602
3582,0.900034470872113
3583,0.901379310344828
3584,0.893961179007908
3585,0.894736842105263
3586,0.882118244468625
3587,0.894604316546763
3588,0.893228233608026
3589,0.888576449912127
359,0.881489071038251
3590,0.889452700253715
