"param_id","prop_relapse"
3040,0.303924183060165
3041,0.302482181335985
3042,0.302052966536645
3043,0.300206254998527
3044,0.30169276343631
3045,0.301528140141632
3046,0.300748614442882
3047,0.30251873438801
3048,0.301268966097771
3049,0.3019782496116
305,0.885302197802198
3050,0.306120771159617
3051,0.299612031204372
