"param_id","prop_relapse"
6422,0.908117443868739
6423,0.902473005921282
6424,0.884844242212111
6425,0.892792466497646
6426,0.891217925551138
6427,0.896380411639461
6428,0.895031490552834
6429,0.890825035561878
643,0.881842456608812
6430,0.892259414225941
6431,0.903453136011276
6432,0.890070921985816
6433,0.89769820971867
