"param_id","prop_relapse"
7593,0.908246225319396
7594,0.898130393096836
7595,0.909741458910434
7596,0.901661734577737
7597,0.907731838355524
7598,0.902835890283589
7599,0.905278039585297
76,0.881349911190053
760,0.882393876130828
7600,0.905418028958431
7601,0.904650619303576
7602,0.912573443008226
7603,0.896793821670957
