"param_id","prop_relapse"
10043,0.889803220035778
10044,0.907322249734701
10045,0.905096660808436
10046,0.90197461212976
10047,0.900601344181111
10048,0.893533404787424
10049,0.887455197132616
1005,0.793302770580028
10050,0.891921005385996
10051,0.898764584763212
10052,0.902100391598434
10053,0.8939011187297
10054,0.882731498033607
