"param_id","prop_relapse"
4761,0.808745489280408
4762,0.809696710807347
4763,0.800681431005111
4764,0.811137491905892
4765,0.813519813519814
4766,0.801378446115288
4767,0.818276436303081
4768,0.817792287288309
4769,0.819987585350714
477,0.887108013937282
4770,0.808184679958027
4771,0.808421052631579
4772,0.820567986230637
