"param_id","prop_relapse"
11436,0.913118570248554
11437,0.912087912087912
11438,0.908491044884345
11439,0.914285714285714
1144,0.810051107325383
11440,0.909434818793977
11441,0.918401636350354
11442,0.914739564093092
11443,0.91840957800606
11444,0.921011294786446
11445,0.912078758046195
11446,0.914628623188406
11447,0.909440378502255
