"param_id","prop_relapse"
1029,0.803033451070019
10290,0.881061946902655
10291,0.88225138121547
10292,0.889839206294903
10293,0.886682642930503
10294,0.885118416401555
10295,0.885865724381625
10296,0.887382690302398
10297,0.879328811138879
10298,0.877266387726639
10299,0.880286738351254
103,0.880576044959607
1030,0.797924297924298
