"param_id","prop_relapse"
221,0.88410949164593
2210,0.699828270267069
2211,0.704233576642336
2212,0.710584311156114
2213,0.711670078970459
2214,0.703670599451794
2215,0.707515194015895
2216,0.702395382395382
2217,0.709424695977549
2218,0.701116823258288
2219,0.709177944565924
222,0.872875354107649
2220,0.709704289879217
