"param_id","prop_relapse"
1696,0.713650280168679
1697,0.710532380732888
1698,0.70740153782943
1699,0.702777277907744
17,0.877063575693713
170,0.885234429671099
1700,0.715207100591716
1701,0.699070012282857
1702,0.703933267682326
1703,0.69768115942029
1704,0.705749913404919
1705,0.701063829787234
1706,0.706698002350176
