"param_id","prop_relapse"
1426,0.804528946806238
1427,0.811725846407927
1428,0.802044221944097
1429,0.795780417861532
143,0.889898636840266
1430,0.808412197686646
1431,0.809373020899303
1432,0.797768762677485
1433,0.791414878099604
1434,0.802655771195097
1435,0.813322196700773
1436,0.800738007380074
1437,0.804962375432174
