"param_id","prop_relapse"
991,0.794186792049583
9910,0.884476534296029
9911,0.907335907335907
9912,0.900983146067416
9913,0.892844300611291
9914,0.882731498033607
9915,0.897930550683971
9916,0.89185393258427
9917,0.891527827011698
9918,0.894927536231884
9919,0.903610234840519
992,0.815641293013556
9920,0.901471091344509
