"param_id","prop_relapse"
12231,0.626937797193335
12232,0.630731576733336
12233,0.635425956803288
12234,0.632136459225796
12235,0.629399259900795
12236,0.633086515978176
12237,0.635696251699359
12238,0.637283066388572
12239,0.627766048948315
1224,0.807457341478829
12240,0.634350451979631
12241,0.637147608182838
12242,0.625826406340615
