"param_id","prop_relapse"
6012,0.332900888004116
6013,0.335028145996005
6014,0.332955678419288
6015,0.331424096655107
6016,0.334875412238915
6017,0.332646359415695
6018,0.335755223611174
6019,0.328935916815538
602,0.874654696132597
6020,0.335839655249809
6021,0.330360001829742
6022,0.334489083750895
6023,0.332784953647095
