"param_id","prop_relapse"
365,0.893646408839779
3650,0.88217000691085
3651,0.885714285714286
3652,0.876917588298252
3653,0.884491978609626
3654,0.884139879901095
3655,0.88323782234957
3656,0.883310249307479
3657,0.879448075526507
3658,0.880935506732814
3659,0.882583868665239
366,0.884509938313914
3660,0.879744590280241
