"param_id","prop_relapse"
1153,0.811261071277942
11530,0.913371138636024
11531,0.916045206427308
11532,0.91224520383693
11533,0.915965761071827
11534,0.913484848484848
11535,0.924611807066237
11536,0.91081241645626
11537,0.915233876417148
11538,0.913453494562324
11539,0.916826851988762
1154,0.815778517901748
11540,0.912952123668017
