"param_id","prop_relapse"
6153,0.332097146216815
6154,0.333700316804098
6155,0.332650442378262
6156,0.333575021525355
6157,0.330466079634199
6158,0.335052006606848
6159,0.331683727656882
616,0.879377431906615
6160,0.336371820841774
6161,0.331576813944062
6162,0.332998032904149
6163,0.338358651437501
6164,0.335742165718746
