"param_id","prop_relapse"
6973,0.884670487106017
6974,0.901534070638601
6975,0.895592485549133
6976,0.892480674631061
6977,0.896503002472624
6978,0.8886925795053
6979,0.902320748181503
698,0.879858657243816
6980,0.898565932144106
6981,0.899427344309234
6982,0.890747330960854
6983,0.894964028776978
6984,0.883922383922384
