"param_id","prop_relapse"
1707,0.709498197292984
1708,0.694651442307692
1709,0.706886506641808
171,0.876514131897712
1710,0.704654146739764
1711,0.715415251259225
1712,0.696639099067394
1713,0.705258890304645
1714,0.711994338955065
1715,0.703812668868208
1716,0.713934229476716
1717,0.707399103139013
1718,0.695042914696094
