"param_id","prop_relapse"
3275,0.888002899601305
3276,0.893370747106279
3277,0.888005530591082
3278,0.895373665480427
3279,0.893210749646393
328,0.879304224352148
3280,0.900495750708215
3281,0.885221855518885
3282,0.888372093023256
3283,0.901611244429208
3284,0.893262411347518
3285,0.888927943760984
3286,0.88781163434903
