"param_id","prop_relapse"
4562,0.841079460269865
4563,0.834823424228878
4564,0.8212325875897
4565,0.821824381926684
4566,0.828145550197282
4567,0.833842794759825
4568,0.836961160904823
4569,0.819513201320132
457,0.897150799166088
4570,0.825982532751092
4571,0.84045393858478
4572,0.830024813895782
4573,0.821196358907672
