"param_id","prop_relapse"
9816,0.899115044247788
9817,0.889540904383845
9818,0.894967177242888
9819,0.889758179231863
982,0.79262868036433
9820,0.901715511079342
9821,0.906459583480409
9822,0.892665474060823
9823,0.904711300035423
9824,0.896769662921348
9825,0.89592123769339
9826,0.896402877697842
9827,0.889132020423049
