"param_id","prop_relapse"
5041,0.8310322156476
5042,0.841700960219479
5043,0.840019134832229
5044,0.833893422947672
5045,0.8313194780087
5046,0.835112281674522
5047,0.841071920639295
5048,0.834165626300458
5049,0.834131778101784
505,0.886031966643502
5050,0.833298267760713
5051,0.833116660964762
5052,0.832089552238806
