"param_id","prop_relapse"
7359,0.90219421101774
736,0.884601894072255
7360,0.897770398481973
7361,0.90227325990157
7362,0.893182909265482
7363,0.910311859776918
7364,0.898760813654431
7365,0.910884030418251
7366,0.8965916995131
7367,0.905534351145038
7368,0.902006532897807
7369,0.893913468589587
737,0.893291623218631
