"param_id","prop_relapse"
4070,0.856793960923623
4071,0.850584859854337
4072,0.857299670691548
4073,0.866739606126915
4074,0.856388827798549
4075,0.857206803939123
4076,0.859567901234568
4077,0.84582775546631
4078,0.859139057922019
4079,0.858353780950256
408,0.879322512350035
4080,0.843381389252949
4081,0.858346264686322
