"param_id","prop_relapse"
4609,0.806278397356464
461,0.884735202492212
4610,0.807883907299112
4611,0.814267623469819
4612,0.82186065915728
4613,0.805341122470269
4614,0.826992561105207
4615,0.817088345085027
4616,0.809952897808724
4617,0.795716985093428
4618,0.810610734114744
4619,0.81525353283458
462,0.883420593368237
