"param_id","prop_relapse"
12407,0.57007819287576
12408,0.573361899660775
12409,0.565761420432701
1241,0.800592091351237
12410,0.57411414180825
12411,0.573118355277054
12412,0.569416356217846
12413,0.568314213216111
12414,0.567966131592874
12415,0.568787290134591
12416,0.56949081803005
12417,0.561539277006255
12418,0.572429742799075
