"param_id","prop_relapse"
11483,0.914517705435682
11484,0.909869008633522
11485,0.911554152875067
11486,0.914530557017214
11487,0.905423576871358
11488,0.918181818181818
11489,0.912916071831092
1149,0.804389928986443
11490,0.90925184729064
11491,0.911665035017697
11492,0.914056646186123
11493,0.914345455903219
11494,0.920050385299348
