"param_id","prop_relapse"
5240,0.747936704933292
5241,0.749400553335383
5242,0.748920419494139
5243,0.745325516815798
5244,0.739410905550146
5245,0.744838925765788
5246,0.746024924795875
5247,0.74002963328806
5248,0.741882397620103
5249,0.739814814814815
525,0.872887323943662
5250,0.741891557316167
5251,0.741246476667711
