"param_id","prop_relapse"
11904,0.729568106312292
11905,0.713747758517633
11906,0.718688362919132
11907,0.72156697556866
11908,0.715109642535296
11909,0.719486340783815
1191,0.809748105672742
11910,0.733463509885282
11911,0.732911700316225
11912,0.72071475843812
11913,0.72585875570502
11914,0.727413772526554
11915,0.724165148755313
