"param_id","prop_relapse"
12759,0.316745876432765
1276,0.8023598820059
12760,0.311949981799884
12761,0.315747071375691
12762,0.316010238981264
12763,0.318366816764808
12764,0.316626361632461
12765,0.314625960809787
12766,0.315027490606492
12767,0.315805411953019
12768,0.316355965040685
12769,0.313321983400724
1277,0.805737186247627
