"param_id","prop_relapse"
5264,0.752410785578281
5265,0.744671596346237
5266,0.743218362587456
5267,0.742468116567063
5268,0.74088315554453
5269,0.754922600619195
527,0.880612600069614
5270,0.744746750880602
5271,0.750353302611367
5272,0.745907738095238
5273,0.750556226559024
5274,0.741190461288102
5275,0.746459096459096
