"param_id","prop_relapse"
3064,0.303909334533478
3065,0.300864133263925
3066,0.299541067275833
3067,0.305648251143246
3068,0.302448763394858
3069,0.303626037570992
307,0.874558303886926
3070,0.296852749974203
3071,0.30524348458104
3072,0.301401964380324
3073,0.29750846788438
3074,0.300132161362731
3075,0.299799514614329
