"param_id","prop_relapse"
11635,0.890873730461716
11636,0.886124685325041
11637,0.886945424517679
11638,0.890191657271702
11639,0.898559247280212
1164,0.805011581385555
11640,0.886087084005278
11641,0.891194331983806
11642,0.889168222956472
11643,0.891470027846988
11644,0.891166025451317
11645,0.890330530588576
11646,0.889875926877615
