"param_id","prop_relapse"
8622,0.72579395817196
8623,0.720311924352204
8624,0.710697016157566
8625,0.730673168411037
8626,0.721503686691648
8627,0.714561118139647
8628,0.718869731800766
8629,0.729096989966555
863,0.802197802197802
8630,0.722839879154079
8631,0.723166843783209
8632,0.718501565887738
8633,0.72783116409196
