"param_id","prop_relapse"
6294,0.305153200397539
6295,0.30490644314622
6296,0.30918882101275
6297,0.31173368909218
6298,0.30553242860711
6299,0.30874368488355
63,0.885200553250346
630,0.88181498417165
6300,0.308563251046994
6301,0.306137581830893
6302,0.310511292082949
6303,0.304070788966744
6304,0.308896872358411
