"param_id","prop_relapse"
12372,0.631031220435194
12373,0.631976159145445
12374,0.628267816578755
12375,0.623800161905863
12376,0.63994055068836
12377,0.638512473052048
12378,0.629535529972211
12379,0.634396617986165
1238,0.809665744091974
12380,0.629917304273901
12381,0.630281553019977
12382,0.626015939398722
12383,0.634863171007046
