"param_id","prop_relapse"
7464,0.903218228799624
7465,0.908520395848419
7466,0.909473684210526
7467,0.902588235294118
7468,0.899354530241454
7469,0.906741836974395
747,0.88713550600343
7470,0.901268742791234
7471,0.896141019533111
7472,0.892387218045113
7473,0.90534494937603
7474,0.907347504621072
7475,0.904443382704252
