"param_id","prop_relapse"
11776,0.892596077296085
11777,0.89593057176196
11778,0.891092786568606
11779,0.892578986039677
1178,0.801076381701511
11780,0.895030917082619
11781,0.894580769515902
11782,0.88733835025937
11783,0.894424499963367
11784,0.894050587816174
11785,0.894154023153807
11786,0.889722651364673
11787,0.890956295975768
