"param_id","prop_relapse"
11143,0.825695931477516
11144,0.819206680584551
11145,0.818181818181818
11146,0.826528453564629
11147,0.825249025552187
11148,0.810383244206774
11149,0.813761667028435
1115,0.804009383663894
11150,0.82571842050858
11151,0.820330969267139
11152,0.791299117882919
11153,0.811115754283326
11154,0.822994210090984
