"param_id","prop_relapse"
929,0.807412034145326
9290,0.537930803496667
9291,0.538252960356959
9292,0.540475788763287
9293,0.542861024317348
9294,0.544334807757741
9295,0.539682009486272
9296,0.542374581939799
9297,0.539413963422774
9298,0.537844036697248
9299,0.54175972927242
93,0.880724174653887
930,0.804727427597956
