"param_id","prop_relapse"
6083,0.336170212765957
6084,0.335413981048013
6085,0.329806631699795
6086,0.330059912608676
6087,0.33634958166606
6088,0.336241237342829
6089,0.334770467999553
609,0.88953488372093
6090,0.334611394289323
6091,0.335001340362792
6092,0.33907251761401
6093,0.336512474592928
6094,0.33777316236229
