"param_id","prop_relapse"
3520,0.883380884450785
3521,0.893055555555556
3522,0.890406036651096
3523,0.871276595744681
3524,0.895959957096889
3525,0.891815946610467
3526,0.882500898311175
3527,0.892982456140351
3528,0.891139240506329
3529,0.892556179775281
353,0.884807417974322
3530,0.89975635224504
3531,0.882669537136706
