"param_id","prop_relapse"
9828,0.897389412617839
9829,0.898583146905295
983,0.80850622406639
9830,0.910894660894661
9831,0.893379790940767
9832,0.902147131291799
9833,0.904390934844193
9834,0.901807869549805
9835,0.890444522226111
9836,0.896758280479211
9837,0.887459807073955
9838,0.890983000739098
9839,0.893023255813953
