"param_id","prop_relapse"
7347,0.907326091980587
7348,0.92012325195544
7349,0.910802541774535
735,0.871527777777778
7350,0.899635867091488
7351,0.911095305832148
7352,0.902439024390244
7353,0.912902478573083
7354,0.909215955983494
7355,0.906851768920734
7356,0.898225957049486
7357,0.90519877675841
7358,0.90341821518697
