"param_id","prop_relapse"
4598,0.835380305968541
4599,0.832166348398048
46,0.876361081840534
460,0.88155609586662
4600,0.815157894736842
4601,0.826972010178117
4602,0.812907294513349
4603,0.805532617671346
4604,0.798727465535525
4605,0.815874381587438
4606,0.808169375534645
4607,0.811501597444089
4608,0.806417785234899
