"param_id","prop_relapse"
10149,0.896122376378513
1015,0.805103930849969
10150,0.892694861936386
10151,0.903441011235955
10152,0.901423487544484
10153,0.89665211062591
10154,0.893653516295026
10155,0.898107714701601
10156,0.894181818181818
10157,0.890086206896552
10158,0.890845070422535
10159,0.898789878987899
1016,0.80840543881335
