"param_id","prop_relapse"
8130,0.880150878941001
8131,0.889452332657201
8132,0.876919701623519
8133,0.879470952143924
8134,0.879891070660742
8135,0.872134415491955
8136,0.879004576659039
8137,0.881351141262102
8138,0.877030832551087
8139,0.886909484313018
814,0.818031430934657
8140,0.873933169391002
8141,0.883789625360231
