"param_id","prop_relapse"
8271,0.884893125361063
8272,0.879733696041234
8273,0.87486414027969
8274,0.883235439813177
8275,0.876760306457497
8276,0.878140340745019
8277,0.881277234088149
8278,0.88150833937636
8279,0.880960816268688
828,0.8053772070626
8280,0.872761545711593
8281,0.878329991406474
8282,0.880387619323112
