"param_id","prop_relapse"
4539,0.8271497162811
454,0.875854623965455
4540,0.833260584897425
4541,0.834038950042337
4542,0.826722800797696
4543,0.83526074623609
4544,0.831829187761391
4545,0.831219938784434
4546,0.82660120508815
4547,0.828662420382166
4548,0.82544507164568
4549,0.808746736292428
455,0.88679914833215
