"param_id","prop_relapse"
10664,0.924160601080066
10665,0.922337100264487
10666,0.919317657906869
10667,0.922621981271562
10668,0.922491678554446
10669,0.927158707187651
1067,0.794971381847915
10670,0.931838975297347
10671,0.923518164435946
10672,0.923294117647059
10673,0.927117841930904
10674,0.92137830623635
10675,0.924485643228578
