"param_id","prop_relapse"
9605,0.894179894179894
9606,0.895527859237537
9607,0.886057517291591
9608,0.896907216494845
9609,0.89709573323772
961,0.816283484496942
9610,0.903784931022285
9611,0.897238727717581
9612,0.893395549174444
9613,0.893572181243414
9614,0.886347886347886
9615,0.894164552374049
9616,0.909769094138544
