"param_id","prop_relapse"
2514,0.301514706499392
2515,0.301112221944514
2516,0.302811884507396
2517,0.299341691475534
2518,0.307793071900861
2519,0.302898131304779
252,0.888687454677302
2520,0.300400892709539
2521,0.302478089440029
2522,0.301331450055044
2523,0.300919540229885
2524,0.303652166732044
2525,0.301311768496767
