"param_id","prop_relapse"
5288,0.745596987732297
5289,0.745484703280501
529,0.879986244841816
5290,0.74218604362145
5291,0.743202233551833
5292,0.751010905526284
5293,0.751785605274403
5294,0.743525224008838
5295,0.745651905760454
5296,0.744221597162774
5297,0.748042748850503
5298,0.734354648638591
5299,0.744927175401469
