"param_id","prop_relapse"
11272,0.898852434897749
11273,0.893664819529729
11274,0.907230758028107
11275,0.905382991556092
11276,0.895916073435744
11277,0.900719006463795
11278,0.903306946807724
11279,0.901012292118583
1128,0.804537885095754
11280,0.901647748077627
11281,0.907541511228147
11282,0.900257637099742
11283,0.904946138673949
