"param_id","prop_relapse"
9348,0.537053182214473
9349,0.535488215488215
935,0.819190600522193
9350,0.533782639617977
9351,0.538677395361417
9352,0.545220513515345
9353,0.539983952928591
9354,0.539671314070183
9355,0.54455176166508
9356,0.537862965707741
9357,0.546215099284346
9358,0.546947732411225
9359,0.530053721660979
