"param_id","prop_relapse"
8318,0.883233532934132
8319,0.880235602094241
832,0.812473750524989
8320,0.876229628542064
8321,0.881017525696961
8322,0.877917935334203
8323,0.877409185355019
8324,0.874990840477761
8325,0.878270926702328
8326,0.882564582283946
8327,0.877944933295487
8328,0.877685352622061
8329,0.880584192439863
