"param_id","prop_relapse"
2983,0.30190515634707
2984,0.299384157995328
2985,0.304385548141874
2986,0.302837623721629
2987,0.299987526506174
2988,0.294753662889636
2989,0.298963762592448
299,0.882332643202208
2990,0.295575692963753
2991,0.302627991358879
2992,0.297653621946888
2993,0.300090148640433
2994,0.299593189062238
