"param_id","prop_relapse"
399,0.883941093969144
3990,0.877124645892351
3991,0.877621175661739
3992,0.893070699964826
3993,0.876423886779427
3994,0.877335213253437
3995,0.882395123700251
3996,0.888498065423848
3997,0.888080388080388
3998,0.896186440677966
3999,0.891807811959903
4,0.884052800570817
40,0.882748848742473
