"param_id","prop_relapse"
10055,0.892932120363891
10056,0.908465244322092
10057,0.892895015906681
10058,0.892984967788117
10059,0.893338058114812
1006,0.800983808157409
10060,0.886281588447653
10061,0.883928571428571
10062,0.900069637883008
10063,0.901587301587302
10064,0.902294853963839
10065,0.886647101980924
10066,0.888848528877588
