"param_id","prop_relapse"
8353,0.879311596833926
8354,0.878542208999628
8355,0.878158256714689
8356,0.888752526710944
8357,0.871023215821152
8358,0.880686000294421
8359,0.871388766681332
836,0.814235753960091
8360,0.876031247718479
8361,0.881516245487365
8362,0.874157303370787
8363,0.886882332029861
8364,0.873028621495327
