"param_id","prop_relapse"
3837,0.870707778556412
3838,0.895812053115424
3839,0.873902353354408
384,0.87404047452896
3840,0.879012345679012
3841,0.876912130914265
3842,0.873744619799139
3843,0.876683203401843
3844,0.881476224272534
3845,0.877508650519031
3846,0.877031802120141
3847,0.88422525358517
3848,0.887013434378229
