"param_id","prop_relapse"
5310,0.753381763527054
5311,0.744864932154861
5312,0.739328791950503
5313,0.747796817625459
5314,0.745433080651174
5315,0.751690458302029
5316,0.742363147605083
5317,0.742235642100074
5318,0.752349918536157
5319,0.747554414282221
532,0.877558221594919
5320,0.740372593148287
5321,0.738471061590839
