"param_id","prop_relapse"
10113,0.898773006134969
10114,0.899124343257443
10115,0.882010196649672
10116,0.905894519131334
10117,0.891699323120769
10118,0.896246458923513
10119,0.901995099754988
1012,0.793594306049822
10120,0.901818181818182
10121,0.898329185922503
10122,0.900183486238532
10123,0.892329345531316
10124,0.888190076869322
