"param_id","prop_relapse"
7030,0.875177304964539
7031,0.892163661581137
7032,0.876396648044693
7033,0.863018729342637
7034,0.888967218893197
7035,0.881499823134064
7036,0.880387931034483
7037,0.877900749732239
7038,0.890147614143495
7039,0.878303198887344
704,0.886641088245553
7040,0.881201956673655
7041,0.868919420720386
