"param_id","prop_relapse"
6762,0.893896380411639
6763,0.888270100939784
6764,0.90138346931536
6765,0.905039424065821
6766,0.904031394933999
6767,0.8995756718529
6768,0.895037486611924
6769,0.899929775280899
677,0.883071553228621
6770,0.889830508474576
6771,0.896306818181818
6772,0.897345132743363
6773,0.899200556134863
