"param_id","prop_relapse"
6820,0.9064039408867
6821,0.903719151894334
6822,0.893104706311565
6823,0.888575458392102
6824,0.899640287769784
6825,0.889447236180904
6826,0.899449035812672
6827,0.900701754385965
6828,0.891713091922006
6829,0.880059413293725
683,0.880266853932584
6830,0.892645521087487
6831,0.896341463414634
