"param_id","prop_relapse"
186,0.871367824238129
1860,0.710773594941197
1861,0.699502428622201
1862,0.706815511163337
1863,0.706828745084019
1864,0.706976744186047
1865,0.708857093205121
1866,0.708239076080486
1867,0.699552611701819
1868,0.693209839417814
1869,0.713409916076424
187,0.882793017456359
1870,0.709557741004652
