"param_id","prop_relapse"
9008,0.545239522952895
9009,0.53756546260239
901,0.814940577249576
9010,0.541173654332809
9011,0.541785665714674
9012,0.543296281048442
9013,0.542536710224976
9014,0.54035683942226
9015,0.534710771612208
9016,0.542445022463939
9017,0.543062929023095
9018,0.536089484241662
9019,0.534827295703454
