"param_id","prop_relapse"
11565,0.905078416728902
11566,0.913408651702096
11567,0.909312790786363
11568,0.912709284627093
11569,0.919935765083735
1157,0.804455445544555
11570,0.916880639718289
11571,0.917406406792744
11572,0.912463020556778
11573,0.913713519952353
11574,0.911359787970257
11575,0.916058113613652
11576,0.912811523511927
