"param_id","prop_relapse"
723,0.870661308001461
7230,0.897729878468241
7231,0.912526242127362
7232,0.90312424315815
7233,0.910811450201088
7234,0.899612137805156
7235,0.90477310134023
7236,0.911292147544693
7237,0.90782320964311
7238,0.903140733637018
7239,0.900878003696858
724,0.878681626928471
7240,0.904618240891158
