"param_id","prop_relapse"
12337,0.629628205621131
12338,0.631379148403256
12339,0.637478108581436
1234,0.804221854304636
12340,0.630971613201015
12341,0.629764563011713
12342,0.632138879287168
12343,0.62806411062225
12344,0.628873184748
12345,0.632344908310574
12346,0.631091823802757
12347,0.636690226092389
12348,0.635287726514299
