"param_id","prop_relapse"
10230,0.883899233296824
10231,0.890444522226111
10232,0.876856211517566
10233,0.879328811138879
10234,0.893601979498056
10235,0.889530931339225
10236,0.897952443857332
10237,0.879009762900976
10238,0.892146217879117
10239,0.885924885924886
1024,0.794105263157895
10240,0.874032371569317
10241,0.883057414582599
