"param_id","prop_relapse"
9875,0.899683210137276
9876,0.895716292134832
9877,0.904644616467277
9878,0.891127606928243
9879,0.883541513592946
988,0.814135586235318
9880,0.900071633237822
9881,0.892805755395683
9882,0.904895104895105
9883,0.899617922889892
9884,0.888201019664967
9885,0.886635277073524
9886,0.912237762237762
