"param_id","prop_relapse"
9523,0.318414294654611
9524,0.309415792852557
9525,0.313495299824012
9526,0.311405364244014
9527,0.312369642021028
9528,0.315094700593074
9529,0.314765406390317
953,0.792476489028213
9530,0.315194766577461
9531,0.313387704691127
9532,0.314190196328947
9533,0.314659459459459
9534,0.314973031283711
