"param_id","prop_relapse"
5089,0.825277008310249
509,0.888966480446927
5090,0.839260216223567
5091,0.83363136176066
5092,0.829830786026201
5093,0.83424703891709
5094,0.836074714245888
5095,0.837558621627132
5096,0.831017599576552
5097,0.833926031294452
5098,0.834844250562334
5099,0.829880043620502
51,0.879873551106428
