"param_id","prop_relapse"
118,0.888131946934385
1180,0.807259073842303
11800,0.718623481781376
11801,0.724616596957023
11802,0.718082815480219
11803,0.728719849322559
11804,0.728111165764879
11805,0.732001158412974
11806,0.730248510740719
11807,0.728126333760137
11808,0.710133683456672
11809,0.722704065940825
1181,0.80813704496788
