"param_id","prop_relapse"
7827,0.817264333261757
7828,0.805677311625965
7829,0.819114817190507
783,0.886550124866215
7830,0.833894028595458
7831,0.814253532664346
7832,0.802265925609235
7833,0.822557020297133
7834,0.827202018078621
7835,0.8275
7836,0.824471361116814
7837,0.818067754077792
7838,0.806644655385885
