"param_id","prop_relapse"
5077,0.831846164487791
5078,0.834837666711572
5079,0.839194612611387
508,0.881432545201669
5080,0.837731497184723
5081,0.830708932132297
5082,0.831950489662677
5083,0.837129995907789
5084,0.840215812409214
5085,0.842748506246605
5086,0.831411009047586
5087,0.842397938423979
5088,0.831380926130099
