"param_id","prop_relapse"
11987,0.732143933457899
11988,0.716229116945107
11989,0.72037829046443
1199,0.809331919406151
11990,0.724309258361609
11991,0.714303022959956
11992,0.717197298601061
11993,0.73310531902347
11994,0.719840656400499
11995,0.723717409587889
11996,0.722478024277941
11997,0.728339787028074
11998,0.710496309188021
