"param_id","prop_relapse"
11611,0.889158397647924
11612,0.881266102318734
11613,0.884468864468865
11614,0.890561169640937
11615,0.894736842105263
11616,0.888518411133662
11617,0.890663118208028
11618,0.892946546900309
11619,0.891030285465874
1162,0.814336320066681
11620,0.891812001182382
11621,0.891807888699771
11622,0.886315789473684
