"param_id","prop_relapse"
4890,0.778986451276707
4891,0.784014047866805
4892,0.776018839536861
4893,0.789746212363357
4894,0.795002582644628
4895,0.789110278161373
4896,0.796531108337166
4897,0.783174271146555
4898,0.787529167746954
4899,0.797191378184193
49,0.883680555555556
490,0.886492220650636
4900,0.791094329796237
