"param_id","prop_relapse"
3685,0.890998593530239
3686,0.879659211927583
3687,0.891304347826087
3688,0.879373177842566
3689,0.878318584070796
369,0.873116018226428
3690,0.887328767123288
3691,0.885867620751342
3692,0.890048712595685
3693,0.883912576137585
3694,0.877478753541077
3695,0.887481910274964
3696,0.884042921426099
