"param_id","prop_relapse"
2022,0.705465409173452
2023,0.711209626345788
2024,0.705680793507665
2025,0.70895565422986
2026,0.71522633744856
2027,0.696481110980346
2028,0.715008030456249
2029,0.701313166842537
203,0.880575539568345
2030,0.705586722767648
2031,0.702556338438246
2032,0.707943378568086
2033,0.709781357882624
