"param_id","prop_relapse"
11213,0.902313047383786
11214,0.901892133492253
11215,0.902671329712032
11216,0.903333333333333
11217,0.903327701461838
11218,0.898615160349854
11219,0.901424544831264
1122,0.799877476005718
11220,0.903071573456969
11221,0.893230117578325
11222,0.901226309921962
11223,0.906976744186046
11224,0.906836055656382
