"param_id","prop_relapse"
4469,0.838730158730159
447,0.867478260869565
4470,0.828737613097803
4471,0.839642705231816
4472,0.831396623547468
4473,0.837150127226463
4474,0.839154808106943
4475,0.817658349328215
4476,0.836409929980904
4477,0.814565354662176
4478,0.845343447113359
4479,0.835577758470895
448,0.888137884420412
