"param_id","prop_relapse"
9219,0.536035884118579
922,0.821809066221015
9220,0.539382020599313
9221,0.535227728061974
9222,0.539007804910729
9223,0.538524394811208
9224,0.532962484685938
9225,0.539067454357331
9226,0.540563475899525
9227,0.538865190601936
9228,0.542795886234967
9229,0.541260667965862
923,0.809405427801947
