"param_id","prop_relapse"
6118,0.338644433457683
6119,0.333791421921756
612,0.873224800831313
6120,0.334450102742786
6121,0.336073162470362
6122,0.334684083037149
6123,0.333408936266727
6124,0.33044279199335
6125,0.334644961100868
6126,0.330909173293459
6127,0.333679341080898
6128,0.333460863302876
6129,0.331173098275589
