"param_id","prop_relapse"
8903,0.542991552777969
8904,0.542293233082707
8905,0.541984474049968
8906,0.541112111811601
8907,0.544569897941884
8908,0.546342787352422
8909,0.54350461310526
891,0.79901254885826
8910,0.535172275774657
8911,0.545497248691451
8912,0.539822402029691
8913,0.539908134735721
8914,0.539244477074017
