"param_id","prop_relapse"
6352,0.307604417925606
6353,0.305969360802958
6354,0.306633052983921
6355,0.311124305526104
6356,0.306518490454842
6357,0.309895018053555
6358,0.310783176979024
6359,0.309157555725061
636,0.872093023255814
6360,0.306459679099812
6361,0.305073559156039
6362,0.309742492870324
6363,0.306736141628476
