"param_id","prop_relapse"
5533,0.716302800189843
5534,0.712597494682108
5535,0.715886736214605
5536,0.717918737211342
5537,0.71710565431952
5538,0.71041577890059
5539,0.727034579112819
554,0.875579322638146
5540,0.710087127254878
5541,0.707236075506875
5542,0.713384354735059
5543,0.707767389898277
5544,0.712283840190817
