"param_id","prop_relapse"
6727,0.879575402635432
6728,0.902255639097744
6729,0.88872936109117
673,0.884522578421234
6730,0.886724386724387
6731,0.895398993529835
6732,0.896976090014065
6733,0.904778761061947
6734,0.892779783393502
6735,0.899929527836505
6736,0.903622933520929
6737,0.884
6738,0.892733564013841
