"param_id","prop_relapse"
9090,0.538443064466326
9091,0.542424861991413
9092,0.535200297991941
9093,0.534847244953628
9094,0.537042044071921
9095,0.53611129825507
9096,0.536368891760465
9097,0.540150948527912
9098,0.53721508774289
9099,0.546546445513575
91,0.87708703374778
910,0.811343769058752
9100,0.540085381021211
