"param_id","prop_relapse"
11670,0.892854536165243
11671,0.88649992686851
11672,0.892318788315903
11673,0.897139512766113
11674,0.890945734119579
11675,0.887926136363636
11676,0.897127784290739
11677,0.900542495479204
11678,0.887559284932506
11679,0.891793808324693
1168,0.820161792159303
11680,0.887089651111438
11681,0.88627704694127
