"param_id","prop_relapse"
12068,0.599785248815166
12069,0.60281214848144
1207,0.797650937564393
12070,0.596600208302336
12071,0.589529792499524
12072,0.586649165572848
12073,0.608067362847478
12074,0.593542401187604
12075,0.597223756397511
12076,0.599393238948281
12077,0.606587644473985
12078,0.605230477025349
12079,0.602669632925473
