"param_id","prop_relapse"
11577,0.910009518928022
11578,0.917792960047527
11579,0.909117733844792
1158,0.813421982131727
11580,0.916221826809015
11581,0.913272674754477
11582,0.915350647406631
11583,0.905751034890597
11584,0.920303186400765
11585,0.912152050284346
11586,0.906860517946388
11587,0.911111111111111
11588,0.907732536421367
