"param_id","prop_relapse"
10851,0.901346332404828
10852,0.916232844297208
10853,0.913033395176252
10854,0.906565656565657
10855,0.907652942544778
10856,0.914427157001414
10857,0.911466917824347
10858,0.910982099661345
10859,0.913053452626749
1086,0.804806070826307
10860,0.909276944065484
10861,0.910202162670428
10862,0.908498253783469
