"param_id","prop_relapse"
10172,0.889012208657048
10173,0.878109452736318
10174,0.896877269426289
10175,0.899964272954627
10176,0.888770433546553
10177,0.891804457225018
10178,0.893169877408056
10179,0.89616724738676
1018,0.804424963473179
10180,0.892857142857143
10181,0.888540578195751
10182,0.897959183673469
10183,0.895612172682236
