"param_id","prop_relapse"
2948,0.303496998999667
2949,0.300764236995645
295,0.889383561643836
2950,0.300853997324828
2951,0.300831443688587
2952,0.3018158530791
2953,0.300956110567209
2954,0.302585230198785
2955,0.30125419609943
2956,0.301130949915075
2957,0.304533536327497
2958,0.301360132043541
2959,0.299904210570155
