"param_id","prop_relapse"
9863,0.897435897435897
9864,0.90424791086351
9865,0.89942321557318
9866,0.887798036465638
9867,0.903431199151044
9868,0.900462140063989
9869,0.902838427947598
987,0.824038867765103
9870,0.907530647985989
9871,0.90032502708559
9872,0.895485247067188
9873,0.89796633941094
9874,0.895773638968481
