"param_id","prop_relapse"
4351,0.885534024335286
4352,0.876683697166744
4353,0.890607232203775
4354,0.882801664355062
4355,0.880736081993944
4356,0.88600794206961
4357,0.887074829931973
4358,0.875965363912942
4359,0.887584650112867
436,0.88506151142355
4360,0.882366171839856
4361,0.879390018484288
4362,0.87981755986317
