"param_id","prop_relapse"
11354,0.903889304412865
11355,0.898134438851051
11356,0.896798235607271
11357,0.905606449248809
11358,0.900234121289933
11359,0.899472494348154
1136,0.803066989507668
11360,0.902469590858828
11361,0.899101487700692
11362,0.901140969824351
11363,0.89754128440367
11364,0.895871143375681
11365,0.905822823049619
