"param_id","prop_relapse"
4797,0.811707523245985
4798,0.813060179257362
4799,0.793162393162393
48,0.87953091684435
480,0.87829962290024
4800,0.782605863192182
4801,0.780814853017019
4802,0.787154150197628
4803,0.787711313394018
4804,0.787579346901381
4805,0.779110028212362
4806,0.776815019036366
4807,0.782313365247768
