"param_id","prop_relapse"
11822,0.720686991145183
11823,0.71410411622276
11824,0.727338215872254
11825,0.728370702541106
11826,0.722474325292572
11827,0.719795595571237
11828,0.726235279834891
11829,0.720100864553314
1183,0.791388720436628
11830,0.721003134796238
11831,0.716116433758467
11832,0.725174056430927
11833,0.720218776295228
