"param_id","prop_relapse"
3954,0.886894683372841
3955,0.886558954967343
3956,0.877754086709311
3957,0.883870967741936
3958,0.878606615059817
3959,0.88454830833624
396,0.886461318051576
3960,0.877186843946816
3961,0.878314072059823
3962,0.886778932282336
3963,0.888691322901849
3964,0.881258941344778
3965,0.88155609586662
