"param_id","prop_relapse"
6388,0.309828164291702
6389,0.307440771291745
639,0.883034773445732
6390,0.312677929472394
6391,0.310292506111439
6392,0.305784410990812
6393,0.304280024445241
6394,0.303468634686347
6395,0.306163403855597
6396,0.310552678495628
6397,0.308686137530511
6398,0.30678088905937
6399,0.314183843541003
