"param_id","prop_relapse"
5931,0.444914527471271
5932,0.442458775792109
5933,0.450095070522462
5934,0.448519651411093
5935,0.447684090710095
5936,0.448347524895367
5937,0.443771700766163
5938,0.447761627063568
5939,0.445906350369076
594,0.882624113475177
5940,0.447925732521033
5941,0.445555683652294
5942,0.449851156400275
