"param_id","prop_relapse"
3942,0.882271468144044
3943,0.886170212765957
3944,0.877521613832853
3945,0.888690688547984
3946,0.874911660777385
3947,0.881889763779528
3948,0.871739907109682
3949,0.882210708117444
395,0.888222849083216
3950,0.887880986937591
3951,0.881750794211084
3952,0.899467140319716
3953,0.881184543156374
