"param_id","prop_relapse"
798,0.884476534296029
7980,0.811951525282073
7981,0.808492386875402
7982,0.817490494296578
7983,0.803523639607493
7984,0.816830601092896
7985,0.817537072856222
7986,0.811181434599156
7987,0.830515549989564
7988,0.824913644214162
7989,0.81549815498155
799,0.872271914132379
7990,0.818756585879874
