"param_id","prop_relapse"
2538,0.30131179348743
2539,0.302152593085106
254,0.879707112970711
2540,0.300395175139139
2541,0.303583128583129
2542,0.300363071627946
2543,0.299555647411388
2544,0.298325249761638
2545,0.29828738512949
2546,0.299079945294045
2547,0.304278423053496
2548,0.30218101138647
2549,0.297307365937455
