"param_id","prop_relapse"
5499,0.717968797060418
55,0.879941965904969
550,0.886417256488035
5500,0.716656959813628
5501,0.705538314633564
5502,0.718228729149166
5503,0.70698189017644
5504,0.720050517199904
5505,0.717926288780033
5506,0.718244265921528
5507,0.715078194157569
5508,0.715360910276165
5509,0.708751879699248
