"param_id","prop_relapse"
12020,0.606405774219014
12021,0.591351351351351
12022,0.595062927138963
12023,0.595553750138484
12024,0.604460527287497
12025,0.601660366170039
12026,0.604555775287483
12027,0.59176875532033
12028,0.600318528975278
12029,0.603938488770882
1203,0.796927609427609
12030,0.598581767673075
12031,0.600818683527649
