"param_id","prop_relapse"
97,0.878840782122905
970,0.814159292035398
9700,0.901469007524185
9701,0.902636203866432
9702,0.894736842105263
9703,0.900354609929078
9704,0.904338549075391
9705,0.892651296829971
9706,0.897481376374601
9707,0.890875912408759
9708,0.897209466619569
9709,0.891891891891892
971,0.814950980392157
