"param_id","prop_relapse"
12512,0.56189764927629
12513,0.568380649400048
12514,0.563563598399165
12515,0.56827551890816
12516,0.565948445846628
12517,0.573484716157205
12518,0.565332129587833
12519,0.572301862510278
1252,0.809981206932554
12520,0.566987179487179
12521,0.569124986911452
12522,0.567300246392115
12523,0.56536738032577
