"param_id","prop_relapse"
2409,0.305424891645954
241,0.859630419331912
2410,0.304254925728843
2411,0.301278591888414
2412,0.300535489073128
2413,0.299133276792917
2414,0.300586048270212
2415,0.302464634679889
2416,0.301806500062581
2417,0.302590865959817
2418,0.300740309432707
2419,0.303735507020928
242,0.885313248887367
