"param_id","prop_relapse"
1601,0.699689495576777
1602,0.701464883330438
1603,0.705872011251758
1604,0.708832112441189
1605,0.70564138576779
1606,0.701100316048227
1607,0.702933985330073
1608,0.702726319468717
1609,0.706051703877791
161,0.883687943262411
1610,0.718112685793294
1611,0.699238276600809
1612,0.708860018726592
