"param_id","prop_relapse"
6902,0.8925
6903,0.902016271666077
6904,0.89704347826087
6905,0.9075
6906,0.893068617206548
6907,0.903680770553836
6908,0.895090074178735
6909,0.902255639097744
691,0.889122070654075
6910,0.892057761732852
6911,0.896729776247849
6912,0.885755087468761
6913,0.907361747094047
