"param_id","prop_relapse"
12161,0.603831019377831
12162,0.601233792619408
12163,0.597557807222655
12164,0.596834469114091
12165,0.602906276242287
12166,0.608934579439252
12167,0.600051497094093
12168,0.599507866676609
12169,0.596462845166746
1217,0.81453272951832
12170,0.60364397751901
12171,0.594937659606429
12172,0.595364382765386
