"param_id","prop_relapse"
8013,0.889162918903235
8014,0.873257651961489
8015,0.877383801029657
8016,0.87503588860178
8017,0.888137057299165
8018,0.876816454281243
8019,0.881215275335818
802,0.799631600491199
8020,0.882154635397582
8021,0.875261676171226
8022,0.883830683220794
8023,0.87440370238519
8024,0.882628764012016
