"param_id","prop_relapse"
8025,0.882861921035411
8026,0.883580570098895
8027,0.88258373901039
8028,0.874760005907547
8029,0.877378748611625
803,0.819962492185872
8030,0.869390103567319
8031,0.878854782422904
8032,0.875655861424567
8033,0.878994275777118
8034,0.884392650318153
8035,0.876218675525385
8036,0.884535930352663
