"param_id","prop_relapse"
9383,0.537706139311232
9384,0.540709171496761
9385,0.544641344492258
9386,0.540304575294078
9387,0.541025726584137
9388,0.545973009715176
9389,0.539226814448821
939,0.799338022341746
9390,0.539898871513244
9391,0.541231750293673
9392,0.539263282974028
9393,0.540731590144808
9394,0.535954790024026
