"param_id","prop_relapse"
2257,0.714343434343434
2258,0.703046865914641
2259,0.706599585676236
226,0.86977082575482
2260,0.708021952358711
2261,0.710693288317131
2262,0.713220617588353
2263,0.704347324057502
2264,0.70085012781642
2265,0.709019515911622
2266,0.716017264825874
2267,0.70074479227278
2268,0.710626955614787
