"param_id","prop_relapse"
6504,0.896611341632089
6505,0.892398090341535
6506,0.886497743838945
6507,0.893121693121693
6508,0.895902547065338
6509,0.895282344531808
651,0.877573131094258
6510,0.897380696088985
6511,0.895147006730429
6512,0.899607002500893
6513,0.887810140237325
6514,0.893917451122375
6515,0.890459363957597
