"param_id","prop_relapse"
9992,0.903315881326353
9993,0.88972972972973
9994,0.904365904365904
9995,0.895826025955805
9996,0.884936479128857
9997,0.895760945100764
9998,0.903468001430104
9999,0.899488304093567
