"param_id","prop_relapse"
3088,0.306949004613275
3089,0.301458398908824
309,0.886093165589935
3090,0.303000370416101
3091,0.299082074552952
3092,0.297672781481635
3093,0.298782138024357
3094,0.299176463192305
3095,0.301462152973322
3096,0.298670869015282
3097,0.29973258680483
3098,0.301677619837487
3099,0.301273670448315
