"param_id","prop_relapse"
9230,0.545270612038442
9231,0.536993163203141
9232,0.538584779706275
9233,0.545604565613504
9234,0.530909457823221
9235,0.546844147885885
9236,0.538609712412558
9237,0.542504230118443
9238,0.542611521018074
9239,0.542426063155084
924,0.807449623447995
9240,0.540384225123453
9241,0.541763458236542
