"param_id","prop_relapse"
1077,0.804452846040748
10770,0.917341591233921
10771,0.91361812603257
10772,0.917254806522268
10773,0.922825070159027
10774,0.923943661971831
10775,0.915881073241479
10776,0.916548797736917
10777,0.914313068453806
10778,0.915936538006157
10779,0.926392251815981
1078,0.807431738862657
10780,0.93528133301135
