"param_id","prop_relapse"
4937,0.796452096784713
4938,0.789099680552839
4939,0.784003167689566
494,0.877382236605538
4940,0.785106519096667
4941,0.785972185076224
4942,0.780119310076514
4943,0.786287381473377
4944,0.790479274611399
4945,0.786701733090566
4946,0.772949059918027
4947,0.779164151069967
4948,0.788290034897247
