"param_id","prop_relapse"
3486,0.886575735821967
3487,0.889697852202403
3488,0.900454069158226
3489,0.887531440891125
349,0.880434782608696
3490,0.883175935641833
3491,0.889605734767025
3492,0.894176136363636
3493,0.882269503546099
3494,0.893754486719311
3495,0.890863846427302
3496,0.896774193548387
3497,0.893365751997221
