"param_id","prop_relapse"
6856,0.899478260869565
6857,0.892931392931393
6858,0.897872340425532
6859,0.898809523809524
686,0.872146118721461
6860,0.890882986360373
6861,0.889409221902017
6862,0.889419544452608
6863,0.882014388489209
6864,0.88519313304721
6865,0.892258294684267
6866,0.894828791055206
6867,0.891710758377425
