"param_id","prop_relapse"
12349,0.635866614967041
1235,0.808710147947489
12350,0.631233696486113
12351,0.634479211994145
12352,0.637224950694149
12353,0.633233885530345
12354,0.635472197361765
12355,0.636863559452392
12356,0.628614043139055
12357,0.633355265704223
12358,0.631143704166017
12359,0.641156867412521
1236,0.797430406852248
