"param_id","prop_relapse"
2374,0.705319398778769
2375,0.701675071002145
2376,0.715410107705054
2377,0.712824090222067
2378,0.707606461086637
2379,0.7072387289205
238,0.876543209876543
2380,0.707965112920926
2381,0.702721893491124
2382,0.704750663912659
2383,0.702571106228846
2384,0.706347821027521
2385,0.711305361305361
