"param_id","prop_relapse"
9722,0.889409221902017
9723,0.905886379192334
9724,0.89626405513239
9725,0.893624772313297
9726,0.903057678943711
9727,0.894551845342706
9728,0.899004791743457
9729,0.88629003238575
973,0.813502109704641
9730,0.901296829971182
9731,0.896053558844257
9732,0.89248843004628
9733,0.901087337776219
