"param_id","prop_relapse"
9160,0.540989623302526
9161,0.529495188249198
9162,0.538098471986418
9163,0.53914906437251
9164,0.539562665202018
9165,0.540483629941584
9166,0.544489823245849
9167,0.540716064338112
9168,0.531402922614829
9169,0.542609695862512
917,0.821894736842105
9170,0.537660499443939
9171,0.537724591728888
