"param_id","prop_relapse"
3134,0.299722806944415
3135,0.299022390413119
3136,0.301967226750957
3137,0.300286147113281
3138,0.302535058203933
3139,0.298061406266373
314,0.87871198568873
3140,0.301699422445672
3141,0.298893750515975
3142,0.299666597207752
3143,0.300299294669206
3144,0.299889146849051
3145,0.298347175060344
