"param_id","prop_relapse"
107,0.889596602972399
1070,0.823112223612849
10700,0.922254616132167
10701,0.905224787363305
10702,0.919036697247706
10703,0.91816091954023
10704,0.915069789448782
10705,0.9198805673053
10706,0.929280697505449
10707,0.927611412402735
10708,0.922380019588639
10709,0.921549868452523
1071,0.814350551113032
