"param_id","prop_relapse"
7241,0.902603440260344
7242,0.91002331002331
7243,0.913319238900634
7244,0.912117503059976
7245,0.900446114111294
7246,0.913754480286738
7247,0.9086186540732
7248,0.905232427576914
7249,0.917226988175284
725,0.885319516407599
7250,0.910380704658312
7251,0.909733679000707
7252,0.905355493998153
