"param_id","prop_relapse"
324,0.881003584229391
3240,0.894042097752408
3241,0.882374768089054
3242,0.887963926465487
3243,0.887971274685817
3244,0.8875
3245,0.885734072022161
3246,0.905931905931906
3247,0.889924704195052
3248,0.886919532080822
3249,0.887624466571835
325,0.867970660146699
3250,0.890871654083734
