"param_id","prop_relapse"
8880,0.539696547978684
8881,0.539370340788072
8882,0.539565634420389
8883,0.54233199701026
8884,0.54674713584288
8885,0.538543200575323
8886,0.542216846420052
8887,0.542332295693223
8888,0.542013114310823
8889,0.539671431903762
889,0.795045521914038
8890,0.539700844554489
8891,0.542763712368944
