"param_id","prop_relapse"
9055,0.546879230977525
9056,0.545946682101393
9057,0.542718736520787
9058,0.532275693041433
9059,0.537551144625165
906,0.803620873269436
9060,0.542960385438972
9061,0.546777058961553
9062,0.528862084962555
9063,0.542546363544235
9064,0.541583047042416
9065,0.544582676637269
9066,0.53486472690148
