"param_id","prop_relapse"
9804,0.899826086956522
9805,0.902695134756738
9806,0.905997895475272
9807,0.89382373351839
9808,0.902129120879121
9809,0.889891696750903
981,0.797824302134647
9810,0.898134863701578
9811,0.897364771151179
9812,0.899011299435028
9813,0.904069767441861
9814,0.896774193548387
9815,0.89756446991404
