"param_id","prop_relapse"
12466,0.559544994591577
12467,0.575973611406682
12468,0.572130976043519
12469,0.564938516602289
1247,0.803744085579099
12470,0.570144136579905
12471,0.56729644464925
12472,0.569336657653545
12473,0.567693283529495
12474,0.57001384304121
12475,0.563547978018881
12476,0.573836938197209
12477,0.562643252582954
