"param_id","prop_relapse"
3767,0.881889763779528
3768,0.883647798742138
3769,0.897645854657114
377,0.882292732855681
3770,0.883022774327122
3771,0.881484149855908
3772,0.899449035812672
3773,0.886726893676164
3774,0.892693258030356
3775,0.880237430167598
3776,0.881747159090909
3777,0.87924396219811
3778,0.879898403483309
