"param_id","prop_relapse"
9570,0.313388738920654
9571,0.314358372456964
9572,0.313761827933546
9573,0.312983278304399
9574,0.314714428205907
9575,0.317114708862397
9576,0.313879278853385
9577,0.31379273389776
9578,0.315614759330978
9579,0.310158838019196
958,0.799188207647939
9580,0.318568520304297
9581,0.316069689427551
