"param_id","prop_relapse"
8787,0.724931339639915
8788,0.716420608617053
8789,0.725858206696131
879,0.798744769874477
8790,0.72614158009181
8791,0.720864942357087
8792,0.720023909145248
8793,0.725597758034703
8794,0.720425557637672
8795,0.719564821005288
8796,0.724239509438499
8797,0.716805427073697
8798,0.718335809806835
