"param_id","prop_relapse"
4901,0.780353913717386
4902,0.78536364810748
4903,0.790985475151436
4904,0.784986279890239
4905,0.798561151079137
4906,0.78748199554799
4907,0.78280601659751
4908,0.78755930416447
4909,0.784436834094368
491,0.884063047285464
4910,0.787267870770796
4911,0.783006620797092
4912,0.777727682596934
