"param_id","prop_relapse"
2912,0.306407140377035
2913,0.304797530712782
2914,0.3067257636261
2915,0.302358607063472
2916,0.301305581046133
2917,0.303194103194103
2918,0.302013422818792
2919,0.29837962962963
292,0.886395511921459
2920,0.299888031848719
2921,0.298629513083803
2922,0.306385953369793
2923,0.306154828872267
