"param_id","prop_relapse"
6587,0.895590828924162
6588,0.894863840055153
6589,0.891120507399577
659,0.887563268257411
6590,0.897776183644189
6591,0.886494252873563
6592,0.886371808701906
6593,0.888690050107373
6594,0.89136690647482
6595,0.892163661581137
6596,0.893821022727273
6597,0.903450679679331
6598,0.888333927934356
