"param_id","prop_relapse"
3919,0.88675288360713
392,0.868805704099822
3920,0.887238352464551
3921,0.887163561076605
3922,0.89246935201401
3923,0.881669691470054
3924,0.886583679114799
3925,0.869939089931924
3926,0.887491264849755
3927,0.869287991498406
3928,0.88231148696265
3929,0.887374461979914
393,0.87626703949668
