"param_id","prop_relapse"
3193,0.302900558284011
3194,0.30502334736269
3195,0.302442904691131
3196,0.299685593520311
3197,0.298789264245195
3198,0.302695800811418
3199,0.300923399790136
32,0.881195079086116
320,0.878378378378378
3200,0.888057040998217
3201,0.896140350877193
3202,0.884654300168634
3203,0.894037356321839
