"param_id","prop_relapse"
5276,0.743783850320039
5277,0.750322224268091
5278,0.744496615647296
5279,0.744908762533474
528,0.879733520336606
5280,0.741667180087487
5281,0.758678926627885
5282,0.74833814122664
5283,0.744400773597854
5284,0.743119824646858
5285,0.749862427392235
5286,0.745632003855886
5287,0.745269016697588
