"param_id","prop_relapse"
11682,0.887391930835735
11683,0.890454178589772
11684,0.893503567405182
11685,0.893987458502398
11686,0.890000735781032
11687,0.894790306196488
11688,0.890351196102669
11689,0.895250678998752
1169,0.794514940646746
11690,0.885209874734452
11691,0.889362327358213
11692,0.888153159637253
11693,0.888938514217657
