"param_id","prop_relapse"
8775,0.715960756161761
8776,0.735301147227533
8777,0.709739633558341
8778,0.724671868384443
8779,0.722447989324923
878,0.807684362734972
8780,0.731540810826996
8781,0.718629343629344
8782,0.719842735450051
8783,0.723239942528736
8784,0.728333433571901
8785,0.721828836527896
8786,0.720104656002854
