"param_id","prop_relapse"
4714,0.817708333333333
4715,0.829951892909433
4716,0.813143798928719
4717,0.821275684931507
4718,0.811560448867245
4719,0.81750924784217
472,0.885756133284511
4720,0.806743421052632
4721,0.814737282813481
4722,0.81347798873357
4723,0.827300303336704
4724,0.802289920261705
4725,0.810626421335539
