"param_id","prop_relapse"
7581,0.908048612703508
7582,0.899034038638454
7583,0.90170441279477
7584,0.910283941780005
7585,0.90988707075363
7586,0.907403162961265
7587,0.901301031852849
7588,0.909843823946995
7589,0.907539774037353
759,0.877616175948918
7590,0.910062746920753
7591,0.901612138454244
7592,0.90493124703651
