"param_id","prop_relapse"
3825,0.885005242922055
3826,0.891472868217054
3827,0.877859908482928
3828,0.874457308248915
3829,0.870107377900935
383,0.873554913294798
3830,0.884093282283328
3831,0.873153153153153
3832,0.883074702273547
3833,0.889042039972433
3834,0.880984952120383
3835,0.885149201943095
3836,0.874822695035461
