"param_id","prop_relapse"
2233,0.700902802204244
2234,0.710795254316927
2235,0.699081255220141
2236,0.712339930151339
2237,0.714211045937627
2238,0.706810631229236
2239,0.698278910762702
224,0.893981805458362
2240,0.709942432237947
2241,0.692649410649766
2242,0.714553111839027
2243,0.704034565306242
2244,0.709148003317929
