"param_id","prop_relapse"
5358,0.745733788395904
5359,0.743961645830805
536,0.878464818763326
5360,0.742947663437519
5361,0.753216448032291
5362,0.735964424680378
5363,0.737776412776413
5364,0.750187265917603
5365,0.750123639960435
5366,0.748080062889279
5367,0.744780152296733
5368,0.750488997555012
5369,0.747361273995432
