"param_id","prop_relapse"
1953,0.706863218946351
1954,0.698390564174075
1955,0.703881481481481
1956,0.706896551724138
1957,0.701602450807117
1958,0.705766239980859
1959,0.706706586826347
196,0.880834512022631
1960,0.702343330749508
1961,0.705050385997996
1962,0.712642996858515
1963,0.710585056390977
1964,0.714033435366141
