"param_id","prop_relapse"
12606,0.311737738949918
12607,0.314836510810523
12608,0.314743850484897
12609,0.317269514376718
1261,0.793766994352646
12610,0.311929339150793
12611,0.314967052308485
12612,0.314738277108173
12613,0.31605876608212
12614,0.314993122420908
12615,0.316808625336927
12616,0.312633467156402
12617,0.317548627308326
