"param_id","prop_relapse"
10676,0.923442700903471
10677,0.926040428061831
10678,0.928571428571429
10679,0.919056429232192
1068,0.793443325476752
10680,0.917300613496932
10681,0.918108700950524
10682,0.935040745052387
10683,0.917061611374408
10684,0.910571024067957
10685,0.914949688548155
10686,0.920717855520218
10687,0.916328963051251
