"param_id","prop_relapse"
9921,0.902481649772807
9922,0.90128296507484
9923,0.894335511982571
9924,0.894660370504904
9925,0.895155459146782
9926,0.898292771521976
9927,0.888067581837381
9928,0.89256780556534
9929,0.892561983471074
993,0.801656402633255
9930,0.903666427030913
9931,0.902645502645503
9932,0.889085128929707
