"param_id","prop_relapse"
7206,0.904050690201403
7207,0.919366280444549
7208,0.904148113428638
7209,0.902727272727273
721,0.889315642458101
7210,0.907692307692308
7211,0.901438340014148
7212,0.910226201696513
7213,0.89140588510042
7214,0.90952380952381
7215,0.900282220131703
7216,0.90962441314554
7217,0.903195488721805
