"param_id","prop_relapse"
8236,0.878336792385314
8237,0.88162646251625
8238,0.877124089675853
8239,0.878412446877476
824,0.799176107106076
8240,0.883861343940901
8241,0.887959866220736
8242,0.884856892523365
8243,0.884687816891207
8244,0.880374102805771
8245,0.880928499785069
8246,0.882471991326346
8247,0.879388743943347
