"param_id","prop_relapse"
9957,0.885993485342019
9958,0.902300884955752
9959,0.900538599640934
996,0.800656275635767
9960,0.895501730103806
9961,0.897372159090909
9962,0.905135520684736
9963,0.903580290677065
9964,0.894888408927286
9965,0.902708481824661
9966,0.894924946390279
9967,0.894015861571738
9968,0.907252440725244
