"param_id","prop_relapse"
9899,0.89313795568263
99,0.885057471264368
990,0.795635753252203
9900,0.902430433251145
9901,0.886149383611313
9902,0.904436860068259
9903,0.895045871559633
9904,0.891234347048301
9905,0.897255192878338
9906,0.890691114245416
9907,0.889242745930644
9908,0.909695484774239
9909,0.901707912164517
