"param_id","prop_relapse"
7042,0.877808988764045
7043,0.872851002865329
7044,0.88289896465548
7045,0.883103448275862
7046,0.886102403343783
7047,0.877211989888046
7048,0.874821173104435
7049,0.883221948645797
705,0.879568395405499
7050,0.874506991753317
7051,0.875716332378224
7052,0.879495736002966
7053,0.880910060433701
