"param_id","prop_relapse"
3439,0.886629910406616
344,0.887779690189329
3440,0.891486392184229
3441,0.887085137085137
3442,0.890902753572673
3443,0.891815946610467
3444,0.894155381325731
3445,0.890350877192982
3446,0.892945763913506
3447,0.898515705902658
3448,0.896700143472023
3449,0.89157060518732
345,0.8826192964124
