"param_id","prop_relapse"
7628,0.905026638869585
7629,0.909595375722543
763,0.873530459565372
7630,0.904073898626243
7631,0.895694220584849
7632,0.914097434690515
7633,0.906777645659929
7634,0.902887750349325
7635,0.90365682137834
7636,0.908727358268643
7637,0.911439981207423
7638,0.90552118039029
7639,0.906338028169014
