"param_id","prop_relapse"
1508,0.80082135523614
1509,0.802158273381295
151,0.881920112123336
1510,0.814854682454252
1511,0.811340421096519
1512,0.813295034878949
1513,0.809217577706324
1514,0.814775160599572
1515,0.814062182483235
1516,0.820616365568544
1517,0.814178302900107
1518,0.805652262953103
1519,0.80925341745531
