"param_id","prop_relapse"
8295,0.872039283651069
8296,0.886237872799138
8297,0.883783197047543
8298,0.881238381238381
8299,0.879416554556397
83,0.885053380782918
830,0.794572025052192
8300,0.879885877318117
8301,0.877957931638913
8302,0.883776896942242
8303,0.881387403446227
8304,0.881804157790347
8305,0.876840400471143
