"param_id","prop_relapse"
7862,0.817649519029695
7863,0.816089570806552
7864,0.817450495049505
7865,0.80515332197615
7866,0.818355640535373
7867,0.827160493827161
7868,0.815169827047302
7869,0.83529169243455
787,0.8722589627567
7870,0.808614470613198
7871,0.825120985481742
7872,0.8220871751886
7873,0.810126582278481
