"param_id","prop_relapse"
12595,0.565304684748151
12596,0.57643995637029
12597,0.570692999470993
12598,0.569527257240204
12599,0.563457484188335
126,0.881154499151104
1260,0.79225202213708
12600,0.316544427857467
12601,0.316600730700218
12602,0.314837648993013
12603,0.311635003868306
12604,0.318961186466592
12605,0.316637118995237
