"param_id","prop_relapse"
8411,0.879586343674741
8412,0.882491270576498
8413,0.869657962486208
8414,0.880598093036695
8415,0.881745861105139
8416,0.875672885480422
8417,0.876206132513759
8418,0.886291256514186
8419,0.879763900021861
842,0.796677880571909
8420,0.880568108457069
8421,0.878715900093572
8422,0.882725832012678
