"param_id","prop_relapse"
9758,0.90010478519036
9759,0.901616303583977
976,0.804247266610597
9760,0.90032154340836
9761,0.902181818181818
9762,0.898231685312162
9763,0.900868306801737
9764,0.903431199151044
9765,0.893655371304975
9766,0.900546448087432
9767,0.884533143264433
9768,0.884489647657101
9769,0.90301724137931
