"param_id","prop_relapse"
11366,0.897424544314073
11367,0.900126894080764
11368,0.895754930001505
11369,0.897031191281473
1137,0.793320730938878
11370,0.904551480335837
11371,0.897697464296124
11372,0.904595997034841
11373,0.895006108735492
11374,0.904050857480781
11375,0.898517010758942
11376,0.904589728453365
11377,0.904891905851103
