"param_id","prop_relapse"
9781,0.898993529834651
9782,0.898170521228857
9783,0.902421395012649
9784,0.896739130434783
9785,0.898375388869685
9786,0.905094207955338
9787,0.902603990530944
9788,0.903530234183852
9789,0.892117689792953
979,0.814752724224644
9790,0.89413035649982
9791,0.902923132443161
9792,0.904712041884817
