"param_id","prop_relapse"
6599,0.897074374339091
66,0.890252707581227
660,0.8831123517097
6600,0.883820384889522
6601,0.900137268359643
6602,0.891304347826087
6603,0.904075895994378
6604,0.898646303366886
6605,0.88138030194105
6606,0.897751229796205
6607,0.899121265377856
6608,0.905381003972553
6609,0.905251951738822
