"param_id","prop_relapse"
145,0.871867278503353
1450,0.81722428748451
1451,0.805944798301486
1452,0.802828618968386
1453,0.796875
1454,0.827358301622271
1455,0.809780356402818
1456,0.807676086039646
1457,0.803792074989348
1458,0.805192064162094
1459,0.815352697095436
146,0.878383255142548
1460,0.823336072308956
