"param_id","prop_relapse"
2597,0.297860336829788
2598,0.296561307449809
2599,0.303416968284154
26,0.883030726256983
260,0.882536382536383
2600,0.29990374958152
2601,0.303863236403251
2602,0.29875397223616
2603,0.30482290881688
2604,0.30043877804454
2605,0.304228113723118
2606,0.295767891037273
2607,0.299871705891013
