"param_id","prop_relapse"
2093,0.706824429305605
2094,0.70968669157804
2095,0.709149163403346
2096,0.699988429943307
2097,0.709358146150655
2098,0.703397885232268
2099,0.70884074941452
21,0.873857404021938
210,0.873306233062331
2100,0.712930633147114
2101,0.712060391827931
2102,0.700163646281593
2103,0.703929068150209
