"param_id","prop_relapse"
661,0.880156472261735
6610,0.891901408450704
6611,0.887773395482252
6612,0.897241379310345
6613,0.894532627865961
6614,0.894326241134752
6615,0.891228070175439
6616,0.8953081232493
6617,0.876885303402315
6618,0.902029391182645
6619,0.894811154253442
662,0.88295165394402
6620,0.891491560454702
