"param_id","prop_relapse"
10300,0.88476773496579
10301,0.88506151142355
10302,0.878200438917337
10303,0.863568773234201
10304,0.885274571528506
10305,0.88299752562743
10306,0.903719151894334
10307,0.885321100917431
10308,0.889801505817933
10309,0.873772791023843
1031,0.80408503543143
10310,0.881044828803389
10311,0.883745214061956
