"param_id","prop_relapse"
75,0.872586872586873
750,0.883656509695291
7500,0.893788963287924
7501,0.919141160347191
7502,0.912031649988364
7503,0.902049571020019
7504,0.906561558080223
7505,0.895480225988701
7506,0.906367041198502
7507,0.909576837416481
7508,0.904072398190045
7509,0.896074427047878
751,0.882312218760817
