"param_id","prop_relapse"
12641,0.31597244855833
12642,0.316257390703897
12643,0.319446235865686
12644,0.310747462583864
12645,0.320043868137539
12646,0.318853226630342
12647,0.310508135821512
12648,0.313485336497711
12649,0.315693002834672
1265,0.791132590880437
12650,0.312538172934299
12651,0.318847063334825
12652,0.31446864092846
