"param_id","prop_relapse"
9278,0.535971344574731
9279,0.541627214933045
928,0.797032763239233
9280,0.541236768055742
9281,0.536872044410938
9282,0.545193545193545
9283,0.541300945771246
9284,0.542012709727312
9285,0.540396315556915
9286,0.538333785249458
9287,0.538382699600287
9288,0.536588678732724
9289,0.547370568038889
