"param_id","prop_relapse"
20,0.885376866967697
200,0.879432624113475
2000,0.700192745750832
2001,0.713475512494831
2002,0.71004459047172
2003,0.712845166207422
2004,0.695718296677585
2005,0.704517775329119
2006,0.700768603703272
2007,0.712804806219814
2008,0.707282583078011
2009,0.704772924501012
201,0.873806998939555
