"param_id","prop_relapse"
6809,0.881951919626839
681,0.879038047379756
6810,0.896187882913547
6811,0.897830650804759
6812,0.895971978984238
6813,0.877724418175102
6814,0.894142554693013
6815,0.902564102564103
6816,0.894146512443042
6817,0.894606103619588
6818,0.904531304047043
6819,0.889204545454545
682,0.877224845622957
