"param_id","prop_relapse"
4059,0.847698555956679
406,0.873263888888889
4060,0.860948081264108
4061,0.858420268256334
4062,0.865707434052758
4063,0.858753315649867
4064,0.849031690140845
4065,0.866726296958855
4066,0.862415374535925
4067,0.866951823502927
4068,0.851618509667608
4069,0.85695067264574
407,0.872528248587571
