"param_id","prop_relapse"
10863,0.899355135882082
10864,0.906374970595154
10865,0.911483253588517
10866,0.909432191459409
10867,0.916666666666667
10868,0.916215580136503
10869,0.915400794578172
1087,0.786979810465595
10870,0.910957324106113
10871,0.915828851999065
10872,0.909154275092937
10873,0.910437556973564
10874,0.916628701594533
