"param_id","prop_relapse"
2034,0.707676372424905
2035,0.710509040997792
2036,0.71761673208741
2037,0.710785190484708
2038,0.709833391588023
2039,0.719924367761758
204,0.879040667361835
2040,0.71305689031263
2041,0.699319649446494
2042,0.708243644191052
2043,0.703101405505866
2044,0.705600933488915
2045,0.703282607428138
