"param_id","prop_relapse"
8892,0.535612728503724
8893,0.54126563600389
8894,0.542036980283992
8895,0.546072002141328
8896,0.538063665081404
8897,0.534169150138732
8898,0.531752950643777
8899,0.537387044454007
89,0.871822033898305
890,0.824109478768364
8900,0.541004450095359
8901,0.54435470244331
8902,0.55058392178164
