"param_id","prop_relapse"
11167,0.823860087445347
11168,0.818181818181818
11169,0.819607843137255
1117,0.798808055898068
11170,0.811055065153426
11171,0.825020955574183
11172,0.831222752750675
11173,0.823303457106274
11174,0.826407506702413
11175,0.80963399242743
11176,0.816366827555946
11177,0.821221864951769
11178,0.82270873578021
