"param_id","prop_relapse"
8224,0.88142068770341
8225,0.880568857930634
8226,0.87883946414033
8227,0.882556253085984
8228,0.877529134196039
8229,0.882953137526419
823,0.789550679205852
8230,0.87893175074184
8231,0.881955795607988
8232,0.884590353604744
8233,0.878662304616503
8234,0.877577599305405
8235,0.873824338011865
