"param_id","prop_relapse"
1941,0.712549894341395
1942,0.694506965143865
1943,0.718902117177878
1944,0.708066506080724
1945,0.699946830507473
1946,0.706733282983791
1947,0.704907396484605
1948,0.706978611158897
1949,0.706750933639759
195,0.876512455516014
1950,0.70693906305037
1951,0.699855949294152
1952,0.705630749399426
