"param_id","prop_relapse"
2315,0.707160752782148
2316,0.703744621467613
2317,0.704281074697372
2318,0.706778770362585
2319,0.712329579134558
232,0.884180790960452
2320,0.708382318363508
2321,0.695272172688878
2322,0.704982847839991
2323,0.704250295159386
2324,0.698289543290425
2325,0.702994428969359
2326,0.701861193251
