"param_id","prop_relapse"
10980,0.912336919203479
10981,0.912797281993205
10982,0.909618959107807
10983,0.915310214673272
10984,0.909279300023026
10985,0.908205841446453
10986,0.916724019270475
10987,0.920278099652375
10988,0.906278643446379
10989,0.907757805108798
1099,0.8033934252386
10990,0.914493774958891
10991,0.911785629594498
