"param_id","prop_relapse"
1719,0.708151255607994
172,0.88469387755102
1720,0.705539705183072
1721,0.704696394686907
1722,0.706390825793811
1723,0.706644379440033
1724,0.709197422378442
1725,0.702619778144914
1726,0.692927855830221
1727,0.710440034512511
1728,0.702902808790692
1729,0.711669251879251
173,0.863747810858144
