"param_id","prop_relapse"
9582,0.315562793288907
9583,0.316408522005127
9584,0.314319912948857
9585,0.316701938904209
9586,0.312742227198346
9587,0.315381761843455
9588,0.308640919874329
9589,0.313612632660048
959,0.817024827873983
9590,0.312246431254696
9591,0.312321286522048
9592,0.315491768678767
9593,0.315892515221273
