"param_id","prop_relapse"
11249,0.896917293233083
1125,0.824676701293195
11250,0.900694190719766
11251,0.904621658359764
11252,0.905690818421825
11253,0.899615895996454
11254,0.901931314345833
11255,0.905912786400591
11256,0.899718142708797
11257,0.905829596412556
11258,0.904730473047305
11259,0.903273589097911
1126,0.802327955891362
