"param_id","prop_relapse"
6703,0.895930860640979
6704,0.89199856476498
6705,0.878635547576302
6706,0.895877754086709
6707,0.895804195804196
6708,0.893645044451762
6709,0.9056875449964
671,0.876603119584055
6710,0.893706293706294
6711,0.900891265597148
6712,0.904332755632582
6713,0.90066456803078
6714,0.899931459904044
