"param_id","prop_relapse"
8084,0.88120387787585
8085,0.880812674196861
8086,0.870881114820729
8087,0.876586179392357
8088,0.879713774597496
8089,0.886067660967625
809,0.793425324675325
8090,0.881078785304736
8091,0.881098451650599
8092,0.876765920452076
8093,0.87688148472892
8094,0.879583033788641
8095,0.874935967800951
