"param_id","prop_relapse"
10617,0.909717272511285
10618,0.923221855864343
10619,0.919073819348923
1062,0.817972350230415
10620,0.914554670528603
10621,0.918500604594921
10622,0.928190198932557
10623,0.916922350719849
10624,0.920009608455441
10625,0.923203381869422
10626,0.918760272364405
10627,0.92817943211644
10628,0.924676524953789
