"param_id","prop_relapse"
1043,0.824254881808839
10430,0.929442717053336
10431,0.910534921747255
10432,0.914205344585091
10433,0.916607270135424
10434,0.913926499032882
10435,0.92520908004779
10436,0.913446327683616
10437,0.919110690633869
10438,0.918141071007313
10439,0.926794598436389
1044,0.809068727124847
10440,0.924084404559787
