"param_id","prop_relapse"
3204,0.880537400145243
3205,0.883188908145581
3206,0.887194040439872
3207,0.891777933942375
3208,0.89113475177305
3209,0.884996461429582
321,0.877040639110802
3210,0.881555476275419
3211,0.881019830028329
3212,0.903560318008987
3213,0.887372013651877
3214,0.895569620253165
3215,0.903739612188366
