"param_id","prop_relapse"
1139,0.801666666666667
11390,0.901011878574571
11391,0.901617450660335
11392,0.899724876918621
11393,0.896030935356778
11394,0.903844718178425
11395,0.901345943979629
11396,0.902817626719635
11397,0.905408364352967
11398,0.902266184395069
11399,0.89838008099595
114,0.883785664578984
1140,0.798874531054606
