"param_id","prop_relapse"
3638,0.886818980667838
3639,0.884260839877091
364,0.882923449948043
3640,0.884135472370767
3641,0.872515935508062
3642,0.89299275112185
3643,0.890784982935154
3644,0.888057040998217
3645,0.879166666666667
3646,0.883356070941337
3647,0.879728765167737
3648,0.872695035460993
3649,0.879789103690685
