"param_id","prop_relapse"
5826,0.440850623003655
5827,0.44582122714066
5828,0.44817134774702
5829,0.450589483950546
583,0.886950453593859
5830,0.447371425309664
5831,0.451292188726416
5832,0.450345548521982
5833,0.455487992826519
5834,0.452204075733487
5835,0.444670837398841
5836,0.440716845878136
5837,0.445019478488356
