"param_id","prop_relapse"
2386,0.701428571428571
2387,0.707733395262425
2388,0.711780918313493
2389,0.698513552900029
239,0.872423596304193
2390,0.716595395700311
2391,0.70749052754299
2392,0.700071624686642
2393,0.71063240868885
2394,0.720567705909725
2395,0.701740370898716
2396,0.699140733859731
2397,0.701642065326931
