"param_id","prop_relapse"
3369,0.887029288702929
337,0.860872675250358
3370,0.890024673951357
3371,0.897823033707865
3372,0.893601979498056
3373,0.897596656217346
3374,0.897183098591549
3375,0.886852308776877
3376,0.89756446991404
3377,0.887435456110155
3378,0.889538885065382
3379,0.892008639308855
338,0.883423180592992
