"param_id","prop_relapse"
3321,0.898415977961432
3322,0.895332390381895
3323,0.892622352081812
3324,0.885372714486639
3325,0.883934890304317
3326,0.889630931458699
3327,0.886475122634898
3328,0.890814558058926
3329,0.88720248361504
333,0.887652173913044
3330,0.888929484837413
3331,0.884333821376281
3332,0.889594356261023
