"param_id","prop_relapse"
764,0.88956228956229
7640,0.911939235699027
7641,0.91819235225956
7642,0.907338597306085
7643,0.912345966054406
7644,0.898745935903391
7645,0.902609506057782
7646,0.906169965075669
7647,0.906484641638225
7648,0.902382064455862
7649,0.901965317919075
765,0.878057182225284
7650,0.896188917465513
