"param_id","prop_relapse"
9851,0.895050895050895
9852,0.889127324749642
9853,0.888770811193766
9854,0.896900034831069
9855,0.900209351011863
9856,0.888373751783167
9857,0.908359566281917
9858,0.89741800418702
9859,0.889530685920578
986,0.796526054590571
9860,0.899389148401006
9861,0.894941634241245
9862,0.896442409299049
