"param_id","prop_relapse"
11717,0.882408897995024
11718,0.896447576585646
11719,0.898124683223517
1172,0.801778907242694
11720,0.890597279716144
11721,0.885813148788927
11722,0.895037329819939
11723,0.895212417109961
11724,0.884803568858829
11725,0.890382700241855
11726,0.891101385849745
11727,0.892080005861235
11728,0.890480017534887
