"param_id","prop_relapse"
179,0.887113951011715
1790,0.710380302855161
1791,0.709485094850948
1792,0.709489730610345
1793,0.706144521036368
1794,0.71419843597263
1795,0.713124746038196
1796,0.699784520412323
1797,0.708693115519253
1798,0.705159558604235
1799,0.711795774647887
18,0.881533101045296
180,0.883245149911817
