"param_id","prop_relapse"
86,0.875043875043875
860,0.799616695059625
8600,0.722324668371899
8601,0.718551610627792
8602,0.733695652173913
8603,0.722523704454648
8604,0.715287603814211
8605,0.719831223628692
8606,0.720514484630362
8607,0.732200499421402
8608,0.73595199127114
8609,0.72003419429688
861,0.810473815461347
