"param_id","prop_relapse"
12279,0.640014020875526
1228,0.821970506518487
12280,0.632526860941486
12281,0.626218474392697
12282,0.630851761800008
12283,0.62802612538621
12284,0.632557955846925
12285,0.639484134785515
12286,0.632430120903472
12287,0.636092116639157
12288,0.635748346408245
12289,0.635947405494247
1229,0.797958315610379
