"param_id","prop_relapse"
7148,0.878248487006052
7149,0.884199134199134
715,0.885724585436193
7150,0.879124696075026
7151,0.872325249643367
7152,0.879616963064295
7153,0.868585298196949
7154,0.889391304347826
7155,0.874271137026239
7156,0.870956399437412
7157,0.892367217727752
7158,0.879653053848934
7159,0.893116568661363
