"param_id","prop_relapse"
5802,0.453100204035366
5803,0.447993778264251
5804,0.447206575468445
5805,0.445301176879819
5806,0.449028919157164
5807,0.448674726807719
5808,0.454364031226155
5809,0.435511988797119
581,0.888926746166951
5810,0.450317432581979
5811,0.452317087090515
5812,0.443324071156435
5813,0.445754239981509
