"param_id","prop_relapse"
9406,0.316855771093935
9407,0.31363754550182
9408,0.312440971924101
9409,0.313968021376546
941,0.826221397649969
9410,0.31138050362374
9411,0.31216042243994
9412,0.315528693163616
9413,0.310516530250251
9414,0.31119372338816
9415,0.311489761492964
9416,0.313251195450825
9417,0.314991541231076
