"param_id","prop_relapse"
8166,0.879572724612233
8167,0.881344855130346
8168,0.875064191915487
8169,0.881447096964338
817,0.814867909072292
8170,0.876920846622209
8171,0.878260869565217
8172,0.875797563805104
8173,0.872148463287611
8174,0.88477396554263
8175,0.876104912331546
8176,0.874526377149519
8177,0.880857878977787
