"param_id","prop_relapse"
10125,0.900447812607647
10126,0.904025880661395
10127,0.902483564645727
10128,0.905024088093599
10129,0.891987292622662
1013,0.815181518151815
10130,0.903811252268603
10131,0.909890883491728
10132,0.890265486725664
10133,0.901039799211187
10134,0.896969696969697
10135,0.901156677181914
10136,0.893386338995302
