"param_id","prop_relapse"
2737,0.302617931377837
2738,0.301508989946948
2739,0.302165189767597
274,0.887063655030801
2740,0.29890548090303
2741,0.303492993097678
2742,0.301009003739372
2743,0.303930549194321
2744,0.302870448597746
2745,0.304183757178015
2746,0.303812624724294
2747,0.299082264713803
2748,0.300934773577067
