"param_id","prop_relapse"
11038,0.808350730688935
11039,0.820779220779221
1104,0.811986863711002
11040,0.813735691987513
11041,0.819859961807766
11042,0.841486861781671
11043,0.804453870625663
11044,0.816931671680275
11045,0.828826910794124
11046,0.827374656230167
11047,0.813887679582064
11048,0.805391743892165
11049,0.835160202360877
