"param_id","prop_relapse"
4855,0.782896003079489
4856,0.790376461518695
4857,0.792470216547094
4858,0.792107483611346
4859,0.780650913954525
486,0.882948986722572
4860,0.78567191722138
4861,0.78158401380867
4862,0.789293996392682
4863,0.790514083617532
4864,0.793098983621415
4865,0.784845168351252
4866,0.779830093963187
