"param_id","prop_relapse"
10371,0.883928571428571
10372,0.892334494773519
10373,0.873083778966132
10374,0.871448863636364
10375,0.88401142041399
10376,0.872733736224671
10377,0.88498957609451
10378,0.880266853932584
10379,0.869534305012442
1038,0.80750681484588
10380,0.876573426573427
10381,0.87311072056239
10382,0.866133518776078
