"param_id","prop_relapse"
2187,0.700342857142857
2188,0.705000291732306
2189,0.698190884842862
219,0.87708703374778
2190,0.703739099271294
2191,0.712374581939799
2192,0.698857979502196
2193,0.720279309940148
2194,0.707849430989203
2195,0.701170598371858
2196,0.697576148835026
2197,0.710339200373004
2198,0.702026987557684
