"param_id","prop_relapse"
9465,0.314090948313056
9466,0.314512675573827
9467,0.316507915937709
9468,0.315963341858483
9469,0.30987137175256
947,0.801040582726327
9470,0.316920630144641
9471,0.314913691433473
9472,0.314517844229869
9473,0.316856207461015
9474,0.312663071838581
9475,0.317693417454404
9476,0.315779463663067
