"param_id","prop_relapse"
1497,0.796858855135359
1498,0.802345058626466
1499,0.80802647910633
15,0.871336669049321
150,0.887309292649099
1500,0.807256235827664
1501,0.808202154101077
1502,0.81265716680637
1503,0.791072535647861
1504,0.801570458404075
1505,0.808059384941676
1506,0.813654285121394
1507,0.814132415468718
