"param_id","prop_relapse"
4984,0.789046383176948
4985,0.786265533028123
4986,0.788758691733196
4987,0.799611901681759
4988,0.779192215409224
4989,0.782127123977344
499,0.877623621487015
4990,0.789422135161606
4991,0.788651916816158
4992,0.790743282996666
4993,0.780079783811607
4994,0.786291953093409
4995,0.783987623283698
