"param_id","prop_relapse"
4620,0.826740004231013
4621,0.818181818181818
4622,0.814745196324144
4623,0.809655465759251
4624,0.812112133533062
4625,0.815927715906703
4626,0.811076280041797
4627,0.818481168964808
4628,0.809790499896287
4629,0.807668000842637
463,0.876600284495021
4630,0.821677582928375
4631,0.80004023335345
