"param_id","prop_relapse"
11073,0.834008960955835
11074,0.808893709327549
11075,0.820480135967708
11076,0.811292400171748
11077,0.809354026845638
11078,0.822269353128314
11079,0.819287390655003
1108,0.803578947368421
11080,0.814253532664346
11081,0.810308848080134
11082,0.817479063774962
11083,0.806518151815181
11084,0.819406440749316
