"param_id","prop_relapse"
42,0.88994708994709
420,0.87621359223301
4200,0.886031042128603
4201,0.880808080808081
4202,0.884004602991945
4203,0.877602379318234
4204,0.862992474546259
4205,0.892743764172336
4206,0.871870732817478
4207,0.889322617680827
4208,0.894871794871795
4209,0.880044843049327
421,0.876503892427459
