"param_id","prop_relapse"
8060,0.878032345013477
8061,0.882395226798936
8062,0.877988697290248
8063,0.882882234379499
8064,0.879298917446056
8065,0.874858276643991
8066,0.87661406025825
8067,0.880480056477233
8068,0.884162303664921
8069,0.874845465784307
807,0.809231420707178
8070,0.877965856481482
8071,0.883724246096813
