"param_id","prop_relapse"
11225,0.899050775952991
11226,0.90804765733499
11227,0.90185353995746
11228,0.901607476635514
11229,0.895597768732097
1123,0.791035080121265
11230,0.901013758146271
11231,0.900075018754689
11232,0.904881101376721
11233,0.904751461988304
11234,0.909603279168497
11235,0.901752835469141
11236,0.899246565223814
