"param_id","prop_relapse"
7968,0.817142857142857
7969,0.812920008671147
797,0.875974486180014
7970,0.807043441585829
7971,0.816965204858966
7972,0.817268647146826
7973,0.806740614334471
7974,0.811737962388923
7975,0.81374917636723
7976,0.816266944734098
7977,0.826726342710997
7978,0.814636283961437
7979,0.810915341641599
