"param_id","prop_relapse"
6410,0.886429608127721
6411,0.890541976620616
6412,0.890445402298851
6413,0.895537876167416
6414,0.883934890304317
6415,0.883284241531664
6416,0.87713437268003
6417,0.896776406035665
6418,0.897815362931642
6419,0.898801128349788
642,0.889046437433534
6420,0.894940267041462
6421,0.899265477439664
