"param_id","prop_relapse"
0,0.885431400282885
1,0.872452565003514
10,0.87741935483871
100,0.880114860014357
1000,0.79250052664841
10000,0.893983859134263
10001,0.897417503586801
10002,0.899098474341193
10003,0.896127397756062
10004,0.896601590744758
10005,0.890230515916575
10006,0.893011527377522
10007,0.898597626752967
