"param_id","prop_relapse"
3029,0.301196369636964
303,0.890966831333804
3030,0.299374385370243
3031,0.297693312055709
3032,0.301211807353703
3033,0.304462214119987
3034,0.30072418267822
3035,0.295856047874739
3036,0.300679194966457
3037,0.299672657649311
3038,0.301193986157288
3039,0.303177671093377
304,0.873373197326768
