"param_id","prop_relapse"
1402,0.811241610738255
1403,0.794075587334014
1404,0.822871348663766
1405,0.811391612768621
1406,0.799162303664921
1407,0.801371286100145
1408,0.799795918367347
1409,0.802009208874006
141,0.891195418754474
1410,0.809862012987013
1411,0.79656912209889
1412,0.802246714709623
1413,0.805034041675263
