"param_id","prop_relapse"
10465,0.919273943157392
10466,0.918798404130486
10467,0.91195573731056
10468,0.909389671361502
10469,0.914959504525965
1047,0.80358258696105
10470,0.91748347390016
10471,0.920491423273064
10472,0.915759583530525
10473,0.919080679913814
10474,0.910667617011166
10475,0.919432364385443
10476,0.919272048530098
