"param_id","prop_relapse"
10875,0.907497116493656
10876,0.911784975878704
10877,0.915217909025959
10878,0.895106532428003
10879,0.909112709832134
1088,0.81268561731014
10880,0.90935960591133
10881,0.912881434894014
10882,0.91581868640148
10883,0.913137632338787
10884,0.917277239423304
10885,0.917024320457797
10886,0.908013276434329
