"param_id","prop_relapse"
8962,0.538892829398453
8963,0.534209740065731
8964,0.539548215382516
8965,0.536983110075713
8966,0.537541910793511
8967,0.542840476272175
8968,0.542760829260071
8969,0.538188689252801
897,0.788261667006318
8970,0.532546385807808
8971,0.534598363953332
8972,0.538419711129992
8973,0.540783645655877
