"param_id","prop_relapse"
7323,0.902820573595639
7324,0.904627006610009
7325,0.898105360443623
7326,0.904554263565892
7327,0.903628652214892
7328,0.899409681227863
7329,0.901502504173623
733,0.887163561076605
7330,0.90726757904672
7331,0.891686460807601
7332,0.902541384938214
7333,0.895446096654275
7334,0.905072126570498
