"param_id","prop_relapse"
4492,0.836509953409572
4493,0.827226246271836
4494,0.83752417794971
4495,0.839075716938312
4496,0.844497607655502
4497,0.819224940463304
4498,0.831451097379075
4499,0.823840779165784
45,0.881934566145092
450,0.878671328671329
4500,0.836390470166561
4501,0.832939660725789
4502,0.837792642140468
