"param_id","prop_relapse"
4656,0.821705426356589
4657,0.807129217059198
4658,0.823740248787687
4659,0.803875638841567
466,0.890252454417952
4660,0.822059457130547
4661,0.820099255583127
4662,0.804407135362015
4663,0.819974821653378
4664,0.817032040472175
4665,0.807073274036425
4666,0.801486199575372
4667,0.822445919897194
