"param_id","prop_relapse"
3708,0.887247838616715
3709,0.884522578421234
371,0.867903930131004
3710,0.89443447037702
3711,0.887424296401852
3712,0.896137026239067
3713,0.88325598000714
3714,0.885450017787264
3715,0.875180375180375
3716,0.889434889434889
3717,0.88406292749658
3718,0.87928519328957
3719,0.898969072164948
