"param_id","prop_relapse"
10652,0.91110098016868
10653,0.920780441937
10654,0.919438285291944
10655,0.915876489180647
10656,0.926033357505439
10657,0.919180018850141
10658,0.936735165088894
10659,0.919847328244275
1066,0.806130734876167
10660,0.920526572403706
10661,0.930999748174263
10662,0.929519671735457
10663,0.915892304026686
