"param_id","prop_relapse"
3122,0.302161108345777
3123,0.303017663865196
3124,0.299103286578092
3125,0.303629065629397
3126,0.304176613413315
3127,0.301312368200152
3128,0.301437799541571
3129,0.301732130815914
313,0.878457059679767
3130,0.301288301557994
3131,0.303075313807531
3132,0.300773958093001
3133,0.301242937853107
