"param_id","prop_relapse"
9710,0.9053583855254
9711,0.909406456091635
9712,0.909742120343839
9713,0.893564356435644
9714,0.903202061096798
9715,0.896080546565983
9716,0.895057306590258
9717,0.888412017167382
9718,0.89323467230444
9719,0.889450867052023
972,0.793429158110883
9720,0.905067808708066
9721,0.890597693114296
