"param_id","prop_relapse"
4726,0.810366104483752
4727,0.802058760454643
4728,0.794117647058823
4729,0.810511478050745
473,0.868233618233618
4730,0.818604651162791
4731,0.83040812010996
4732,0.803166007081858
4733,0.812472932005197
4734,0.802025211820624
4735,0.805665486357009
4736,0.814575067863855
4737,0.801110654051831
