"param_id","prop_relapse"
5123,0.83583016914049
5124,0.8324494068388
5125,0.838010383050372
5126,0.835167840295344
5127,0.846270508754998
5128,0.835722614719802
5129,0.830795377294358
513,0.883545173479904
5130,0.836736092080022
5131,0.837158469945355
5132,0.836955026818869
5133,0.833926128590971
5134,0.83519591611479
