"param_id","prop_relapse"
2468,0.303071009341159
2469,0.303544641939792
247,0.887733142037303
2470,0.301001755654239
2471,0.298024309761497
2472,0.297895810352363
2473,0.29653616950836
2474,0.300693042519095
2475,0.300203640595129
2476,0.301241327426231
2477,0.304906034857037
2478,0.303053561797287
2479,0.299952114259541
