"param_id","prop_relapse"
8096,0.874981797000146
8097,0.881347301033028
8098,0.879069432440219
8099,0.886035545883206
81,0.87891296869625
810,0.818900915903414
8100,0.886709921994605
8101,0.874464220849982
8102,0.887541265968136
8103,0.878765932792584
8104,0.880147911832947
8105,0.885773317591499
8106,0.875271936185642
