"param_id","prop_relapse"
3181,0.300483272924218
3182,0.298908463009024
3183,0.303095987894156
3184,0.303210538440596
3185,0.299464134235409
3186,0.302348418369479
3187,0.299898912796815
3188,0.303090017190055
3189,0.301552336817606
319,0.890396659707724
3190,0.301055794521394
3191,0.301333889120467
3192,0.300615538180003
