"param_id","prop_relapse"
11694,0.888904837089134
11695,0.892263356240302
11696,0.889809384164223
11697,0.89527871745845
11698,0.892723125597822
11699,0.884029994802881
117,0.880512091038407
1170,0.799705758722152
11700,0.891486897350514
11701,0.895980046948357
11702,0.889504777186201
11703,0.884872623431277
11704,0.889497116998759
