"param_id","prop_relapse"
9336,0.541349793677318
9337,0.53990642164508
9338,0.540817011000805
9339,0.5418517137336
934,0.823713927227102
9340,0.54831013916501
9341,0.539875220398752
9342,0.538521086466292
9343,0.541758652311245
9344,0.534416503741657
9345,0.546183374664538
9346,0.540602698954916
9347,0.539568831519903
