"param_id","prop_relapse"
3017,0.295914558274575
3018,0.300552097764728
3019,0.299011601122419
302,0.883906847410497
3020,0.300485587354065
3021,0.298911813712381
3022,0.29864234549392
3023,0.303762202019356
3024,0.296985019117862
3025,0.303218892964596
3026,0.301147506780722
3027,0.302216547711242
3028,0.303677490118168
