"param_id","prop_relapse"
64,0.872068965517241
640,0.890710382513661
6400,0.897719419488597
6401,0.880159304851557
6402,0.897679324894515
6403,0.898560898560899
6404,0.893765238592825
6405,0.887912087912088
6406,0.900468806346917
6407,0.905443126308444
6408,0.900312608544634
6409,0.899862825788752
641,0.884283246977547
