"param_id","prop_relapse"
12770,0.312585411684318
12771,0.315912383505957
12772,0.319422150882825
12773,0.31441701168361
12774,0.318155433731054
12775,0.312278516354889
12776,0.31714451637881
12777,0.312069151809833
12778,0.311619146586997
12779,0.316613320471785
1278,0.824633304572908
12780,0.316465863453815
12781,0.315880691543992
