"param_id","prop_relapse"
1320,0.799289891395155
1321,0.806625258799172
1322,0.802253067793201
1323,0.800872093023256
1324,0.805079496180054
1325,0.812907294513349
1326,0.808956450287592
1327,0.803067484662577
1328,0.800576250257255
1329,0.791783007578779
133,0.887288440763414
1330,0.82076874070928
1331,0.787124463519313
