"param_id","prop_relapse"
3158,0.300081492780575
3159,0.30045643153527
316,0.876740947075209
3160,0.302232492881608
3161,0.300407821813238
3162,0.295545219638243
3163,0.298679329882199
3164,0.299222957694363
3165,0.304145290375539
3166,0.303968448585908
3167,0.304050807445631
3168,0.297396274343776
3169,0.301724496156244
