"param_id","prop_relapse"
1438,0.812108559498956
1439,0.823883161512027
144,0.879552830869095
1440,0.795802728226653
1441,0.796562184024267
1442,0.823210185764976
1443,0.801833715357366
1444,0.823088455772114
1445,0.82703818369453
1446,0.811738424045491
1447,0.806837606837607
1448,0.792957746478873
1449,0.796956431102773
