"param_id","prop_relapse"
3602,0.884707492302429
3603,0.885298295454545
3604,0.885187810063785
3605,0.90024162927166
3606,0.88731396172927
3607,0.893186657203691
3608,0.888324873096447
3609,0.889434889434889
361,0.882045929018789
3610,0.879241152863918
3611,0.884778012684989
3612,0.873214285714286
3613,0.880629020729092
