"param_id","prop_relapse"
7078,0.883362521891419
7079,0.893356643356643
708,0.881966078227761
7080,0.890324834090115
7081,0.892768079800499
7082,0.885234179478012
7083,0.882756132756133
7084,0.878397711015737
7085,0.880702940182494
7086,0.883268482490272
7087,0.884397163120567
7088,0.882845188284519
7089,0.87169545294325
