"param_id","prop_relapse"
11834,0.734422515055751
11835,0.708564535585042
11836,0.725240777757587
11837,0.713937737642586
11838,0.712409284471901
11839,0.72548900127963
1184,0.806312769010043
11840,0.725814176245211
11841,0.724516049987748
11842,0.729033415027796
11843,0.718348243379347
11844,0.72821178944764
11845,0.725012071463061
