"param_id","prop_relapse"
10969,0.916355140186916
1097,0.810229645093946
10970,0.915596766524013
10971,0.908671362642701
10972,0.923877834335956
10973,0.91046511627907
10974,0.910328068043742
10975,0.904404873477038
10976,0.909243295019157
10977,0.911654135338346
10978,0.912866817155756
10979,0.915042117930205
1098,0.815267819485449
