"param_id","prop_relapse"
9418,0.309011754462342
9419,0.312389248276009
942,0.801254806719288
9420,0.314925437277064
9421,0.311374927414672
9422,0.313705886106916
9423,0.313034303064235
9424,0.318706353261795
9425,0.313953738106999
9426,0.310898046436811
9427,0.316634553628773
9428,0.313387925290691
9429,0.30853002336699
