"param_id","prop_relapse"
6446,0.888929753585877
6447,0.900070621468927
6448,0.895810955961332
6449,0.880883417813179
645,0.887073863636364
6450,0.900207182320442
6451,0.894755747126437
6452,0.90205646566748
6453,0.892651296829971
6454,0.898590580955655
6455,0.906578026592022
6456,0.900692041522491
6457,0.897555715312725
