"param_id","prop_relapse"
1146,0.80442880794702
11460,0.910143161742309
11461,0.90759270158917
11462,0.9168731696328
11463,0.908114741524774
11464,0.919571045576407
11465,0.911991611115272
11466,0.907963004737198
11467,0.907727445755615
11468,0.910909090909091
11469,0.90572365479207
1147,0.798260500636402
11470,0.917206184781781
