"param_id","prop_relapse"
7405,0.91006026889198
7406,0.896744412050534
7407,0.917942857142857
7408,0.908579465541491
7409,0.914680648236416
741,0.87940379403794
7410,0.903195266272189
7411,0.904989257579375
7412,0.901208740120874
7413,0.902146318947611
7414,0.887791107974594
7415,0.902257444764649
7416,0.900641025641026
