"param_id","prop_relapse"
8821,0.53606097894449
8822,0.5469131614654
8823,0.550957673208796
8824,0.532936916586387
8825,0.542826299632291
8826,0.545842929141217
8827,0.538240623611064
8828,0.539950661275954
8829,0.545240576981272
883,0.8091269014378
8830,0.540239232828437
8831,0.538091365053545
8832,0.543602338372133
