"param_id","prop_relapse"
6563,0.898888490498386
6564,0.895401895401895
6565,0.90282131661442
6566,0.892125134843581
6567,0.891514500537057
6568,0.904912280701754
6569,0.888690688547984
657,0.876656848306333
6570,0.897337070777856
6571,0.899651567944251
6572,0.901899827288428
6573,0.894736842105263
6574,0.895633652822151
