"param_id","prop_relapse"
10101,0.898346816742877
10102,0.894918769443484
10103,0.893726937269373
10104,0.901512486809708
10105,0.90285110876452
10106,0.905047652665019
10107,0.904
10108,0.899011299435028
10109,0.894698882077173
1011,0.818277977575629
10110,0.901308807923594
10111,0.886635277073524
10112,0.895373665480427
