"param_id","prop_relapse"
11284,0.90792514724521
11285,0.904758380818471
11286,0.904415043853129
11287,0.89352615015735
11288,0.903102765348786
11289,0.899604978758292
1129,0.809372349448685
11290,0.910548086866598
11291,0.899934167215273
11292,0.902211786093016
11293,0.907696910763707
11294,0.897025007185973
11295,0.899132645431434
