"param_id","prop_relapse"
10254,0.893272278971469
10255,0.879728765167737
10256,0.884172661870504
10257,0.876451953537487
10258,0.878172588832487
10259,0.869822485207101
1026,0.796730930427494
10260,0.883599722029187
10261,0.87891587469201
10262,0.876884422110553
10263,0.885335148009527
10264,0.896174863387978
10265,0.87720561757292
