"param_id","prop_relapse"
7803,0.812553011026294
7804,0.809851805468587
7805,0.823395914998968
7806,0.820859698887192
7807,0.833161688980433
7808,0.827316867215537
7809,0.817474048442907
781,0.878163412870571
7810,0.824664065886433
7811,0.816813588475597
7812,0.832811521603006
7813,0.814697162219399
7814,0.802101200686106
