"param_id","prop_relapse"
255,0.885021097046414
2550,0.296577946768061
2551,0.301138971171096
2552,0.301158950844499
2553,0.303590428306177
2554,0.303116266364076
2555,0.301839932114991
2556,0.305628583849132
2557,0.301298860935835
2558,0.300322027518715
2559,0.30040301746409
256,0.879554655870445
2560,0.301786128508467
