"param_id","prop_relapse"
11330,0.902452190006169
11331,0.908238594419017
11332,0.896317689530686
11333,0.905058596647382
11334,0.908378721181825
11335,0.90031703900317
11336,0.90343347639485
11337,0.908586204274089
11338,0.894748390871855
11339,0.899630723781389
1134,0.791333613798906
11340,0.903451353763761
11341,0.892141080052685
