"param_id","prop_relapse"
10266,0.888966237382527
10267,0.887438249823571
10268,0.888321416411304
10269,0.88041163946061
1027,0.808717731696995
10270,0.893324156916724
10271,0.888380281690141
10272,0.886080455678177
10273,0.876712328767123
10274,0.895553987297107
10275,0.885936946510804
10276,0.882689556509299
10277,0.867683575736077
