"param_id","prop_relapse"
7429,0.910957324106113
743,0.88045738045738
7430,0.915640250987683
7431,0.908114558472554
7432,0.892593421347058
7433,0.901536312849162
7434,0.900999302811992
7435,0.887168660567675
7436,0.905246128957707
7437,0.908881199538639
7438,0.911603471904979
7439,0.896860986547085
744,0.880832735104092
