"param_id","prop_relapse"
3532,0.888218594748048
3533,0.885405405405405
3534,0.893631669535284
3535,0.895048814504881
3536,0.893301104972376
3537,0.88856833754057
3538,0.901779359430605
3539,0.888728844076341
354,0.873854827343199
3540,0.897879858657244
3541,0.899685424676686
3542,0.896157840083074
3543,0.889211768979295
