"param_id","prop_relapse"
1112,0.800338409475465
11120,0.807755437012721
11121,0.816451542332094
11122,0.815441783649876
11123,0.822693531283139
11124,0.821198921385605
11125,0.822702475870751
11126,0.817245005257624
11127,0.820395421436004
11128,0.813833225597931
11129,0.823151125401929
1113,0.803820870994248
11130,0.816690588476522
