"param_id","prop_relapse"
441,0.868747782901738
4410,0.831259228010968
4411,0.819924968736974
4412,0.832203019033034
4413,0.840534979423868
4414,0.838730293992331
4415,0.825727944372012
4416,0.824159021406728
4417,0.819295900178253
4418,0.82561661618347
4419,0.831141281289775
442,0.88697524219591
4420,0.841502915137119
