"param_id","prop_relapse"
8998,0.543029490616622
8999,0.542234332425068
9,0.887401304497082
90,0.886250885896527
900,0.811949685534591
9000,0.535961086883596
9001,0.532834354997121
9002,0.540342048893271
9003,0.537209922646039
9004,0.540623091020159
9005,0.540689050701187
9006,0.53820462136187
9007,0.547554439997286
