"param_id","prop_relapse"
4328,0.888277127781601
4329,0.872475606988881
433,0.870944221655122
4330,0.88339552238806
4331,0.87797619047619
4332,0.885093167701863
4333,0.879322189145867
4334,0.89017608897127
4335,0.894736842105263
4336,0.879981780915509
4337,0.88336646785951
4338,0.882312925170068
4339,0.874431301182894
