"param_id","prop_relapse"
1002,0.807955251709136
10020,0.905982905982906
10021,0.894261999278239
10022,0.898068669527897
10023,0.894155381325731
10024,0.882394868139701
10025,0.878481012658228
10026,0.901616303583977
10027,0.89919776770143
10028,0.906293222683264
10029,0.890548992355803
1003,0.804607329842932
10030,0.883519653804544
