"param_id","prop_relapse"
5674,0.379531131837661
5675,0.380643539467069
5676,0.373637388798396
5677,0.378236921466491
5678,0.380982895450288
5679,0.380055595902933
568,0.877674750356633
5680,0.377045079301546
5681,0.379920209386832
5682,0.377375542891572
5683,0.383920302370404
5684,0.376066024759285
5685,0.38059795002882
