"param_id","prop_relapse"
2784,0.304284676833696
2785,0.29974202868641
2786,0.301550004122351
2787,0.300776290869737
2788,0.304191162526076
2789,0.302513000062152
279,0.886534518113466
2790,0.297577276524645
2791,0.300018833573985
2792,0.303473950599209
2793,0.30054988876296
2794,0.300268706076891
2795,0.302603356184548
