"param_id","prop_relapse"
5791,0.379294641501796
5792,0.382862852860355
5793,0.389818290288101
5794,0.376225583339667
5795,0.383078030735619
5796,0.379747774480712
5797,0.381027746179336
5798,0.37740408820864
5799,0.376039132197891
58,0.887834036568214
580,0.883761887988728
5800,0.446285485347985
5801,0.450657615613067
