"param_id","prop_relapse"
7007,0.876512455516014
7008,0.877471751412429
7009,0.876944837340877
701,0.87987012987013
7010,0.883107365335288
7011,0.879316239316239
7012,0.883687943262411
7013,0.890406162464986
7014,0.878556557945871
7015,0.885285913528591
7016,0.88231148696265
7017,0.891054646710755
7018,0.884803921568627
