"param_id","prop_relapse"
5451,0.712389646267491
5452,0.714858737356121
5453,0.723154061959052
5454,0.715647717792873
5455,0.713437224345781
5456,0.720699129011516
5457,0.709818446778797
5458,0.712631327602674
5459,0.713378819341442
546,0.880237430167598
5460,0.707957870099473
5461,0.72450267443957
5462,0.721190704360326
