"param_id","prop_relapse"
6177,0.334442595673877
6178,0.337724523975451
6179,0.331913653583197
618,0.884792626728111
6180,0.333325714285714
6181,0.336023560091723
6182,0.336755415162455
6183,0.333840542415359
6184,0.338377421843096
6185,0.32744819499876
6186,0.33820791746103
6187,0.3364384552772
6188,0.33598743972188
