"param_id","prop_relapse"
11014,0.809094719195306
11015,0.820227038183695
11016,0.824307036247335
11017,0.816434305027461
11018,0.810244711737868
11019,0.811729706757331
1102,0.806532140628251
11020,0.817965882098899
11021,0.816414686825054
11022,0.812168751324995
11023,0.823249067550767
11024,0.812251724858875
11025,0.814791666666667
