"param_id","prop_relapse"
10957,0.911822660098522
10958,0.904187366926898
10959,0.918504759693522
1096,0.805144032921811
10960,0.914082840236686
10961,0.905272981801213
10962,0.918227068025599
10963,0.91333175467677
10964,0.907020427330359
10965,0.910375173691524
10966,0.908640864086409
10967,0.918238993710692
10968,0.908849770918736
