"param_id","prop_relapse"
3614,0.878904878904879
3615,0.891296625222025
3616,0.883753018282166
3617,0.894574175824176
3618,0.888811674774149
3619,0.872088857040487
362,0.879668049792531
3620,0.880570409982175
3621,0.874204946996466
3622,0.892365887207703
3623,0.885375494071146
3624,0.888850535036244
3625,0.889908256880734
