"param_id","prop_relapse"
2608,0.300233207012868
2609,0.303073177836499
261,0.881476224272534
2610,0.29529784458662
2611,0.303788149675031
2612,0.296466364717914
2613,0.295878889823381
2614,0.297861687702097
2615,0.299132625078714
2616,0.301929060360921
2617,0.303051317614424
2618,0.301571647397025
2619,0.30488184402166
