"param_id","prop_relapse"
3930,0.882978723404255
3931,0.887377963737796
3932,0.886752136752137
3933,0.869503038970325
3934,0.873908487600419
3935,0.881020848310568
3936,0.880381086803105
3937,0.875089992800576
3938,0.870834764685675
3939,0.88433908045977
394,0.885322634570378
3940,0.880852550663871
3941,0.889193825042882
