"param_id","prop_relapse"
2081,0.699643754015067
2082,0.70419091967404
2083,0.704895924948695
2084,0.704300134196861
2085,0.72082962962963
2086,0.708886678757386
2087,0.706875614410455
2088,0.705585229911751
2089,0.710375146541618
209,0.8776559287183
2090,0.709049456331112
2091,0.710468499495279
2092,0.699557315936626
