"param_id","prop_relapse"
12794,0.31479382791387
12795,0.31617805794223
12796,0.319853419489137
12797,0.313937372774914
12798,0.316488725564809
12799,0.314754168539566
128,0.876798876798877
1280,0.797009896820383
1281,0.797113752122241
1282,0.806600925739585
1283,0.802469135802469
1284,0.805938937682978
1285,0.817772317772318
