"param_id","prop_relapse"
6868,0.899787535410765
6869,0.902828136330674
687,0.895720963682129
6870,0.895464209780298
6871,0.889400921658986
6872,0.889009793253536
6873,0.896389891696751
6874,0.905163329820864
6875,0.891312250090876
6876,0.888650196920874
6877,0.898418277680141
6878,0.893092676154113
6879,0.892681210415201
