"param_id","prop_relapse"
12360,0.628498023715415
12361,0.63716323296355
12362,0.639689535473302
12363,0.628187919463087
12364,0.634955924799126
12365,0.635695579095493
12366,0.632484649380109
12367,0.628972823583602
12368,0.632602924277846
12369,0.625182173812994
1237,0.79870265745972
12370,0.632147419766947
12371,0.630793799174262
