"param_id","prop_relapse"
4773,0.814285714285714
4774,0.802146916438644
4775,0.813144329896907
4776,0.803962900505902
4777,0.81950074674632
4778,0.818682482524889
4779,0.810159842347274
478,0.881191548320055
4780,0.815778430549727
4781,0.811253411715306
4782,0.80685994283381
4783,0.796139159949088
4784,0.807194244604317
