"param_id","prop_relapse"
833,0.810183212611845
8330,0.875766423357664
8331,0.880202140309156
8332,0.87613271494827
8333,0.879176824896028
8334,0.881971276518189
8335,0.877026833118094
8336,0.870693352394568
8337,0.880469199769718
8338,0.885468154215506
8339,0.878794544654641
834,0.795496798182194
8340,0.883452086665697
