"param_id","prop_relapse"
943,0.802822925577417
9430,0.309980599267083
9431,0.310169048448937
9432,0.316073077005646
9433,0.317767042404724
9434,0.311485923170653
9435,0.316695461632464
9436,0.312271529371759
9437,0.310661251155094
9438,0.315943203138325
9439,0.311063156995129
944,0.809387169501947
9440,0.313216096666307
