"param_id","prop_relapse"
2643,0.303331177906176
2644,0.301283391162577
2645,0.30240613980502
2646,0.298332470222683
2647,0.303089947089947
2648,0.303459216680058
2649,0.301629483138661
265,0.884848484848485
2650,0.302114494119575
2651,0.304743461602532
2652,0.300677210224223
2653,0.30028857931779
2654,0.303442520342166
