"param_id","prop_relapse"
6739,0.896394819740987
674,0.862365591397849
6740,0.902488919195363
6741,0.898016011138183
6742,0.904411764705882
6743,0.891979768786127
6744,0.894361170592434
6745,0.890479599141016
6746,0.888888888888889
6747,0.896386430678466
6748,0.896503496503496
6749,0.892200147167035
675,0.887023434767401
