"param_id","prop_relapse"
1555,0.805842970176506
1556,0.808394160583942
1557,0.806465517241379
1558,0.813846475632713
1559,0.820902090209021
156,0.874910394265233
1560,0.813769510369895
1561,0.803643295911883
1562,0.811725152342929
1563,0.812839815976579
1564,0.820732490897408
1565,0.81636400734544
1566,0.814274128142741
