"param_id","prop_relapse"
7534,0.907027818448023
7535,0.915258161611484
7536,0.902973035261581
7537,0.906177426846261
7538,0.908882783882784
7539,0.900557620817844
754,0.893314859715968
7540,0.906505012823502
7541,0.90434369807738
7542,0.900094921689606
7543,0.896161996703555
7544,0.906392694063927
7545,0.908607350096712
