"param_id","prop_relapse"
757,0.87739322533137
7570,0.904245500692201
7571,0.906645205794436
7572,0.906629318394024
7573,0.910769230769231
7574,0.896608187134503
7575,0.913411764705882
7576,0.898745724059293
7577,0.899773242630385
7578,0.899761904761905
7579,0.908040442946558
758,0.882669537136706
7580,0.897382920110193
