"param_id","prop_relapse"
3509,0.895491087032506
351,0.882249560632689
3510,0.895234630774827
3511,0.905109489051095
3512,0.900104058272633
3513,0.894203910614525
3514,0.893338058114812
3515,0.896528016500516
3516,0.900035574528637
3517,0.898181818181818
3518,0.881929445644348
3519,0.890614216701173
352,0.870567375886525
