"param_id","prop_relapse"
6715,0.893088552915767
6716,0.899546564352982
6717,0.887445887445887
6718,0.890465793304221
6719,0.884863701578192
672,0.884360849878091
6720,0.89524838012959
6721,0.894906743185079
6722,0.886530014641288
6723,0.895511669658887
6724,0.909769335142469
6725,0.890140845070423
6726,0.898293029871977
