"param_id","prop_relapse"
2303,0.696867749419954
2304,0.704783652438667
2305,0.701633351023056
2306,0.70790033065659
2307,0.712577295531443
2308,0.704683485167017
2309,0.703993364142671
231,0.882332279592554
2310,0.704910348060471
2311,0.703571637341439
2312,0.707884016295231
2313,0.708124315285706
2314,0.709265734265734
