"param_id","prop_relapse"
9652,0.893156424581006
9653,0.893252409853624
9654,0.899035148173673
9655,0.898032200357782
9656,0.893779556202255
9657,0.90177304964539
9658,0.894317394317394
9659,0.906115107913669
966,0.803368421052632
9660,0.909972299168975
9661,0.897959183673469
9662,0.88533901313454
9663,0.901325478645066
