"param_id","prop_relapse"
2878,0.303315403022928
2879,0.303937105106094
288,0.874106839060905
2880,0.301876698551283
2881,0.300799501609386
2882,0.306953942489907
2883,0.303083247687564
2884,0.30440642820114
2885,0.301023732946543
2886,0.30079161183867
2887,0.3019086298689
2888,0.296571344894672
2889,0.300893970893971
