"param_id","prop_relapse"
11810,0.734337386581075
11811,0.727061348595958
11812,0.726499336309883
11813,0.726412849494349
11814,0.720858524788392
11815,0.716275392288043
11816,0.724702116308021
11817,0.729750639766708
11818,0.720543806646526
11819,0.724668064290706
1182,0.791396454820579
11820,0.722304899101137
11821,0.721344104905749
