"param_id","prop_relapse"
9453,0.309860664523044
9454,0.311343609973629
9455,0.315069080004284
9456,0.31653351039904
9457,0.311433465599861
9458,0.31345800454005
9459,0.314532968807181
946,0.809128630705394
9460,0.318904936408709
9461,0.309047034418526
9462,0.314731807750874
9463,0.312857663373127
9464,0.314907620502011
