"param_id","prop_relapse"
1977,0.711352868924373
1978,0.709892813213846
1979,0.71068129330254
198,0.876598686484618
1980,0.70860114526119
1981,0.712329586223391
1982,0.707085973376737
1983,0.707181022840702
1984,0.700741619697419
1985,0.71547745828896
1986,0.706227022058823
1987,0.706650417827298
1988,0.709082280358308
