"param_id","prop_relapse"
4586,0.828783577200262
4587,0.827344434706398
4588,0.818693928645942
4589,0.822667528549881
459,0.874341874341874
4590,0.836160714285714
4591,0.812853255181076
4592,0.838786565547129
4593,0.825032202662087
4594,0.817742274542779
4595,0.842254134029591
4596,0.838129496402878
4597,0.838523890784983
