"param_id","prop_relapse"
5627,0.380666316237391
5628,0.379168444031817
5629,0.375845313830587
563,0.884221673138016
5630,0.378717578154712
5631,0.378979371340988
5632,0.378058860363181
5633,0.372907115806259
5634,0.376512134645728
5635,0.383203724800634
5636,0.384899034240562
5637,0.379687576996994
5638,0.379690396272732
