"param_id","prop_relapse"
4691,0.810002137208805
4692,0.812647374062165
4693,0.808547377509173
4694,0.799009492364837
4695,0.813873067534581
4696,0.807889125799574
4697,0.822969543147208
4698,0.810031347962382
4699,0.807594936708861
47,0.874912891986063
470,0.874406717780212
4700,0.798434856175973
4701,0.808246073298429
