"param_id","prop_relapse"
3076,0.299054891406397
3077,0.301378407035489
3078,0.304792319017896
3079,0.299065225556066
308,0.879675370501059
3080,0.296877595083873
3081,0.302514762357022
3082,0.301441211538059
3083,0.300680919759091
3084,0.300461808819322
3085,0.301433021806854
3086,0.302247778358599
3087,0.30183852585167
