"param_id","prop_relapse"
1215,0.788325716659742
12150,0.59566265060241
12151,0.593633517220814
12152,0.599814367922777
12153,0.603242385307233
12154,0.598272459883093
12155,0.602864631400199
12156,0.595311398790756
12157,0.590123640697155
12158,0.594665194996321
12159,0.600717006497871
1216,0.816052799659357
12160,0.597113899250217
