"param_id","prop_relapse"
6000,0.335037844656695
6001,0.334927267445758
6002,0.332149038899517
6003,0.333794919525096
6004,0.339345147072052
6005,0.330792367919546
6006,0.333823296623776
6007,0.338613861386139
6008,0.333033869373821
6009,0.335245957408205
601,0.889042995839112
6010,0.333737509823734
6011,0.330020192954902
