"param_id","prop_relapse"
5111,0.832458534537056
5112,0.838264299802761
5113,0.831272877961185
5114,0.839791666666667
5115,0.835703001579779
5116,0.834048933415116
5117,0.833574929246911
5118,0.840256900792566
5119,0.824485891917743
512,0.884008236101579
5120,0.840274914089347
5121,0.83263339070568
5122,0.82792026763312
