"param_id","prop_relapse"
9676,0.897849462365591
9677,0.904542228530873
9678,0.895398993529835
9679,0.898555829517436
968,0.81850092917613
9680,0.899011299435028
9681,0.895966029723992
9682,0.901167031363968
9683,0.889386629910407
9684,0.894525547445255
9685,0.899518238128011
9686,0.90038855528082
9687,0.895789473684211
