"param_id","prop_relapse"
2350,0.70789038506969
2351,0.701468093817629
2352,0.71211118464593
2353,0.712669815171127
2354,0.704298616668572
2355,0.706504251896116
2356,0.706080471522223
2357,0.702457045681112
2358,0.701901273329845
2359,0.703826664336886
236,0.88129121832697
2360,0.708831808585503
2361,0.710856388405449
