"param_id","prop_relapse"
5873,0.450967007963595
5874,0.450748873055111
5875,0.446466624431262
5876,0.450371640937679
5877,0.445417731698211
5878,0.446735694190667
5879,0.449302217847009
588,0.87890625
5880,0.446952988972722
5881,0.451204888076747
5882,0.450388686497806
5883,0.448970277825318
5884,0.445066806698174
