"param_id","prop_relapse"
10395,0.879066478076379
10396,0.882332155477032
10397,0.888096935138988
10398,0.890677397719651
10399,0.88052943225357
104,0.877829680201222
1040,0.811558811558812
10400,0.921554770318021
10401,0.922435174746336
10402,0.905148423005566
10403,0.923818481072184
10404,0.915774446823697
10405,0.919718309859155
