"param_id","prop_relapse"
5885,0.442993111727213
5886,0.453410648994516
5887,0.450369984969361
5888,0.445988824305731
5889,0.45480898940903
589,0.891545391545392
5890,0.449503862064975
5891,0.443216627064785
5892,0.446661376261195
5893,0.446811544604152
5894,0.440302986994426
5895,0.448873581390097
5896,0.443370999741223
