"param_id","prop_relapse"
9149,0.541464068944703
915,0.799917406566178
9150,0.541468096372783
9151,0.539121944650192
9152,0.539572757316616
9153,0.545117595525305
9154,0.536061601779017
9155,0.535235242050793
9156,0.538497826599724
9157,0.532957822034467
9158,0.542194163672387
9159,0.54323105907684
916,0.813105773282764
