"param_id","prop_relapse"
3052,0.298740907123869
3053,0.300389795202838
3054,0.299385662695612
3055,0.303882223285022
3056,0.300915666680604
3057,0.298034109048139
3058,0.304461005563136
3059,0.30240456174923
306,0.879007238883144
3060,0.303320108582167
3061,0.301329456629374
3062,0.303514971173517
3063,0.303768115942029
