"param_id","prop_relapse"
6329,0.30640610304107
633,0.887035106013208
6330,0.306536154089043
6331,0.306444747147965
6332,0.305586439824624
6333,0.307186622415114
6334,0.307477025898079
6335,0.30620839270902
6336,0.306282997833449
6337,0.308803010443533
6338,0.30855841337373
6339,0.308633337573676
634,0.862437633642195
