"param_id","prop_relapse"
8072,0.881422068068502
8073,0.879974001588792
8074,0.875437218930687
8075,0.881658508494097
8076,0.88310752378207
8077,0.884623789059655
8078,0.884943788245339
8079,0.877486834406085
808,0.809299467431381
8080,0.879170293008413
8081,0.879807692307692
8082,0.88188582057519
8083,0.876407718241159
