"param_id","prop_relapse"
10722,0.918141592920354
10723,0.92498213860443
10724,0.917658489191159
10725,0.915855354659249
10726,0.904513888888889
10727,0.913473126054471
10728,0.926876048909135
10729,0.920810747112892
1073,0.819325938566553
10730,0.919362400375059
10731,0.913365155131265
10732,0.919362626750362
10733,0.920057789549723
