"param_id","prop_relapse"
4082,0.861062717770035
4083,0.846136816471109
4084,0.862906724511931
4085,0.867617561845331
4086,0.854835188823401
4087,0.849188458070334
4088,0.855286343612335
4089,0.859259259259259
409,0.888294075660243
4090,0.853783004215665
4091,0.85877094972067
4092,0.86463658590798
4093,0.851185250219491
