"param_id","prop_relapse"
4527,0.831361583136158
4528,0.852714882391734
4529,0.837774461735238
453,0.878177966101695
4530,0.84957264957265
4531,0.82945408379179
4532,0.826285240464345
4533,0.819911223842739
4534,0.849651871192341
4535,0.839897260273973
4536,0.841004184100418
4537,0.832499456167065
4538,0.830655666521928
