"param_id","prop_relapse"
11752,0.894085785390133
11753,0.891572345180593
11754,0.892511723329426
11755,0.884774558919625
11756,0.889765489287782
11757,0.885021567752491
11758,0.891959798994975
11759,0.893589184474488
1176,0.812080536912752
11760,0.895670164031328
11761,0.887818407415517
11762,0.889324618736383
11763,0.890033868991857
