"param_id","prop_relapse"
11740,0.897626971494719
11741,0.887718528271524
11742,0.886123032904149
11743,0.894362017804154
11744,0.89428972445889
11745,0.891478567752371
11746,0.883250220005867
11747,0.896260017809439
11748,0.886975397973951
11749,0.885561417849446
1175,0.80844834797156
11750,0.886696648774119
11751,0.895196186285295
