"param_id","prop_relapse"
7054,0.885024840312278
7055,0.876906704505144
7056,0.889763779527559
7057,0.884095063985375
7058,0.88822704975473
7059,0.880480905233381
706,0.872563176895307
7060,0.878871300757054
7061,0.887576083064805
7062,0.882738528769119
7063,0.88961038961039
7064,0.889693209238194
7065,0.891499654457498
