"param_id","prop_relapse"
647,0.874737578726382
6470,0.887915936952715
6471,0.896174863387978
6472,0.900671615411806
6473,0.890464374335342
6474,0.895291637385805
6475,0.883435582822086
6476,0.901208981001727
6477,0.891365888181175
6478,0.885920577617329
6479,0.892732354996506
648,0.878048780487805
6480,0.889124293785311
