"param_id","prop_relapse"
1660,0.709603792356762
1661,0.701669802445908
1662,0.709193463976275
1663,0.695672569485165
1664,0.71123025481379
1665,0.71122035858878
1666,0.711177574478067
1667,0.716246598035735
1668,0.709544573643411
1669,0.708489722966935
167,0.870521461511174
1670,0.70739817123857
1671,0.703362642585551
