"param_id","prop_relapse"
6282,0.309667420624948
6283,0.306053390149142
6284,0.307860721653825
6285,0.307753713001281
6286,0.307223343424151
6287,0.306483632523759
6288,0.310438874083944
6289,0.307611015999831
629,0.87960687960688
6290,0.308843168349887
6291,0.30991368367606
6292,0.30593079686548
6293,0.310345550177071
