"param_id","prop_relapse"
9125,0.540261574151901
9126,0.545950833947351
9127,0.544349484149954
9128,0.535159756624663
9129,0.536148238153098
913,0.831190038783425
9130,0.53529568460309
9131,0.542507276924621
9132,0.542231421512987
9133,0.542105974587726
9134,0.542608112638284
9135,0.541565205627706
9136,0.541014105469675
