"param_id","prop_relapse"
8751,0.723613330965489
8752,0.721563278377417
8753,0.721054506590666
8754,0.717877425461429
8755,0.724137931034483
8756,0.7294703595724
8757,0.720078716679587
8758,0.714850062847908
8759,0.715673924779557
876,0.78625641025641
8760,0.724268689057421
8761,0.718104785773959
8762,0.718740647632729
