"param_id","prop_relapse"
2420,0.301186232201305
2421,0.300870030235093
2422,0.299607728581563
2423,0.303789044628374
2424,0.301979586797267
2425,0.301786909943087
2426,0.300108229613287
2427,0.3064300823527
2428,0.296529055464825
2429,0.300617450780649
243,0.882062146892655
2430,0.302412824665341
2431,0.302845992568451
