"param_id","prop_relapse"
7815,0.827094853253935
7816,0.805798337241526
7817,0.827831174258253
7818,0.812565665055684
7819,0.817287120239623
782,0.896932952924394
7820,0.829000211371803
7821,0.814658803706824
7822,0.806363253265908
7823,0.818070569039364
7824,0.807928768284927
7825,0.812860676009893
7826,0.798383666524883
