"param_id","prop_relapse"
2339,0.701097369796203
234,0.886746143057504
2340,0.711903769427738
2341,0.701861903928092
2342,0.708085258394856
2343,0.705427258449189
2344,0.697580880209851
2345,0.703613887738806
2346,0.700223057055647
2347,0.713796361918261
2348,0.703420262553718
2349,0.708298902136702
235,0.885802469135803
