"param_id","prop_relapse"
3978,0.884363134276838
3979,0.879274249825541
398,0.894589877835951
3980,0.881432545201669
3981,0.888139204545455
3982,0.879633027522936
3983,0.878969654199012
3984,0.875499092558984
3985,0.878057302585604
3986,0.886403355470115
3987,0.883143743536711
3988,0.868953687821612
3989,0.885446685878963
