"param_id","prop_relapse"
8107,0.883092995879929
8108,0.891867108697186
8109,0.880740528128588
811,0.798871001463517
8110,0.878267254038179
8111,0.887906673429462
8112,0.878203723986857
8113,0.880298529092095
8114,0.876603633667037
8115,0.881505679708961
8116,0.879814419323956
8117,0.878265298697519
8118,0.879666878396499
