"param_id","prop_relapse"
6938,0.889758179231863
6939,0.893072824156306
694,0.879799067097237
6940,0.898702235039654
6941,0.912895542701599
6942,0.90139835066332
6943,0.891020999275887
6944,0.897426733380986
6945,0.898832684824903
6946,0.909216909216909
6947,0.898922333704942
6948,0.891320204230489
6949,0.906872852233677
