"param_id","prop_relapse"
874,0.800512054619159
8740,0.716864240185858
8741,0.718980068234872
8742,0.718849456554375
8743,0.726110881012958
8744,0.718393234672304
8745,0.724076174556743
8746,0.729340454900078
8747,0.725979923518164
8748,0.716688614868909
8749,0.725753524550316
875,0.817109734159504
8750,0.715739114636953
