"param_id","prop_relapse"
7218,0.90852534562212
7219,0.903614457831325
722,0.893300248138958
7220,0.911649365628604
7221,0.909853249475891
7222,0.908281998631075
7223,0.908243727598566
7224,0.909178279673234
7225,0.905604042259991
7226,0.89728453364817
7227,0.90148830616584
7228,0.897028334485142
7229,0.908744341196092
