"param_id","prop_relapse"
138,0.883820384889522
1380,0.791110183639399
1381,0.818125
1382,0.812405772130088
1383,0.800768608414239
1384,0.811355688130014
1385,0.821076890844333
1386,0.815394114015229
1387,0.813484562066793
1388,0.801225740551583
1389,0.800656949291727
139,0.872134670487106
1390,0.785896889646357
