"param_id","prop_relapse"
8552,0.879906780278203
8553,0.881170688769897
8554,0.875594530321046
8555,0.878937703065405
8556,0.878230114046485
8557,0.881059834036978
8558,0.881130986728217
8559,0.878867292713111
856,0.797874557199417
8560,0.884501765256863
8561,0.883758193736344
8562,0.876513317191283
8563,0.882585751978892
