"param_id","prop_relapse"
10570,0.920200095283468
10571,0.904626334519573
10572,0.909157509157509
10573,0.915972222222222
10574,0.906362545018007
10575,0.917983271375465
10576,0.913699599151144
10577,0.925094517958412
10578,0.90752427184466
10579,0.92519120458891
1058,0.816051430941518
10580,0.915848527349229
10581,0.912637234291053
