"param_id","eir_equil","sig_het","ff","trial_duration","trial_PQ_eff_stratum_1","trial_PQ_eff_stratum_2","trial_PQ_prop_stratum_1","trial_PQ_prop_stratum_2","trial_PQ_proph","is_LLIN_distributed","is_IRS_administered","eff_cph_recurrent_LM","eff_cph_recurrent_PCR","eff_cph_any_relapse_LM","eff_cph_any_relapse_PCR","eff_cph_relapse_LM_trial","eff_cph_relapse_PCR_trial","eff_cph_relapse_LM_all","eff_cph_relapse_PCR_all","eff_incid_recurrent_PCR","eff_incid_recurrent_LM","eff_incid_recurrent_D","eff_incid_any_relapse_PCR","eff_incid_any_relapse_LM","eff_incid_any_relapse_D","eff_incid_relapse_PCR","eff_incid_relapse_LM","eff_incid_relapse_D","eff_risk_relapse_PCR","eff_risk_relapse_LM","eff_risk_relapse_D"
800,0.1,0,0.01538462,180,0.75,0,1,0,45,1,0,0.802539623076149,0.832550063398327,0.811062704980817,0.833443289523336,0.810601746677285,0.835457241797178,0.831583370713659,0.836911527310689,0.73549742662108,0.74052530532911,0.748306553381525,0.738017254761201,0.74302660869825,0.74974974974975,0.743412663309304,0.749151064940539,0.755259314934865,0.764550264550265,0.768698060941828,0.776717557251908
801,0.1,0,0.01538462,180,0.75,0,1,0,45,1,0,0.793229601617172,0.812241535523922,0.791244905625421,0.809617505739567,0.793603239188229,0.812401691677465,0.812855549504909,0.825716610465822,0.716873039677589,0.708531477952673,0.695961844533394,0.717995547882469,0.709158576894048,0.697006745586664,0.731905282136179,0.724285171650491,0.72270744697952,0.740997229916897,0.734814814814815,0.733752620545073
802,0.1,0,0.01538462,180,0.75,0,1,0,45,1,0,0.781165323902709,0.807691043830111,0.782037983526041,0.806605151002449,0.782279340369262,0.807502170363058,0.795240838035997,0.804715101011479,0.67135294117647,0.677782857142857,0.71387270501836,0.672117453347969,0.678298975672215,0.717217552533993,0.689604304635762,0.697019317450096,0.742474470734745,0.722677595628415,0.717985611510791,0.741035856573705
