"param_id","eir_equil","sig_het","ff","trial_duration","trial_PQ_eff_stratum_1","trial_PQ_eff_stratum_2","trial_PQ_prop_stratum_1","trial_PQ_prop_stratum_2","trial_PQ_proph","is_LLIN_distributed","is_IRS_administered","eff_cph_recurrent_LM","eff_cph_recurrent_PCR","eff_cph_any_relapse_LM","eff_cph_any_relapse_PCR","eff_cph_relapse_LM_trial","eff_cph_relapse_PCR_trial","eff_cph_relapse_LM_all","eff_cph_relapse_PCR_all","eff_incid_recurrent_PCR","eff_incid_recurrent_LM","eff_incid_recurrent_D","eff_incid_any_relapse_PCR","eff_incid_any_relapse_LM","eff_incid_any_relapse_D","eff_incid_relapse_PCR","eff_incid_relapse_LM","eff_incid_relapse_D","eff_risk_relapse_PCR","eff_risk_relapse_LM","eff_risk_relapse_D"
1476,100,0,0.01538462,180,0.75,0,1,0,45,1,0,0.499929463472255,0.363834979573048,0.554928582087623,0.55236422535626,0.663954536267598,0.544491770622491,0.712770540723317,0.576324406978299,0.447298816568047,0.626544971892567,0.691485294117647,0.594317956609864,0.711121338912134,0.744936170212766,0.725839368363735,0.815793310463122,0.875125,0.13677811550152,0.669047619047619,0.869565217391304
1477,100,0,0.01538462,180,0.75,0,1,0,45,1,0,0.351693644085578,0.349220514599422,0.470985329380371,0.556616340264787,0.707601333540144,0.556464278426609,0.757175657826779,0.563431042227876,0.4279443021444,0.604115393589078,0.658194780146,0.570198298097439,0.683250475464147,0.726999726999727,0.711180348885155,0.816598738846622,0.7997997997998,0.122718052738337,0.709051724137931,0.777777777777778
1478,100,0,0.01538462,180,0.75,0,1,0,45,1,0,0.451978810416428,0.291201176640456,0.55839706523281,0.557587896043063,0.561924870268667,0.51732188178928,0.718249367688312,0.594298347255308,0.448434793201249,0.630007733851014,0.61185636579281,0.593730866467998,0.712714791284697,0.499498997995992,0.722264946928429,0.793375128400774,0.785499570569711,0.154701718907988,0.688095238095238,0.769230769230769
