"param_id","eir_equil","sig_het","ff","trial_duration","trial_PQ_eff_stratum_1","trial_PQ_eff_stratum_2","trial_PQ_prop_stratum_1","trial_PQ_prop_stratum_2","trial_PQ_proph","is_LLIN_distributed","is_IRS_administered","eff_cph_recurrent_LM","eff_cph_recurrent_PCR","eff_cph_any_relapse_LM","eff_cph_any_relapse_PCR","eff_cph_relapse_LM_trial","eff_cph_relapse_PCR_trial","eff_cph_relapse_LM_all","eff_cph_relapse_PCR_all","eff_incid_recurrent_PCR","eff_incid_recurrent_LM","eff_incid_recurrent_D","eff_incid_any_relapse_PCR","eff_incid_any_relapse_LM","eff_incid_any_relapse_D","eff_incid_relapse_PCR","eff_incid_relapse_LM","eff_incid_relapse_D","eff_risk_relapse_PCR","eff_risk_relapse_LM","eff_risk_relapse_D"
585,10,0,0.01538462,180,0.75,0,1,0,28,1,0,0.613671024197762,0.542631375510618,0.64753273957614,0.640970536580366,0.691964738855006,0.67064689437273,0.710217063041716,0.662718421023313,0.610176739672858,0.72180871886121,0.5629375,0.666537820957668,0.747311764705882,0.625375,0.712638247011952,0.779382785956965,0.8335,0.253807106598985,0.6875,0.833333333333333
586,10,0,0.01538462,180,0.75,0,1,0,28,1,0,0.614177694732946,0.512329379262175,0.643669281447996,0.603042201632044,0.712303128609534,0.633222277379418,0.695984451833877,0.66054278585112,0.610591900311526,0.712121212121212,0.733333333333333,0.67053756825348,0.733395696913003,0.692307692307692,0.724095539164032,0.772727272727273,0.833333333333333,0.281407035175879,0.662303664921466,0.833333333333333
587,10,0,0.01538462,180,0.75,0,1,0,28,1,0,0.527925092754269,0.515676763059295,0.557945789758691,0.639683507376126,0.659982488345672,0.678147576607499,0.74183437755012,0.684268531678688,0.631239092999357,0.748271478229284,0.687187187187187,0.692871213213826,0.787121715288067,0.666332999666333,0.745222016002542,0.833702941955889,0.833166499833166,0.286868686868687,0.730366492146597,0.833333333333333
