"param_id","eir_equil","sig_het","ff","trial_duration","trial_PQ_eff_stratum_1","trial_PQ_eff_stratum_2","trial_PQ_prop_stratum_1","trial_PQ_prop_stratum_2","trial_PQ_proph","is_LLIN_distributed","is_IRS_administered","eff_cph_recurrent_LM","eff_cph_recurrent_PCR","eff_cph_any_relapse_LM","eff_cph_any_relapse_PCR","eff_cph_relapse_LM_trial","eff_cph_relapse_PCR_trial","eff_cph_relapse_LM_all","eff_cph_relapse_PCR_all","eff_incid_recurrent_PCR","eff_incid_recurrent_LM","eff_incid_recurrent_D","eff_incid_any_relapse_PCR","eff_incid_any_relapse_LM","eff_incid_any_relapse_D","eff_incid_relapse_PCR","eff_incid_relapse_LM","eff_incid_relapse_D","eff_risk_relapse_PCR","eff_risk_relapse_LM","eff_risk_relapse_D"
1446,100,0,0.01538462,180,0.75,0,1,0,45,1,0,0.460810977418141,0.365013678807431,0.524553048455497,0.529244158201069,0.604769454959051,0.504161657803315,0.718464562631357,0.591971465537334,0.448121713951893,0.617846750727449,0.648648648648649,0.588847305389222,0.700193423597679,0.7,0.730872844827586,0.828836424957841,0.678571428571429,0.142131979695431,0.686915887850467,0.678571428571429
1447,100,0,0.01538462,180,0.75,0,1,0,45,1,0,0.471101602329031,0.357186789254373,0.626652241230172,0.550965695859051,0.719214932427137,0.572362162250388,0.741827825606295,0.592785483009703,0.44495444961004,0.61596808180973,0.677892307692308,0.587733987197245,0.708307337332718,0.844911111111111,0.726315050847458,0.804794498381877,0.86248275862069,0.134010152284264,0.700228832951945,0.846153846153846
1448,100,0,0.01538462,180,0.75,0,1,0,45,1,0,0.426556239190829,0.336431469673802,0.527592341423272,0.534380398835082,0.67945155773941,0.48084043594438,0.717282044296212,0.562495188986907,0.44385108720648,0.624307692307692,0.666666666666667,0.578370024125452,0.680664513151823,0.795918367346939,0.715483739005932,0.813408723747981,0.875,0.145748987854251,0.697940503432494,0.869565217391304
