"param_id","eir_equil","sig_het","ff","trial_duration","trial_PQ_eff_stratum_1","trial_PQ_eff_stratum_2","trial_PQ_prop_stratum_1","trial_PQ_prop_stratum_2","trial_PQ_proph","is_LLIN_distributed","is_IRS_administered","eff_cph_recurrent_LM","eff_cph_recurrent_PCR","eff_cph_any_relapse_LM","eff_cph_any_relapse_PCR","eff_cph_relapse_LM_trial","eff_cph_relapse_PCR_trial","eff_cph_relapse_LM_all","eff_cph_relapse_PCR_all","eff_incid_recurrent_PCR","eff_incid_recurrent_LM","eff_incid_recurrent_D","eff_incid_any_relapse_PCR","eff_incid_any_relapse_LM","eff_incid_any_relapse_D","eff_incid_relapse_PCR","eff_incid_relapse_LM","eff_incid_relapse_D","eff_risk_relapse_PCR","eff_risk_relapse_LM","eff_risk_relapse_D"
1265,10,0,0.01538462,180,0.75,0,1,0,45,1,0,0.502288345181488,0.566079327848406,0.531044176936526,0.642729402617969,0.574408934927424,0.654026657563049,0.694563044095187,0.654155706585438,0.620044073894693,0.72041935483871,0.65035,0.675019466030622,0.754564299424184,0.631947368421053,0.704778671854275,0.797398058252427,0.778,0.240890688259109,0.664082687338501,0.764705882352941
1266,10,0,0.01538462,180,0.75,0,1,0,45,1,0,0.647246189783416,0.597189750182368,0.697348049869376,0.670119337492194,0.714534460518719,0.680570633490096,0.669900048278421,0.686075141327292,0.639444929136009,0.693711536848792,0.75025025025025,0.692526619811992,0.731462656236979,0.778000222444667,0.725881712006412,0.744058107694471,0.785928785928786,0.269230769230769,0.632022471910112,0.785714285714286
1267,10,0,0.01538462,180,0.75,0,1,0,45,1,0,0.510160507707349,0.62949843941048,0.58022252423989,0.685204925556673,0.637888499149272,0.682314524575292,0.702304726511393,0.655891077067974,0.638884452710047,0.662956086966942,0.666332665330661,0.691717802406626,0.703670820787047,0.749749498997996,0.720716682885045,0.735584376299769,0.823352587527997,0.268218623481781,0.681818181818182,0.8125
