"param_id","eir_equil","sig_het","ff","trial_duration","trial_PQ_eff_stratum_1","trial_PQ_eff_stratum_2","trial_PQ_prop_stratum_1","trial_PQ_prop_stratum_2","trial_PQ_proph","is_LLIN_distributed","is_IRS_administered","eff_cph_recurrent_LM","eff_cph_recurrent_PCR","eff_cph_any_relapse_LM","eff_cph_any_relapse_PCR","eff_cph_relapse_LM_trial","eff_cph_relapse_PCR_trial","eff_cph_relapse_LM_all","eff_cph_relapse_PCR_all","eff_incid_recurrent_PCR","eff_incid_recurrent_LM","eff_incid_recurrent_D","eff_incid_any_relapse_PCR","eff_incid_any_relapse_LM","eff_incid_any_relapse_D","eff_incid_relapse_PCR","eff_incid_relapse_LM","eff_incid_relapse_D","eff_risk_relapse_PCR","eff_risk_relapse_LM","eff_risk_relapse_D"
255,1,0,0.01538462,180,0.75,0,1,0,28,1,0,0.680166562056108,0.679105777234556,0.729569129865415,0.743442522775191,0.780721336734324,0.774619362841614,0.776389045574859,0.795654549177739,0.661200794100964,0.654248922413793,0.70371875,0.708690260133091,0.705357840321654,0.7505,0.749503328894807,0.753032994923858,0.8004,0.649643705463183,0.691740412979351,0.776595744680851
256,1,0,0.01538462,180,0.75,0,1,0,28,1,0,0.633929286409612,0.687194102910941,0.687452665159542,0.742308661733479,0.734267889657406,0.771273538249738,0.801947935318766,0.812711885677387,0.644916230366492,0.657091392136026,0.458169491525424,0.685383939774153,0.694765848086808,0.505,0.718444676409186,0.733217973231358,0.53047,0.685096153846154,0.716374269005848,0.56989247311828
257,1,0,0.01538462,180,0.75,0,1,0,28,1,0,0.647251893553658,0.676202188596192,0.670160578797274,0.70853763372069,0.735730133357832,0.74728469172529,0.755553248451873,0.775579442951955,0.642107897731504,0.674236217027257,0.654330243220253,0.675043268354892,0.70197062636618,0.673916013845874,0.70443767375864,0.735028881291996,0.751751503006012,0.652019002375297,0.683748169838946,0.738738738738739
