"param_id","eir_equil","sig_het","ff","trial_duration","trial_PQ_eff_stratum_1","trial_PQ_eff_stratum_2","trial_PQ_prop_stratum_1","trial_PQ_prop_stratum_2","trial_PQ_proph","is_LLIN_distributed","is_IRS_administered","eff_cph_recurrent_LM","eff_cph_recurrent_PCR","eff_cph_any_relapse_LM","eff_cph_any_relapse_PCR","eff_cph_relapse_LM_trial","eff_cph_relapse_PCR_trial","eff_cph_relapse_LM_all","eff_cph_relapse_PCR_all","eff_incid_recurrent_PCR","eff_incid_recurrent_LM","eff_incid_recurrent_D","eff_incid_any_relapse_PCR","eff_incid_any_relapse_LM","eff_incid_any_relapse_D","eff_incid_relapse_PCR","eff_incid_relapse_LM","eff_incid_relapse_D","eff_risk_relapse_PCR","eff_risk_relapse_LM","eff_risk_relapse_D"
1576,100,0,0.01538462,180,0.75,0,1,0,45,1,0,0.507678736223935,0.316918323454548,0.526984756340575,0.567422572937943,0.543345501552378,0.532002749030514,0.72931695838003,0.566221192812132,0.440411604391126,0.642138364779874,0.746031746031746,0.584915572232645,0.713749413420929,0.725,0.716917470814495,0.795952782462057,0.730769230769231,0.133064516129032,0.697619047619048,0.681818181818182
1577,100,0,0.01538462,180,0.75,0,1,0,45,1,0,0.430410759787732,0.404652265020769,0.522442774858467,0.588569266122547,0.719978552043441,0.635792016307805,0.723437017710702,0.587139579862548,0.443985947046843,0.587302586475538,0.5509,0.586042559579659,0.680331667423898,0.632315789473684,0.725450206765643,0.809867193675889,0.8503,0.133874239350913,0.659142212189616,0.833333333333333
1578,100,0,0.01538462,180,0.75,0,1,0,45,1,0,0.417133027611592,0.34495059020124,0.546952072412341,0.577996248854176,0.626471594866491,0.53928660184244,0.719058961819396,0.575302332616555,0.440381436745073,0.589854624188061,0.611111111111111,0.58547184655153,0.674547983310153,0.673913043478261,0.721580220370868,0.777870913663034,0.727272727272727,0.143434343434343,0.674057649667406,0.7
