"param_id","eir_equil","sig_het","ff","trial_duration","trial_PQ_eff_stratum_1","trial_PQ_eff_stratum_2","trial_PQ_prop_stratum_1","trial_PQ_prop_stratum_2","trial_PQ_proph","is_LLIN_distributed","is_IRS_administered","eff_cph_recurrent_LM","eff_cph_recurrent_PCR","eff_cph_any_relapse_LM","eff_cph_any_relapse_PCR","eff_cph_relapse_LM_trial","eff_cph_relapse_PCR_trial","eff_cph_relapse_LM_all","eff_cph_relapse_PCR_all","eff_incid_recurrent_PCR","eff_incid_recurrent_LM","eff_incid_recurrent_D","eff_incid_any_relapse_PCR","eff_incid_any_relapse_LM","eff_incid_any_relapse_D","eff_incid_relapse_PCR","eff_incid_relapse_LM","eff_incid_relapse_D","eff_risk_relapse_PCR","eff_risk_relapse_LM","eff_risk_relapse_D"
314,1,0,0.01538462,180,0.75,0,1,0,28,1,0,0.691665314630727,0.678417288688546,0.754820916357564,0.741246091720329,0.774916169809021,0.753094103335055,0.763057681097941,0.797352697389462,0.674873963838696,0.657538402925857,0.631210157525947,0.711138844209472,0.698629411628849,0.663299663299663,0.74152865085848,0.727444171888616,0.747221969444192,0.665865384615385,0.68141592920354,0.747252747252747
315,1,0,0.01538462,180,0.75,0,1,0,28,1,0,0.688402147269135,0.692158239858304,0.737576511938666,0.740961661596752,0.769189140661072,0.775171712426093,0.784040946568554,0.797176058699838,0.660562390158172,0.684667202572347,0.691485294117647,0.697584817244611,0.724707386363636,0.742193548387097,0.721892612859097,0.746794339622642,0.743619469026549,0.639905548996458,0.683748169838946,0.747572815533981
316,1,0,0.01538462,180,0.75,0,1,0,28,1,0,0.713598198541138,0.727480081676694,0.764925116598635,0.769015320345636,0.779713583666827,0.78864459823315,0.807191976974867,0.824605407783655,0.680218032322087,0.690422018348624,0.728842857142857,0.717150602409639,0.7192,0.7580546875,0.744811829704257,0.742495606326889,0.788347457627119,0.696551724137931,0.729428172942817,0.794392523364486
