"param_id","eir_equil","sig_het","ff","trial_duration","trial_PQ_eff_stratum_1","trial_PQ_eff_stratum_2","trial_PQ_prop_stratum_1","trial_PQ_prop_stratum_2","trial_PQ_proph","is_LLIN_distributed","is_IRS_administered","eff_cph_recurrent_LM","eff_cph_recurrent_PCR","eff_cph_any_relapse_LM","eff_cph_any_relapse_PCR","eff_cph_relapse_LM_trial","eff_cph_relapse_PCR_trial","eff_cph_relapse_LM_all","eff_cph_relapse_PCR_all","eff_incid_recurrent_PCR","eff_incid_recurrent_LM","eff_incid_recurrent_D","eff_incid_any_relapse_PCR","eff_incid_any_relapse_LM","eff_incid_any_relapse_D","eff_incid_relapse_PCR","eff_incid_relapse_LM","eff_incid_relapse_D","eff_risk_relapse_PCR","eff_risk_relapse_LM","eff_risk_relapse_D"
75,0.1,0,0.01538462,180,0.75,0,1,0,28,1,0,0.80876546599991,0.830380372505456,0.815633731742077,0.833425030037257,0.815389472930464,0.834077410520139,0.842453610017186,0.843427672561412,0.72557328990228,0.736678326046221,0.730757317073171,0.726652648825778,0.737402132998745,0.733110294117647,0.732056291390728,0.744397720075997,0.747166666666667,0.768518518518518,0.775172413793103,0.791187739463602
750,100,0,0.01538462,180,0.75,0,1,0,28,1,0,0.347471061958608,0.289086111150141,0.431645260501035,0.552345403263009,0.613948034303716,0.650466304226771,0.737696533760209,0.585985311018565,0.379542537816077,0.583249594700898,0.480961402726699,0.524107784479343,0.659095421937247,0.451062866017407,0.730545837836612,0.809061926037854,0.649648946840522,0.154078549848943,0.693512304250559,0.705882352941176
751,100,0,0.01538462,180,0.75,0,1,0,28,1,0,0.284480359488844,0.248771471866787,0.372049407215224,0.559768845084626,0.578721324077571,0.605977569906613,0.745488883796102,0.594122828889522,0.366670972299033,0.57532306376586,0.399398194583751,0.519741931512809,0.635235210933153,0.414047019106099,0.732072536961358,0.799338106485355,0.649648946840522,0.138804457953394,0.692477876106195,0.611111111111111
