"param_id","eir_equil","sig_het","ff","trial_duration","trial_PQ_eff_stratum_1","trial_PQ_eff_stratum_2","trial_PQ_prop_stratum_1","trial_PQ_prop_stratum_2","trial_PQ_proph","is_LLIN_distributed","is_IRS_administered","eff_cph_recurrent_LM","eff_cph_recurrent_PCR","eff_cph_any_relapse_LM","eff_cph_any_relapse_PCR","eff_cph_relapse_LM_trial","eff_cph_relapse_PCR_trial","eff_cph_relapse_LM_all","eff_cph_relapse_PCR_all","eff_incid_recurrent_PCR","eff_incid_recurrent_LM","eff_incid_recurrent_D","eff_incid_any_relapse_PCR","eff_incid_any_relapse_LM","eff_incid_any_relapse_D","eff_incid_relapse_PCR","eff_incid_relapse_LM","eff_incid_relapse_D","eff_risk_relapse_PCR","eff_risk_relapse_LM","eff_risk_relapse_D"
1527,100,0,0.01538462,180,0.75,0,1,0,45,1,0,0.421252262866705,0.316872167403851,0.516050225964216,0.544741466226109,0.628449867959746,0.516849252882196,0.712108855327726,0.563383310928201,0.436540198735321,0.622151545013131,0.743114543114543,0.579386959991118,0.694540476203992,0.782826304565435,0.710801496268144,0.793015618358084,0.72028028028028,0.135627530364372,0.657004830917874,0.666666666666667
1528,100,0,0.01538462,180,0.75,0,1,0,45,1,0,0.50831166443362,0.348330490309864,0.617649449829485,0.510392985085743,0.741518428449817,0.505033855073698,0.73734751032017,0.581932473701372,0.441324600716459,0.630678467128452,0.652430207985764,0.584567814845,0.708719708719709,0.630064847456152,0.730470781123594,0.82119404896316,0.713999713999714,0.150353178607467,0.694877505567929,0.761904761904762
1529,100,0,0.01538462,180,0.75,0,1,0,45,1,0,0.383647324891133,0.348600714164259,0.485623252362381,0.58596707246632,0.697926917584631,0.548402855861434,0.691537462756548,0.539826823455019,0.442578465004352,0.604279782816991,0.694915254237288,0.580939799962257,0.673314339981007,0.533333333333333,0.708411085769576,0.784395973154362,0.8,0.143001007049345,0.66815144766147,0.8
