"param_id","eir_equil","sig_het","ff","trial_duration","trial_PQ_eff_stratum_1","trial_PQ_eff_stratum_2","trial_PQ_prop_stratum_1","trial_PQ_prop_stratum_2","trial_PQ_proph","is_LLIN_distributed","is_IRS_administered","eff_cph_recurrent_LM","eff_cph_recurrent_PCR","eff_cph_any_relapse_LM","eff_cph_any_relapse_PCR","eff_cph_relapse_LM_trial","eff_cph_relapse_PCR_trial","eff_cph_relapse_LM_all","eff_cph_relapse_PCR_all","eff_incid_recurrent_PCR","eff_incid_recurrent_LM","eff_incid_recurrent_D","eff_incid_any_relapse_PCR","eff_incid_any_relapse_LM","eff_incid_any_relapse_D","eff_incid_relapse_PCR","eff_incid_relapse_LM","eff_incid_relapse_D","eff_risk_relapse_PCR","eff_risk_relapse_LM","eff_risk_relapse_D"
1205,10,0,0.01538462,180,0.75,0,1,0,45,1,0,0.528427039832738,0.59266097153038,0.5890420251579,0.642842389067642,0.607103796189795,0.653721069549747,0.71670555630093,0.708357127784316,0.66073715284297,0.735057482891939,0.383999383999384,0.712081679294794,0.765028186080818,0.416082749416083,0.744259348450268,0.795762547838467,0.332665999332666,0.293939393939394,0.707042253521127,0.333333333333333
1206,10,0,0.01538462,180,0.75,0,1,0,45,1,0,0.551584547010953,0.620661211661069,0.636626021152789,0.652582934472874,0.722460595675486,0.690609839668476,0.78877932037603,0.683214057779071,0.647428117579463,0.750500500500501,0.652870261565914,0.696285228852279,0.783703855947202,0.714857714857715,0.729800058717986,0.818446987292303,0.76517694164753,0.267276422764228,0.742574257425743,0.764705882352941
1207,10,0,0.01538462,180,0.75,0,1,0,45,1,0,0.647502818183283,0.603871043429567,0.725454283318947,0.679179791824753,0.726028946816105,0.688570788152,0.734257232797615,0.659663777069943,0.653832979379324,0.718553459119497,0.714285714285714,0.708686683474673,0.750439367311072,0.777777777777778,0.737739312877,0.761,0.791666666666667,0.262411347517731,0.701492537313433,0.818181818181818
