"param_id","eir_equil","sig_het","ff","trial_duration","trial_PQ_eff_stratum_1","trial_PQ_eff_stratum_2","trial_PQ_prop_stratum_1","trial_PQ_prop_stratum_2","trial_PQ_proph","is_LLIN_distributed","is_IRS_administered","eff_cph_recurrent_LM","eff_cph_recurrent_PCR","eff_cph_any_relapse_LM","eff_cph_any_relapse_PCR","eff_cph_relapse_LM_trial","eff_cph_relapse_PCR_trial","eff_cph_relapse_LM_all","eff_cph_relapse_PCR_all","eff_incid_recurrent_PCR","eff_incid_recurrent_LM","eff_incid_recurrent_D","eff_incid_any_relapse_PCR","eff_incid_any_relapse_LM","eff_incid_any_relapse_D","eff_incid_relapse_PCR","eff_incid_relapse_LM","eff_incid_relapse_D","eff_risk_relapse_PCR","eff_risk_relapse_LM","eff_risk_relapse_D"
688,100,0,0.01538462,180,0.75,0,1,0,28,1,0,0.355697222430394,0.310703370611966,0.5391346223456,0.591918752319302,0.718774253400887,0.669267934413045,0.697994680223728,0.563330908365859,0.363491407365963,0.512507959551494,0.445874445874446,0.517365664647466,0.600475536304413,0.570999570999571,0.71801908091727,0.7526518489944,0.64964964964965,0.130040322580645,0.646370023419204,0.611111111111111
689,100,0,0.01538462,180,0.75,0,1,0,28,1,0,0.445445878792234,0.2926183953445,0.60241802423647,0.557294515295649,0.767730544874874,0.682929305111569,0.758150419829128,0.56775448074515,0.370979357391018,0.605535046728972,0.657876712328767,0.519488206930064,0.687894117647059,0.807884615384615,0.729482451403888,0.835685714285714,0.923153846153846,0.135353535353535,0.712153518123667,0.92
69,0.1,0,0.01538462,180,0.75,0,1,0,28,1,0,0.787513164638695,0.823183501281849,0.792432708881404,0.825196918399764,0.792226110340639,0.824405780605809,0.826179821889664,0.830366676329696,0.715320334261838,0.708787684413085,0.737349397590361,0.716928251121076,0.71078114912847,0.740024183796856,0.734383792909398,0.730395333765392,0.760048721071864,0.742627345844504,0.748942172073343,0.759223300970874
