"param_id","eir_equil","sig_het","ff","trial_duration","trial_PQ_eff_stratum_1","trial_PQ_eff_stratum_2","trial_PQ_prop_stratum_1","trial_PQ_prop_stratum_2","trial_PQ_proph","is_LLIN_distributed","is_IRS_administered","eff_cph_recurrent_LM","eff_cph_recurrent_PCR","eff_cph_any_relapse_LM","eff_cph_any_relapse_PCR","eff_cph_relapse_LM_trial","eff_cph_relapse_PCR_trial","eff_cph_relapse_LM_all","eff_cph_relapse_PCR_all","eff_incid_recurrent_PCR","eff_incid_recurrent_LM","eff_incid_recurrent_D","eff_incid_any_relapse_PCR","eff_incid_any_relapse_LM","eff_incid_any_relapse_D","eff_incid_relapse_PCR","eff_incid_relapse_LM","eff_incid_relapse_D","eff_risk_relapse_PCR","eff_risk_relapse_LM","eff_risk_relapse_D"
385,1,0,0.01538462,180,0.75,0,1,0,28,1,0,0.655639197508959,0.695299531017545,0.706479184784512,0.7648939585884,0.742772221273813,0.780835481864153,0.780173619927766,0.808411362445504,0.63028277413966,0.630436640177732,0.648227948289508,0.673563525093916,0.669679282420808,0.665327978580991,0.715344158311615,0.715528781793842,0.708234647993684,0.674065420560748,0.697443181818182,0.721153846153846
386,1,0,0.01538462,180,0.75,0,1,0,28,1,0,0.608388581156783,0.664135952735765,0.663655314411045,0.712653850341515,0.715652799110404,0.753640907392456,0.75524703401685,0.766603225812046,0.636576787807737,0.627589967284624,0.485714285714286,0.672585669781931,0.666280417149478,0.595959595959596,0.704054054054054,0.699748743718593,0.641304347826087,0.614634146341463,0.652818991097923,0.654320987654321
387,1,0,0.01538462,180,0.75,0,1,0,28,1,0,0.653973053499433,0.711129659801411,0.723437586115735,0.750600853598691,0.762617445928349,0.774512467434101,0.76349141267403,0.797872091515559,0.662040203906956,0.647505041430824,0.599599198396794,0.695453464145257,0.674744446876947,0.672238281873481,0.723516917362178,0.712439424303152,0.742316315799917,0.652989449003517,0.670537010159652,0.75
