"param_id","eir_equil","sig_het","ff","trial_duration","trial_PQ_eff_stratum_1","trial_PQ_eff_stratum_2","trial_PQ_prop_stratum_1","trial_PQ_prop_stratum_2","trial_PQ_proph","is_LLIN_distributed","is_IRS_administered","eff_cph_recurrent_LM","eff_cph_recurrent_PCR","eff_cph_any_relapse_LM","eff_cph_any_relapse_PCR","eff_cph_relapse_LM_trial","eff_cph_relapse_PCR_trial","eff_cph_relapse_LM_all","eff_cph_relapse_PCR_all","eff_incid_recurrent_PCR","eff_incid_recurrent_LM","eff_incid_recurrent_D","eff_incid_any_relapse_PCR","eff_incid_any_relapse_LM","eff_incid_any_relapse_D","eff_incid_relapse_PCR","eff_incid_relapse_LM","eff_incid_relapse_D","eff_risk_relapse_PCR","eff_risk_relapse_LM","eff_risk_relapse_D"
277,1,0,0.01538462,180,0.75,0,1,0,28,1,0,0.717138563144598,0.726174758358441,0.754132741202732,0.774468990468117,0.76336267113524,0.786908653126277,0.800182239272205,0.82533602233739,0.697050838511604,0.675198840691798,0.735824059353471,0.727687467560153,0.70290656051,0.764252441417796,0.75280113181544,0.727170291196497,0.771644525881814,0.686705202312139,0.713276836158192,0.742574257425743
278,1,0,0.01538462,180,0.75,0,1,0,28,1,0,0.667331945788243,0.708788300928075,0.721083049311021,0.758724246348781,0.766264309353817,0.789122349750358,0.785930487181913,0.821811606542129,0.674132138857783,0.682737169517885,0.675496688741722,0.709368452559114,0.716268739589117,0.702127659574468,0.746258945998699,0.75030303030303,0.71875,0.676300578034682,0.694404591104735,0.754385964912281
279,1,0,0.01538462,180,0.75,0,1,0,28,1,0,0.6817817438443,0.696420374577389,0.741035387716501,0.752151952331904,0.759351573680382,0.766453423072484,0.767024598163705,0.796831634512808,0.679313708832601,0.659339128154059,0.654238053571933,0.715461913099142,0.695232916599063,0.717954427373265,0.73820362182632,0.721238105271382,0.712539833765892,0.652380952380952,0.669565217391304,0.695238095238095
