"param_id","eir_equil","sig_het","ff","trial_duration","trial_PQ_eff_stratum_1","trial_PQ_eff_stratum_2","trial_PQ_prop_stratum_1","trial_PQ_prop_stratum_2","trial_PQ_proph","is_LLIN_distributed","is_IRS_administered","eff_cph_recurrent_LM","eff_cph_recurrent_PCR","eff_cph_any_relapse_LM","eff_cph_any_relapse_PCR","eff_cph_relapse_LM_trial","eff_cph_relapse_PCR_trial","eff_cph_relapse_LM_all","eff_cph_relapse_PCR_all","eff_incid_recurrent_PCR","eff_incid_recurrent_LM","eff_incid_recurrent_D","eff_incid_any_relapse_PCR","eff_incid_any_relapse_LM","eff_incid_any_relapse_D","eff_incid_relapse_PCR","eff_incid_relapse_LM","eff_incid_relapse_D","eff_risk_relapse_PCR","eff_risk_relapse_LM","eff_risk_relapse_D"
560,10,0,0.01538462,180,0.75,0,1,0,28,1,0,0.612633838660193,0.533621450989624,0.651624248948936,0.635403051598029,0.674523043156805,0.66012086441287,0.689012693715101,0.664819165031425,0.626296607793664,0.726201269265639,0.789473684210526,0.685301016419077,0.766766766766767,0.777777777777778,0.735294117647059,0.795166858457998,0.764705882352941,0.278058645096057,0.684636118598383,0.764705882352941
561,10,0,0.01538462,180,0.75,0,1,0,28,1,0,0.658210387792444,0.586323884395441,0.698562048674314,0.680884401280705,0.775356608253472,0.708568255815265,0.73642480754915,0.68714453077124,0.630172043965147,0.73477751255529,0.74974974974975,0.690799299103255,0.763625958654639,0.7997997997998,0.739442010735386,0.811499811499812,0.869434652043348,0.288481141692151,0.709677419354839,0.85
562,10,0,0.01538462,180,0.75,0,1,0,28,1,0,0.440328688714911,0.536108236509939,0.516426888052482,0.64611725839954,0.601847793534579,0.684814607759762,0.786830349261636,0.654361537143333,0.599499964511321,0.755286080273271,0.573571428571429,0.663138743869641,0.790926456542502,0.633421052631579,0.713803034432634,0.827376077586207,0.573571428571429,0.244150559511699,0.76039119804401,0.538461538461538
