"param_id","eir_equil","sig_het","ff","trial_duration","trial_PQ_eff_stratum_1","trial_PQ_eff_stratum_2","trial_PQ_prop_stratum_1","trial_PQ_prop_stratum_2","trial_PQ_proph","is_LLIN_distributed","is_IRS_administered","eff_cph_recurrent_LM","eff_cph_recurrent_PCR","eff_cph_any_relapse_LM","eff_cph_any_relapse_PCR","eff_cph_relapse_LM_trial","eff_cph_relapse_PCR_trial","eff_cph_relapse_LM_all","eff_cph_relapse_PCR_all","eff_incid_recurrent_PCR","eff_incid_recurrent_LM","eff_incid_recurrent_D","eff_incid_any_relapse_PCR","eff_incid_any_relapse_LM","eff_incid_any_relapse_D","eff_incid_relapse_PCR","eff_incid_relapse_LM","eff_incid_relapse_D","eff_risk_relapse_PCR","eff_risk_relapse_LM","eff_risk_relapse_D"
1481,100,0,0.01538462,180,0.75,0,1,0,45,1,0,0.435960334180013,0.384710100378321,0.546601687240778,0.573233735410738,0.631563023218646,0.607771006760311,0.702849707140217,0.589216314291173,0.448274098695986,0.580645161290323,0.745454545454545,0.589983759489368,0.668436293436294,0.772727272727273,0.724354168086702,0.767543859649123,0.826086956521739,0.133937562940584,0.670480549199085,0.826086956521739
1482,100,0,0.01538462,180,0.75,0,1,0,45,1,0,0.467875962846957,0.371392623149608,0.613654622069516,0.618549344128275,0.77473017150931,0.621057036910466,0.7415069792252,0.589372963664105,0.455086305223937,0.612310218978102,0.6115,0.594030236208701,0.693277551020408,0.773811320754717,0.728814909852117,0.814576451349141,0.878909090909091,0.14070351758794,0.710762331838565,0.866666666666667
1483,100,0,0.01538462,180,0.75,0,1,0,45,1,0,0.30722785385139,0.365374245170288,0.46551735125838,0.531992300702813,0.561745961619829,0.513230966068619,0.690953057203275,0.569228707201233,0.446548071959934,0.603525093721172,0.650444094888539,0.589236563070465,0.697405840750551,0.728895562228896,0.729722242811248,0.820575292273406,0.821249821249821,0.128440366972477,0.667481662591687,0.814814814814815
