"param_id","eir_equil","sig_het","ff","trial_duration","trial_PQ_eff_stratum_1","trial_PQ_eff_stratum_2","trial_PQ_prop_stratum_1","trial_PQ_prop_stratum_2","trial_PQ_proph","is_LLIN_distributed","is_IRS_administered","eff_cph_recurrent_LM","eff_cph_recurrent_PCR","eff_cph_any_relapse_LM","eff_cph_any_relapse_PCR","eff_cph_relapse_LM_trial","eff_cph_relapse_PCR_trial","eff_cph_relapse_LM_all","eff_cph_relapse_PCR_all","eff_incid_recurrent_PCR","eff_incid_recurrent_LM","eff_incid_recurrent_D","eff_incid_any_relapse_PCR","eff_incid_any_relapse_LM","eff_incid_any_relapse_D","eff_incid_relapse_PCR","eff_incid_relapse_LM","eff_incid_relapse_D","eff_risk_relapse_PCR","eff_risk_relapse_LM","eff_risk_relapse_D"
55,0.1,0,0.01538462,180,0.75,0,1,0,28,1,0,0.774704480334151,0.804494128133511,0.777398301460533,0.804291610619394,0.781906543738822,0.809802715047964,0.798824208481129,0.81513762928155,0.669648863636364,0.668293203883495,0.689417380660955,0.670803540833809,0.669811038961039,0.691106748466258,0.695385011441648,0.697115159401431,0.731557055214724,0.732782369146006,0.720524017467249,0.720081135902637
550,10,0,0.01538462,180,0.75,0,1,0,28,1,0,0.471245079049536,0.576610504259102,0.587262213918643,0.663088253910988,0.644131778169059,0.683012503245142,0.740730368701505,0.677152542736492,0.621528616407625,0.72680403542127,0.845845537228303,0.681331606375724,0.764121544524456,0.922922768614151,0.72967580182009,0.802406537212356,0.958249832999332,0.271084337349398,0.718518518518519,0.954545454545455
551,10,0,0.01538462,180,0.75,0,1,0,28,1,0,0.525482936085646,0.556255802164156,0.54195604858915,0.634551666864352,0.55389655354964,0.689625157928903,0.728927461007211,0.686553063942133,0.626116968357054,0.738158597662771,0.72028,0.689017375259476,0.755174647887324,0.727545454545454,0.745103901797457,0.778,0.778,0.291203235591507,0.711340206185567,0.764705882352941
