"param_id","eir_equil","sig_het","ff","trial_duration","trial_PQ_eff_stratum_1","trial_PQ_eff_stratum_2","trial_PQ_prop_stratum_1","trial_PQ_prop_stratum_2","trial_PQ_proph","is_LLIN_distributed","is_IRS_administered","eff_cph_recurrent_LM","eff_cph_recurrent_PCR","eff_cph_any_relapse_LM","eff_cph_any_relapse_PCR","eff_cph_relapse_LM_trial","eff_cph_relapse_PCR_trial","eff_cph_relapse_LM_all","eff_cph_relapse_PCR_all","eff_incid_recurrent_PCR","eff_incid_recurrent_LM","eff_incid_recurrent_D","eff_incid_any_relapse_PCR","eff_incid_any_relapse_LM","eff_incid_any_relapse_D","eff_incid_relapse_PCR","eff_incid_relapse_LM","eff_incid_relapse_D","eff_risk_relapse_PCR","eff_risk_relapse_LM","eff_risk_relapse_D"
1568,100,0,0.01538462,180,0.75,0,1,0,45,1,0,0.364689224894992,0.330989120023666,0.485174597055177,0.564216071356329,0.614484301989334,0.600875616478788,0.693029101501245,0.567963879125792,0.427847562076167,0.557003012048193,0.596894736842105,0.571575173828793,0.645450960566229,0.667,0.709814285714286,0.773164967562558,0.95005,0.127144298688194,0.643373493975904,0.944444444444444
1569,100,0,0.01538462,180,0.75,0,1,0,45,1,0,0.461969254639356,0.358935661973472,0.621697798948085,0.545155941167349,0.596901776848717,0.512106885481385,0.73722335383214,0.553000518831035,0.442102655691878,0.608854993160055,0.563375,0.583811470408786,0.694847117794486,0.737368421052632,0.711782986714892,0.813550541516246,0.8503,0.125379170879676,0.715277777777778,0.833333333333333
157,0.1,0,0.01538462,180,0.75,0,1,0,28,1,0,0.773380379035936,0.793382332184421,0.786915619497896,0.800143341601964,0.789726111284173,0.804013289971164,0.811300174542286,0.816936192215,0.703886152162014,0.702046035805627,0.726627218934911,0.707370737073707,0.706298200514139,0.732461355529132,0.719734660033168,0.716871363930187,0.745519713261649,0.740890688259109,0.743661971830986,0.75
