"param_id","eir_equil","sig_het","ff","trial_duration","trial_PQ_eff_stratum_1","trial_PQ_eff_stratum_2","trial_PQ_prop_stratum_1","trial_PQ_prop_stratum_2","trial_PQ_proph","is_LLIN_distributed","is_IRS_administered","eff_cph_recurrent_LM","eff_cph_recurrent_PCR","eff_cph_any_relapse_LM","eff_cph_any_relapse_PCR","eff_cph_relapse_LM_trial","eff_cph_relapse_PCR_trial","eff_cph_relapse_LM_all","eff_cph_relapse_PCR_all","eff_incid_recurrent_PCR","eff_incid_recurrent_LM","eff_incid_recurrent_D","eff_incid_any_relapse_PCR","eff_incid_any_relapse_LM","eff_incid_any_relapse_D","eff_incid_relapse_PCR","eff_incid_relapse_LM","eff_incid_relapse_D","eff_risk_relapse_PCR","eff_risk_relapse_LM","eff_risk_relapse_D"
129,0.1,0,0.01538462,180,0.75,0,1,0,28,1,0,0.788289555631707,0.826264237973687,0.791442788602813,0.826157772451241,0.794164834118951,0.831390194376086,0.830713326151861,0.83670454969414,0.726031034279308,0.727936340667572,0.736699148540512,0.729513129552592,0.73106056748927,0.739405028271628,0.738797993103077,0.739465695242115,0.750110968602629,0.753369272237197,0.754237288135593,0.744047619047619
1290,10,0,0.01538462,180,0.75,0,1,0,45,1,0,0.592949061363728,0.616558006703689,0.641320881738498,0.669067539539229,0.667548091722779,0.680116668468302,0.791066943695414,0.69384728256446,0.650235404915952,0.775354431366964,0.812124248496994,0.708111540987719,0.812064320027615,0.866399465597862,0.741874574026748,0.84103875146354,0.928428285141712,0.263370332996973,0.763959390862944,0.928571428571429
1291,10,0,0.01538462,180,0.75,0,1,0,45,1,0,0.561685000917187,0.584118873455346,0.60572834975824,0.624410605835164,0.561040647662516,0.629564188834501,0.695275158821641,0.68175776983836,0.646043979353744,0.743243243243243,0.888888888888889,0.69915421705794,0.766990291262136,0.857142857142857,0.725283778835591,0.788557213930348,0.833333333333333,0.278506559031282,0.674285714285714,0.833333333333333
