"param_id","eir_equil","sig_het","ff","trial_duration","trial_PQ_eff_stratum_1","trial_PQ_eff_stratum_2","trial_PQ_prop_stratum_1","trial_PQ_prop_stratum_2","trial_PQ_proph","is_LLIN_distributed","is_IRS_administered","eff_cph_recurrent_LM","eff_cph_recurrent_PCR","eff_cph_any_relapse_LM","eff_cph_any_relapse_PCR","eff_cph_relapse_LM_trial","eff_cph_relapse_PCR_trial","eff_cph_relapse_LM_all","eff_cph_relapse_PCR_all","eff_incid_recurrent_PCR","eff_incid_recurrent_LM","eff_incid_recurrent_D","eff_incid_any_relapse_PCR","eff_incid_any_relapse_LM","eff_incid_any_relapse_D","eff_incid_relapse_PCR","eff_incid_relapse_LM","eff_incid_relapse_D","eff_risk_relapse_PCR","eff_risk_relapse_LM","eff_risk_relapse_D"
244,1,0,0.01538462,180,0.75,0,1,0,28,1,0,0.653717661230657,0.693532255989898,0.695889903217422,0.738317161341525,0.743405584702019,0.762625416628591,0.784770617411994,0.806798655074484,0.643843498273878,0.639978506179473,0.661764705882353,0.683645289966247,0.682339449541284,0.692913385826772,0.724034620505992,0.723536737235367,0.723214285714286,0.669856459330143,0.692762186115214,0.724489795918367
245,1,0,0.01538462,180,0.75,0,1,0,28,1,0,0.643044295055831,0.695327168336958,0.70072595942574,0.73147458231497,0.756021326770894,0.769506265470532,0.753025539863049,0.807692143218822,0.647177566812457,0.618814348273266,0.749498997995992,0.681942931119524,0.65436490959447,0.802236051049467,0.730694633234297,0.704008501264029,0.843658949103882,0.66508875739645,0.658284023668639,0.848739495798319
246,1,0,0.01538462,180,0.75,0,1,0,28,1,0,0.60306547426676,0.682581272529153,0.672045072898784,0.724592801901793,0.708259663190799,0.761028629628756,0.769612952864999,0.792150983342886,0.64468036395656,0.647155191256831,0.56644262295082,0.685757311761045,0.680500582072177,0.655862068965517,0.722963210702341,0.71948782011243,0.732678571428572,0.652644230769231,0.677466863033873,0.725490196078431
