"param_id","eir_equil","sig_het","ff","trial_duration","trial_PQ_eff_stratum_1","trial_PQ_eff_stratum_2","trial_PQ_prop_stratum_1","trial_PQ_prop_stratum_2","trial_PQ_proph","is_LLIN_distributed","is_IRS_administered","eff_cph_recurrent_LM","eff_cph_recurrent_PCR","eff_cph_any_relapse_LM","eff_cph_any_relapse_PCR","eff_cph_relapse_LM_trial","eff_cph_relapse_PCR_trial","eff_cph_relapse_LM_all","eff_cph_relapse_PCR_all","eff_incid_recurrent_PCR","eff_incid_recurrent_LM","eff_incid_recurrent_D","eff_incid_any_relapse_PCR","eff_incid_any_relapse_LM","eff_incid_any_relapse_D","eff_incid_relapse_PCR","eff_incid_relapse_LM","eff_incid_relapse_D","eff_risk_relapse_PCR","eff_risk_relapse_LM","eff_risk_relapse_D"
149,0.1,0,0.01538462,180,0.75,0,1,0,28,1,0,0.792516749568716,0.803651512758356,0.792800450011441,0.802101496894512,0.794539427648315,0.80554276713085,0.799298265646024,0.810610229168702,0.697652385380783,0.691158839964927,0.697598790395162,0.697860633547797,0.691739765063925,0.696618810600695,0.72105180592718,0.716077644488469,0.729483179433928,0.727272727272727,0.721264367816092,0.727642276422764
1490,100,0,0.01538462,180,0.75,0,1,0,45,1,0,0.502779157977715,0.383886839910967,0.606115590464881,0.583563439923153,0.756913081373471,0.611454612500466,0.768541740288534,0.575106323988193,0.449776706606754,0.656339820274247,0.722799722799723,0.589727247388281,0.72631098458913,0.761666428333095,0.728846354613226,0.834143767198161,0.916583249916583,0.136916835699797,0.736486486486487,0.91304347826087
1491,100,0,0.01538462,180,0.75,0,1,0,45,1,0,0.411454495623221,0.382665035256576,0.524918286372454,0.556736632529413,0.601023049345125,0.55394215742218,0.739078588927581,0.588034550128114,0.453723278173827,0.606413083318678,0.466675286055983,0.602600089191627,0.702933034801729,0.415497661990648,0.738233923782153,0.83272053288547,0.69939879759519,0.151362260343088,0.714932126696833,0.647058823529412
