"param_id","eir_equil","sig_het","ff","trial_duration","trial_PQ_eff_stratum_1","trial_PQ_eff_stratum_2","trial_PQ_prop_stratum_1","trial_PQ_prop_stratum_2","trial_PQ_proph","is_LLIN_distributed","is_IRS_administered","eff_cph_recurrent_LM","eff_cph_recurrent_PCR","eff_cph_any_relapse_LM","eff_cph_any_relapse_PCR","eff_cph_relapse_LM_trial","eff_cph_relapse_PCR_trial","eff_cph_relapse_LM_all","eff_cph_relapse_PCR_all","eff_incid_recurrent_PCR","eff_incid_recurrent_LM","eff_incid_recurrent_D","eff_incid_any_relapse_PCR","eff_incid_any_relapse_LM","eff_incid_any_relapse_D","eff_incid_relapse_PCR","eff_incid_relapse_LM","eff_incid_relapse_D","eff_risk_relapse_PCR","eff_risk_relapse_LM","eff_risk_relapse_D"
666,100,0,0.01538462,180,0.75,0,1,0,28,1,0,0.334304137827029,0.2699686128537,0.38817556505964,0.483822648446412,0.574570172361492,0.531941311894614,0.720740186238082,0.606328096713284,0.373270888729581,0.570162023922813,0.516182849516183,0.519574796616698,0.638847314871245,0.594832928166261,0.727157135180553,0.806741335504141,0.916583249916583,0.13741223671013,0.675213675213675,0.91304347826087
667,100,0,0.01538462,180,0.75,0,1,0,28,1,0,0.325768464694773,0.288654433344807,0.372179029505619,0.590481453363818,0.556620646651326,0.661294181190852,0.656984760366619,0.61304274588495,0.372983095195342,0.484437086092715,0.490196078431373,0.520066699511123,0.59284332688588,0.605263157894737,0.726442111005046,0.778975741239892,0.727272727272727,0.143579373104146,0.616915422885572,0.666666666666667
668,100,0,0.01538462,180,0.75,0,1,0,28,1,0,0.270692856586002,0.236063181651244,0.410698538057247,0.521485990576147,0.520692908150828,0.612909528941933,0.646271373300108,0.523729358728563,0.360068369964617,0.488624906915174,0.339588267443979,0.510420750301332,0.566686275426599,0.353545801279979,0.705670820477298,0.744295713087897,0.58741011434634,0.125760649087221,0.622549019607843,0.5625
