"param_id","eir_equil","sig_het","ff","trial_duration","trial_PQ_eff_stratum_1","trial_PQ_eff_stratum_2","trial_PQ_prop_stratum_1","trial_PQ_prop_stratum_2","trial_PQ_proph","is_LLIN_distributed","is_IRS_administered","eff_cph_recurrent_LM","eff_cph_recurrent_PCR","eff_cph_any_relapse_LM","eff_cph_any_relapse_PCR","eff_cph_relapse_LM_trial","eff_cph_relapse_PCR_trial","eff_cph_relapse_LM_all","eff_cph_relapse_PCR_all","eff_incid_recurrent_PCR","eff_incid_recurrent_LM","eff_incid_recurrent_D","eff_incid_any_relapse_PCR","eff_incid_any_relapse_LM","eff_incid_any_relapse_D","eff_incid_relapse_PCR","eff_incid_relapse_LM","eff_incid_relapse_D","eff_risk_relapse_PCR","eff_risk_relapse_LM","eff_risk_relapse_D"
485,10,0,0.01538462,180,0.75,0,1,0,28,1,0,0.590017832541384,0.539690183351293,0.670217679965198,0.615068820782425,0.68175417328385,0.643323328425464,0.727434188021064,0.66600874971895,0.60857853291714,0.71919527145359,0.827758620689655,0.671307959296363,0.745547076313181,0.884730769230769,0.726385653473417,0.793427118644068,0.9001,0.281218274111675,0.696,0.9
486,10,0,0.01538462,180,0.75,0,1,0,28,1,0,0.676924681267093,0.593649886140635,0.75560183773276,0.67672904860356,0.787900712060775,0.710324297419059,0.78192473279807,0.708464009262508,0.627857043911899,0.735191637630662,0.684210526315789,0.689440516446357,0.774809160305344,0.666666666666667,0.73895015438906,0.804134929270947,0.705882352941176,0.263846928499496,0.747395833333333,0.705882352941176
487,10,0,0.01538462,180,0.75,0,1,0,28,1,0,0.577710946230431,0.567654386375732,0.664463924921914,0.664760509115899,0.65031017543078,0.660067454133618,0.745626996432299,0.670669869934965,0.627845054945055,0.716935483870968,0.625375,0.684748730964467,0.755052884615385,0.591318181818182,0.729299767483456,0.783756482525366,0.556,0.248736097067745,0.719160104986877,0.5
