"param_id","eir_equil","sig_het","ff","trial_duration","trial_PQ_eff_stratum_1","trial_PQ_eff_stratum_2","trial_PQ_prop_stratum_1","trial_PQ_prop_stratum_2","trial_PQ_proph","is_LLIN_distributed","is_IRS_administered","eff_cph_recurrent_LM","eff_cph_recurrent_PCR","eff_cph_any_relapse_LM","eff_cph_any_relapse_PCR","eff_cph_relapse_LM_trial","eff_cph_relapse_PCR_trial","eff_cph_relapse_LM_all","eff_cph_relapse_PCR_all","eff_incid_recurrent_PCR","eff_incid_recurrent_LM","eff_incid_recurrent_D","eff_incid_any_relapse_PCR","eff_incid_any_relapse_LM","eff_incid_any_relapse_D","eff_incid_relapse_PCR","eff_incid_relapse_LM","eff_incid_relapse_D","eff_risk_relapse_PCR","eff_risk_relapse_LM","eff_risk_relapse_D"
140,0.1,0,0.01538462,180,0.75,0,1,0,28,1,0,0.804052441685065,0.826723769404781,0.812125303566503,0.833324479493752,0.815560030813356,0.836588252696474,0.817245872651268,0.830996332836901,0.735493576073286,0.727191430702484,0.753476991203089,0.741599700258918,0.733166391146847,0.761896611637544,0.751512320855387,0.742067099865265,0.77395861401063,0.751714677640604,0.747813411078717,0.760593220338983
1400,100,0,0.01538462,180,0.75,0,1,0,45,1,0,0.377550483837102,0.303965006608947,0.55976533287726,0.56927317899895,0.728672504536158,0.573233577461307,0.707000345938958,0.571902469635824,0.442273175417752,0.565555195856264,0.372093023255814,0.586876601433399,0.653753026634383,0.357142857142857,0.726519337016575,0.776491540516474,0.6875,0.129162462159435,0.670560747663551,0.666666666666667
1401,100,0,0.01538462,180,0.75,0,1,0,45,1,0,0.429587511264223,0.347776682148168,0.543336805428646,0.588121605770186,0.602777800399146,0.54300548775298,0.693553786030177,0.581406218451917,0.446889486799152,0.593076828898955,0.700700101501705,0.585683500830099,0.673228810562301,0.826576229381841,0.724835836885322,0.777425765193421,0.96544813765462,0.152917505030181,0.675294117647059,0.962962962962963
