"param_id","eir_equil","sig_het","ff","trial_duration","trial_PQ_eff_stratum_1","trial_PQ_eff_stratum_2","trial_PQ_prop_stratum_1","trial_PQ_prop_stratum_2","trial_PQ_proph","is_LLIN_distributed","is_IRS_administered","eff_cph_recurrent_LM","eff_cph_recurrent_PCR","eff_cph_any_relapse_LM","eff_cph_any_relapse_PCR","eff_cph_relapse_LM_trial","eff_cph_relapse_PCR_trial","eff_cph_relapse_LM_all","eff_cph_relapse_PCR_all","eff_incid_recurrent_PCR","eff_incid_recurrent_LM","eff_incid_recurrent_D","eff_incid_any_relapse_PCR","eff_incid_any_relapse_LM","eff_incid_any_relapse_D","eff_incid_relapse_PCR","eff_incid_relapse_LM","eff_incid_relapse_D","eff_risk_relapse_PCR","eff_risk_relapse_LM","eff_risk_relapse_D"
882,0.1,0,0.01538462,180,0.75,0,1,0,45,1,0,0.830091386859886,0.840412407444116,0.83408817817925,0.84714209171512,0.83543800038337,0.849380077452216,0.840365902335747,0.847153610034303,0.73532987012987,0.726627007733492,0.738910299003322,0.739300626304802,0.730693962940825,0.74161872909699,0.756787958115183,0.748453237410072,0.764218120805369,0.771466314398943,0.775623268698061,0.777358490566038
883,0.1,0,0.01538462,180,0.75,0,1,0,45,1,0,0.807694405769809,0.818144661076171,0.807644713085742,0.819941524563291,0.806642563191171,0.819506292451806,0.811842146515549,0.822512355995517,0.692977794548475,0.694733679155489,0.67243877042872,0.695292125898986,0.697346108933315,0.677129601083974,0.710450557509381,0.712910214135704,0.700428871600043,0.735492577597841,0.732294617563739,0.725609756097561
884,0.1,0,0.01538462,180,0.75,0,1,0,45,1,0,0.797327069977889,0.830952315708887,0.79844788338957,0.829212373661022,0.799596071886051,0.83109772296522,0.829182109863398,0.835245697583117,0.698034051227825,0.684858359937224,0.708867283124709,0.701370729911387,0.688098484805261,0.712756234495365,0.711040016050909,0.698161669992656,0.720826353992183,0.743083003952569,0.747559274755927,0.735353535353535
