"param_id","eir_equil","sig_het","ff","trial_duration","trial_PQ_eff_stratum_1","trial_PQ_eff_stratum_2","trial_PQ_prop_stratum_1","trial_PQ_prop_stratum_2","trial_PQ_proph","is_LLIN_distributed","is_IRS_administered","eff_cph_recurrent_LM","eff_cph_recurrent_PCR","eff_cph_any_relapse_LM","eff_cph_any_relapse_PCR","eff_cph_relapse_LM_trial","eff_cph_relapse_PCR_trial","eff_cph_relapse_LM_all","eff_cph_relapse_PCR_all","eff_incid_recurrent_PCR","eff_incid_recurrent_LM","eff_incid_recurrent_D","eff_incid_any_relapse_PCR","eff_incid_any_relapse_LM","eff_incid_any_relapse_D","eff_incid_relapse_PCR","eff_incid_relapse_LM","eff_incid_relapse_D","eff_risk_relapse_PCR","eff_risk_relapse_LM","eff_risk_relapse_D"
113,0.1,0,0.01538462,180,0.75,0,1,0,28,1,0,0.783833787953793,0.816932851598349,0.786796385821552,0.81389584171424,0.791919396873855,0.817195625026833,0.803777079233672,0.812713875546646,0.68413871415844,0.693724643624443,0.716118912494858,0.684083338702221,0.69368789392256,0.715614804488203,0.693229103589162,0.702550579533904,0.731497098948201,0.738651994497937,0.737373737373737,0.756916996047431
1130,1,0,0.01538462,180,0.75,0,1,0,45,1,0,0.686257278368132,0.73434972961916,0.711538147139569,0.750576089392243,0.731036901927484,0.770135571941769,0.761339114354371,0.790160542796247,0.687235841081995,0.693736730360934,0.672566371681416,0.714071856287425,0.722727272727273,0.695238095238095,0.7309301577084,0.739423666462293,0.747572815533981,0.642857142857143,0.660208643815201,0.744897959183674
1131,1,0,0.01538462,180,0.75,0,1,0,45,1,0,0.671080493110298,0.727101081321463,0.696058270047362,0.75415158929634,0.706660570466908,0.75608188147926,0.775080618024185,0.796696774192743,0.691492000618873,0.697282448689098,0.670083306446943,0.718814440383068,0.722083391293201,0.70748334541438,0.738041918396715,0.748726807376096,0.764109564109564,0.661853188929001,0.690265486725664,0.752577319587629
