"param_id","eir_equil","sig_het","ff","trial_duration","trial_PQ_eff_stratum_1","trial_PQ_eff_stratum_2","trial_PQ_prop_stratum_1","trial_PQ_prop_stratum_2","trial_PQ_proph","is_LLIN_distributed","is_IRS_administered","eff_cph_recurrent_LM","eff_cph_recurrent_PCR","eff_cph_any_relapse_LM","eff_cph_any_relapse_PCR","eff_cph_relapse_LM_trial","eff_cph_relapse_PCR_trial","eff_cph_relapse_LM_all","eff_cph_relapse_PCR_all","eff_incid_recurrent_PCR","eff_incid_recurrent_LM","eff_incid_recurrent_D","eff_incid_any_relapse_PCR","eff_incid_any_relapse_LM","eff_incid_any_relapse_D","eff_incid_relapse_PCR","eff_incid_relapse_LM","eff_incid_relapse_D","eff_risk_relapse_PCR","eff_risk_relapse_LM","eff_risk_relapse_D"
614,100,0,0.01538462,180,0.75,0,1,0,28,1,0,0.329990189929866,0.26145316669635,0.420034644554235,0.505085015607296,0.512450399112421,0.628154717919655,0.7426678633123,0.605079440066699,0.376106447300597,0.540812150576349,0.475102220864933,0.524801299698356,0.630514004336513,0.605046907372489,0.733783611553742,0.784495412443011,0.476714810048143,0.152129817444219,0.707482993197279,0.45
615,100,0,0.01538462,180,0.75,0,1,0,28,1,0,0.274813435528675,0.280375587721374,0.45370824528753,0.598458301963684,0.718623796956229,0.68589531696634,0.722500759447969,0.588781312923405,0.365943739924534,0.545856688713832,0.484778896543602,0.518788950546784,0.636299824801239,0.562062062062062,0.715243024575996,0.802455855523849,0.785499785499785,0.133064516129032,0.670428893905192,0.777777777777778
616,100,0,0.01538462,180,0.75,0,1,0,28,1,0,0.437645560304692,0.170778634839564,0.589222791426277,0.534626029274492,0.72053597278255,0.627605843425959,0.699277612396583,0.521866328364815,0.360145590880858,0.553900163171686,0.44056056056056,0.511063009070977,0.631400558552876,0.588647471000412,0.708144313044772,0.793843714737954,0.909181909181909,0.128048780487805,0.645687645687646,0.909090909090909
