"param_id","eir_equil","sig_het","ff","trial_duration","trial_PQ_eff_stratum_1","trial_PQ_eff_stratum_2","trial_PQ_prop_stratum_1","trial_PQ_prop_stratum_2","trial_PQ_proph","is_LLIN_distributed","is_IRS_administered","eff_cph_recurrent_LM","eff_cph_recurrent_PCR","eff_cph_any_relapse_LM","eff_cph_any_relapse_PCR","eff_cph_relapse_LM_trial","eff_cph_relapse_PCR_trial","eff_cph_relapse_LM_all","eff_cph_relapse_PCR_all","eff_incid_recurrent_PCR","eff_incid_recurrent_LM","eff_incid_recurrent_D","eff_incid_any_relapse_PCR","eff_incid_any_relapse_LM","eff_incid_any_relapse_D","eff_incid_relapse_PCR","eff_incid_relapse_LM","eff_incid_relapse_D","eff_risk_relapse_PCR","eff_risk_relapse_LM","eff_risk_relapse_D"
1349,10,0,0.01538462,180,0.75,0,1,0,45,1,0,0.485338406280783,0.596129080224641,0.593197647724051,0.652185780791783,0.591089734883887,0.678085109043945,0.703817749356436,0.675364524481675,0.64263740756997,0.735339556912955,0.75975975975976,0.700565736856986,0.767527089931462,0.6996996996997,0.74024991599684,0.794428071001858,0.777555333110889,0.260869565217391,0.680904522613065,0.777777777777778
135,0.1,0,0.01538462,180,0.75,0,1,0,28,1,0,0.777634265985788,0.816042200084158,0.784462672963699,0.817093905862856,0.783162136878047,0.817660321240517,0.81067766728055,0.821319951075931,0.70047481109428,0.699636063272427,0.643689784534855,0.701817630548143,0.700916527532011,0.646175738720726,0.718997464206032,0.718630547646092,0.676719521077498,0.73734610123119,0.7310443490701,0.729508196721312
1350,10,0,0.01538462,180,0.75,0,1,0,45,1,0,0.573575619545153,0.605809185053629,0.639629095467957,0.65915252593913,0.685959950290938,0.6744327751623,0.702015187038538,0.679127497289459,0.652032969547734,0.686538853107284,0.67677290063999,0.7029726967995,0.70071323272175,0.732798931195725,0.736314734732623,0.744071952342541,0.723585101236957,0.294472361809045,0.6953125,0.730769230769231
