"param_id","eir_equil","sig_het","ff","trial_duration","trial_PQ_eff_stratum_1","trial_PQ_eff_stratum_2","trial_PQ_prop_stratum_1","trial_PQ_prop_stratum_2","trial_PQ_proph","is_LLIN_distributed","is_IRS_administered","eff_cph_recurrent_LM","eff_cph_recurrent_PCR","eff_cph_any_relapse_LM","eff_cph_any_relapse_PCR","eff_cph_relapse_LM_trial","eff_cph_relapse_PCR_trial","eff_cph_relapse_LM_all","eff_cph_relapse_PCR_all","eff_incid_recurrent_PCR","eff_incid_recurrent_LM","eff_incid_recurrent_D","eff_incid_any_relapse_PCR","eff_incid_any_relapse_LM","eff_incid_any_relapse_D","eff_incid_relapse_PCR","eff_incid_relapse_LM","eff_incid_relapse_D","eff_risk_relapse_PCR","eff_risk_relapse_LM","eff_risk_relapse_D"
374,1,0,0.01538462,180,0.75,0,1,0,28,1,0,0.637345321014875,0.688013124151909,0.690123578781477,0.737442183886013,0.733488473540608,0.770680218799103,0.780135162105128,0.797768836544502,0.649448985343856,0.654069680851064,0.565652173913044,0.692249776984835,0.697323777403035,0.624436090225564,0.731431034482759,0.734971532404603,0.68032,0.65952380952381,0.697503671071953,0.673076923076923
375,1,0,0.01538462,180,0.75,0,1,0,28,1,0,0.682943410666666,0.717958291067442,0.692720568377997,0.75626900729545,0.732346988697998,0.76717947048661,0.772994238428389,0.792866676603526,0.662351969154503,0.682890855457227,0.658333333333333,0.691383352872216,0.712721584984359,0.657894736842105,0.716190476190476,0.73371104815864,0.679611650485437,0.645274212368728,0.681948424068768,0.67741935483871
376,1,0,0.01538462,180,0.75,0,1,0,28,1,0,0.692788089000416,0.710784159430182,0.738928221676932,0.760190025158412,0.772469486019142,0.777332376986188,0.778466632043525,0.796586512442247,0.658418952618454,0.679054298642534,0.6004,0.691706769139817,0.709411225040475,0.624436090225564,0.718809554551323,0.742326086956522,0.701911290322581,0.661556603773585,0.693333333333333,0.697247706422018
