"param_id","eir_equil","sig_het","ff","trial_duration","trial_PQ_eff_stratum_1","trial_PQ_eff_stratum_2","trial_PQ_prop_stratum_1","trial_PQ_prop_stratum_2","trial_PQ_proph","is_LLIN_distributed","is_IRS_administered","eff_cph_recurrent_LM","eff_cph_recurrent_PCR","eff_cph_any_relapse_LM","eff_cph_any_relapse_PCR","eff_cph_relapse_LM_trial","eff_cph_relapse_PCR_trial","eff_cph_relapse_LM_all","eff_cph_relapse_PCR_all","eff_incid_recurrent_PCR","eff_incid_recurrent_LM","eff_incid_recurrent_D","eff_incid_any_relapse_PCR","eff_incid_any_relapse_LM","eff_incid_any_relapse_D","eff_incid_relapse_PCR","eff_incid_relapse_LM","eff_incid_relapse_D","eff_risk_relapse_PCR","eff_risk_relapse_LM","eff_risk_relapse_D"
28,0.1,0,0.01538462,180,0.75,0,1,0,28,1,0,0.813383331649289,0.845083771747774,0.817577625350441,0.847404907395276,0.816541559129258,0.849188170552245,0.835707104894135,0.846474346031184,0.735687533440342,0.730188679245283,0.732515337423313,0.737210554658051,0.731305449936629,0.734820322180917,0.752298539751217,0.749363867684478,0.759950248756219,0.77376171352075,0.770212765957447,0.778656126482213
280,1,0,0.01538462,180,0.75,0,1,0,28,1,0,0.600258886523027,0.698080973254708,0.638788514659591,0.738248875396971,0.656857587119959,0.759794376208953,0.765077027358704,0.791123026670702,0.680239603464172,0.678156530683889,0.537352478528949,0.714792074080496,0.705783131197496,0.578525894315368,0.733658270243636,0.722482773330231,0.609132942466276,0.644107351225204,0.678779069767442,0.604166666666667
281,1,0,0.01538462,180,0.75,0,1,0,28,1,0,0.645006261835529,0.683731062087283,0.707948767724442,0.749474309191903,0.757495964248927,0.785192570378512,0.785896569158452,0.810598520314737,0.663668361581921,0.662050204918033,0.649351351351351,0.708904084720121,0.703727322704783,0.676838095238095,0.7505,0.746404863221884,0.72220618556701,0.661556603773585,0.69054441260745,0.720430107526882
