"param_id","eir_equil","sig_het","ff","trial_duration","trial_PQ_eff_stratum_1","trial_PQ_eff_stratum_2","trial_PQ_prop_stratum_1","trial_PQ_prop_stratum_2","trial_PQ_proph","is_LLIN_distributed","is_IRS_administered","eff_cph_recurrent_LM","eff_cph_recurrent_PCR","eff_cph_any_relapse_LM","eff_cph_any_relapse_PCR","eff_cph_relapse_LM_trial","eff_cph_relapse_PCR_trial","eff_cph_relapse_LM_all","eff_cph_relapse_PCR_all","eff_incid_recurrent_PCR","eff_incid_recurrent_LM","eff_incid_recurrent_D","eff_incid_any_relapse_PCR","eff_incid_any_relapse_LM","eff_incid_any_relapse_D","eff_incid_relapse_PCR","eff_incid_relapse_LM","eff_incid_relapse_D","eff_risk_relapse_PCR","eff_risk_relapse_LM","eff_risk_relapse_D"
1102,1,0,0.01538462,180,0.75,0,1,0,45,1,0,0.636500596171915,0.699075704728239,0.688815412242711,0.737845405343396,0.709510214695616,0.753512037883615,0.776129828550758,0.777515882027658,0.661472238122496,0.662784810126582,0.708625,0.698019178082192,0.698160090191657,0.738723076923077,0.716795424403183,0.722945645460161,0.771415254237288,0.643031784841076,0.697503671071953,0.75
1103,1,0,0.01538462,180,0.75,0,1,0,45,1,0,0.658391762785349,0.702190031984944,0.704293895631497,0.749570229811844,0.712774027156091,0.757752080358081,0.759123365267569,0.787255531302457,0.66494774445917,0.668920960809937,0.697808315042784,0.699032880124217,0.704840289465382,0.768131303930174,0.719742215592752,0.725103413477787,0.7701825669688,0.660583941605839,0.682634730538922,0.736263736263736
1104,1,0,0.01538462,180,0.75,0,1,0,45,1,0,0.607935150898396,0.68926755069961,0.644379734552094,0.72203034726667,0.664636148739814,0.736534749453221,0.762038106665876,0.787460003427573,0.662723826188393,0.639883172561629,0.537975609756098,0.697580764488286,0.674264322178106,0.587448275862069,0.71485531628533,0.69222229179712,0.628390909090909,0.641555285540705,0.661194029850746,0.62
