"param_id","eir_equil","sig_het","ff","trial_duration","trial_PQ_eff_stratum_1","trial_PQ_eff_stratum_2","trial_PQ_prop_stratum_1","trial_PQ_prop_stratum_2","trial_PQ_proph","is_LLIN_distributed","is_IRS_administered","eff_cph_recurrent_LM","eff_cph_recurrent_PCR","eff_cph_any_relapse_LM","eff_cph_any_relapse_PCR","eff_cph_relapse_LM_trial","eff_cph_relapse_PCR_trial","eff_cph_relapse_LM_all","eff_cph_relapse_PCR_all","eff_incid_recurrent_PCR","eff_incid_recurrent_LM","eff_incid_recurrent_D","eff_incid_any_relapse_PCR","eff_incid_any_relapse_LM","eff_incid_any_relapse_D","eff_incid_relapse_PCR","eff_incid_relapse_LM","eff_incid_relapse_D","eff_risk_relapse_PCR","eff_risk_relapse_LM","eff_risk_relapse_D"
38,0.1,0,0.01538462,180,0.75,0,1,0,28,1,0,0.812433815055336,0.827865285924653,0.814240126078097,0.827509651936958,0.815019718066385,0.828556540882998,0.826806662751878,0.828396689002216,0.7315296566077,0.733611442193087,0.758698092031425,0.733820459290188,0.735803945008966,0.761529808773903,0.745292887029289,0.747153984421809,0.775141242937853,0.743658210947931,0.75,0.767924528301887
380,1,0,0.01538462,180,0.75,0,1,0,28,1,0,0.673785485284534,0.691585551633933,0.725094659826249,0.737844027613635,0.756117847628827,0.75512608404729,0.800328953124807,0.807531619553245,0.685824964635374,0.693748847929612,0.629881982823159,0.721097295829388,0.726117132957358,0.689955442167832,0.743873180896664,0.752363688592386,0.726141235575198,0.673784104389087,0.711673699015471,0.731958762886598
381,1,0,0.01538462,180,0.75,0,1,0,28,1,0,0.6310853271076,0.672047581261378,0.702881167307882,0.739619225371378,0.729565708557037,0.754403397200467,0.778263298190889,0.81057057778261,0.673925501432665,0.668562564632885,0.666666666666667,0.707711063700091,0.702374378796245,0.707142857142857,0.735059760956175,0.734756097560976,0.736434108527132,0.678362573099415,0.69683908045977,0.715596330275229
