"param_id","eir_equil","sig_het","ff","trial_duration","trial_PQ_eff_stratum_1","trial_PQ_eff_stratum_2","trial_PQ_prop_stratum_1","trial_PQ_prop_stratum_2","trial_PQ_proph","is_LLIN_distributed","is_IRS_administered","eff_cph_recurrent_LM","eff_cph_recurrent_PCR","eff_cph_any_relapse_LM","eff_cph_any_relapse_PCR","eff_cph_relapse_LM_trial","eff_cph_relapse_PCR_trial","eff_cph_relapse_LM_all","eff_cph_relapse_PCR_all","eff_incid_recurrent_PCR","eff_incid_recurrent_LM","eff_incid_recurrent_D","eff_incid_any_relapse_PCR","eff_incid_any_relapse_LM","eff_incid_any_relapse_D","eff_incid_relapse_PCR","eff_incid_relapse_LM","eff_incid_relapse_D","eff_risk_relapse_PCR","eff_risk_relapse_LM","eff_risk_relapse_D"
85,0.1,0,0.01538462,180,0.75,0,1,0,28,1,0,0.791813002651942,0.815873331400166,0.793780873241448,0.816635982324527,0.79778879315335,0.820052513917958,0.81731358793652,0.824202680322148,0.708517793984502,0.701717380978342,0.713363156631111,0.709183779451975,0.702175131118661,0.714766957227338,0.720230367482084,0.712987445105674,0.731319958490166,0.739189189189189,0.740845070422535,0.745019920318725
850,0.1,0,0.01538462,180,0.75,0,1,0,45,1,0,0.812617526951908,0.828638033972947,0.815729124247923,0.831451581466773,0.815605111523085,0.831543197483007,0.830080600895025,0.838393824216555,0.724627291188033,0.718468186372745,0.736054197948135,0.725171324792442,0.719231145217264,0.735655290556081,0.738303823909819,0.733499466465398,0.755760572979081,0.756393001345895,0.753889674681754,0.748987854251012
851,0.1,0,0.01538462,180,0.75,0,1,0,45,1,0,0.787725072115402,0.825025894603404,0.795291533090963,0.829334207678523,0.796142201386615,0.832737910215632,0.816301726283305,0.832388454350233,0.726819848975189,0.721899430740038,0.732799291617473,0.728777176852353,0.724180203045685,0.736262158956109,0.743984256243214,0.740907006369427,0.752231866825208,0.762483130904184,0.753956834532374,0.754
