"param_id","eir_equil","sig_het","ff","trial_duration","trial_PQ_eff_stratum_1","trial_PQ_eff_stratum_2","trial_PQ_prop_stratum_1","trial_PQ_prop_stratum_2","trial_PQ_proph","is_LLIN_distributed","is_IRS_administered","eff_cph_recurrent_LM","eff_cph_recurrent_PCR","eff_cph_any_relapse_LM","eff_cph_any_relapse_PCR","eff_cph_relapse_LM_trial","eff_cph_relapse_PCR_trial","eff_cph_relapse_LM_all","eff_cph_relapse_PCR_all","eff_incid_recurrent_PCR","eff_incid_recurrent_LM","eff_incid_recurrent_D","eff_incid_any_relapse_PCR","eff_incid_any_relapse_LM","eff_incid_any_relapse_D","eff_incid_relapse_PCR","eff_incid_relapse_LM","eff_incid_relapse_D","eff_risk_relapse_PCR","eff_risk_relapse_LM","eff_risk_relapse_D"
785,100,0,0.01538462,180,0.75,0,1,0,28,1,0,0.398086480033741,0.241400388852094,0.584098726094569,0.540515129764657,0.780660279840402,0.605856632239488,0.692406871669143,0.566582617876765,0.365703433762768,0.509965200885796,0.626666666666667,0.508977508977509,0.587294117647059,0.771929824561403,0.716225436681223,0.756756756756757,0.942857142857143,0.122860020140987,0.651162790697674,0.941176470588235
786,100,0,0.01538462,180,0.75,0,1,0,28,1,0,0.44481378944437,0.246766347276066,0.567378580518166,0.556123643663506,0.633503628958683,0.65810775314766,0.715412642304924,0.563104425791729,0.358375717017208,0.536673343605547,0.644423728813559,0.504837164824236,0.615026243093923,0.7003,0.704268658800531,0.779075060532688,0.75025,0.138972809667674,0.657718120805369,0.727272727272727
787,100,0,0.01538462,180,0.75,0,1,0,28,1,0,0.356579795032343,0.233982559772894,0.476209406472282,0.556032551908234,0.657758690338539,0.633647143911165,0.721334058588033,0.553858917128653,0.354951089884562,0.547212582232038,0.528099528099528,0.506712985324769,0.64081445562927,0.65965965965966,0.721165018977152,0.785061134754386,0.63963963963964,0.139112903225806,0.68957345971564,0.75
