"param_id","eir_equil","sig_het","ff","trial_duration","trial_PQ_eff_stratum_1","trial_PQ_eff_stratum_2","trial_PQ_prop_stratum_1","trial_PQ_prop_stratum_2","trial_PQ_proph","is_LLIN_distributed","is_IRS_administered","eff_cph_recurrent_LM","eff_cph_recurrent_PCR","eff_cph_any_relapse_LM","eff_cph_any_relapse_PCR","eff_cph_relapse_LM_trial","eff_cph_relapse_PCR_trial","eff_cph_relapse_LM_all","eff_cph_relapse_PCR_all","eff_incid_recurrent_PCR","eff_incid_recurrent_LM","eff_incid_recurrent_D","eff_incid_any_relapse_PCR","eff_incid_any_relapse_LM","eff_incid_any_relapse_D","eff_incid_relapse_PCR","eff_incid_relapse_LM","eff_incid_relapse_D","eff_risk_relapse_PCR","eff_risk_relapse_LM","eff_risk_relapse_D"
799,100,0,0.01538462,180,0.75,0,1,0,28,1,0,0.395520409130762,0.257446406218091,0.536883739493435,0.534560514862467,0.675972301895775,0.620791312914562,0.751037888522679,0.588749588229643,0.377518747130541,0.583307668617185,0.662162162162162,0.524904214559387,0.656407900780891,0.68,0.725059181602976,0.807846277021617,0.774193548387097,0.142568250758342,0.701559020044543,0.75
8,0.1,0,0.01538462,180,0.75,0,1,0,28,1,0,0.784638339757036,0.810183029544253,0.786491391494295,0.811454558877372,0.791904598788488,0.817376162864943,0.805682204612685,0.81448904920391,0.695598960304843,0.691672231161903,0.690766281155297,0.698328465451753,0.694578866320645,0.695447456641487,0.718766385433052,0.715923874945282,0.727524525679082,0.728971962616823,0.727399165507649,0.729166666666667
80,0.1,0,0.01538462,180,0.75,0,1,0,28,1,0,0.796207033286305,0.839046864818925,0.800631946032879,0.838776912283592,0.80564267030567,0.842126538381682,0.846745458203336,0.853193058743123,0.720237200043339,0.71462416877264,0.738444182888627,0.723507291074859,0.718742522246903,0.742389448271801,0.7425218133665,0.738238553613475,0.767955378312962,0.78255033557047,0.782670454545455,0.784114052953157
