"param_id","eir_equil","sig_het","ff","trial_duration","trial_PQ_eff_stratum_1","trial_PQ_eff_stratum_2","trial_PQ_prop_stratum_1","trial_PQ_prop_stratum_2","trial_PQ_proph","is_LLIN_distributed","is_IRS_administered","eff_cph_recurrent_LM","eff_cph_recurrent_PCR","eff_cph_any_relapse_LM","eff_cph_any_relapse_PCR","eff_cph_relapse_LM_trial","eff_cph_relapse_PCR_trial","eff_cph_relapse_LM_all","eff_cph_relapse_PCR_all","eff_incid_recurrent_PCR","eff_incid_recurrent_LM","eff_incid_recurrent_D","eff_incid_any_relapse_PCR","eff_incid_any_relapse_LM","eff_incid_any_relapse_D","eff_incid_relapse_PCR","eff_incid_relapse_LM","eff_incid_relapse_D","eff_risk_relapse_PCR","eff_risk_relapse_LM","eff_risk_relapse_D"
441,10,0,0.01538462,180,0.75,0,1,0,28,1,0,0.746521520471506,0.593503366310741,0.792496080292906,0.69112112725906,0.844859537634768,0.735393042689677,0.747995191718172,0.665572647665062,0.615058483560013,0.752977397001473,0.845999845999846,0.680250881987585,0.789721958163391,0.833166499833166,0.736701194531442,0.844633990975454,0.666332999666333,0.273279352226721,0.724324324324324,0.666666666666667
442,10,0,0.01538462,180,0.75,0,1,0,28,1,0,0.597914260000846,0.548157487086804,0.636303872222219,0.627330348738569,0.727841160925118,0.663073948472722,0.745308816033008,0.697996676528992,0.637529720763063,0.733672159583695,0.783260869565217,0.695493009678906,0.764293612964728,0.762619047619048,0.742687121942667,0.796486427795874,0.85045,0.268762677484787,0.712041884816754,0.85
443,10,0,0.01538462,180,0.75,0,1,0,28,1,0,0.528728941095499,0.579758723621279,0.615778234284179,0.656966493384093,0.661031437553917,0.70038068593261,0.721541733517364,0.685476763404392,0.620441464525673,0.710358216432866,0.749498997995992,0.678518262425458,0.732536712286201,0.874749498997996,0.734776589989256,0.775241089914636,0.933199732798931,0.272452068617558,0.69949494949495,0.933333333333333
