"param_id","eir_equil","sig_het","ff","trial_duration","trial_PQ_eff_stratum_1","trial_PQ_eff_stratum_2","trial_PQ_prop_stratum_1","trial_PQ_prop_stratum_2","trial_PQ_proph","is_LLIN_distributed","is_IRS_administered","eff_cph_recurrent_LM","eff_cph_recurrent_PCR","eff_cph_any_relapse_LM","eff_cph_any_relapse_PCR","eff_cph_relapse_LM_trial","eff_cph_relapse_PCR_trial","eff_cph_relapse_LM_all","eff_cph_relapse_PCR_all","eff_incid_recurrent_PCR","eff_incid_recurrent_LM","eff_incid_recurrent_D","eff_incid_any_relapse_PCR","eff_incid_any_relapse_LM","eff_incid_any_relapse_D","eff_incid_relapse_PCR","eff_incid_relapse_LM","eff_incid_relapse_D","eff_risk_relapse_PCR","eff_risk_relapse_LM","eff_risk_relapse_D"
885,0.1,0,0.01538462,180,0.75,0,1,0,45,1,0,0.771214191212523,0.803566422553774,0.774886474815357,0.803266302783202,0.777907561580558,0.806943041123616,0.793293273348649,0.806991509376389,0.670839853938445,0.655677655677656,0.658049353701528,0.674004192872117,0.658491722869405,0.660777385159011,0.691900476442562,0.678637770897833,0.690391459074733,0.714854111405836,0.709902370990237,0.715930902111324
886,0.1,0,0.01538462,180,0.75,0,1,0,45,1,0,0.791412217042465,0.814777777489163,0.792112091298182,0.814598880931982,0.794237993207851,0.817051461956115,0.807767088763807,0.822739129810305,0.688488816148391,0.680757097791798,0.696139476961395,0.68859649122807,0.681242078580482,0.695869837296621,0.701320132013201,0.69529262086514,0.712846347607053,0.725304465493911,0.716524216524216,0.727642276422764
887,0.1,0,0.01538462,180,0.75,0,1,0,45,1,0,0.823925154712378,0.835805825048733,0.826243005231038,0.838106871343248,0.825273572030406,0.838776802047039,0.834392930493658,0.839820861397983,0.712337934842628,0.720382465057179,0.733712296983759,0.712646733111849,0.720763543658381,0.734797202797203,0.722223333333333,0.731356777493606,0.751665887850467,0.759233926128591,0.758226037195994,0.769980506822612
