"param_id","eir_equil","sig_het","ff","trial_duration","trial_PQ_eff_stratum_1","trial_PQ_eff_stratum_2","trial_PQ_prop_stratum_1","trial_PQ_prop_stratum_2","trial_PQ_proph","is_LLIN_distributed","is_IRS_administered","eff_cph_recurrent_LM","eff_cph_recurrent_PCR","eff_cph_any_relapse_LM","eff_cph_any_relapse_PCR","eff_cph_relapse_LM_trial","eff_cph_relapse_PCR_trial","eff_cph_relapse_LM_all","eff_cph_relapse_PCR_all","eff_incid_recurrent_PCR","eff_incid_recurrent_LM","eff_incid_recurrent_D","eff_incid_any_relapse_PCR","eff_incid_any_relapse_LM","eff_incid_any_relapse_D","eff_incid_relapse_PCR","eff_incid_relapse_LM","eff_incid_relapse_D","eff_risk_relapse_PCR","eff_risk_relapse_LM","eff_risk_relapse_D"
1376,10,0,0.01538462,180,0.75,0,1,0,45,1,0,0.491577089920775,0.632070903434889,0.58099070767021,0.696033938528752,0.632304248143022,0.689706153023487,0.724069204864142,0.700179911275544,0.650871736494622,0.745248590706593,0.646705175055994,0.703536534230112,0.769618634253431,0.749749498997996,0.736004343911068,0.787561281733016,0.733066132264529,0.269969666329626,0.700787401574803,0.666666666666667
1377,10,0,0.01538462,180,0.75,0,1,0,45,1,0,0.640512969803333,0.576554147913902,0.648643077226746,0.65377099844216,0.632880660004283,0.656121412587581,0.696272609928812,0.664904933419706,0.644870041039672,0.738980121002593,0.941176470588235,0.702394526795895,0.778625954198473,0.9375,0.735196795541623,0.790163934426229,0.9,0.262891809908999,0.67948717948718,0.9
1378,10,0,0.01538462,180,0.75,0,1,0,45,1,0,0.614940632991549,0.57839599372979,0.710275544377539,0.635692856612519,0.740379430521009,0.677593196363281,0.774147260906149,0.674163170933366,0.654016835934837,0.769259842519685,0.8335,0.708883618730111,0.810948126801153,0.909181818181818,0.741229733275033,0.820466372657111,1,0.277217741935484,0.749379652605459,1
