"param_id","eir_equil","sig_het","ff","trial_duration","trial_PQ_eff_stratum_1","trial_PQ_eff_stratum_2","trial_PQ_prop_stratum_1","trial_PQ_prop_stratum_2","trial_PQ_proph","is_LLIN_distributed","is_IRS_administered","eff_cph_recurrent_LM","eff_cph_recurrent_PCR","eff_cph_any_relapse_LM","eff_cph_any_relapse_PCR","eff_cph_relapse_LM_trial","eff_cph_relapse_PCR_trial","eff_cph_relapse_LM_all","eff_cph_relapse_PCR_all","eff_incid_recurrent_PCR","eff_incid_recurrent_LM","eff_incid_recurrent_D","eff_incid_any_relapse_PCR","eff_incid_any_relapse_LM","eff_incid_any_relapse_D","eff_incid_relapse_PCR","eff_incid_relapse_LM","eff_incid_relapse_D","eff_risk_relapse_PCR","eff_risk_relapse_LM","eff_risk_relapse_D"
293,1,0,0.01538462,180,0.75,0,1,0,28,1,0,0.689244891194077,0.698684359681711,0.723086108237572,0.744079405955359,0.772658369251292,0.777435965817399,0.776302210357607,0.798912238819232,0.674320401161256,0.668304668304668,0.682758620689655,0.707454289732771,0.691099476439791,0.720588235294118,0.744972577696527,0.735177865612648,0.807692307692308,0.651108518086348,0.679775280898876,0.805084745762712
294,1,0,0.01538462,180,0.75,0,1,0,28,1,0,0.68162058937023,0.690070595108209,0.73278838305308,0.744432788223184,0.776132036013186,0.776629378134889,0.794946864989414,0.81124731697296,0.661652475532602,0.657426375669972,0.690957144194554,0.700116885551402,0.697509800303096,0.767150609255872,0.729639428937792,0.728939498123046,0.781731311143076,0.673886883273165,0.705797101449275,0.766990291262136
295,1,0,0.01538462,180,0.75,0,1,0,28,1,0,0.677784655650273,0.694771720405331,0.721004625527756,0.754759035319496,0.767935532821118,0.789095069145381,0.780127032473579,0.807544543801102,0.638372093023256,0.637735849056604,0.710743801652893,0.681230769230769,0.678082191780822,0.736363636363636,0.72938829787234,0.719875776397515,0.77,0.666666666666667,0.686695278969957,0.75531914893617
