"param_id","eir_equil","sig_het","ff","trial_duration","trial_PQ_eff_stratum_1","trial_PQ_eff_stratum_2","trial_PQ_prop_stratum_1","trial_PQ_prop_stratum_2","trial_PQ_proph","is_LLIN_distributed","is_IRS_administered","eff_cph_recurrent_LM","eff_cph_recurrent_PCR","eff_cph_any_relapse_LM","eff_cph_any_relapse_PCR","eff_cph_relapse_LM_trial","eff_cph_relapse_PCR_trial","eff_cph_relapse_LM_all","eff_cph_relapse_PCR_all","eff_incid_recurrent_PCR","eff_incid_recurrent_LM","eff_incid_recurrent_D","eff_incid_any_relapse_PCR","eff_incid_any_relapse_LM","eff_incid_any_relapse_D","eff_incid_relapse_PCR","eff_incid_relapse_LM","eff_incid_relapse_D","eff_risk_relapse_PCR","eff_risk_relapse_LM","eff_risk_relapse_D"
355,1,0,0.01538462,180,0.75,0,1,0,28,1,0,0.678971977963307,0.692556256324891,0.725291850813672,0.74440304529937,0.768743554287256,0.770393016461512,0.778529393856092,0.804593747251226,0.662002066811686,0.675731831761683,0.735905920367868,0.696741853105785,0.712372403208621,0.751640032201154,0.723998895995584,0.741048361783809,0.765886914014946,0.663875598086124,0.685459940652819,0.739130434782609
356,1,0,0.01538462,180,0.75,0,1,0,28,1,0,0.640293259335141,0.684754489849581,0.669825089085788,0.734516536143339,0.681767318606908,0.751839784974129,0.766586626961856,0.791592140275744,0.669772859638905,0.678904109589041,0.648854961832061,0.707697101900904,0.70939161252215,0.696,0.73945325683429,0.730550284629981,0.711711711711712,0.665450121654501,0.692307692307692,0.752475247524752
357,1,0,0.01538462,180,0.75,0,1,0,28,1,0,0.673090750528713,0.703278598151436,0.714590177267037,0.747568885657336,0.747732493820967,0.775279828977971,0.77839351854296,0.802080365631889,0.676879676879677,0.660908942503069,0.650813604301976,0.708016444418118,0.691132574015457,0.683016349683016,0.736085034954179,0.715940493238457,0.700635214653906,0.664302600472813,0.69208211143695,0.73
