"param_id","eir_equil","sig_het","ff","trial_duration","trial_PQ_eff_stratum_1","trial_PQ_eff_stratum_2","trial_PQ_prop_stratum_1","trial_PQ_prop_stratum_2","trial_PQ_proph","is_LLIN_distributed","is_IRS_administered","eff_cph_recurrent_LM","eff_cph_recurrent_PCR","eff_cph_any_relapse_LM","eff_cph_any_relapse_PCR","eff_cph_relapse_LM_trial","eff_cph_relapse_PCR_trial","eff_cph_relapse_LM_all","eff_cph_relapse_PCR_all","eff_incid_recurrent_PCR","eff_incid_recurrent_LM","eff_incid_recurrent_D","eff_incid_any_relapse_PCR","eff_incid_any_relapse_LM","eff_incid_any_relapse_D","eff_incid_relapse_PCR","eff_incid_relapse_LM","eff_incid_relapse_D","eff_risk_relapse_PCR","eff_risk_relapse_LM","eff_risk_relapse_D"
1132,1,0,0.01538462,180,0.75,0,1,0,45,1,0,0.693453656010292,0.734471652988374,0.744941526164744,0.770214259268533,0.766532753796361,0.781739691220202,0.777135944834261,0.795518352733521,0.680401304605126,0.685714075419958,0.729303497045433,0.709393280118987,0.71695028361695,0.77487346501431,0.718624739005628,0.727102712468566,0.818363818363818,0.648390941597139,0.678832116788321,0.818965517241379
1133,1,0,0.01538462,180,0.75,0,1,0,45,1,0,0.695012543525372,0.719906406141936,0.725430704252924,0.758205681221201,0.747575886003822,0.776683284204146,0.787401115684106,0.81539046232537,0.676747503566334,0.683385579937304,0.674418604651163,0.7116434202547,0.712298274902615,0.704,0.731436048413477,0.732132132132132,0.724137931034483,0.676814988290398,0.701854493580599,0.726415094339623
1134,1,0,0.01538462,180,0.75,0,1,0,45,1,0,0.72906825139858,0.766652794784343,0.77174706022654,0.800639811677283,0.78424885050634,0.814609893923564,0.803270423006557,0.830807424846118,0.72126144001144,0.696337724506739,0.626745389457254,0.752280537527414,0.731509935591568,0.678577660229036,0.767388888727801,0.751020055588584,0.686555242110798,0.711084905660377,0.73542600896861,0.75531914893617
