"param_id","eir_equil","sig_het","ff","trial_duration","trial_PQ_eff_stratum_1","trial_PQ_eff_stratum_2","trial_PQ_prop_stratum_1","trial_PQ_prop_stratum_2","trial_PQ_proph","is_LLIN_distributed","is_IRS_administered","eff_cph_recurrent_LM","eff_cph_recurrent_PCR","eff_cph_any_relapse_LM","eff_cph_any_relapse_PCR","eff_cph_relapse_LM_trial","eff_cph_relapse_PCR_trial","eff_cph_relapse_LM_all","eff_cph_relapse_PCR_all","eff_incid_recurrent_PCR","eff_incid_recurrent_LM","eff_incid_recurrent_D","eff_incid_any_relapse_PCR","eff_incid_any_relapse_LM","eff_incid_any_relapse_D","eff_incid_relapse_PCR","eff_incid_relapse_LM","eff_incid_relapse_D","eff_risk_relapse_PCR","eff_risk_relapse_LM","eff_risk_relapse_D"
1257,10,0,0.01538462,180,0.75,0,1,0,45,1,0,0.573512440209449,0.624273419290705,0.575167337676273,0.666799730915986,0.632251212582791,0.674631790933765,0.753448467119115,0.662354050687519,0.653848804355317,0.746166950596252,0.842105263157895,0.70740655812887,0.779026217228464,0.875,0.73390218156228,0.798941798941799,0.875,0.273003033367037,0.739240506329114,0.866666666666667
1258,10,0,0.01538462,180,0.75,0,1,0,45,1,0,0.731248813702048,0.598145085503553,0.772401719361452,0.635500906736755,0.794766435315059,0.654504372396775,0.761727112431424,0.699066102865226,0.650111607142857,0.770096463022508,0.84,0.704658000619004,0.806678383128295,0.9,0.742259857105054,0.845167652859961,0.875,0.267676767676768,0.759213759213759,0.875
1259,10,0,0.01538462,180,0.75,0,1,0,45,1,0,0.601292909206091,0.58516613716011,0.639912260757767,0.652930482650864,0.615669978935721,0.657410155506132,0.702976733912317,0.681993156403185,0.647330378782633,0.678334866605336,0.6004,0.700947100555213,0.711354508196721,0.64036,0.730445355914263,0.728300475059382,0.571857142857143,0.284412955465587,0.682666666666667,0.55
