"param_id","eir_equil","sig_het","ff","trial_duration","trial_PQ_eff_stratum_1","trial_PQ_eff_stratum_2","trial_PQ_prop_stratum_1","trial_PQ_prop_stratum_2","trial_PQ_proph","is_LLIN_distributed","is_IRS_administered","eff_cph_recurrent_LM","eff_cph_recurrent_PCR","eff_cph_any_relapse_LM","eff_cph_any_relapse_PCR","eff_cph_relapse_LM_trial","eff_cph_relapse_PCR_trial","eff_cph_relapse_LM_all","eff_cph_relapse_PCR_all","eff_incid_recurrent_PCR","eff_incid_recurrent_LM","eff_incid_recurrent_D","eff_incid_any_relapse_PCR","eff_incid_any_relapse_LM","eff_incid_any_relapse_D","eff_incid_relapse_PCR","eff_incid_relapse_LM","eff_incid_relapse_D","eff_risk_relapse_PCR","eff_risk_relapse_LM","eff_risk_relapse_D"
706,100,0,0.01538462,180,0.75,0,1,0,28,1,0,0.320992637103637,0.203795312772835,0.437689235819559,0.502133599629095,0.546822093547199,0.597156599326528,0.689883312833175,0.589614258468759,0.378130338535997,0.568192892005137,0.472100512062503,0.524265529428677,0.620429917202588,0.614227297276445,0.727480299040847,0.756336146247931,0.807113648638222,0.143001007049345,0.657210401891253,0.8
707,100,0,0.01538462,180,0.75,0,1,0,28,1,0,0.309988337486694,0.236069564993472,0.470405813150981,0.542464915620836,0.629524879109464,0.643549872265647,0.717242259322611,0.556534337770442,0.367047941357069,0.532579506141965,0.677643745440356,0.518014163945011,0.632933714964965,0.736578683947105,0.714358256067276,0.805902430796588,0.874874874874875,0.125506072874494,0.665116279069767,0.842105263157895
708,100,0,0.01538462,180,0.75,0,1,0,28,1,0,0.325651191269791,0.285101012131956,0.410497797678797,0.556172610866544,0.602342752343402,0.664721859472921,0.732245697878431,0.590759593760111,0.372031288819876,0.598085949405669,0.676380281690141,0.524514969832657,0.679825309491059,0.7558,0.727790281329923,0.824044444444444,0.889,0.147623862487361,0.701559020044543,0.884615384615385
