"param_id","eir_equil","sig_het","ff","trial_duration","trial_PQ_eff_stratum_1","trial_PQ_eff_stratum_2","trial_PQ_prop_stratum_1","trial_PQ_prop_stratum_2","trial_PQ_proph","is_LLIN_distributed","is_IRS_administered","eff_cph_recurrent_LM","eff_cph_recurrent_PCR","eff_cph_any_relapse_LM","eff_cph_any_relapse_PCR","eff_cph_relapse_LM_trial","eff_cph_relapse_PCR_trial","eff_cph_relapse_LM_all","eff_cph_relapse_PCR_all","eff_incid_recurrent_PCR","eff_incid_recurrent_LM","eff_incid_recurrent_D","eff_incid_any_relapse_PCR","eff_incid_any_relapse_LM","eff_incid_any_relapse_D","eff_incid_relapse_PCR","eff_incid_relapse_LM","eff_incid_relapse_D","eff_risk_relapse_PCR","eff_risk_relapse_LM","eff_risk_relapse_D"
633,100,0,0.01538462,180,0.75,0,1,0,28,1,0,0.449678650012618,0.226687268026486,0.52939482927696,0.491019420399535,0.617396356836689,0.607516770494879,0.733303803834794,0.554998804593509,0.379901897840212,0.593353474320242,0.628205128205128,0.527753603995611,0.67311072056239,0.647058823529412,0.730622790318194,0.8064012490242,0.78125,0.151515151515151,0.6941431670282,0.740740740740741
634,100,0,0.01538462,180,0.75,0,1,0,28,1,0,0.189499464250547,0.203985711702483,0.242864255284864,0.575394556157306,0.416974146187956,0.624203781087074,0.667676677640976,0.554223312983702,0.368144506906112,0.533820102626019,0.547328125,0.515302627153481,0.609263920325939,0.477795454545454,0.712963762214984,0.761372469635628,0.5005,0.121827411167513,0.633257403189066,0.545454545454545
635,100,0,0.01538462,180,0.75,0,1,0,28,1,0,0.43304302714836,0.281826810962014,0.567003116874172,0.56352471747491,0.704315846312629,0.65078689539619,0.727856507056971,0.570194571056892,0.372692865973558,0.540322101110036,0.562062062062062,0.518111452267831,0.618666285332952,0.64964964964965,0.719562604347125,0.787182140123317,0.740481221962703,0.129292929292929,0.674157303370786,0.708333333333333
