"param_id","eir_equil","sig_het","ff","trial_duration","trial_PQ_eff_stratum_1","trial_PQ_eff_stratum_2","trial_PQ_prop_stratum_1","trial_PQ_prop_stratum_2","trial_PQ_proph","is_LLIN_distributed","is_IRS_administered","eff_cph_recurrent_LM","eff_cph_recurrent_PCR","eff_cph_any_relapse_LM","eff_cph_any_relapse_PCR","eff_cph_relapse_LM_trial","eff_cph_relapse_PCR_trial","eff_cph_relapse_LM_all","eff_cph_relapse_PCR_all","eff_incid_recurrent_PCR","eff_incid_recurrent_LM","eff_incid_recurrent_D","eff_incid_any_relapse_PCR","eff_incid_any_relapse_LM","eff_incid_any_relapse_D","eff_incid_relapse_PCR","eff_incid_relapse_LM","eff_incid_relapse_D","eff_risk_relapse_PCR","eff_risk_relapse_LM","eff_risk_relapse_D"
1068,1,0,0.01538462,180,0.75,0,1,0,45,1,0,0.651664631261428,0.702851784161283,0.703479511804111,0.742828885301759,0.715395944551588,0.755212029241628,0.74095339652491,0.778897266450306,0.662019073608209,0.641603292514137,0.686329180099329,0.69447783786917,0.674948528756487,0.735835306977592,0.714178193944745,0.688333722660044,0.756795143685429,0.636363636363636,0.647492625368732,0.75
1069,1,0,0.01538462,180,0.75,0,1,0,45,1,0,0.625995496460699,0.698316452619601,0.665250858545586,0.749303099898542,0.702843236040444,0.764437714007711,0.78564043991993,0.801977968838352,0.653547562547091,0.638500019708058,0.569076305220884,0.686168397125238,0.668580079480225,0.58605851979346,0.711735418764005,0.695480213072403,0.632825946643718,0.667056074766355,0.707801418439716,0.621052631578947
107,0.1,0,0.01538462,180,0.75,0,1,0,28,1,0,0.819067685592526,0.835587215008265,0.82129325311346,0.838144433881486,0.824837882495323,0.841616198464658,0.837258898618785,0.847057055867152,0.746876823338736,0.741391412570006,0.762752037252619,0.749979414951246,0.744325842696629,0.764254672897196,0.767170731707317,0.763509681449094,0.786178947368421,0.770380434782609,0.766140602582496,0.784046692607004
