"param_id","eir_equil","sig_het","ff","trial_duration","trial_PQ_eff_stratum_1","trial_PQ_eff_stratum_2","trial_PQ_prop_stratum_1","trial_PQ_prop_stratum_2","trial_PQ_proph","is_LLIN_distributed","is_IRS_administered","eff_cph_recurrent_LM","eff_cph_recurrent_PCR","eff_cph_any_relapse_LM","eff_cph_any_relapse_PCR","eff_cph_relapse_LM_trial","eff_cph_relapse_PCR_trial","eff_cph_relapse_LM_all","eff_cph_relapse_PCR_all","eff_incid_recurrent_PCR","eff_incid_recurrent_LM","eff_incid_recurrent_D","eff_incid_any_relapse_PCR","eff_incid_any_relapse_LM","eff_incid_any_relapse_D","eff_incid_relapse_PCR","eff_incid_relapse_LM","eff_incid_relapse_D","eff_risk_relapse_PCR","eff_risk_relapse_LM","eff_risk_relapse_D"
1562,100,0,0.01538462,180,0.75,0,1,0,45,1,0,0.533829949607701,0.35897283046503,0.65117422425165,0.589068469112811,0.671548089002465,0.548428805275425,0.718527653289047,0.587734140755012,0.447246179148376,0.577050603808538,0.7997997997998,0.589381582616035,0.668934990035907,0.874874874874875,0.71571143164028,0.771319436591403,0.891783675567459,0.124497991967871,0.689578713968958,0.878787878787879
1563,100,0,0.01538462,180,0.75,0,1,0,45,1,0,0.360507111488807,0.325091779088074,0.470979690652712,0.586463445415454,0.670571252020707,0.577655556081092,0.69810780195053,0.570362957098874,0.421850265991955,0.5629811056683,0.434782608695652,0.56457876725497,0.667682926829268,0.53125,0.71080701754386,0.780260707635009,0.7,0.12994923857868,0.644230769230769,0.7
1564,100,0,0.01538462,180,0.75,0,1,0,45,1,0,0.423337297304553,0.347818221397017,0.564315793266918,0.536654923043639,0.654690065309532,0.505327464439958,0.720980078318831,0.576063397681004,0.440679717307249,0.5985476342711,0.5629375,0.583611292032717,0.669240269101394,0.667,0.709083893519763,0.770118905047049,0.758862068965517,0.136226034308779,0.68384074941452,0.785714285714286
