"param_id","eir_equil","sig_het","ff","trial_duration","trial_PQ_eff_stratum_1","trial_PQ_eff_stratum_2","trial_PQ_prop_stratum_1","trial_PQ_prop_stratum_2","trial_PQ_proph","is_LLIN_distributed","is_IRS_administered","eff_cph_recurrent_LM","eff_cph_recurrent_PCR","eff_cph_any_relapse_LM","eff_cph_any_relapse_PCR","eff_cph_relapse_LM_trial","eff_cph_relapse_PCR_trial","eff_cph_relapse_LM_all","eff_cph_relapse_PCR_all","eff_incid_recurrent_PCR","eff_incid_recurrent_LM","eff_incid_recurrent_D","eff_incid_any_relapse_PCR","eff_incid_any_relapse_LM","eff_incid_any_relapse_D","eff_incid_relapse_PCR","eff_incid_relapse_LM","eff_incid_relapse_D","eff_risk_relapse_PCR","eff_risk_relapse_LM","eff_risk_relapse_D"
452,10,0,0.01538462,180,0.75,0,1,0,28,1,0,0.512730520605079,0.562021283622177,0.577208967213061,0.656836197869724,0.607445583451464,0.674141384474183,0.728504971244516,0.687548245279491,0.621722970614923,0.740644230769231,0.88012,0.678704199066874,0.784472303206997,0.875125,0.730319656574785,0.81325,0.904857142857143,0.257575757575758,0.701530612244898,0.9
453,10,0,0.01538462,180,0.75,0,1,0,28,1,0,0.535884168049315,0.572650647095456,0.594122420268384,0.663144020483224,0.710762194905233,0.721840828997537,0.725162757795443,0.692772376050133,0.614475378654456,0.689239015817223,0.764941176470588,0.678870544090056,0.724279883381924,0.8002,0.744507605235232,0.785220507166483,0.857285714285714,0.285858585858586,0.695538057742782,0.857142857142857
454,10,0,0.01538462,180,0.75,0,1,0,28,1,0,0.573136873850585,0.58134085858865,0.640411491804484,0.648538095544137,0.706932289065249,0.68990530171753,0.753855834624134,0.689519464016687,0.622237052695323,0.743533521811349,0.667000668002672,0.683115215757772,0.789493610290517,0.727546001093095,0.738881975420375,0.815698482919718,0.700300601202405,0.279918864097363,0.727735368956743,0.7
