"param_id","eir_equil","sig_het","ff","trial_duration","trial_PQ_eff_stratum_1","trial_PQ_eff_stratum_2","trial_PQ_prop_stratum_1","trial_PQ_prop_stratum_2","trial_PQ_proph","is_LLIN_distributed","is_IRS_administered","eff_cph_recurrent_LM","eff_cph_recurrent_PCR","eff_cph_any_relapse_LM","eff_cph_any_relapse_PCR","eff_cph_relapse_LM_trial","eff_cph_relapse_PCR_trial","eff_cph_relapse_LM_all","eff_cph_relapse_PCR_all","eff_incid_recurrent_PCR","eff_incid_recurrent_LM","eff_incid_recurrent_D","eff_incid_any_relapse_PCR","eff_incid_any_relapse_LM","eff_incid_any_relapse_D","eff_incid_relapse_PCR","eff_incid_relapse_LM","eff_incid_relapse_D","eff_risk_relapse_PCR","eff_risk_relapse_LM","eff_risk_relapse_D"
166,0.1,0,0.01538462,180,0.75,0,1,0,28,1,0,0.786390047599257,0.813099112567663,0.784074691225683,0.812843854074274,0.787411190119331,0.814833461600082,0.804930545992843,0.808818279736572,0.698447893569845,0.700192184497117,0.723880597014925,0.701168614357262,0.702893890675241,0.72875,0.707494407158837,0.71078114912847,0.738364779874214,0.727770177838577,0.731811697574893,0.727463312368973
167,0.1,0,0.01538462,180,0.75,0,1,0,28,1,0,0.77416708393982,0.788786650014664,0.778809181331615,0.792420098897889,0.784857821742064,0.799943674195062,0.803938667289466,0.812720517773172,0.681015452538631,0.685185185185185,0.720496894409938,0.685840707964602,0.690339091490723,0.723536737235367,0.708102108768035,0.711994868505452,0.753424657534247,0.717213114754098,0.715529753265602,0.752
168,0.1,0,0.01538462,180,0.75,0,1,0,28,1,0,0.817058923671699,0.830535204393051,0.822453673232836,0.833798658872209,0.822043809800115,0.836671363420634,0.837841047314496,0.841891775298931,0.718051366120219,0.71917476340694,0.757243243243243,0.718540956569544,0.720281547241598,0.757881656804734,0.734750830564784,0.739043367346939,0.774914081145585,0.75,0.756338028169014,0.774621212121212
