"param_id","eir_equil","sig_het","ff","trial_duration","trial_PQ_eff_stratum_1","trial_PQ_eff_stratum_2","trial_PQ_prop_stratum_1","trial_PQ_prop_stratum_2","trial_PQ_proph","is_LLIN_distributed","is_IRS_administered","eff_cph_recurrent_LM","eff_cph_recurrent_PCR","eff_cph_any_relapse_LM","eff_cph_any_relapse_PCR","eff_cph_relapse_LM_trial","eff_cph_relapse_PCR_trial","eff_cph_relapse_LM_all","eff_cph_relapse_PCR_all","eff_incid_recurrent_PCR","eff_incid_recurrent_LM","eff_incid_recurrent_D","eff_incid_any_relapse_PCR","eff_incid_any_relapse_LM","eff_incid_any_relapse_D","eff_incid_relapse_PCR","eff_incid_relapse_LM","eff_incid_relapse_D","eff_risk_relapse_PCR","eff_risk_relapse_LM","eff_risk_relapse_D"
159,0.1,0,0.01538462,180,0.75,0,1,0,28,1,0,0.805393411363183,0.833007550352561,0.80603818244378,0.833820010910229,0.805520730916191,0.834101003826037,0.830674542154763,0.838786877688836,0.756367024388767,0.749120728894976,0.765847484442569,0.758023363800772,0.7505389327551,0.766825415536956,0.764341762544162,0.756101034556423,0.772283904301494,0.763758389261745,0.765536723163842,0.774378585086042
1590,100,0,0.01538462,180,0.75,0,1,0,45,1,0,0.422398096001655,0.324942606631372,0.56339329326344,0.530963195887491,0.656225425571673,0.520870270876497,0.693940954759597,0.549191867040295,0.42593491138683,0.577770077770078,0.710258645742517,0.570682579196452,0.662291141997743,0.789895158316211,0.703030723666299,0.782814532594268,0.913217565391478,0.137512639029323,0.648711943793911,0.904761904761905
1591,100,0,0.01538462,180,0.75,0,1,0,45,1,0,0.412910300980822,0.340856233329721,0.607740316590594,0.574788867877505,0.711836290455145,0.565688484984084,0.731718639055141,0.564884383339811,0.4376332830748,0.599786175115207,0.594608695652174,0.577815222305953,0.669733242134063,0.8002,0.719324738114424,0.790963503649635,0.75025,0.117290192113246,0.686800894854586,0.782608695652174
