"param_id","eir_equil","sig_het","ff","trial_duration","trial_PQ_eff_stratum_1","trial_PQ_eff_stratum_2","trial_PQ_prop_stratum_1","trial_PQ_prop_stratum_2","trial_PQ_proph","is_LLIN_distributed","is_IRS_administered","eff_cph_recurrent_LM","eff_cph_recurrent_PCR","eff_cph_any_relapse_LM","eff_cph_any_relapse_PCR","eff_cph_relapse_LM_trial","eff_cph_relapse_PCR_trial","eff_cph_relapse_LM_all","eff_cph_relapse_PCR_all","eff_incid_recurrent_PCR","eff_incid_recurrent_LM","eff_incid_recurrent_D","eff_incid_any_relapse_PCR","eff_incid_any_relapse_LM","eff_incid_any_relapse_D","eff_incid_relapse_PCR","eff_incid_relapse_LM","eff_incid_relapse_D","eff_risk_relapse_PCR","eff_risk_relapse_LM","eff_risk_relapse_D"
1465,100,0,0.01538462,180,0.75,0,1,0,45,1,0,0.427793777709924,0.360323119783419,0.629622445526785,0.57069816028647,0.6801909215286,0.560329871695556,0.768438072922277,0.596909031648164,0.449467005076142,0.611273080660836,0.677966101694915,0.587512180496215,0.70393777345649,0.780487804878049,0.724656070522239,0.828448275862069,0.84,0.154233870967742,0.72686230248307,0.826086956521739
1466,100,0,0.01538462,180,0.75,0,1,0,45,1,0,0.453217199609983,0.346985433526288,0.544047720431226,0.587687033984415,0.6468917321966,0.574546279874343,0.734159066628934,0.568860040578796,0.443288134724323,0.601794554455445,0.694915254237288,0.587009154876296,0.680987202925046,0.75,0.716375681457456,0.773710482529118,0.789473684210526,0.137512639029323,0.682819383259912,0.789473684210526
1467,100,0,0.01538462,180,0.75,0,1,0,45,1,0,0.409408788008775,0.336985907697421,0.500421398869938,0.56338378065729,0.673880493965128,0.554785363309505,0.756505923751086,0.560566278783887,0.436103890947855,0.63132040859993,0.64964964964965,0.571606801905195,0.696899065130112,0.640666307332974,0.713161032418605,0.815752006987067,0.856999856999857,0.122593718338399,0.712742980561555,0.857142857142857
