"param_id","eir_equil","sig_het","ff","trial_duration","trial_PQ_eff_stratum_1","trial_PQ_eff_stratum_2","trial_PQ_prop_stratum_1","trial_PQ_prop_stratum_2","trial_PQ_proph","is_LLIN_distributed","is_IRS_administered","eff_cph_recurrent_LM","eff_cph_recurrent_PCR","eff_cph_any_relapse_LM","eff_cph_any_relapse_PCR","eff_cph_relapse_LM_trial","eff_cph_relapse_PCR_trial","eff_cph_relapse_LM_all","eff_cph_relapse_PCR_all","eff_incid_recurrent_PCR","eff_incid_recurrent_LM","eff_incid_recurrent_D","eff_incid_any_relapse_PCR","eff_incid_any_relapse_LM","eff_incid_any_relapse_D","eff_incid_relapse_PCR","eff_incid_relapse_LM","eff_incid_relapse_D","eff_risk_relapse_PCR","eff_risk_relapse_LM","eff_risk_relapse_D"
35,0.1,0,0.01538462,180,0.75,0,1,0,28,1,0,0.809466234335525,0.835327158331511,0.81100893762082,0.838292614557815,0.811514577350607,0.839590224353055,0.834611278368652,0.838459398438001,0.745916475415077,0.743420429620416,0.741852447263269,0.74825410069172,0.745481983852246,0.741814918179918,0.756616296660173,0.754359948875759,0.755699517847576,0.757697456492637,0.762169680111266,0.762
350,1,0,0.01538462,180,0.75,0,1,0,28,1,0,0.650640801095031,0.701989906778532,0.708793758890294,0.747474112527606,0.761897346214158,0.772430695145535,0.750231858231595,0.774890434844548,0.648567036254224,0.66532188754411,0.666332999666333,0.686104408897017,0.703525181232188,0.731438755829,0.717544045475409,0.737186696217279,0.751964353734265,0.628402366863905,0.659883720930233,0.752380952380952
351,1,0,0.01538462,180,0.75,0,1,0,28,1,0,0.657419833272105,0.695651107088439,0.702149250191201,0.734435458177419,0.726999949254335,0.758910943024871,0.750046861741762,0.790688453200234,0.641423314857139,0.62811142410278,0.617879827451513,0.680274767403611,0.666557194656872,0.656971600859376,0.718135982296102,0.707925204664005,0.68937875751503,0.647058823529412,0.669642857142857,0.720430107526882
