"param_id","eir_equil","sig_het","ff","trial_duration","trial_PQ_eff_stratum_1","trial_PQ_eff_stratum_2","trial_PQ_prop_stratum_1","trial_PQ_prop_stratum_2","trial_PQ_proph","is_LLIN_distributed","is_IRS_administered","eff_cph_recurrent_LM","eff_cph_recurrent_PCR","eff_cph_any_relapse_LM","eff_cph_any_relapse_PCR","eff_cph_relapse_LM_trial","eff_cph_relapse_PCR_trial","eff_cph_relapse_LM_all","eff_cph_relapse_PCR_all","eff_incid_recurrent_PCR","eff_incid_recurrent_LM","eff_incid_recurrent_D","eff_incid_any_relapse_PCR","eff_incid_any_relapse_LM","eff_incid_any_relapse_D","eff_incid_relapse_PCR","eff_incid_relapse_LM","eff_incid_relapse_D","eff_risk_relapse_PCR","eff_risk_relapse_LM","eff_risk_relapse_D"
233,1,0,0.01538462,180,0.75,0,1,0,28,1,0,0.564986980158244,0.667698697463493,0.619230589590103,0.720633347172708,0.6851721481308,0.750262568352424,0.759967709624236,0.786780490982378,0.637304167898315,0.628112894299945,0.609090909090909,0.676932746700189,0.656839622641509,0.666666666666667,0.716111671712075,0.698029243483789,0.711111111111111,0.648300117233294,0.6784140969163,0.710843373493976
234,1,0,0.01538462,180,0.75,0,1,0,28,1,0,0.640466253872222,0.658882187911795,0.689127602432173,0.69651814898888,0.719373535985538,0.719408621494521,0.733512584988411,0.775924061356169,0.618967852203111,0.611350325853646,0.66889933713581,0.649726180471542,0.637251567354893,0.721032228391209,0.683772871186159,0.664685941902312,0.729458917835671,0.626760563380282,0.638518518518518,0.73469387755102
235,1,0,0.01538462,180,0.75,0,1,0,28,1,0,0.698960461971246,0.735331158119748,0.719221643317764,0.766612121974978,0.750213451795544,0.782834024445075,0.77234022973767,0.797714576386862,0.676223573704026,0.692185850052798,0.694656488549618,0.707045735475896,0.721719457013575,0.721311475409836,0.735226147243315,0.754237288135593,0.776785714285714,0.65554231227652,0.685459940652819,0.733333333333333
