"param_id","eir_equil","sig_het","ff","trial_duration","trial_PQ_eff_stratum_1","trial_PQ_eff_stratum_2","trial_PQ_prop_stratum_1","trial_PQ_prop_stratum_2","trial_PQ_proph","is_LLIN_distributed","is_IRS_administered","eff_cph_recurrent_LM","eff_cph_recurrent_PCR","eff_cph_any_relapse_LM","eff_cph_any_relapse_PCR","eff_cph_relapse_LM_trial","eff_cph_relapse_PCR_trial","eff_cph_relapse_LM_all","eff_cph_relapse_PCR_all","eff_incid_recurrent_PCR","eff_incid_recurrent_LM","eff_incid_recurrent_D","eff_incid_any_relapse_PCR","eff_incid_any_relapse_LM","eff_incid_any_relapse_D","eff_incid_relapse_PCR","eff_incid_relapse_LM","eff_incid_relapse_D","eff_risk_relapse_PCR","eff_risk_relapse_LM","eff_risk_relapse_D"
569,10,0,0.01538462,180,0.75,0,1,0,28,1,0,0.563685446326387,0.587194802582842,0.612579277172602,0.657815535375839,0.630620295584321,0.702292639994511,0.688591506868345,0.691649972415417,0.637755812334679,0.693436960276338,0.75,0.696758182100202,0.722648752399232,0.789473684210526,0.741834731393896,0.752992383025027,0.75,0.283551967709385,0.665775401069519,0.733333333333333
57,0.1,0,0.01538462,180,0.75,0,1,0,28,1,0,0.846884126486134,0.861037272619157,0.849966364919684,0.864893567069459,0.847551485360794,0.863126251683937,0.857912490883739,0.859979554032551,0.766918685837605,0.770653708601203,0.812312312312312,0.766782489295578,0.770666637774275,0.810372944701303,0.768877997660286,0.772637567913159,0.813038096100741,0.781984334203655,0.787262872628726,0.804878048780488
570,10,0,0.01538462,180,0.75,0,1,0,28,1,0,0.635478169107843,0.581830340838186,0.693163891207271,0.646506254251202,0.716015195788391,0.710543122598424,0.757826713093745,0.706175975645069,0.632206127601183,0.731874731874732,0.666332999666333,0.693095524172947,0.761039234723445,0.785499785499785,0.748923841333082,0.795174712666462,0.916583249916583,0.296146044624746,0.743654822335025,0.916666666666667
