"param_id","eir_equil","sig_het","ff","trial_duration","trial_PQ_eff_stratum_1","trial_PQ_eff_stratum_2","trial_PQ_prop_stratum_1","trial_PQ_prop_stratum_2","trial_PQ_proph","is_LLIN_distributed","is_IRS_administered","eff_cph_recurrent_LM","eff_cph_recurrent_PCR","eff_cph_any_relapse_LM","eff_cph_any_relapse_PCR","eff_cph_relapse_LM_trial","eff_cph_relapse_PCR_trial","eff_cph_relapse_LM_all","eff_cph_relapse_PCR_all","eff_incid_recurrent_PCR","eff_incid_recurrent_LM","eff_incid_recurrent_D","eff_incid_any_relapse_PCR","eff_incid_any_relapse_LM","eff_incid_any_relapse_D","eff_incid_relapse_PCR","eff_incid_relapse_LM","eff_incid_relapse_D","eff_risk_relapse_PCR","eff_risk_relapse_LM","eff_risk_relapse_D"
1151,1,0,0.01538462,180,0.75,0,1,0,45,1,0,0.72487295295795,0.739791998242484,0.751560633905989,0.767050087929956,0.796922109240656,0.801011560394041,0.801678628311891,0.827396086742901,0.697138093914976,0.693782383419689,0.658333333333333,0.726278451078924,0.721275426058274,0.675925925925926,0.752773375594295,0.748517200474496,0.74,0.703659976387249,0.717579250720461,0.78021978021978
1152,1,0,0.01538462,180,0.75,0,1,0,45,1,0,0.664608952675606,0.699559724192768,0.719928637180401,0.756524960237042,0.758940129314991,0.777823297931044,0.775567475252172,0.797821378681696,0.666477595008508,0.656654583117556,0.508771929824561,0.698947368421053,0.694246575342466,0.570093457943925,0.728978007761966,0.731879787860931,0.591836734693878,0.661157024793388,0.686046511627907,0.613636363636364
1153,1,0,0.01538462,180,0.75,0,1,0,45,1,0,0.658569522646874,0.706990440177121,0.696665076676745,0.73927720301915,0.74804722898663,0.780623812089221,0.790904653044701,0.80580160535344,0.680130585631579,0.688345201321209,0.630470358443752,0.717838118241121,0.725649154397701,0.711133400200602,0.744617720995835,0.752855689370269,0.771672741802644,0.678271308523409,0.706896551724138,0.777777777777778
