"param_id","eir_equil","sig_het","ff","trial_duration","trial_PQ_eff_stratum_1","trial_PQ_eff_stratum_2","trial_PQ_prop_stratum_1","trial_PQ_prop_stratum_2","trial_PQ_proph","is_LLIN_distributed","is_IRS_administered","eff_cph_recurrent_LM","eff_cph_recurrent_PCR","eff_cph_any_relapse_LM","eff_cph_any_relapse_PCR","eff_cph_relapse_LM_trial","eff_cph_relapse_PCR_trial","eff_cph_relapse_LM_all","eff_cph_relapse_PCR_all","eff_incid_recurrent_PCR","eff_incid_recurrent_LM","eff_incid_recurrent_D","eff_incid_any_relapse_PCR","eff_incid_any_relapse_LM","eff_incid_any_relapse_D","eff_incid_relapse_PCR","eff_incid_relapse_LM","eff_incid_relapse_D","eff_risk_relapse_PCR","eff_risk_relapse_LM","eff_risk_relapse_D"
1157,1,0,0.01538462,180,0.75,0,1,0,45,1,0,0.678161769804672,0.732283338102415,0.707574623061943,0.760144735021079,0.729981066752789,0.770156292561875,0.77275015232875,0.806452365221422,0.683572837418991,0.669396110542477,0.730769230769231,0.713343328335832,0.701849836779108,0.747967479674797,0.721727662380481,0.714200477326969,0.775862068965517,0.661955241460542,0.67621776504298,0.769230769230769
1158,1,0,0.01538462,180,0.75,0,1,0,45,1,0,0.660581498334563,0.735679029114703,0.68997117213776,0.766510976033485,0.714127188594619,0.784566194465685,0.780109285948388,0.815454555241599,0.679945838084379,0.674374806401652,0.629121621621622,0.716759248029109,0.708158098396904,0.688567375886525,0.749439686171952,0.742912343470483,0.706015503875969,0.680701754385965,0.693313953488372,0.741071428571429
1159,1,0,0.01538462,180,0.75,0,1,0,45,1,0,0.699049608947804,0.737453458069541,0.723838473636514,0.75720122455822,0.762753911553321,0.778534335321474,0.792578870573819,0.81070684704516,0.695796427558832,0.691814486711829,0.684879194630873,0.725841754916793,0.721979017117615,0.724913043478261,0.744950048971597,0.74786004784689,0.775418604651163,0.666267942583732,0.701166180758018,0.761061946902655
