"param_id","eir_equil","sig_het","ff","trial_duration","trial_PQ_eff_stratum_1","trial_PQ_eff_stratum_2","trial_PQ_prop_stratum_1","trial_PQ_prop_stratum_2","trial_PQ_proph","is_LLIN_distributed","is_IRS_administered","eff_cph_recurrent_LM","eff_cph_recurrent_PCR","eff_cph_any_relapse_LM","eff_cph_any_relapse_PCR","eff_cph_relapse_LM_trial","eff_cph_relapse_PCR_trial","eff_cph_relapse_LM_all","eff_cph_relapse_PCR_all","eff_incid_recurrent_PCR","eff_incid_recurrent_LM","eff_incid_recurrent_D","eff_incid_any_relapse_PCR","eff_incid_any_relapse_LM","eff_incid_any_relapse_D","eff_incid_relapse_PCR","eff_incid_relapse_LM","eff_incid_relapse_D","eff_risk_relapse_PCR","eff_risk_relapse_LM","eff_risk_relapse_D"
1573,100,0,0.01538462,180,0.75,0,1,0,45,1,0,0.3102260040269,0.33039077913654,0.45073592520777,0.615299780367202,0.652592229432795,0.567454200920858,0.734466533627521,0.584260253915017,0.447480017443054,0.59219802955665,0.5213125,0.594587910842463,0.68032,0.625375,0.732175425408324,0.826828397212544,0.85015,0.146192893401015,0.695863746958638,0.823529411764706
1574,100,0,0.01538462,180,0.75,0,1,0,45,1,0,0.470928944210126,0.364666155629749,0.599981933445867,0.566977185190081,0.733094216122079,0.536727028417677,0.744253336364607,0.606832704689428,0.446539315195813,0.646071026530364,0.516271984489683,0.589648785567884,0.724366722553645,0.68826416778224,0.729632262123931,0.845722572831007,0.879759036144578,0.15650406504065,0.704387990762125,0.869565217391304
1575,100,0,0.01538462,180,0.75,0,1,0,45,1,0,0.447698972048247,0.33679873341967,0.559975085612258,0.557426203879459,0.607023845562191,0.570080281576157,0.74170026181982,0.563107009662596,0.442103028587603,0.619934340118188,0.510415094339623,0.584425674135967,0.696983349657199,0.434466666666667,0.718495360262009,0.796171186440678,0.501,0.138383838383838,0.716666666666667,0.5
