"param_id","eir_equil","sig_het","ff","trial_duration","trial_PQ_eff_stratum_1","trial_PQ_eff_stratum_2","trial_PQ_prop_stratum_1","trial_PQ_prop_stratum_2","trial_PQ_proph","is_LLIN_distributed","is_IRS_administered","eff_cph_recurrent_LM","eff_cph_recurrent_PCR","eff_cph_any_relapse_LM","eff_cph_any_relapse_PCR","eff_cph_relapse_LM_trial","eff_cph_relapse_PCR_trial","eff_cph_relapse_LM_all","eff_cph_relapse_PCR_all","eff_incid_recurrent_PCR","eff_incid_recurrent_LM","eff_incid_recurrent_D","eff_incid_any_relapse_PCR","eff_incid_any_relapse_LM","eff_incid_any_relapse_D","eff_incid_relapse_PCR","eff_incid_relapse_LM","eff_incid_relapse_D","eff_risk_relapse_PCR","eff_risk_relapse_LM","eff_risk_relapse_D"
1570,100,0,0.01538462,180,0.75,0,1,0,45,1,0,0.497261153722792,0.369654222901727,0.593314902123149,0.564580589848687,0.707987282192498,0.590383920277174,0.752146246145427,0.585216487633378,0.44424140906553,0.611227859501651,0.577777777777778,0.587207558488302,0.707820738137083,0.67741935483871,0.724411566913248,0.832568807339449,0.777777777777778,0.131712259371834,0.702882483370288,0.777777777777778
1571,100,0,0.01538462,180,0.75,0,1,0,45,1,0,0.28824491835681,0.33337453464577,0.503556078569814,0.573738758924928,0.660233774087351,0.564279352083226,0.750520704810069,0.610862757870717,0.441571676736239,0.60108650542804,0.424198521490397,0.584003035432991,0.70149639350434,0.69676471274288,0.721465292769535,0.834769208287113,0.845690918910578,0.150905432595573,0.718604651162791,0.84
1572,100,0,0.01538462,180,0.75,0,1,0,45,1,0,0.499706251567319,0.358362295266731,0.644665245585807,0.566567775392358,0.804046327890049,0.576054927340006,0.741001718814217,0.576620805877072,0.435190545064511,0.601393811462177,0.657486057486057,0.583277083466607,0.683415810176374,0.795659295659296,0.721034757565063,0.81299935542864,0.904857238190572,0.154545454545455,0.686915887850467,0.894736842105263
