"param_id","eir_equil","sig_het","ff","trial_duration","trial_PQ_eff_stratum_1","trial_PQ_eff_stratum_2","trial_PQ_prop_stratum_1","trial_PQ_prop_stratum_2","trial_PQ_proph","is_LLIN_distributed","is_IRS_administered","eff_cph_recurrent_LM","eff_cph_recurrent_PCR","eff_cph_any_relapse_LM","eff_cph_any_relapse_PCR","eff_cph_relapse_LM_trial","eff_cph_relapse_PCR_trial","eff_cph_relapse_LM_all","eff_cph_relapse_PCR_all","eff_incid_recurrent_PCR","eff_incid_recurrent_LM","eff_incid_recurrent_D","eff_incid_any_relapse_PCR","eff_incid_any_relapse_LM","eff_incid_any_relapse_D","eff_incid_relapse_PCR","eff_incid_relapse_LM","eff_incid_relapse_D","eff_risk_relapse_PCR","eff_risk_relapse_LM","eff_risk_relapse_D"
517,10,0,0.01538462,180,0.75,0,1,0,28,1,0,0.380218640207233,0.582872363484848,0.413404334508877,0.622105598896057,0.41919530718952,0.653147554821504,0.69179144427348,0.650662358029781,0.625190343943602,0.69847265987025,0.8004,0.685206377042646,0.745850931677019,0.769692307692308,0.727350988505747,0.782837098692033,0.778222222222222,0.258883248730964,0.684782608695652,0.777777777777778
518,10,0,0.01538462,180,0.75,0,1,0,28,1,0,0.518915088914566,0.581064580046981,0.565768419508574,0.661523831527612,0.680732389433712,0.698281340324091,0.699007610106376,0.699588703806418,0.605739589807334,0.67087853577371,0.64036,0.672341559342947,0.716044090056285,0.76024,0.737362110311751,0.767649517684887,0.857285714285714,0.291203235591507,0.658031088082902,0.85
519,10,0,0.01538462,180,0.75,0,1,0,28,1,0,0.645683181530799,0.547308048914183,0.725103199925553,0.643931881199907,0.748052931859731,0.680273034033435,0.713591793818499,0.687912371266234,0.617196621111187,0.706734867860187,0.571428571428571,0.676589573315014,0.737735849056604,0.529411764705882,0.734661634336873,0.753513513513513,0.5,0.27098078867543,0.678378378378378,0.5
