"param_id","eir_equil","sig_het","ff","trial_duration","trial_PQ_eff_stratum_1","trial_PQ_eff_stratum_2","trial_PQ_prop_stratum_1","trial_PQ_prop_stratum_2","trial_PQ_proph","is_LLIN_distributed","is_IRS_administered","eff_cph_recurrent_LM","eff_cph_recurrent_PCR","eff_cph_any_relapse_LM","eff_cph_any_relapse_PCR","eff_cph_relapse_LM_trial","eff_cph_relapse_PCR_trial","eff_cph_relapse_LM_all","eff_cph_relapse_PCR_all","eff_incid_recurrent_PCR","eff_incid_recurrent_LM","eff_incid_recurrent_D","eff_incid_any_relapse_PCR","eff_incid_any_relapse_LM","eff_incid_any_relapse_D","eff_incid_relapse_PCR","eff_incid_relapse_LM","eff_incid_relapse_D","eff_risk_relapse_PCR","eff_risk_relapse_LM","eff_risk_relapse_D"
1281,10,0,0.01538462,180,0.75,0,1,0,45,1,0,0.617985220239846,0.629674374370831,0.641800759007467,0.658840165541341,0.675683080063434,0.682348837486966,0.707248973448012,0.687916444444993,0.637313369707736,0.711846478896966,0.666332999666333,0.691485228350501,0.737668703185945,0.666332999666333,0.72170368566765,0.761073290485055,0.666332999666333,0.28169014084507,0.683646112600536,0.666666666666667
1282,10,0,0.01538462,180,0.75,0,1,0,45,1,0,0.56738375697923,0.619312017968591,0.612985619788064,0.677056161089839,0.63599179867026,0.692103650966691,0.785965159269032,0.707426730332117,0.660944804968251,0.813675213675214,0.826086956521739,0.71400883789441,0.839587242026266,0.80952380952381,0.748384812815293,0.853896103896104,0.894736842105263,0.28382502543235,0.774025974025974,0.888888888888889
1283,10,0,0.01538462,180,0.75,0,1,0,45,1,0,0.472039824681654,0.596191747629131,0.502041941035932,0.64992785133692,0.543118430870651,0.652654886592422,0.675108928489662,0.677421024780074,0.64358575400924,0.689677863189065,0.713713140566848,0.696390832346955,0.716802567107494,0.599198396793587,0.726144152956741,0.721053829270262,0.599198396793587,0.267477203647416,0.634877384196185,0.6
