"param_id","eir_equil","sig_het","ff","trial_duration","trial_PQ_eff_stratum_1","trial_PQ_eff_stratum_2","trial_PQ_prop_stratum_1","trial_PQ_prop_stratum_2","trial_PQ_proph","is_LLIN_distributed","is_IRS_administered","eff_cph_recurrent_LM","eff_cph_recurrent_PCR","eff_cph_any_relapse_LM","eff_cph_any_relapse_PCR","eff_cph_relapse_LM_trial","eff_cph_relapse_PCR_trial","eff_cph_relapse_LM_all","eff_cph_relapse_PCR_all","eff_incid_recurrent_PCR","eff_incid_recurrent_LM","eff_incid_recurrent_D","eff_incid_any_relapse_PCR","eff_incid_any_relapse_LM","eff_incid_any_relapse_D","eff_incid_relapse_PCR","eff_incid_relapse_LM","eff_incid_relapse_D","eff_risk_relapse_PCR","eff_risk_relapse_LM","eff_risk_relapse_D"
1170,1,0,0.01538462,180,0.75,0,1,0,45,1,0,0.667812136277758,0.70554980479812,0.711348434829293,0.747792435576903,0.724201962038068,0.756488911986753,0.773787776016804,0.796207687689188,0.689127537295358,0.708527291275536,0.656865332840627,0.720548574228362,0.737771667404961,0.707861448422939,0.745014586958492,0.764071305390971,0.736050256031252,0.666263603385732,0.696696696696697,0.7125
1171,1,0,0.01538462,180,0.75,0,1,0,45,1,0,0.620554034368602,0.71313701292429,0.711083029127408,0.766609290733815,0.7237352901739,0.781301880496454,0.799306204169858,0.81057990606649,0.690005810575247,0.693833780160858,0.569105691056911,0.728536133415689,0.738136077758719,0.592920353982301,0.750083305564812,0.760537568723274,0.611650485436893,0.669064748201439,0.70906432748538,0.588888888888889
1172,1,0,0.01538462,180,0.75,0,1,0,45,1,0,0.634759914635704,0.71188237440493,0.701121189942176,0.756374990192157,0.712682027144909,0.775332954868912,0.778595597634367,0.801740371629676,0.666082383873795,0.675218340611354,0.677685950413223,0.698283931357254,0.708675263774912,0.73394495412844,0.724080267558529,0.73733583489681,0.777777777777778,0.663082437275986,0.68491124260355,0.755555555555556
