"param_id","eir_equil","sig_het","ff","trial_duration","trial_PQ_eff_stratum_1","trial_PQ_eff_stratum_2","trial_PQ_prop_stratum_1","trial_PQ_prop_stratum_2","trial_PQ_proph","is_LLIN_distributed","is_IRS_administered","eff_cph_recurrent_LM","eff_cph_recurrent_PCR","eff_cph_any_relapse_LM","eff_cph_any_relapse_PCR","eff_cph_relapse_LM_trial","eff_cph_relapse_PCR_trial","eff_cph_relapse_LM_all","eff_cph_relapse_PCR_all","eff_incid_recurrent_PCR","eff_incid_recurrent_LM","eff_incid_recurrent_D","eff_incid_any_relapse_PCR","eff_incid_any_relapse_LM","eff_incid_any_relapse_D","eff_incid_relapse_PCR","eff_incid_relapse_LM","eff_incid_relapse_D","eff_risk_relapse_PCR","eff_risk_relapse_LM","eff_risk_relapse_D"
1516,100,0,0.01538462,180,0.75,0,1,0,45,1,0,0.386844560470529,0.368212696472756,0.54237515476608,0.553998202744669,0.642480008313711,0.563095775122618,0.749228181640838,0.568146817037428,0.446131635257418,0.631307929969104,0.566037735849057,0.58683227920445,0.712481051035877,0.566666666666667,0.723520943305683,0.81294964028777,0.777777777777778,0.150050352467271,0.733178654292343,0.764705882352941
1517,100,0,0.01538462,180,0.75,0,1,0,45,1,0,0.531168646142443,0.369728367219693,0.658169830923978,0.567086341577427,0.708982504629611,0.517419471330462,0.740036152535011,0.582864457516779,0.444453719673746,0.612933802961197,0.737674562147982,0.586142556087888,0.701318143313809,0.779827286738264,0.723786641154564,0.819771815446339,0.841630153618751,0.134343434343434,0.692982456140351,0.842105263157895
1518,100,0,0.01538462,180,0.75,0,1,0,45,1,0,0.414551068303089,0.321975567169086,0.563337511426149,0.610305566196504,0.699311962367664,0.590489560765061,0.751997935968171,0.568026974754529,0.436948864951024,0.617628992628993,0.524590163934426,0.583358570563295,0.712427097353073,0.697674418604651,0.728782413394133,0.836025848142165,0.818181818181818,0.149494949494949,0.72877358490566,0.80952380952381
