"param_id","eir_equil","sig_het","ff","trial_duration","trial_PQ_eff_stratum_1","trial_PQ_eff_stratum_2","trial_PQ_prop_stratum_1","trial_PQ_prop_stratum_2","trial_PQ_proph","is_LLIN_distributed","is_IRS_administered","eff_cph_recurrent_LM","eff_cph_recurrent_PCR","eff_cph_any_relapse_LM","eff_cph_any_relapse_PCR","eff_cph_relapse_LM_trial","eff_cph_relapse_PCR_trial","eff_cph_relapse_LM_all","eff_cph_relapse_PCR_all","eff_incid_recurrent_PCR","eff_incid_recurrent_LM","eff_incid_recurrent_D","eff_incid_any_relapse_PCR","eff_incid_any_relapse_LM","eff_incid_any_relapse_D","eff_incid_relapse_PCR","eff_incid_relapse_LM","eff_incid_relapse_D","eff_risk_relapse_PCR","eff_risk_relapse_LM","eff_risk_relapse_D"
525,10,0,0.01538462,180,0.75,0,1,0,28,1,0,0.549955654552728,0.576058532578224,0.589983592298938,0.667787839887477,0.665454782168529,0.724774024526281,0.743752960419207,0.677722299395637,0.631882893930104,0.714809682804674,0.826260869565217,0.691845464895636,0.754435754189944,0.809714285714286,0.746539230167695,0.810827659574468,0.8002,0.275126903553299,0.714285714285714,0.777777777777778
526,10,0,0.01538462,180,0.75,0,1,0,28,1,0,0.423389374743092,0.557038076366671,0.53995508824606,0.644325799820777,0.570638979665408,0.685558939685034,0.686922580258608,0.680263434942235,0.623064084989719,0.707734816082122,0.706176470588235,0.687559948103488,0.745919075144509,0.7336,0.74214834297738,0.788225305216426,0.785928571428571,0.273003033367037,0.672176308539945,0.785714285714286
527,10,0,0.01538462,180,0.75,0,1,0,28,1,0,0.587961637395292,0.567709729240218,0.615494823230438,0.631469583148217,0.644613369763272,0.684790229056788,0.691492452502707,0.670459307488505,0.619529340764651,0.712713531192681,0.87987987987988,0.678666698815161,0.745264978239889,0.916583249916583,0.730835612324772,0.774567956386138,0.904666571333238,0.249748237663646,0.660146699266504,0.9
