"param_id","eir_equil","sig_het","ff","trial_duration","trial_PQ_eff_stratum_1","trial_PQ_eff_stratum_2","trial_PQ_prop_stratum_1","trial_PQ_prop_stratum_2","trial_PQ_proph","is_LLIN_distributed","is_IRS_administered","eff_cph_recurrent_LM","eff_cph_recurrent_PCR","eff_cph_any_relapse_LM","eff_cph_any_relapse_PCR","eff_cph_relapse_LM_trial","eff_cph_relapse_PCR_trial","eff_cph_relapse_LM_all","eff_cph_relapse_PCR_all","eff_incid_recurrent_PCR","eff_incid_recurrent_LM","eff_incid_recurrent_D","eff_incid_any_relapse_PCR","eff_incid_any_relapse_LM","eff_incid_any_relapse_D","eff_incid_relapse_PCR","eff_incid_relapse_LM","eff_incid_relapse_D","eff_risk_relapse_PCR","eff_risk_relapse_LM","eff_risk_relapse_D"
725,100,0,0.01538462,180,0.75,0,1,0,28,1,0,0.294048367101549,0.265734858891938,0.412955236772377,0.558387642137955,0.538942118811118,0.637981102359176,0.69734889969821,0.583123754335346,0.372085365853658,0.514298342541436,0.3155,0.516622545536148,0.61494854368932,0.630804347826087,0.718880034503351,0.794901625320787,0.667,0.114688128772636,0.639344262295082,0.666666666666667
726,100,0,0.01538462,180,0.75,0,1,0,28,1,0,0.316543655131527,0.239605764639728,0.384044390271011,0.549232047850288,0.570599523477049,0.62198159074162,0.735593695405686,0.578957787751924,0.369860907138346,0.615069891918082,0.474050321507949,0.520404833010953,0.690914197508104,0.549549549549549,0.717109905789151,0.807499807499807,0.7997997997998,0.134673366834171,0.702222222222222,0.8
727,100,0,0.01538462,180,0.75,0,1,0,28,1,0,0.374179317140999,0.198099999744607,0.601133696517156,0.585371860047932,0.715465510886719,0.69009846807222,0.721948316115826,0.522540019096778,0.358524613617365,0.537141973477641,0.628199255654165,0.51115181862072,0.631727917166474,0.734428039752975,0.718711215438646,0.7801077564966,0.79289613710179,0.131230925737538,0.679738562091503,0.777777777777778
