"param_id","eir_equil","sig_het","ff","trial_duration","trial_PQ_eff_stratum_1","trial_PQ_eff_stratum_2","trial_PQ_prop_stratum_1","trial_PQ_prop_stratum_2","trial_PQ_proph","is_LLIN_distributed","is_IRS_administered","eff_cph_recurrent_LM","eff_cph_recurrent_PCR","eff_cph_any_relapse_LM","eff_cph_any_relapse_PCR","eff_cph_relapse_LM_trial","eff_cph_relapse_PCR_trial","eff_cph_relapse_LM_all","eff_cph_relapse_PCR_all","eff_incid_recurrent_PCR","eff_incid_recurrent_LM","eff_incid_recurrent_D","eff_incid_any_relapse_PCR","eff_incid_any_relapse_LM","eff_incid_any_relapse_D","eff_incid_relapse_PCR","eff_incid_relapse_LM","eff_incid_relapse_D","eff_risk_relapse_PCR","eff_risk_relapse_LM","eff_risk_relapse_D"
1302,10,0,0.01538462,180,0.75,0,1,0,45,1,0,0.633811076688008,0.558157666934596,0.716495673601911,0.614949539829073,0.755241110332078,0.633825587055655,0.753253592360941,0.686482358028119,0.632336217121328,0.747907928388747,0.8002,0.687599534883721,0.78659421641791,0.88012,0.72595766773163,0.808568586387435,0.91675,0.259109311740891,0.725925925925926,0.91304347826087
1303,10,0,0.01538462,180,0.75,0,1,0,45,1,0,0.501482376410825,0.572024642216343,0.505657610465843,0.648420048905889,0.61721885370628,0.6463425031719,0.707186788452162,0.627429270498416,0.640796913339148,0.687403666642421,0.592184777369962,0.69434218698203,0.711343797365303,0.608303956130043,0.72872976675258,0.74974974974975,0.6996996996997,0.242115971515768,0.695090439276486,0.736842105263158
1304,10,0,0.01538462,180,0.75,0,1,0,45,1,0,0.558565607943262,0.620533557031434,0.614388820977637,0.65931269576027,0.676315473468761,0.67829603830184,0.703890785606007,0.668436092294072,0.644464315710636,0.711012056691069,0.777555333110889,0.70001965792096,0.750281066629262,0.823352764529235,0.739273745822998,0.775679293751583,0.823352764529235,0.261928934010152,0.675675675675676,0.8
