"param_id","eir_equil","sig_het","ff","trial_duration","trial_PQ_eff_stratum_1","trial_PQ_eff_stratum_2","trial_PQ_prop_stratum_1","trial_PQ_prop_stratum_2","trial_PQ_proph","is_LLIN_distributed","is_IRS_administered","eff_cph_recurrent_LM","eff_cph_recurrent_PCR","eff_cph_any_relapse_LM","eff_cph_any_relapse_PCR","eff_cph_relapse_LM_trial","eff_cph_relapse_PCR_trial","eff_cph_relapse_LM_all","eff_cph_relapse_PCR_all","eff_incid_recurrent_PCR","eff_incid_recurrent_LM","eff_incid_recurrent_D","eff_incid_any_relapse_PCR","eff_incid_any_relapse_LM","eff_incid_any_relapse_D","eff_incid_relapse_PCR","eff_incid_relapse_LM","eff_incid_relapse_D","eff_risk_relapse_PCR","eff_risk_relapse_LM","eff_risk_relapse_D"
1038,1,0,0.01538462,180,0.75,0,1,0,45,1,0,0.654975080260101,0.718297533435205,0.667914406952726,0.739086427555845,0.683358443659561,0.749740982406036,0.756515521806097,0.775655667258606,0.676897407354118,0.676207879738513,0.711249711249711,0.704509314118924,0.694401922814179,0.739175795513824,0.71196832775954,0.702538543475658,0.74974974974975,0.623222748815166,0.665229885057471,0.734513274336283
1039,1,0,0.01538462,180,0.75,0,1,0,45,1,0,0.633646958482111,0.72206276167874,0.670623404602425,0.737238753014652,0.714167292153265,0.765990436156992,0.792436779076322,0.799857560957259,0.67512077294686,0.683558558558559,0.609929078014184,0.705276705276705,0.715403128760529,0.645669291338583,0.72585128561501,0.743958197256695,0.73109243697479,0.662650602409639,0.711940298507463,0.715686274509804
104,0.1,0,0.01538462,180,0.75,0,1,0,28,1,0,0.806847226279133,0.830245011337024,0.808156880412953,0.829993947197096,0.81349308861557,0.833854317560959,0.830001668209889,0.829494506172031,0.704741379310345,0.707255520504732,0.731971153846154,0.707251082251082,0.708491761723701,0.733333333333333,0.723705722070845,0.72669220945083,0.758873929008568,0.745358090185676,0.756606397774687,0.76504854368932
