"param_id","eir_equil","sig_het","ff","trial_duration","trial_PQ_eff_stratum_1","trial_PQ_eff_stratum_2","trial_PQ_prop_stratum_1","trial_PQ_prop_stratum_2","trial_PQ_proph","is_LLIN_distributed","is_IRS_administered","eff_cph_recurrent_LM","eff_cph_recurrent_PCR","eff_cph_any_relapse_LM","eff_cph_any_relapse_PCR","eff_cph_relapse_LM_trial","eff_cph_relapse_PCR_trial","eff_cph_relapse_LM_all","eff_cph_relapse_PCR_all","eff_incid_recurrent_PCR","eff_incid_recurrent_LM","eff_incid_recurrent_D","eff_incid_any_relapse_PCR","eff_incid_any_relapse_LM","eff_incid_any_relapse_D","eff_incid_relapse_PCR","eff_incid_relapse_LM","eff_incid_relapse_D","eff_risk_relapse_PCR","eff_risk_relapse_LM","eff_risk_relapse_D"
1105,1,0,0.01538462,180,0.75,0,1,0,45,1,0,0.718019540406825,0.752904959100832,0.729048185667262,0.76529794617981,0.764313846531088,0.782793572163936,0.763418933032189,0.803827429594177,0.698970263381478,0.690020052770449,0.52048,0.726482137496247,0.71296338028169,0.539591304347826,0.745913504823151,0.736307645631068,0.634294642857143,0.663120567375887,0.671554252199414,0.673469387755102
1106,1,0,0.01538462,180,0.75,0,1,0,45,1,0,0.661904654482508,0.702630351135587,0.708257809098235,0.732095027389281,0.707062293229812,0.733615406156673,0.741461939955288,0.76992091559921,0.659288316054917,0.651452282157676,0.642335766423358,0.690860215053763,0.68019747668678,0.67175572519084,0.698728399087056,0.69134328358209,0.677165354330709,0.634523809523809,0.653508771929824,0.663716814159292
1107,1,0,0.01538462,180,0.75,0,1,0,45,1,0,0.655849101941283,0.716907258678891,0.690190568659927,0.743672749233838,0.725113742574306,0.774902659131578,0.794159060038225,0.818650606946139,0.69679275198188,0.712722797927461,0.699548872180451,0.732421415716857,0.748599669603524,0.756149606299213,0.757486799742434,0.770769366197183,0.795286885245902,0.684149184149184,0.707142857142857,0.805555555555556
