"param_id","eir_equil","sig_het","ff","trial_duration","trial_PQ_eff_stratum_1","trial_PQ_eff_stratum_2","trial_PQ_prop_stratum_1","trial_PQ_prop_stratum_2","trial_PQ_proph","is_LLIN_distributed","is_IRS_administered","eff_cph_recurrent_LM","eff_cph_recurrent_PCR","eff_cph_any_relapse_LM","eff_cph_any_relapse_PCR","eff_cph_relapse_LM_trial","eff_cph_relapse_PCR_trial","eff_cph_relapse_LM_all","eff_cph_relapse_PCR_all","eff_incid_recurrent_PCR","eff_incid_recurrent_LM","eff_incid_recurrent_D","eff_incid_any_relapse_PCR","eff_incid_any_relapse_LM","eff_incid_any_relapse_D","eff_incid_relapse_PCR","eff_incid_relapse_LM","eff_incid_relapse_D","eff_risk_relapse_PCR","eff_risk_relapse_LM","eff_risk_relapse_D"
522,10,0,0.01538462,180,0.75,0,1,0,28,1,0,0.363422023469941,0.518585786141769,0.453961890912875,0.630731769333706,0.495227950322725,0.660500082232645,0.69815388789855,0.674814372602002,0.621790768793116,0.736938588450962,0.1875,0.685189582838597,0.787321063394683,0.466666666666667,0.736708860759494,0.814685314685315,0.571428571428571,0.298885511651469,0.701149425287356,0.571428571428571
523,10,0,0.01538462,180,0.75,0,1,0,28,1,0,0.523345292746549,0.572314723265154,0.607976552508815,0.634508275592897,0.658147646834852,0.683883823659319,0.690278026450588,0.679978644153608,0.614109456909205,0.667886855241265,0.566086956521739,0.67551026757934,0.706036934441367,0.572285714285714,0.733605844618674,0.758667370644139,0.462615384615385,0.265513733468973,0.669191919191919,0.583333333333333
524,10,0,0.01538462,180,0.75,0,1,0,28,1,0,0.38698542764002,0.563281543491607,0.508517458248612,0.671210422914739,0.566060438874984,0.69292166058767,0.657926260049628,0.663050596691867,0.619897488995002,0.659165047400342,0.500500500500501,0.685695960346038,0.714877968096852,0.500500500500501,0.732778785808407,0.747136163595016,0.417250583917251,0.258392675483215,0.656424581005587,0.363636363636364
