"param_id","eir_equil","sig_het","ff","trial_duration","trial_PQ_eff_stratum_1","trial_PQ_eff_stratum_2","trial_PQ_prop_stratum_1","trial_PQ_prop_stratum_2","trial_PQ_proph","is_LLIN_distributed","is_IRS_administered","eff_cph_recurrent_LM","eff_cph_recurrent_PCR","eff_cph_any_relapse_LM","eff_cph_any_relapse_PCR","eff_cph_relapse_LM_trial","eff_cph_relapse_PCR_trial","eff_cph_relapse_LM_all","eff_cph_relapse_PCR_all","eff_incid_recurrent_PCR","eff_incid_recurrent_LM","eff_incid_recurrent_D","eff_incid_any_relapse_PCR","eff_incid_any_relapse_LM","eff_incid_any_relapse_D","eff_incid_relapse_PCR","eff_incid_relapse_LM","eff_incid_relapse_D","eff_risk_relapse_PCR","eff_risk_relapse_LM","eff_risk_relapse_D"
1587,100,0,0.01538462,180,0.75,0,1,0,45,1,0,0.516285512388328,0.351598973174309,0.607338844487627,0.617469019461235,0.766252764212354,0.586713847537603,0.738042769207935,0.584337380773731,0.451679821898401,0.601822642832107,0.848484848484849,0.592498789526612,0.686979166666667,0.837209302325581,0.735769359704995,0.818353831598865,0.96551724137931,0.132189707366297,0.701923076923077,0.96551724137931
1588,100,0,0.01538462,180,0.75,0,1,0,45,1,0,0.45441274403867,0.346304577638323,0.585542178528053,0.543860149397085,0.739272390418304,0.609181685405584,0.75492428161493,0.576250247161074,0.433511773259522,0.62418158123371,0.448827586206897,0.577623430805082,0.692649402390438,0.649,0.72165783769137,0.797972929936306,0.818363636363636,0.144008056394763,0.707423580786026,0.80952380952381
1589,100,0,0.01538462,180,0.75,0,1,0,45,1,0,0.456809312233054,0.332121756410722,0.553349353269431,0.540077869358274,0.674149113403091,0.53887521309934,0.731756751780681,0.593954691670512,0.444689245273351,0.592662871600253,0.734177215189873,0.588632930513595,0.667602996254682,0.740740740740741,0.725916337375664,0.790204081632653,0.708333333333333,0.152457372116349,0.684331797235023,0.666666666666667
