"param_id","eir_equil","sig_het","ff","trial_duration","trial_PQ_eff_stratum_1","trial_PQ_eff_stratum_2","trial_PQ_prop_stratum_1","trial_PQ_prop_stratum_2","trial_PQ_proph","is_LLIN_distributed","is_IRS_administered","eff_cph_recurrent_LM","eff_cph_recurrent_PCR","eff_cph_any_relapse_LM","eff_cph_any_relapse_PCR","eff_cph_relapse_LM_trial","eff_cph_relapse_PCR_trial","eff_cph_relapse_LM_all","eff_cph_relapse_PCR_all","eff_incid_recurrent_PCR","eff_incid_recurrent_LM","eff_incid_recurrent_D","eff_incid_any_relapse_PCR","eff_incid_any_relapse_LM","eff_incid_any_relapse_D","eff_incid_relapse_PCR","eff_incid_relapse_LM","eff_incid_relapse_D","eff_risk_relapse_PCR","eff_risk_relapse_LM","eff_risk_relapse_D"
430,10,0,0.01538462,180,0.75,0,1,0,28,1,0,0.58057615850681,0.543039808392483,0.650592092115404,0.619185552202847,0.700799290915539,0.674878573179271,0.681789583767079,0.688434920856047,0.625005809500873,0.688155375216559,0.69473638306223,0.683576827800644,0.715610245370257,0.699097291875627,0.733166244576961,0.750424983871803,0.763997875980884,0.273366834170854,0.665753424657534,0.75
431,10,0,0.01538462,180,0.75,0,1,0,28,1,0,0.616263543534684,0.536407914548538,0.65822443068384,0.631889001880944,0.686303302447731,0.672029703906462,0.725357921330074,0.665463734244528,0.624180977998483,0.695111111111111,0.818181818181818,0.680851063829787,0.723932472691162,0.833333333333333,0.731998937206625,0.769751693002257,0.875,0.255081300813008,0.676691729323308,0.875
432,10,0,0.01538462,180,0.75,0,1,0,28,1,0,0.529214490766893,0.599428794965397,0.618450259637981,0.670713765145463,0.708604500278614,0.707076225278412,0.735617529495648,0.694520144632581,0.636406228400626,0.705740595114279,0.772271816359993,0.696604364106699,0.737749420040832,0.789051787786099,0.745800086206927,0.781477849315653,0.882117175527526,0.296969696969697,0.715425531914894,0.866666666666667
