"param_id","eir_equil","sig_het","ff","trial_duration","trial_PQ_eff_stratum_1","trial_PQ_eff_stratum_2","trial_PQ_prop_stratum_1","trial_PQ_prop_stratum_2","trial_PQ_proph","is_LLIN_distributed","is_IRS_administered","eff_cph_recurrent_LM","eff_cph_recurrent_PCR","eff_cph_any_relapse_LM","eff_cph_any_relapse_PCR","eff_cph_relapse_LM_trial","eff_cph_relapse_PCR_trial","eff_cph_relapse_LM_all","eff_cph_relapse_PCR_all","eff_incid_recurrent_PCR","eff_incid_recurrent_LM","eff_incid_recurrent_D","eff_incid_any_relapse_PCR","eff_incid_any_relapse_LM","eff_incid_any_relapse_D","eff_incid_relapse_PCR","eff_incid_relapse_LM","eff_incid_relapse_D","eff_risk_relapse_PCR","eff_risk_relapse_LM","eff_risk_relapse_D"
699,100,0,0.01538462,180,0.75,0,1,0,28,1,0,0.402474260055369,0.254750645780378,0.554959217455549,0.574239824042307,0.791227577817437,0.616839646416859,0.738801370476323,0.587801444052339,0.371583019496324,0.584009993753904,0.464285714285714,0.52211560086963,0.645297145531118,0.644444444444444,0.730678366520419,0.823389021479714,0.833333333333333,0.146464646464647,0.700223713646532,0.826086956521739
7,0.1,0,0.01538462,180,0.75,0,1,0,28,1,0,0.804627266703485,0.814154092646373,0.807456822935848,0.817114259037088,0.812851973420556,0.821685485463498,0.824680571030075,0.83185193601561,0.718584074703149,0.720737255680077,0.738150572933182,0.722715513297231,0.723776138846381,0.740907990284549,0.73616609350836,0.738020236731577,0.758689853808752,0.754820936639118,0.753623188405797,0.760416666666667
70,0.1,0,0.01538462,180,0.75,0,1,0,28,1,0,0.803854747411377,0.819597867573598,0.809965526062374,0.82588678583725,0.809965526062374,0.82588678583725,0.82503364070463,0.836692720223115,0.729508196721312,0.71904462602137,0.724620770128355,0.734135667396061,0.723270440251572,0.727803738317757,0.740252608456892,0.728995578016425,0.735052754982415,0.755584756898817,0.749654218533887,0.738721804511278
