"param_id","eir_equil","sig_het","ff","trial_duration","trial_PQ_eff_stratum_1","trial_PQ_eff_stratum_2","trial_PQ_prop_stratum_1","trial_PQ_prop_stratum_2","trial_PQ_proph","is_LLIN_distributed","is_IRS_administered","eff_cph_recurrent_LM","eff_cph_recurrent_PCR","eff_cph_any_relapse_LM","eff_cph_any_relapse_PCR","eff_cph_relapse_LM_trial","eff_cph_relapse_PCR_trial","eff_cph_relapse_LM_all","eff_cph_relapse_PCR_all","eff_incid_recurrent_PCR","eff_incid_recurrent_LM","eff_incid_recurrent_D","eff_incid_any_relapse_PCR","eff_incid_any_relapse_LM","eff_incid_any_relapse_D","eff_incid_relapse_PCR","eff_incid_relapse_LM","eff_incid_relapse_D","eff_risk_relapse_PCR","eff_risk_relapse_LM","eff_risk_relapse_D"
174,0.1,0,0.01538462,180,0.75,0,1,0,28,1,0,0.802208230540051,0.823481533166555,0.804837411604533,0.826849785066712,0.806421216847786,0.828602544538709,0.816218707721931,0.828174455556072,0.71481678173128,0.715066828675577,0.719026548672566,0.717484008528785,0.718292682926829,0.72,0.735404392072844,0.737584304107909,0.75,0.73989218328841,0.735632183908046,0.747148288973384
175,0.1,0,0.01538462,180,0.75,0,1,0,28,1,0,0.800093515358487,0.809739445328156,0.804612747887703,0.809397147492474,0.805479333354174,0.811957871511336,0.819235737021691,0.825563210080749,0.723880597014925,0.724521309450278,0.714459295261239,0.724451578384163,0.725356478611283,0.714981729598051,0.736245954692557,0.737335834896811,0.728501228501228,0.736204576043069,0.736990154711674,0.743083003952569
176,0.1,0,0.01538462,180,0.75,0,1,0,28,1,0,0.783626593699371,0.815796663360126,0.787162081258341,0.81750751139631,0.792136222522004,0.82235066655767,0.822596552334182,0.834326201871069,0.715300546448087,0.707147375079064,0.711864406779661,0.71828665568369,0.708386277001271,0.713414634146341,0.739589117157135,0.730719794344473,0.746287128712871,0.755798090040928,0.751079136690648,0.744376278118609
