"param_id","eir_equil","sig_het","ff","trial_duration","trial_PQ_eff_stratum_1","trial_PQ_eff_stratum_2","trial_PQ_prop_stratum_1","trial_PQ_prop_stratum_2","trial_PQ_proph","is_LLIN_distributed","is_IRS_administered","eff_cph_recurrent_LM","eff_cph_recurrent_PCR","eff_cph_any_relapse_LM","eff_cph_any_relapse_PCR","eff_cph_relapse_LM_trial","eff_cph_relapse_PCR_trial","eff_cph_relapse_LM_all","eff_cph_relapse_PCR_all","eff_incid_recurrent_PCR","eff_incid_recurrent_LM","eff_incid_recurrent_D","eff_incid_any_relapse_PCR","eff_incid_any_relapse_LM","eff_incid_any_relapse_D","eff_incid_relapse_PCR","eff_incid_relapse_LM","eff_incid_relapse_D","eff_risk_relapse_PCR","eff_risk_relapse_LM","eff_risk_relapse_D"
1270,10,0,0.01538462,180,0.75,0,1,0,45,1,0,0.722155791319707,0.614585458161925,0.741180571219979,0.660887983900749,0.774617783958909,0.680278577328963,0.753256324188289,0.672997327128877,0.64459702510917,0.774979591836735,0.838,0.695840924644514,0.797533778148457,0.8126875,0.725469655836763,0.809622714148219,0.852,0.254822335025381,0.711267605633803,0.888888888888889
1271,10,0,0.01538462,180,0.75,0,1,0,45,1,0,0.61000818131615,0.622584933273451,0.668785618456565,0.663616253657851,0.687906009506885,0.684650904820673,0.777065209401639,0.689925132760503,0.650503563443264,0.768299159663866,0.591318181818182,0.706387096774194,0.804338983050848,0.65035,0.74339324744558,0.830840255591054,0.75025,0.278225806451613,0.760493827160494,0.75
1272,10,0,0.01538462,180,0.75,0,1,0,45,1,0,0.669544957595623,0.598379566573472,0.70037523562289,0.675804500962139,0.76738357332963,0.714548273219277,0.744814367562298,0.663362292610838,0.650859613964772,0.743264007908579,0.845999691691074,0.70393455951048,0.78007542177952,0.919919839679359,0.738719048835927,0.802763842034867,0.949949899799599,0.28760162601626,0.738095238095238,0.944444444444444
