"param_id","eir_equil","sig_het","ff","trial_duration","trial_PQ_eff_stratum_1","trial_PQ_eff_stratum_2","trial_PQ_prop_stratum_1","trial_PQ_prop_stratum_2","trial_PQ_proph","is_LLIN_distributed","is_IRS_administered","eff_cph_recurrent_LM","eff_cph_recurrent_PCR","eff_cph_any_relapse_LM","eff_cph_any_relapse_PCR","eff_cph_relapse_LM_trial","eff_cph_relapse_PCR_trial","eff_cph_relapse_LM_all","eff_cph_relapse_PCR_all","eff_incid_recurrent_PCR","eff_incid_recurrent_LM","eff_incid_recurrent_D","eff_incid_any_relapse_PCR","eff_incid_any_relapse_LM","eff_incid_any_relapse_D","eff_incid_relapse_PCR","eff_incid_relapse_LM","eff_incid_relapse_D","eff_risk_relapse_PCR","eff_risk_relapse_LM","eff_risk_relapse_D"
288,1,0,0.01538462,180,0.75,0,1,0,28,1,0,0.733806378922248,0.700291262712236,0.766334084901971,0.738016392900375,0.783783896067616,0.766195291987744,0.769713581916993,0.797149204437832,0.64774044032445,0.648722131593257,0.700729927007299,0.680396407556519,0.676573426573427,0.712,0.706653225806452,0.70547514159849,0.765217391304348,0.658450704225352,0.681751824817518,0.773584905660377
289,1,0,0.01538462,180,0.75,0,1,0,28,1,0,0.630526749790926,0.656056227327766,0.666189947394378,0.700708593645903,0.713889719443362,0.740305577948717,0.761277159290842,0.787442340698536,0.654419593996633,0.649701622702661,0.613058436587848,0.686763596095359,0.682895388416861,0.654199654199654,0.717247637913025,0.715833049166382,0.733066399733066,0.642857142857143,0.671091445427729,0.732673267326733
29,0.1,0,0.01538462,180,0.75,0,1,0,28,1,0,0.787599010284279,0.808225640327186,0.786427171584052,0.806826089817471,0.787130682646686,0.81136685277725,0.80327530829547,0.809680068009644,0.673682493065753,0.678473957018499,0.69147229421202,0.675903150806626,0.679126014763978,0.693757684625265,0.692937677433801,0.694524284688219,0.715637745420105,0.721997300944669,0.723404255319149,0.725378787878788
