"param_id","eir_equil","sig_het","ff","trial_duration","trial_PQ_eff_stratum_1","trial_PQ_eff_stratum_2","trial_PQ_prop_stratum_1","trial_PQ_prop_stratum_2","trial_PQ_proph","is_LLIN_distributed","is_IRS_administered","eff_cph_recurrent_LM","eff_cph_recurrent_PCR","eff_cph_any_relapse_LM","eff_cph_any_relapse_PCR","eff_cph_relapse_LM_trial","eff_cph_relapse_PCR_trial","eff_cph_relapse_LM_all","eff_cph_relapse_PCR_all","eff_incid_recurrent_PCR","eff_incid_recurrent_LM","eff_incid_recurrent_D","eff_incid_any_relapse_PCR","eff_incid_any_relapse_LM","eff_incid_any_relapse_D","eff_incid_relapse_PCR","eff_incid_relapse_LM","eff_incid_relapse_D","eff_risk_relapse_PCR","eff_risk_relapse_LM","eff_risk_relapse_D"
1498,100,0,0.01538462,180,0.75,0,1,0,45,1,0,0.435318711927547,0.351445701322004,0.540303659528267,0.542132745834491,0.632278426045742,0.50021278067918,0.7358691359712,0.586380413611205,0.438380474638419,0.594474808673469,0.557585714285714,0.581741721606233,0.69324315233061,0.609086956521739,0.720376398847417,0.802906858594411,0.631947368421053,0.139112903225806,0.688888888888889,0.736842105263158
1499,100,0,0.01538462,180,0.75,0,1,0,45,1,0,0.36160783478782,0.331182837853398,0.423541714492416,0.576484821940005,0.62265923614967,0.563419768542203,0.69180077622655,0.597589347574485,0.442689964187598,0.562584985520459,0.452282471150396,0.584121500937482,0.640004192356241,0.440617087675911,0.732757343599814,0.773238942914033,0.6996996996997,0.163636363636364,0.662763466042155,0.684210526315789
15,0.1,0,0.01538462,180,0.75,0,1,0,28,1,0,0.7898099985862,0.818391322543817,0.792040877463934,0.819588488479714,0.797227032299252,0.823107002705021,0.830817886387865,0.83644135532711,0.730150765035665,0.728844051739843,0.716742838194374,0.733991996800431,0.733271466008941,0.723280696007399,0.747875965835414,0.748668836748142,0.747343244180669,0.751344086021505,0.752824858757062,0.746615087040619
