"param_id","eir_equil","sig_het","ff","trial_duration","trial_PQ_eff_stratum_1","trial_PQ_eff_stratum_2","trial_PQ_prop_stratum_1","trial_PQ_prop_stratum_2","trial_PQ_proph","is_LLIN_distributed","is_IRS_administered","eff_cph_recurrent_LM","eff_cph_recurrent_PCR","eff_cph_any_relapse_LM","eff_cph_any_relapse_PCR","eff_cph_relapse_LM_trial","eff_cph_relapse_PCR_trial","eff_cph_relapse_LM_all","eff_cph_relapse_PCR_all","eff_incid_recurrent_PCR","eff_incid_recurrent_LM","eff_incid_recurrent_D","eff_incid_any_relapse_PCR","eff_incid_any_relapse_LM","eff_incid_any_relapse_D","eff_incid_relapse_PCR","eff_incid_relapse_LM","eff_incid_relapse_D","eff_risk_relapse_PCR","eff_risk_relapse_LM","eff_risk_relapse_D"
130,0.1,0,0.01538462,180,0.75,0,1,0,28,1,0,0.795451390347547,0.817191073339477,0.80106048432929,0.821691337107335,0.801609280387953,0.824889924594103,0.830035381677564,0.834131447922507,0.713364863198382,0.710304619865343,0.717027114287388,0.717823673255428,0.71437066119297,0.720069632678871,0.735393436180838,0.731710740885053,0.741229249425971,0.752732240437158,0.753889674681754,0.745490981963928
1300,10,0,0.01538462,180,0.75,0,1,0,45,1,0,0.441862584736396,0.574664474629387,0.532307403566231,0.649938984750322,0.626633315073446,0.658922554770654,0.729024219721315,0.697171217079746,0.649557109377903,0.706420201119848,0.5995995995996,0.702105798890262,0.74432025714077,0.687187187187187,0.736655127967362,0.785108218843159,0.713999713999714,0.298989898989899,0.71025641025641,0.714285714285714
1301,10,0,0.01538462,180,0.75,0,1,0,45,1,0,0.575854624707787,0.629721405696059,0.665899286434569,0.694125304770658,0.660807133639816,0.723091735710333,0.753796455609049,0.68329294587744,0.663220758049178,0.74718438538206,0.818545454545454,0.718361848574238,0.78647015610652,0.857428571428571,0.751819190430788,0.811023541453429,0.812875,0.260606060606061,0.741293532338309,0.8
