"param_id","eir_equil","sig_het","ff","trial_duration","trial_PQ_eff_stratum_1","trial_PQ_eff_stratum_2","trial_PQ_prop_stratum_1","trial_PQ_prop_stratum_2","trial_PQ_proph","is_LLIN_distributed","is_IRS_administered","eff_cph_recurrent_LM","eff_cph_recurrent_PCR","eff_cph_any_relapse_LM","eff_cph_any_relapse_PCR","eff_cph_relapse_LM_trial","eff_cph_relapse_PCR_trial","eff_cph_relapse_LM_all","eff_cph_relapse_PCR_all","eff_incid_recurrent_PCR","eff_incid_recurrent_LM","eff_incid_recurrent_D","eff_incid_any_relapse_PCR","eff_incid_any_relapse_LM","eff_incid_any_relapse_D","eff_incid_relapse_PCR","eff_incid_relapse_LM","eff_incid_relapse_D","eff_risk_relapse_PCR","eff_risk_relapse_LM","eff_risk_relapse_D"
1057,1,0,0.01538462,180,0.75,0,1,0,45,1,0,0.679290922258725,0.74070734079244,0.718110506873789,0.77360151368234,0.748363731535051,0.790336952500472,0.783185755514951,0.799476053540272,0.668875762581661,0.663515758502566,0.658918177436696,0.700415126263846,0.700760436956756,0.718468468468468,0.720157175170029,0.725309491636634,0.756058579587991,0.651408450704225,0.686781609195402,0.735294117647059
1058,1,0,0.01538462,180,0.75,0,1,0,45,1,0,0.581452126924291,0.707939509207403,0.633639952264705,0.736394693574031,0.640020773416778,0.738084248199121,0.75298664740366,0.790371366179342,0.672442244224422,0.664376321353066,0.669491525423729,0.69669226225635,0.689714285714286,0.711711711711712,0.710070558050032,0.699436443331246,0.727272727272727,0.643867924528302,0.667161961367013,0.705882352941176
1059,1,0,0.01538462,180,0.75,0,1,0,45,1,0,0.637109092546664,0.709123554413098,0.670714714748148,0.738614999645747,0.721552080788988,0.763098315994596,0.768335410038228,0.788767409233037,0.670450035004157,0.681189833101829,0.550570979142408,0.706392871326007,0.708180867601158,0.636999636999637,0.72585488714521,0.733594739684874,0.707024097268,0.643786982248521,0.680635838150289,0.706666666666667
