"param_id","eir_equil","sig_het","ff","trial_duration","trial_PQ_eff_stratum_1","trial_PQ_eff_stratum_2","trial_PQ_prop_stratum_1","trial_PQ_prop_stratum_2","trial_PQ_proph","is_LLIN_distributed","is_IRS_administered","eff_cph_recurrent_LM","eff_cph_recurrent_PCR","eff_cph_any_relapse_LM","eff_cph_any_relapse_PCR","eff_cph_relapse_LM_trial","eff_cph_relapse_PCR_trial","eff_cph_relapse_LM_all","eff_cph_relapse_PCR_all","eff_incid_recurrent_PCR","eff_incid_recurrent_LM","eff_incid_recurrent_D","eff_incid_any_relapse_PCR","eff_incid_any_relapse_LM","eff_incid_any_relapse_D","eff_incid_relapse_PCR","eff_incid_relapse_LM","eff_incid_relapse_D","eff_risk_relapse_PCR","eff_risk_relapse_LM","eff_risk_relapse_D"
647,100,0,0.01538462,180,0.75,0,1,0,28,1,0,0.428125248331065,0.240617587428611,0.529154151108925,0.547141163187121,0.590865681791443,0.5891257865561,0.712585253491208,0.573360883677337,0.378619721903304,0.600808960796515,0.5,0.521132601892697,0.690993071593534,0.5625,0.717959155980731,0.82559087204564,0.708333333333333,0.121827411167513,0.665929203539823,0.65
648,100,0,0.01538462,180,0.75,0,1,0,28,1,0,0.468355619998796,0.28874534426561,0.525814402298341,0.5855394404082,0.7207645559502,0.629012812850695,0.721052846068073,0.553002039222106,0.367838708028824,0.601613403661185,0.710144927536232,0.511331766846055,0.68232044198895,0.836734693877551,0.717286055233549,0.81636060100167,0.967741935483871,0.129292929292929,0.68445475638051,0.964285714285714
649,100,0,0.01538462,180,0.75,0,1,0,28,1,0,0.423738053597042,0.256990602051172,0.529512518162764,0.582348232497519,0.697086494454646,0.613643474627164,0.717355777617956,0.571939704507478,0.371231510924197,0.588888888888889,0.695220338983051,0.517509208449222,0.666853883282141,0.647411764705882,0.728275812717236,0.800971428571429,0.625375,0.120040691759919,0.668112798264642,0.538461538461538
