"param_id","eir_equil","sig_het","ff","trial_duration","trial_PQ_eff_stratum_1","trial_PQ_eff_stratum_2","trial_PQ_prop_stratum_1","trial_PQ_prop_stratum_2","trial_PQ_proph","is_LLIN_distributed","is_IRS_administered","eff_cph_recurrent_LM","eff_cph_recurrent_PCR","eff_cph_any_relapse_LM","eff_cph_any_relapse_PCR","eff_cph_relapse_LM_trial","eff_cph_relapse_PCR_trial","eff_cph_relapse_LM_all","eff_cph_relapse_PCR_all","eff_incid_recurrent_PCR","eff_incid_recurrent_LM","eff_incid_recurrent_D","eff_incid_any_relapse_PCR","eff_incid_any_relapse_LM","eff_incid_any_relapse_D","eff_incid_relapse_PCR","eff_incid_relapse_LM","eff_incid_relapse_D","eff_risk_relapse_PCR","eff_risk_relapse_LM","eff_risk_relapse_D"
228,1,0,0.01538462,180,0.75,0,1,0,28,1,0,0.664295523752105,0.694160497405737,0.717221524792428,0.739558879401035,0.747777076002881,0.768773216523625,0.783516686342006,0.806111257188965,0.674935842600513,0.664702731655062,0.718518518518519,0.710246275463667,0.703852788959172,0.741935483870968,0.744360902255639,0.742944785276074,0.752293577981651,0.666267942583732,0.699708454810496,0.720430107526882
229,1,0,0.01538462,180,0.75,0,1,0,28,1,0,0.684405166310217,0.716586960557581,0.738548952835322,0.752882995659672,0.795117795088148,0.785132234655852,0.800333457332839,0.811737762725227,0.667130144605117,0.680356259277585,0.682170542635659,0.700714711137582,0.711395101171459,0.776859504132231,0.730237154150198,0.742874109263658,0.787610619469027,0.683156654888104,0.718130311614731,0.782178217821782
23,0.1,0,0.01538462,180,0.75,0,1,0,28,1,0,0.808379300795607,0.842011188430146,0.814510844678779,0.843692501990288,0.815343732625884,0.844805000853742,0.839778104364066,0.853880459879177,0.742718446601942,0.731446540880503,0.742053789731051,0.744312026002167,0.732785849652558,0.744471744471745,0.746856205576818,0.736305732484076,0.750310559006211,0.776455026455027,0.769014084507042,0.777555110220441
