"param_id","eir_equil","sig_het","ff","trial_duration","trial_PQ_eff_stratum_1","trial_PQ_eff_stratum_2","trial_PQ_prop_stratum_1","trial_PQ_prop_stratum_2","trial_PQ_proph","is_LLIN_distributed","is_IRS_administered","eff_cph_recurrent_LM","eff_cph_recurrent_PCR","eff_cph_any_relapse_LM","eff_cph_any_relapse_PCR","eff_cph_relapse_LM_trial","eff_cph_relapse_PCR_trial","eff_cph_relapse_LM_all","eff_cph_relapse_PCR_all","eff_incid_recurrent_PCR","eff_incid_recurrent_LM","eff_incid_recurrent_D","eff_incid_any_relapse_PCR","eff_incid_any_relapse_LM","eff_incid_any_relapse_D","eff_incid_relapse_PCR","eff_incid_relapse_LM","eff_incid_relapse_D","eff_risk_relapse_PCR","eff_risk_relapse_LM","eff_risk_relapse_D"
1070,1,0,0.01538462,180,0.75,0,1,0,45,1,0,0.697810556226433,0.739720155139743,0.748187327623978,0.785575932685905,0.774629755795898,0.801318558246946,0.786449153657176,0.809038287067614,0.692461381515546,0.692178245667928,0.78932695322618,0.725914374424855,0.722684331134676,0.814471800744346,0.747159139125156,0.743740442971251,0.834752211189296,0.67699642431466,0.704747774480712,0.805309734513274
1071,1,0,0.01538462,180,0.75,0,1,0,45,1,0,0.72672420911429,0.727293274266922,0.769237350452422,0.759133424238196,0.798827193984101,0.785775670460785,0.755459971563575,0.806828469011169,0.683482506102522,0.654672663668166,0.639344262295082,0.716348931253611,0.68491680085883,0.6875,0.735944409349337,0.703834808259587,0.673469387755102,0.665893271461717,0.66955266955267,0.682352941176471
1072,1,0,0.01538462,180,0.75,0,1,0,45,1,0,0.634125075151228,0.714380469660906,0.680451795253227,0.75181466823636,0.708909486485275,0.76857723966318,0.771974217157435,0.789534249649413,0.680180442374855,0.686013619696176,0.624436090225564,0.712052941176471,0.71903125,0.687335877862595,0.733934673366834,0.745884267631103,0.72608064516129,0.657039711191336,0.694566813509545,0.747826086956522
