"param_id","eir_equil","sig_het","ff","trial_duration","trial_PQ_eff_stratum_1","trial_PQ_eff_stratum_2","trial_PQ_prop_stratum_1","trial_PQ_prop_stratum_2","trial_PQ_proph","is_LLIN_distributed","is_IRS_administered","eff_cph_recurrent_LM","eff_cph_recurrent_PCR","eff_cph_any_relapse_LM","eff_cph_any_relapse_PCR","eff_cph_relapse_LM_trial","eff_cph_relapse_PCR_trial","eff_cph_relapse_LM_all","eff_cph_relapse_PCR_all","eff_incid_recurrent_PCR","eff_incid_recurrent_LM","eff_incid_recurrent_D","eff_incid_any_relapse_PCR","eff_incid_any_relapse_LM","eff_incid_any_relapse_D","eff_incid_relapse_PCR","eff_incid_relapse_LM","eff_incid_relapse_D","eff_risk_relapse_PCR","eff_risk_relapse_LM","eff_risk_relapse_D"
714,100,0,0.01538462,180,0.75,0,1,0,28,1,0,0.304705432265204,0.278236960710377,0.463624611224005,0.584775681614024,0.629021139866636,0.667949318198445,0.659159120344278,0.577916433512673,0.375262344695515,0.533397325566,0.57013769363167,0.52001073601336,0.595032647866887,0.614226135310473,0.718752307336386,0.76127089001166,0.77710843373494,0.142137096774194,0.63,0.769230769230769
715,100,0,0.01538462,180,0.75,0,1,0,28,1,0,0.40210164956629,0.234845350738421,0.584279061190545,0.529649970554966,0.749134682940506,0.626942286773212,0.731526106048843,0.587273451955303,0.371598423584809,0.549528851873885,0.55045,0.518398498792999,0.630531418312388,0.697976744186046,0.720817954268705,0.807374707259953,0.892964285714286,0.148185483870968,0.677060133630289,0.884615384615385
716,100,0,0.01538462,180,0.75,0,1,0,28,1,0,0.414349592592021,0.316539859577727,0.574005009657656,0.595353121607019,0.701059197491298,0.663599385981413,0.762275726773358,0.609354628184497,0.377721326051061,0.584316225693338,0.661538461538462,0.5306849726161,0.666035054476551,0.75609756097561,0.731599410108594,0.815235008103728,0.962962962962963,0.14098690835851,0.713656387665198,0.96
