"param_id","eir_equil","sig_het","ff","trial_duration","trial_PQ_eff_stratum_1","trial_PQ_eff_stratum_2","trial_PQ_prop_stratum_1","trial_PQ_prop_stratum_2","trial_PQ_proph","is_LLIN_distributed","is_IRS_administered","eff_cph_recurrent_LM","eff_cph_recurrent_PCR","eff_cph_any_relapse_LM","eff_cph_any_relapse_PCR","eff_cph_relapse_LM_trial","eff_cph_relapse_PCR_trial","eff_cph_relapse_LM_all","eff_cph_relapse_PCR_all","eff_incid_recurrent_PCR","eff_incid_recurrent_LM","eff_incid_recurrent_D","eff_incid_any_relapse_PCR","eff_incid_any_relapse_LM","eff_incid_any_relapse_D","eff_incid_relapse_PCR","eff_incid_relapse_LM","eff_incid_relapse_D","eff_risk_relapse_PCR","eff_risk_relapse_LM","eff_risk_relapse_D"
1076,1,0,0.01538462,180,0.75,0,1,0,45,1,0,0.615871423819797,0.701540706482173,0.673591759475569,0.751174483065014,0.720636462307396,0.776843467347383,0.794205648267828,0.805784881756049,0.665317782490154,0.674577027762657,0.581720588235294,0.699631067961165,0.701472886297376,0.664672,0.721178043631246,0.730990464081373,0.723243697478992,0.663507109004739,0.702941176470588,0.740740740740741
1077,1,0,0.01538462,180,0.75,0,1,0,45,1,0,0.667781117242882,0.722299103748461,0.70601054235895,0.747915214937436,0.723486794255764,0.767769162085684,0.78249155727716,0.817895432664072,0.689771766694844,0.683962264150943,0.648,0.716273442226255,0.713646532438479,0.652173913043478,0.730693717277487,0.726888217522659,0.666666666666667,0.688084112149533,0.701449275362319,0.666666666666667
1078,1,0,0.01538462,180,0.75,0,1,0,45,1,0,0.677625744952591,0.719155417066332,0.736163857332351,0.759298472630045,0.742312384626284,0.761274751714908,0.789469713722313,0.812766563176187,0.699348249027237,0.693503556910569,0.723804054054054,0.729461743772242,0.726069096844396,0.781678832116788,0.751235236859182,0.750005970149254,0.788771186440678,0.682297772567409,0.707386363636364,0.781818181818182
