"param_id","eir_equil","sig_het","ff","trial_duration","trial_PQ_eff_stratum_1","trial_PQ_eff_stratum_2","trial_PQ_prop_stratum_1","trial_PQ_prop_stratum_2","trial_PQ_proph","is_LLIN_distributed","is_IRS_administered","eff_cph_recurrent_LM","eff_cph_recurrent_PCR","eff_cph_any_relapse_LM","eff_cph_any_relapse_PCR","eff_cph_relapse_LM_trial","eff_cph_relapse_PCR_trial","eff_cph_relapse_LM_all","eff_cph_relapse_PCR_all","eff_incid_recurrent_PCR","eff_incid_recurrent_LM","eff_incid_recurrent_D","eff_incid_any_relapse_PCR","eff_incid_any_relapse_LM","eff_incid_any_relapse_D","eff_incid_relapse_PCR","eff_incid_relapse_LM","eff_incid_relapse_D","eff_risk_relapse_PCR","eff_risk_relapse_LM","eff_risk_relapse_D"
763,100,0,0.01538462,180,0.75,0,1,0,28,1,0,0.213376328672467,0.260611171871974,0.33862147101402,0.542291490056998,0.545332091283869,0.622034831065242,0.730716740568634,0.583147132189868,0.385969184890656,0.556700918484501,0.547622641509434,0.534269753132738,0.646442706131078,0.4672,0.729347887513455,0.800799100449775,0.7225,0.144008056394763,0.683189655172414,0.6875
764,100,0,0.01538462,180,0.75,0,1,0,28,1,0,0.329253080974083,0.218207828706883,0.527162323797649,0.602575003467987,0.495989260038607,0.661088687541655,0.701842370744748,0.564344992610392,0.380881405796352,0.547072125268299,0.390695042868956,0.524648952101114,0.632480524200269,0.576499576499576,0.723358740968889,0.779237836562677,0.499499499499499,0.128153380423814,0.662222222222222,0.5
765,100,0,0.01538462,180,0.75,0,1,0,28,1,0,0.358790773905113,0.238815506649672,0.432597963858105,0.565511338987403,0.727719637665236,0.670442915653175,0.763582947152668,0.587718630042021,0.376254156590085,0.60633872866392,0.582696202531646,0.519315958744593,0.679208038869258,0.625375,0.716425720914816,0.835440559440559,0.896655172413793,0.146022155085599,0.720524017467249,0.884615384615385
