"param_id","eir_equil","sig_het","ff","trial_duration","trial_PQ_eff_stratum_1","trial_PQ_eff_stratum_2","trial_PQ_prop_stratum_1","trial_PQ_prop_stratum_2","trial_PQ_proph","is_LLIN_distributed","is_IRS_administered","eff_cph_recurrent_LM","eff_cph_recurrent_PCR","eff_cph_any_relapse_LM","eff_cph_any_relapse_PCR","eff_cph_relapse_LM_trial","eff_cph_relapse_PCR_trial","eff_cph_relapse_LM_all","eff_cph_relapse_PCR_all","eff_incid_recurrent_PCR","eff_incid_recurrent_LM","eff_incid_recurrent_D","eff_incid_any_relapse_PCR","eff_incid_any_relapse_LM","eff_incid_any_relapse_D","eff_incid_relapse_PCR","eff_incid_relapse_LM","eff_incid_relapse_D","eff_risk_relapse_PCR","eff_risk_relapse_LM","eff_risk_relapse_D"
471,10,0,0.01538462,180,0.75,0,1,0,28,1,0,0.456101922813027,0.581956615455913,0.546041331225384,0.64571302109542,0.619732173853858,0.681696563607872,0.729122954589455,0.676480221457159,0.616149506346968,0.680648236415634,0.5625,0.673517414496392,0.713679745493107,0.571428571428571,0.730972184956623,0.741818181818182,0.666666666666667,0.269230769230769,0.701298701298701,0.666666666666667
472,10,0,0.01538462,180,0.75,0,1,0,28,1,0,0.514865236405686,0.59056099601913,0.523251126401286,0.677378745787611,0.629809627343835,0.713251636146153,0.698125504575879,0.707790984107205,0.630621025460744,0.667314484295616,0.682136682136682,0.691319200388507,0.705491281313126,0.714571714571715,0.745779950986966,0.75288535898149,0.842263315947526,0.275686673448627,0.672,0.842105263157895
473,10,0,0.01538462,180,0.75,0,1,0,28,1,0,0.49124335103234,0.555619341470684,0.572547938737697,0.647530630301358,0.625538762498849,0.701934749634076,0.742290730415295,0.706007532644991,0.622379073936033,0.724204229671852,0.730499189877324,0.682726254473199,0.75820702664654,0.833166165162153,0.739646591047751,0.803658139952738,0.833166165162153,0.300507614213198,0.729166666666667,0.826086956521739
