"param_id","eir_equil","sig_het","ff","trial_duration","trial_PQ_eff_stratum_1","trial_PQ_eff_stratum_2","trial_PQ_prop_stratum_1","trial_PQ_prop_stratum_2","trial_PQ_proph","is_LLIN_distributed","is_IRS_administered","eff_cph_recurrent_LM","eff_cph_recurrent_PCR","eff_cph_any_relapse_LM","eff_cph_any_relapse_PCR","eff_cph_relapse_LM_trial","eff_cph_relapse_PCR_trial","eff_cph_relapse_LM_all","eff_cph_relapse_PCR_all","eff_incid_recurrent_PCR","eff_incid_recurrent_LM","eff_incid_recurrent_D","eff_incid_any_relapse_PCR","eff_incid_any_relapse_LM","eff_incid_any_relapse_D","eff_incid_relapse_PCR","eff_incid_relapse_LM","eff_incid_relapse_D","eff_risk_relapse_PCR","eff_risk_relapse_LM","eff_risk_relapse_D"
1176,1,0,0.01538462,180,0.75,0,1,0,45,1,0,0.662488904114135,0.687173081642647,0.6976949788009,0.72415405375154,0.722711855702226,0.735474290291248,0.779810359563794,0.792738874712117,0.694234543942334,0.705196037539103,0.66034,0.723108084098312,0.7336,0.703593406593407,0.741450352338245,0.752204695966285,0.7627375,0.644391408114559,0.69364161849711,0.763157894736842
1177,1,0,0.01538462,180,0.75,0,1,0,45,1,0,0.669270617797819,0.676592742338966,0.697613917944253,0.704306880238722,0.716055614305228,0.717274477248879,0.746047643563092,0.771927742813489,0.651348175437482,0.647542924114989,0.602250398546695,0.678915575965168,0.677609172594423,0.676794441500324,0.701957968805243,0.69717643616814,0.677406573239907,0.628605769230769,0.654078549848943,0.654761904761905
1178,1,0,0.01538462,180,0.75,0,1,0,45,1,0,0.643744364089512,0.68910620769802,0.670836118098451,0.729495262452807,0.700913090953018,0.754911010246057,0.754695548788874,0.777571725390905,0.647182146077547,0.634828813559322,0.515336633663366,0.676474744245524,0.666600958657879,0.53171875,0.698675890695261,0.685678916827853,0.55479347826087,0.641119221411192,0.667164179104478,0.576470588235294
