"param_id","eir_equil","sig_het","ff","trial_duration","trial_PQ_eff_stratum_1","trial_PQ_eff_stratum_2","trial_PQ_prop_stratum_1","trial_PQ_prop_stratum_2","trial_PQ_proph","is_LLIN_distributed","is_IRS_administered","eff_cph_recurrent_LM","eff_cph_recurrent_PCR","eff_cph_any_relapse_LM","eff_cph_any_relapse_PCR","eff_cph_relapse_LM_trial","eff_cph_relapse_PCR_trial","eff_cph_relapse_LM_all","eff_cph_relapse_PCR_all","eff_incid_recurrent_PCR","eff_incid_recurrent_LM","eff_incid_recurrent_D","eff_incid_any_relapse_PCR","eff_incid_any_relapse_LM","eff_incid_any_relapse_D","eff_incid_relapse_PCR","eff_incid_relapse_LM","eff_incid_relapse_D","eff_risk_relapse_PCR","eff_risk_relapse_LM","eff_risk_relapse_D"
541,10,0,0.01538462,180,0.75,0,1,0,28,1,0,0.725832283418069,0.563339400751338,0.744073318866957,0.63747080535257,0.790248208711318,0.689441298293639,0.773888035179798,0.671136427108188,0.623188434138846,0.758284072249589,0.808076923076923,0.684886940327462,0.795842922374429,0.8004,0.735799910594546,0.824619246861925,0.8004,0.259979529170931,0.730769230769231,0.789473684210526
542,10,0,0.01538462,180,0.75,0,1,0,28,1,0,0.574386074276716,0.531030002411258,0.619419857457997,0.625007156939906,0.662783284904352,0.659835512806946,0.742191915905127,0.683909132210564,0.631313978201903,0.751024119546393,0.882235058351998,0.68977273244445,0.782993107987192,0.874874749498998,0.740590801680042,0.817999635634906,0.933266533066132,0.257575757575758,0.728723404255319,0.933333333333333
543,10,0,0.01538462,180,0.75,0,1,0,28,1,0,0.553111041354388,0.505240067911102,0.605356364113119,0.592734213782131,0.636906798259978,0.635079562972305,0.688526524408697,0.655234210787787,0.60948756432247,0.715932139491046,0.84032,0.667942515923567,0.743941114616193,0.956608695652174,0.716809817078776,0.772744578313253,0.944555555555556,0.272819472616633,0.674351585014409,0.944444444444444
