"param_id","eir_equil","sig_het","ff","trial_duration","trial_PQ_eff_stratum_1","trial_PQ_eff_stratum_2","trial_PQ_prop_stratum_1","trial_PQ_prop_stratum_2","trial_PQ_proph","is_LLIN_distributed","is_IRS_administered","eff_cph_recurrent_LM","eff_cph_recurrent_PCR","eff_cph_any_relapse_LM","eff_cph_any_relapse_PCR","eff_cph_relapse_LM_trial","eff_cph_relapse_PCR_trial","eff_cph_relapse_LM_all","eff_cph_relapse_PCR_all","eff_incid_recurrent_PCR","eff_incid_recurrent_LM","eff_incid_recurrent_D","eff_incid_any_relapse_PCR","eff_incid_any_relapse_LM","eff_incid_any_relapse_D","eff_incid_relapse_PCR","eff_incid_relapse_LM","eff_incid_relapse_D","eff_risk_relapse_PCR","eff_risk_relapse_LM","eff_risk_relapse_D"
1335,10,0,0.01538462,180,0.75,0,1,0,45,1,0,0.453867637258622,0.632497816131446,0.507487102615833,0.689574213775241,0.497576519736799,0.701701576564343,0.716555682063476,0.70087918395726,0.654201034530966,0.73385518590998,0.555555555555556,0.711007751937984,0.772331154684096,0.705882352941176,0.747506234413965,0.801790281329923,0.6875,0.275653923541248,0.702005730659026,0.615384615384615
1336,10,0,0.01538462,180,0.75,0,1,0,45,1,0,0.547433832086837,0.591243550131432,0.598619551299121,0.649389316642822,0.639273603262202,0.651347750209112,0.724594840914822,0.677233682979018,0.648520953163517,0.748201438848921,0.72,0.705170181984314,0.781474820143885,0.875,0.738457479553249,0.803076923076923,0.857142857142857,0.263157894736842,0.689373297002725,0.857142857142857
1337,10,0,0.01538462,180,0.75,0,1,0,45,1,0,0.584379202427746,0.601345367784013,0.616541452132644,0.65299092125291,0.694563177996768,0.656571878362315,0.742702419607133,0.701809479043306,0.65140197168372,0.747151996286944,0.912956434695565,0.705198351143881,0.78693938425482,0.904666571333238,0.739919591954117,0.816429158392481,1,0.272177419354839,0.721052631578947,1
