"param_id","eir_equil","sig_het","ff","trial_duration","trial_PQ_eff_stratum_1","trial_PQ_eff_stratum_2","trial_PQ_prop_stratum_1","trial_PQ_prop_stratum_2","trial_PQ_proph","is_LLIN_distributed","is_IRS_administered","eff_cph_recurrent_LM","eff_cph_recurrent_PCR","eff_cph_any_relapse_LM","eff_cph_any_relapse_PCR","eff_cph_relapse_LM_trial","eff_cph_relapse_PCR_trial","eff_cph_relapse_LM_all","eff_cph_relapse_PCR_all","eff_incid_recurrent_PCR","eff_incid_recurrent_LM","eff_incid_recurrent_D","eff_incid_any_relapse_PCR","eff_incid_any_relapse_LM","eff_incid_any_relapse_D","eff_incid_relapse_PCR","eff_incid_relapse_LM","eff_incid_relapse_D","eff_risk_relapse_PCR","eff_risk_relapse_LM","eff_risk_relapse_D"
300,1,0,0.01538462,180,0.75,0,1,0,28,1,0,0.695997265735116,0.689532205303516,0.744605047845929,0.750973521299996,0.774663054532498,0.769295737374117,0.773562424493267,0.789729969171505,0.660329824561404,0.669293078055965,0.671890410958904,0.702110825478435,0.706317708333333,0.697575757575758,0.73525575683144,0.739579124579125,0.717233333333333,0.636150234741784,0.674220963172805,0.736363636363636
301,1,0,0.01538462,180,0.75,0,1,0,28,1,0,0.660004386845849,0.678871403750897,0.710720902038619,0.720476167628133,0.740733813554889,0.749790898098641,0.765556740167507,0.792550203011865,0.654732167638079,0.660303475281449,0.593984962406015,0.684335914234663,0.685263157894737,0.691666666666667,0.722096408929149,0.718714121699196,0.81651376146789,0.648936170212766,0.664756446991404,0.824742268041237
302,1,0,0.01538462,180,0.75,0,1,0,28,1,0,0.612921009362024,0.693818758406927,0.663345485773183,0.746945766438789,0.702954125601476,0.769560442105577,0.760263532162203,0.790593360773777,0.645154751892347,0.643843798650752,0.548071428571429,0.68303259569378,0.682638121546961,0.590153846153846,0.712990879478827,0.711306441902468,0.617205607476636,0.646643109540636,0.666666666666667,0.597938144329897
