"param_id","eir_equil","sig_het","ff","trial_duration","trial_PQ_eff_stratum_1","trial_PQ_eff_stratum_2","trial_PQ_prop_stratum_1","trial_PQ_prop_stratum_2","trial_PQ_proph","is_LLIN_distributed","is_IRS_administered","eff_cph_recurrent_LM","eff_cph_recurrent_PCR","eff_cph_any_relapse_LM","eff_cph_any_relapse_PCR","eff_cph_relapse_LM_trial","eff_cph_relapse_PCR_trial","eff_cph_relapse_LM_all","eff_cph_relapse_PCR_all","eff_incid_recurrent_PCR","eff_incid_recurrent_LM","eff_incid_recurrent_D","eff_incid_any_relapse_PCR","eff_incid_any_relapse_LM","eff_incid_any_relapse_D","eff_incid_relapse_PCR","eff_incid_relapse_LM","eff_incid_relapse_D","eff_risk_relapse_PCR","eff_risk_relapse_LM","eff_risk_relapse_D"
574,10,0,0.01538462,180,0.75,0,1,0,28,1,0,0.576931623532205,0.561094652102469,0.639463951495032,0.659556974089708,0.660765641501506,0.695293709553122,0.729950079917453,0.687628348958783,0.629655220064949,0.694395796847636,0.8,0.690071521956472,0.735439289239882,0.851851851851852,0.739264343541007,0.763968072976055,0.884615384615385,0.266331658291457,0.702842377260982,0.875
575,10,0,0.01538462,180,0.75,0,1,0,28,1,0,0.609649198456507,0.573238124006856,0.658088927739458,0.667631380051172,0.699936137589301,0.732099165128234,0.698492604629819,0.687778014337805,0.637424342105263,0.702462337662338,0.689965517241379,0.695507412757546,0.740507136060894,0.76024,0.751786723286247,0.762347685683531,0.772954545454545,0.280040733197556,0.65625,0.772727272727273
576,10,0,0.01538462,180,0.75,0,1,0,28,1,0,0.548248315243365,0.551220327880494,0.649139429991296,0.651283284310106,0.723343824643866,0.675517789917637,0.71101942334759,0.682393004582503,0.628735473159934,0.698618307426598,0.65,0.691964971577815,0.738841405508072,0.842105263157895,0.746045694200351,0.784164859002169,0.833333333333333,0.283266129032258,0.690860215053763,0.833333333333333
