"param_id","eir_equil","sig_het","ff","trial_duration","trial_PQ_eff_stratum_1","trial_PQ_eff_stratum_2","trial_PQ_prop_stratum_1","trial_PQ_prop_stratum_2","trial_PQ_proph","is_LLIN_distributed","is_IRS_administered","eff_cph_recurrent_LM","eff_cph_recurrent_PCR","eff_cph_any_relapse_LM","eff_cph_any_relapse_PCR","eff_cph_relapse_LM_trial","eff_cph_relapse_PCR_trial","eff_cph_relapse_LM_all","eff_cph_relapse_PCR_all","eff_incid_recurrent_PCR","eff_incid_recurrent_LM","eff_incid_recurrent_D","eff_incid_any_relapse_PCR","eff_incid_any_relapse_LM","eff_incid_any_relapse_D","eff_incid_relapse_PCR","eff_incid_relapse_LM","eff_incid_relapse_D","eff_risk_relapse_PCR","eff_risk_relapse_LM","eff_risk_relapse_D"
382,1,0,0.01538462,180,0.75,0,1,0,28,1,0,0.636671883387358,0.664302947537773,0.697489674870379,0.712963327041106,0.709234828490554,0.733070061965829,0.74726665072045,0.779400900179097,0.622254312010625,0.628723236920538,0.529839518555667,0.656589811187215,0.660236119614254,0.611738441129841,0.68562886852941,0.68372528036252,0.629519188195216,0.629453681710214,0.643895348837209,0.663157894736842
383,1,0,0.01538462,180,0.75,0,1,0,28,1,0,0.670012179719361,0.694274992628353,0.749770009504931,0.749903038745761,0.762324147929886,0.778622015010241,0.788987820750472,0.809331897434173,0.688515018864545,0.683372477106375,0.647128789954009,0.724672972156479,0.722892675830472,0.719416104937147,0.755463695611429,0.757191350631292,0.757822095804512,0.669756662804172,0.704678362573099,0.777777777777778
384,1,0,0.01538462,180,0.75,0,1,0,28,1,0,0.664580975187471,0.710678499641956,0.700115071787953,0.764565761414755,0.762992758275914,0.793988156644943,0.778992021474074,0.801649346518061,0.680314502038439,0.677806830309498,0.687648854961832,0.719341638118966,0.718673120728929,0.709244094488189,0.759010469436001,0.7672158808933,0.793207207207207,0.667068757539204,0.697329376854599,0.787878787878788
