"param_id","eir_equil","sig_het","ff","trial_duration","trial_PQ_eff_stratum_1","trial_PQ_eff_stratum_2","trial_PQ_prop_stratum_1","trial_PQ_prop_stratum_2","trial_PQ_proph","is_LLIN_distributed","is_IRS_administered","eff_cph_recurrent_LM","eff_cph_recurrent_PCR","eff_cph_any_relapse_LM","eff_cph_any_relapse_PCR","eff_cph_relapse_LM_trial","eff_cph_relapse_PCR_trial","eff_cph_relapse_LM_all","eff_cph_relapse_PCR_all","eff_incid_recurrent_PCR","eff_incid_recurrent_LM","eff_incid_recurrent_D","eff_incid_any_relapse_PCR","eff_incid_any_relapse_LM","eff_incid_any_relapse_D","eff_incid_relapse_PCR","eff_incid_relapse_LM","eff_incid_relapse_D","eff_risk_relapse_PCR","eff_risk_relapse_LM","eff_risk_relapse_D"
103,0.1,0,0.01538462,180,0.75,0,1,0,28,1,0,0.807752859769744,0.832501029741446,0.816031381727586,0.83657668888158,0.817008485665664,0.837271332150994,0.830316508845259,0.840078438257352,0.736123265741729,0.72860602335587,0.732214198286414,0.737668810289389,0.729733168622607,0.7336,0.752941271551724,0.746059042883779,0.758006211180124,0.765415549597855,0.763790664780764,0.764587525150905
1030,1,0,0.01538462,180,0.75,0,1,0,45,1,0,0.656841734319588,0.699210597727636,0.694652567501432,0.739284602841193,0.747342344445976,0.776883414796546,0.784150985337516,0.804599476562985,0.676950459804212,0.66936790923825,0.651162790697674,0.709646910466583,0.705916140149339,0.698275862068966,0.733265027322404,0.734872114784779,0.738738738738739,0.671800947867299,0.711764705882353,0.742268041237113
1031,1,0,0.01538462,180,0.75,0,1,0,45,1,0,0.694308717204867,0.703803759340644,0.72135939559447,0.73146895025884,0.743924338824383,0.751713287163854,0.762070954355832,0.783862390879237,0.679817484490084,0.667077341962462,0.539904116017778,0.706710090962334,0.690992168424465,0.574481018814018,0.723927482774055,0.711089791112468,0.637209500842954,0.637767220902613,0.665684830633284,0.6125
