"param_id","eir_equil","sig_het","ff","trial_duration","trial_PQ_eff_stratum_1","trial_PQ_eff_stratum_2","trial_PQ_prop_stratum_1","trial_PQ_prop_stratum_2","trial_PQ_proph","is_LLIN_distributed","is_IRS_administered","eff_cph_recurrent_LM","eff_cph_recurrent_PCR","eff_cph_any_relapse_LM","eff_cph_any_relapse_PCR","eff_cph_relapse_LM_trial","eff_cph_relapse_PCR_trial","eff_cph_relapse_LM_all","eff_cph_relapse_PCR_all","eff_incid_recurrent_PCR","eff_incid_recurrent_LM","eff_incid_recurrent_D","eff_incid_any_relapse_PCR","eff_incid_any_relapse_LM","eff_incid_any_relapse_D","eff_incid_relapse_PCR","eff_incid_relapse_LM","eff_incid_relapse_D","eff_risk_relapse_PCR","eff_risk_relapse_LM","eff_risk_relapse_D"
709,100,0,0.01538462,180,0.75,0,1,0,28,1,0,0.288734385505723,0.232302084914636,0.437591528086522,0.560860334411311,0.644380520002883,0.604803292165517,0.700098932194527,0.566421325870381,0.360677649170356,0.533718447511551,0.449531163816878,0.509656759115942,0.599475401327253,0.559265147500442,0.713892966581139,0.763266523852843,0.947421105315842,0.124620060790274,0.638009049773756,0.944444444444444
71,0.1,0,0.01538462,180,0.75,0,1,0,28,1,0,0.820146919362157,0.838000727220221,0.822391984365065,0.838901313280376,0.822760945949816,0.840346569646723,0.834915092257115,0.843274602064248,0.724905046120456,0.718141870684244,0.734430082256169,0.725736095965104,0.719419924337957,0.73491124260355,0.73879781420765,0.733881163084703,0.753262158956109,0.76043068640646,0.757746478873239,0.775828460038986
710,100,0,0.01538462,180,0.75,0,1,0,28,1,0,0.161489803191774,0.177253368817253,0.247448640541482,0.551833459531834,0.554966750329053,0.605940790882159,0.640735405626835,0.564641994767037,0.37706312013032,0.512033474297625,0.356499356499356,0.526350058264952,0.629037880404001,0.540080621161702,0.716528875228684,0.787039408055773,0.912956434695565,0.143002028397566,0.613138686131387,0.882352941176471
