"param_id","eir_equil","sig_het","ff","trial_duration","trial_PQ_eff_stratum_1","trial_PQ_eff_stratum_2","trial_PQ_prop_stratum_1","trial_PQ_prop_stratum_2","trial_PQ_proph","is_LLIN_distributed","is_IRS_administered","eff_cph_recurrent_LM","eff_cph_recurrent_PCR","eff_cph_any_relapse_LM","eff_cph_any_relapse_PCR","eff_cph_relapse_LM_trial","eff_cph_relapse_PCR_trial","eff_cph_relapse_LM_all","eff_cph_relapse_PCR_all","eff_incid_recurrent_PCR","eff_incid_recurrent_LM","eff_incid_recurrent_D","eff_incid_any_relapse_PCR","eff_incid_any_relapse_LM","eff_incid_any_relapse_D","eff_incid_relapse_PCR","eff_incid_relapse_LM","eff_incid_relapse_D","eff_risk_relapse_PCR","eff_risk_relapse_LM","eff_risk_relapse_D"
1016,1,0,0.01538462,180,0.75,0,1,0,45,1,0,0.691494351382975,0.723358910695447,0.737368190382605,0.755854116688517,0.757050173353183,0.773726335904254,0.76716049433542,0.785438781264017,0.674439595132,0.670549009666362,0.701313618274177,0.706840170072169,0.705312198277074,0.702404510829787,0.731971871899853,0.725240153450041,0.715401105276614,0.651960784313726,0.686746987951807,0.728260869565217
1017,1,0,0.01538462,180,0.75,0,1,0,45,1,0,0.726639657058625,0.722427069346436,0.751999334222824,0.756882593809856,0.785686909060473,0.77973722591467,0.798868688015694,0.808368074462301,0.677339221639525,0.705165692007797,0.711111111111111,0.707395498392283,0.736706246773361,0.741666666666667,0.727416798732171,0.74761101742552,0.817391304347826,0.662004662004662,0.707042253521127,0.831775700934579
1018,1,0,0.01538462,180,0.75,0,1,0,45,1,0,0.717493995821182,0.720304236090175,0.744545350644554,0.765376462159393,0.758601269508284,0.781090716490954,0.787459333469423,0.823044861068064,0.678673527730131,0.689673066943435,0.696969696969697,0.715024330900243,0.718939812258421,0.711864406779661,0.737704918032787,0.741646778042959,0.747747747747748,0.684210526315789,0.69901547116737,0.745098039215686
