"param_id","eir_equil","sig_het","ff","trial_duration","trial_PQ_eff_stratum_1","trial_PQ_eff_stratum_2","trial_PQ_prop_stratum_1","trial_PQ_prop_stratum_2","trial_PQ_proph","is_LLIN_distributed","is_IRS_administered","eff_cph_recurrent_LM","eff_cph_recurrent_PCR","eff_cph_any_relapse_LM","eff_cph_any_relapse_PCR","eff_cph_relapse_LM_trial","eff_cph_relapse_PCR_trial","eff_cph_relapse_LM_all","eff_cph_relapse_PCR_all","eff_incid_recurrent_PCR","eff_incid_recurrent_LM","eff_incid_recurrent_D","eff_incid_any_relapse_PCR","eff_incid_any_relapse_LM","eff_incid_any_relapse_D","eff_incid_relapse_PCR","eff_incid_relapse_LM","eff_incid_relapse_D","eff_risk_relapse_PCR","eff_risk_relapse_LM","eff_risk_relapse_D"
1395,10,0,0.01538462,180,0.75,0,1,0,45,1,0,0.561438397840818,0.574139347234648,0.605214842774932,0.620688406949445,0.608443262047352,0.649216954182173,0.678040207441446,0.696021279331444,0.654044630404463,0.720502092050209,0.56,0.705905205905206,0.738967136150235,0.55,0.739716312056738,0.766345123258307,0.529411764705882,0.282696177062374,0.66580310880829,0.529411764705882
1396,10,0,0.01538462,180,0.75,0,1,0,45,1,0,0.60342589963981,0.586887665512017,0.618870666580467,0.639795632118616,0.661571924885238,0.660689504523885,0.71738260292951,0.656689833215305,0.639709496876446,0.727643205874837,0.427426281133696,0.690813255341992,0.748115014559506,0.475140757705888,0.723872353089832,0.782038303410946,0.46559786239145,0.234106962663976,0.690773067331671,0.384615384615385
1397,10,0,0.01538462,180,0.75,0,1,0,45,1,0,0.628729087704884,0.627705811222786,0.663807806337908,0.680422543320354,0.699505454356293,0.710401688014789,0.782029625268763,0.680896043474576,0.641867966568775,0.751421000568913,0.578103575572197,0.69898836238053,0.78098786691582,0.58741011434634,0.738306400034111,0.808989651294068,0.665998663994656,0.278058645096057,0.756892230576441,0.642857142857143
