"param_id","eir_equil","sig_het","ff","trial_duration","trial_PQ_eff_stratum_1","trial_PQ_eff_stratum_2","trial_PQ_prop_stratum_1","trial_PQ_prop_stratum_2","trial_PQ_proph","is_LLIN_distributed","is_IRS_administered","eff_cph_recurrent_LM","eff_cph_recurrent_PCR","eff_cph_any_relapse_LM","eff_cph_any_relapse_PCR","eff_cph_relapse_LM_trial","eff_cph_relapse_PCR_trial","eff_cph_relapse_LM_all","eff_cph_relapse_PCR_all","eff_incid_recurrent_PCR","eff_incid_recurrent_LM","eff_incid_recurrent_D","eff_incid_any_relapse_PCR","eff_incid_any_relapse_LM","eff_incid_any_relapse_D","eff_incid_relapse_PCR","eff_incid_relapse_LM","eff_incid_relapse_D","eff_risk_relapse_PCR","eff_risk_relapse_LM","eff_risk_relapse_D"
358,1,0,0.01538462,180,0.75,0,1,0,28,1,0,0.639133654004134,0.675147368031692,0.685873066516888,0.723079455527265,0.723637586322215,0.754309015622742,0.756442924920825,0.79813933436001,0.642622702251453,0.622955911823647,0.537999075073223,0.681193992622218,0.658064802170713,0.580224966061154,0.72526668570233,0.702439251513849,0.712755946675961,0.655737704918033,0.67218045112782,0.70873786407767
359,1,0,0.01538462,180,0.75,0,1,0,28,1,0,0.668987291140129,0.703872829107208,0.730578540427496,0.735801442843497,0.757215493448727,0.766599102300807,0.763995909211954,0.796390809476656,0.657399606852008,0.634146341463415,0.553719008264463,0.689257176679491,0.670745272525028,0.585585585585585,0.716603053435114,0.692307692307692,0.6,0.646581691772885,0.672857142857143,0.6
36,0.1,0,0.01538462,180,0.75,0,1,0,28,1,0,0.789259803429512,0.815194652720137,0.794500737813703,0.815267728789487,0.799941189561731,0.823100624101032,0.826286473811081,0.834378356838577,0.72351017130621,0.71926364764268,0.725428220858896,0.725395911780527,0.720977556109726,0.726537607891492,0.74142251223491,0.738297229219144,0.754609725685786,0.747978436657682,0.744022503516174,0.735607675906183
