"param_id","eir_equil","sig_het","ff","trial_duration","trial_PQ_eff_stratum_1","trial_PQ_eff_stratum_2","trial_PQ_prop_stratum_1","trial_PQ_prop_stratum_2","trial_PQ_proph","is_LLIN_distributed","is_IRS_administered","eff_cph_recurrent_LM","eff_cph_recurrent_PCR","eff_cph_any_relapse_LM","eff_cph_any_relapse_PCR","eff_cph_relapse_LM_trial","eff_cph_relapse_PCR_trial","eff_cph_relapse_LM_all","eff_cph_relapse_PCR_all","eff_incid_recurrent_PCR","eff_incid_recurrent_LM","eff_incid_recurrent_D","eff_incid_any_relapse_PCR","eff_incid_any_relapse_LM","eff_incid_any_relapse_D","eff_incid_relapse_PCR","eff_incid_relapse_LM","eff_incid_relapse_D","eff_risk_relapse_PCR","eff_risk_relapse_LM","eff_risk_relapse_D"
62,0.1,0,0.01538462,180,0.75,0,1,0,28,1,0,0.790746635588758,0.827030385600807,0.797883607115401,0.828571375514604,0.798165323440747,0.828558971110872,0.822427618011562,0.836151871220874,0.744559585492228,0.735722964763062,0.706832298136646,0.747269890795632,0.739342265529842,0.711442786069652,0.760983263598326,0.754751686082158,0.731829573934837,0.753721244925575,0.749640287769784,0.744813278008299
620,100,0,0.01538462,180,0.75,0,1,0,28,1,0,0.432696723175063,0.261330181604405,0.460719224331621,0.529139031923916,0.64406219614683,0.57520931906443,0.741019811590719,0.577151875355631,0.371342943250897,0.590168354525944,0.699097291875627,0.515585086757442,0.667962630524185,0.707455700434637,0.717292498203206,0.810769776113105,0.928356498065625,0.15050505050505,0.716707021791767,0.92
621,100,0,0.01538462,180,0.75,0,1,0,28,1,0,0.381724215110218,0.292733022520215,0.585796802425933,0.547300391858745,0.731273630579824,0.627575625088378,0.691002537334149,0.542412868186191,0.367843388695764,0.548784929356358,0.572285714285714,0.525382826070538,0.664584022038567,0.72555,0.728011550360949,0.787677863910422,0.8503,0.126262626262626,0.646634615384615,0.85
