"param_id","eir_equil","sig_het","ff","trial_duration","trial_PQ_eff_stratum_1","trial_PQ_eff_stratum_2","trial_PQ_prop_stratum_1","trial_PQ_prop_stratum_2","trial_PQ_proph","is_LLIN_distributed","is_IRS_administered","eff_cph_recurrent_LM","eff_cph_recurrent_PCR","eff_cph_any_relapse_LM","eff_cph_any_relapse_PCR","eff_cph_relapse_LM_trial","eff_cph_relapse_PCR_trial","eff_cph_relapse_LM_all","eff_cph_relapse_PCR_all","eff_incid_recurrent_PCR","eff_incid_recurrent_LM","eff_incid_recurrent_D","eff_incid_any_relapse_PCR","eff_incid_any_relapse_LM","eff_incid_any_relapse_D","eff_incid_relapse_PCR","eff_incid_relapse_LM","eff_incid_relapse_D","eff_risk_relapse_PCR","eff_risk_relapse_LM","eff_risk_relapse_D"
22,0.1,0,0.01538462,180,0.75,0,1,0,28,1,0,0.834349786489108,0.862185913253209,0.83681567544837,0.861580338603073,0.837377210667774,0.861784465538434,0.864602311583953,0.871966503638416,0.784100853788687,0.785885245901639,0.784458181818182,0.785086373390558,0.787407926829268,0.788017073170732,0.788631493506494,0.791464901477833,0.793099264705882,0.797139141742523,0.79291553133515,0.786821705426357
220,1,0,0.01538462,180,0.75,0,1,0,28,1,0,0.631307292655392,0.675266167284138,0.678145346948718,0.728793666443534,0.70585242826275,0.741057978559206,0.759907432045545,0.778338526063813,0.652945696111164,0.625528521297355,0.63039963039963,0.687242405689008,0.664502681507618,0.688212802966901,0.714364045574237,0.693338422355209,0.754140105017298,0.633489461358314,0.669943820224719,0.75
221,1,0,0.01538462,180,0.75,0,1,0,28,1,0,0.682145779009752,0.715919446121469,0.73074606345128,0.781146541782612,0.772700861124185,0.806251242612334,0.813990270799063,0.82510576828632,0.678672716959728,0.68816067653277,0.675675675675676,0.725052758516732,0.731049971925884,0.747572815533981,0.755169018706925,0.7636695018226,0.819148936170213,0.698679471788715,0.731778425655977,0.804597701149425
