"param_id","eir_equil","sig_het","ff","trial_duration","trial_PQ_eff_stratum_1","trial_PQ_eff_stratum_2","trial_PQ_prop_stratum_1","trial_PQ_prop_stratum_2","trial_PQ_proph","is_LLIN_distributed","is_IRS_administered","eff_cph_recurrent_LM","eff_cph_recurrent_PCR","eff_cph_any_relapse_LM","eff_cph_any_relapse_PCR","eff_cph_relapse_LM_trial","eff_cph_relapse_PCR_trial","eff_cph_relapse_LM_all","eff_cph_relapse_PCR_all","eff_incid_recurrent_PCR","eff_incid_recurrent_LM","eff_incid_recurrent_D","eff_incid_any_relapse_PCR","eff_incid_any_relapse_LM","eff_incid_any_relapse_D","eff_incid_relapse_PCR","eff_incid_relapse_LM","eff_incid_relapse_D","eff_risk_relapse_PCR","eff_risk_relapse_LM","eff_risk_relapse_D"
1554,100,0,0.01538462,180,0.75,0,1,0,45,1,0,0.517547861665694,0.367523370116261,0.618291471191655,0.546374667532541,0.709197489671152,0.573953991589871,0.758554220534238,0.563339344760117,0.439346562794856,0.639516817430928,0.780602520328548,0.582828823733151,0.711423134846558,0.839124839124839,0.718915071780624,0.824541827772846,0.903128935387,0.119191919191919,0.737668161434978,0.888888888888889
1555,100,0,0.01538462,180,0.75,0,1,0,45,1,0,0.332940415106885,0.386744344259558,0.547032741901459,0.579932674642495,0.422511321564239,0.576461288456848,0.700305942348989,0.567621320022518,0.432702467754969,0.552912771926857,0.5338004671338,0.577219835949694,0.653791578635002,0.613290710064904,0.711322168784392,0.811101788524178,0.764941412000236,0.120445344129555,0.667506297229219,0.764705882352941
1556,100,0,0.01538462,180,0.75,0,1,0,45,1,0,0.497427944575762,0.338828416445282,0.66148559062969,0.573322084771091,0.750535931699164,0.592558657223828,0.770535931980713,0.565628783011681,0.436344740708181,0.637357440998145,0.5640802092415,0.582963769663857,0.710015189891351,0.633780121585,0.728509400155301,0.844752159566974,0.874874874874875,0.138104838709677,0.729032258064516,0.869565217391304
