"param_id","eir_equil","sig_het","ff","trial_duration","trial_PQ_eff_stratum_1","trial_PQ_eff_stratum_2","trial_PQ_prop_stratum_1","trial_PQ_prop_stratum_2","trial_PQ_proph","is_LLIN_distributed","is_IRS_administered","eff_cph_recurrent_LM","eff_cph_recurrent_PCR","eff_cph_any_relapse_LM","eff_cph_any_relapse_PCR","eff_cph_relapse_LM_trial","eff_cph_relapse_PCR_trial","eff_cph_relapse_LM_all","eff_cph_relapse_PCR_all","eff_incid_recurrent_PCR","eff_incid_recurrent_LM","eff_incid_recurrent_D","eff_incid_any_relapse_PCR","eff_incid_any_relapse_LM","eff_incid_any_relapse_D","eff_incid_relapse_PCR","eff_incid_relapse_LM","eff_incid_relapse_D","eff_risk_relapse_PCR","eff_risk_relapse_LM","eff_risk_relapse_D"
1238,10,0,0.01538462,180,0.75,0,1,0,45,1,0,0.626432450909163,0.622937104039538,0.697332079370304,0.680628134726754,0.712725222302689,0.69746426027622,0.694853089590646,0.651216106907806,0.642956861650147,0.74283305227656,0.766666666666667,0.697243420028033,0.779342723004695,0.791666666666667,0.727928577869961,0.794594594594595,0.80952380952381,0.258585858585859,0.667525773195876,0.80952380952381
1239,10,0,0.01538462,180,0.75,0,1,0,45,1,0,0.630938626025005,0.599976234595004,0.665442767348851,0.638670771047261,0.684396260920958,0.653019850045378,0.748945506969431,0.695691426919447,0.659374632456813,0.796820544778705,0.704997344976105,0.711867819134794,0.825600635664415,0.811935807422267,0.745055142904239,0.838889833064325,0.749247743229689,0.277945619335347,0.739759036144578,0.75
124,0.1,0,0.01538462,180,0.75,0,1,0,28,1,0,0.800327623226699,0.828886621019123,0.803455820380425,0.829286417574977,0.806348570492753,0.833299748489246,0.829008541807122,0.838306554032416,0.743726220750291,0.741109596727927,0.743929976488116,0.746456983299089,0.743768926158863,0.746833080166413,0.766506352675398,0.765508581629488,0.777815198375946,0.761394101876676,0.759943181818182,0.756335282651072
