"param_id","eir_equil","sig_het","ff","trial_duration","trial_PQ_eff_stratum_1","trial_PQ_eff_stratum_2","trial_PQ_prop_stratum_1","trial_PQ_prop_stratum_2","trial_PQ_proph","is_LLIN_distributed","is_IRS_administered","eff_cph_recurrent_LM","eff_cph_recurrent_PCR","eff_cph_any_relapse_LM","eff_cph_any_relapse_PCR","eff_cph_relapse_LM_trial","eff_cph_relapse_PCR_trial","eff_cph_relapse_LM_all","eff_cph_relapse_PCR_all","eff_incid_recurrent_PCR","eff_incid_recurrent_LM","eff_incid_recurrent_D","eff_incid_any_relapse_PCR","eff_incid_any_relapse_LM","eff_incid_any_relapse_D","eff_incid_relapse_PCR","eff_incid_relapse_LM","eff_incid_relapse_D","eff_risk_relapse_PCR","eff_risk_relapse_LM","eff_risk_relapse_D"
1538,100,0,0.01538462,180,0.75,0,1,0,45,1,0,0.428595155230586,0.351078671635932,0.570613181533454,0.5668892074283,0.705400094251956,0.552674197085775,0.712062826719615,0.542447216751425,0.441930695603214,0.591511936339523,0.593220338983051,0.585174867296616,0.698956780923994,0.682926829268293,0.716116346870974,0.827890556045896,0.826086956521739,0.14070351758794,0.681481481481481,0.826086956521739
1539,100,0,0.01538462,180,0.75,0,1,0,45,1,0,0.543329712826864,0.398745709517091,0.668274481692325,0.599289268289131,0.741766566495239,0.630675948182305,0.762270284102069,0.605289557643983,0.445054664350669,0.64518019337826,0.612903225806452,0.58790732718026,0.727670753064799,0.590909090909091,0.723994546693933,0.826323987538941,0.615384615384615,0.132323232323232,0.71523178807947,0.791666666666667
154,0.1,0,0.01538462,180,0.75,0,1,0,28,1,0,0.78804429885326,0.804895970243364,0.793314697566367,0.808077757006229,0.793875678825633,0.808083334156624,0.811839063150686,0.821217139532053,0.679349358056773,0.663560987790277,0.705030178700596,0.68069582874358,0.665046856719219,0.706849413111938,0.691357715430862,0.677325581395349,0.722209970179594,0.73936170212766,0.738826815642458,0.741873804971319
