"param_id","eir_equil","sig_het","ff","trial_duration","trial_PQ_eff_stratum_1","trial_PQ_eff_stratum_2","trial_PQ_prop_stratum_1","trial_PQ_prop_stratum_2","trial_PQ_proph","is_LLIN_distributed","is_IRS_administered","eff_cph_recurrent_LM","eff_cph_recurrent_PCR","eff_cph_any_relapse_LM","eff_cph_any_relapse_PCR","eff_cph_relapse_LM_trial","eff_cph_relapse_PCR_trial","eff_cph_relapse_LM_all","eff_cph_relapse_PCR_all","eff_incid_recurrent_PCR","eff_incid_recurrent_LM","eff_incid_recurrent_D","eff_incid_any_relapse_PCR","eff_incid_any_relapse_LM","eff_incid_any_relapse_D","eff_incid_relapse_PCR","eff_incid_relapse_LM","eff_incid_relapse_D","eff_risk_relapse_PCR","eff_risk_relapse_LM","eff_risk_relapse_D"
600,100,0,0.01538462,180,0.75,0,1,0,28,1,0,0.325535490773961,0.218963281662294,0.450136922511464,0.60060923640374,0.632501562440787,0.689284147450127,0.697508401068648,0.573307454959029,0.368129483546501,0.56902461826114,0.629032258064516,0.518275046016303,0.644114921223355,0.704545454545455,0.713750850918992,0.773666092943201,0.821428571428571,0.145601617795753,0.641509433962264,0.826086956521739
601,100,0,0.01538462,180,0.75,0,1,0,28,1,0,0.360009125590253,0.265988356539168,0.5186866984816,0.548917998284339,0.737582012081867,0.615104187307576,0.747143208886766,0.603649115436669,0.37800306910518,0.608112051356872,0.557142857142857,0.52729906403209,0.680759275237274,0.723404255319149,0.736600916517234,0.822014051522248,0.923076923076923,0.141557128412538,0.712389380530973,0.916666666666667
602,100,0,0.01538462,180,0.75,0,1,0,28,1,0,0.439539116676207,0.282921976912759,0.593389832653631,0.514157189042081,0.742633441235721,0.636899210350326,0.715749932402697,0.591088414991091,0.381801534526854,0.545768052516411,0.62575,0.524404758308157,0.622231119199272,0.745607843137255,0.720065760097422,0.770001611603546,0.942971428571429,0.137474541751528,0.663113006396588,0.9375
