"param_id","eir_equil","sig_het","ff","trial_duration","trial_PQ_eff_stratum_1","trial_PQ_eff_stratum_2","trial_PQ_prop_stratum_1","trial_PQ_prop_stratum_2","trial_PQ_proph","is_LLIN_distributed","is_IRS_administered","eff_cph_recurrent_LM","eff_cph_recurrent_PCR","eff_cph_any_relapse_LM","eff_cph_any_relapse_PCR","eff_cph_relapse_LM_trial","eff_cph_relapse_PCR_trial","eff_cph_relapse_LM_all","eff_cph_relapse_PCR_all","eff_incid_recurrent_PCR","eff_incid_recurrent_LM","eff_incid_recurrent_D","eff_incid_any_relapse_PCR","eff_incid_any_relapse_LM","eff_incid_any_relapse_D","eff_incid_relapse_PCR","eff_incid_relapse_LM","eff_incid_relapse_D","eff_risk_relapse_PCR","eff_risk_relapse_LM","eff_risk_relapse_D"
555,10,0,0.01538462,180,0.75,0,1,0,28,1,0,0.418743189189903,0.576079804050645,0.485226214698329,0.661496203297635,0.549456908444192,0.679803680530541,0.685020472372575,0.675676429911495,0.631427388598037,0.670643612807009,0.666332665330661,0.688617306815798,0.71481424387236,0.683894103997469,0.742734738608774,0.763608722146487,0.721943887775551,0.277608915906788,0.647519582245431,0.705882352941176
556,10,0,0.01538462,180,0.75,0,1,0,28,1,0,0.508442980438282,0.582586344168352,0.566315822676371,0.648689061881411,0.580584871285203,0.689420466904906,0.732622254311929,0.67025837281172,0.620356408498972,0.719374456993918,0.545454545454545,0.683419768151312,0.758653846153846,0.619047619047619,0.735265529734028,0.803351955307263,0.588235294117647,0.250252270433905,0.701570680628272,0.5625
557,10,0,0.01538462,180,0.75,0,1,0,28,1,0,0.530792876534267,0.580155257211298,0.619451111821035,0.660050097357684,0.637096090704768,0.673553149728184,0.725470553839282,0.672185210325614,0.624486217332624,0.701231544722097,0.691999383382149,0.682953384737135,0.734153830191543,0.749749498997996,0.733711466889824,0.754699508907926,0.749749498997996,0.262677484787018,0.713930348258706,0.75
