"param_id","eir_equil","sig_het","ff","trial_duration","trial_PQ_eff_stratum_1","trial_PQ_eff_stratum_2","trial_PQ_prop_stratum_1","trial_PQ_prop_stratum_2","trial_PQ_proph","is_LLIN_distributed","is_IRS_administered","eff_cph_recurrent_LM","eff_cph_recurrent_PCR","eff_cph_any_relapse_LM","eff_cph_any_relapse_PCR","eff_cph_relapse_LM_trial","eff_cph_relapse_PCR_trial","eff_cph_relapse_LM_all","eff_cph_relapse_PCR_all","eff_incid_recurrent_PCR","eff_incid_recurrent_LM","eff_incid_recurrent_D","eff_incid_any_relapse_PCR","eff_incid_any_relapse_LM","eff_incid_any_relapse_D","eff_incid_relapse_PCR","eff_incid_relapse_LM","eff_incid_relapse_D","eff_risk_relapse_PCR","eff_risk_relapse_LM","eff_risk_relapse_D"
1143,1,0,0.01538462,180,0.75,0,1,0,45,1,0,0.634640265268127,0.676413702390323,0.714459578637157,0.733359747898584,0.740983055035799,0.743750501406227,0.758568967582178,0.767933911502977,0.633827963346143,0.634980769230769,0.694961832061069,0.665111531190926,0.672497641509434,0.74009756097561,0.686048242591316,0.700169921875,0.754962264150943,0.632478632478632,0.678678678678679,0.752577319587629
1144,1,0,0.01538462,180,0.75,0,1,0,45,1,0,0.700051865352082,0.708532855036872,0.737872900513947,0.743243189160564,0.745219874095321,0.755682580197218,0.774901854515065,0.787958978500987,0.656767683691886,0.649824561403509,0.708953047535725,0.688810716074897,0.68032032032032,0.743846410513077,0.701566588856757,0.691751714237661,0.737636626525515,0.645161290322581,0.675250357653791,0.744444444444444
1145,1,0,0.01538462,180,0.75,0,1,0,45,1,0,0.600929418964919,0.673188302310417,0.650012641971588,0.712928914292768,0.672287469574302,0.730716649509761,0.75215812513874,0.792135987294639,0.653965556831228,0.636603651987111,0.575653543307087,0.684730313165096,0.666005701254276,0.605831932773109,0.705876631853786,0.696525289457648,0.630051724137931,0.641686182669789,0.646888567293777,0.647619047619048
