"param_id","eir_equil","sig_het","ff","trial_duration","trial_PQ_eff_stratum_1","trial_PQ_eff_stratum_2","trial_PQ_prop_stratum_1","trial_PQ_prop_stratum_2","trial_PQ_proph","is_LLIN_distributed","is_IRS_administered","eff_cph_recurrent_LM","eff_cph_recurrent_PCR","eff_cph_any_relapse_LM","eff_cph_any_relapse_PCR","eff_cph_relapse_LM_trial","eff_cph_relapse_PCR_trial","eff_cph_relapse_LM_all","eff_cph_relapse_PCR_all","eff_incid_recurrent_PCR","eff_incid_recurrent_LM","eff_incid_recurrent_D","eff_incid_any_relapse_PCR","eff_incid_any_relapse_LM","eff_incid_any_relapse_D","eff_incid_relapse_PCR","eff_incid_relapse_LM","eff_incid_relapse_D","eff_risk_relapse_PCR","eff_risk_relapse_LM","eff_risk_relapse_D"
1021,1,0,0.01538462,180,0.75,0,1,0,45,1,0,0.601041650772919,0.659202655749628,0.665854587706916,0.700544541429114,0.726922363675451,0.729499948857278,0.763884388136802,0.777185073456341,0.648076349537727,0.651506849315069,0.612068965517241,0.683444127888572,0.681765389082462,0.666666666666667,0.703436426116838,0.707517372078332,0.722772277227723,0.637698898408813,0.673163418290855,0.693181818181818
1022,1,0,0.01538462,180,0.75,0,1,0,45,1,0,0.659779958493396,0.712040422968936,0.709317732541004,0.74954894505931,0.73192934168752,0.760147670563526,0.75962233366336,0.782902711232048,0.66685552407932,0.667009249743063,0.695945945945946,0.693441636582431,0.687568756875688,0.715328467153285,0.714100064977258,0.708432304038005,0.738461538461539,0.636363636363636,0.66374269005848,0.73728813559322
1023,1,0,0.01538462,180,0.75,0,1,0,45,1,0,0.647819130737659,0.709040483458652,0.709274266664059,0.756584946670095,0.743860885029005,0.772629329380614,0.772378142322346,0.800583799261792,0.675648104723727,0.665317732815622,0.607518206794296,0.706281128062338,0.701956747435288,0.698343149750002,0.729138315108993,0.731146101024968,0.711133400200602,0.652582159624413,0.680972818311874,0.682242990654206
