"param_id","eir_equil","sig_het","ff","trial_duration","trial_PQ_eff_stratum_1","trial_PQ_eff_stratum_2","trial_PQ_prop_stratum_1","trial_PQ_prop_stratum_2","trial_PQ_proph","is_LLIN_distributed","is_IRS_administered","eff_cph_recurrent_LM","eff_cph_recurrent_PCR","eff_cph_any_relapse_LM","eff_cph_any_relapse_PCR","eff_cph_relapse_LM_trial","eff_cph_relapse_PCR_trial","eff_cph_relapse_LM_all","eff_cph_relapse_PCR_all","eff_incid_recurrent_PCR","eff_incid_recurrent_LM","eff_incid_recurrent_D","eff_incid_any_relapse_PCR","eff_incid_any_relapse_LM","eff_incid_any_relapse_D","eff_incid_relapse_PCR","eff_incid_relapse_LM","eff_incid_relapse_D","eff_risk_relapse_PCR","eff_risk_relapse_LM","eff_risk_relapse_D"
299,1,0,0.01538462,180,0.75,0,1,0,28,1,0,0.710168594357495,0.687399005631085,0.755647391888745,0.739734494969054,0.791416904340677,0.764027941081277,0.77331188144789,0.79439903230734,0.638253592297161,0.626138790055182,0.666332999666333,0.68050459334136,0.668678637630014,0.726288788788789,0.719475490400601,0.712204357527647,0.758379068723896,0.65609756097561,0.689655172413793,0.745098039215686
3,0.1,0,0.01538462,180,0.75,0,1,0,28,1,0,0.821862306232426,0.835000517584485,0.821357845880167,0.834918005265984,0.823344923133128,0.838386867649215,0.829494367643141,0.835215285029747,0.729686670207116,0.732763880414887,0.747428571428571,0.732266666666667,0.735131820968731,0.748275862068966,0.756959314775161,0.758769230769231,0.776878612716763,0.7543391188251,0.756944444444444,0.762452107279693
30,0.1,0,0.01538462,180,0.75,0,1,0,28,1,0,0.7927539648449,0.822602595134613,0.797469375767367,0.825623413253243,0.79780086831531,0.825711441053689,0.822759769537033,0.827283132003433,0.706668918918919,0.696203813280736,0.710906801007557,0.708398640996603,0.698294389438944,0.711969620253165,0.715100854700855,0.705768924302789,0.723767857142857,0.75414364640884,0.756914119359534,0.749494949494949
