"param_id","eir_equil","sig_het","ff","trial_duration","trial_PQ_eff_stratum_1","trial_PQ_eff_stratum_2","trial_PQ_prop_stratum_1","trial_PQ_prop_stratum_2","trial_PQ_proph","is_LLIN_distributed","is_IRS_administered","eff_cph_recurrent_LM","eff_cph_recurrent_PCR","eff_cph_any_relapse_LM","eff_cph_any_relapse_PCR","eff_cph_relapse_LM_trial","eff_cph_relapse_PCR_trial","eff_cph_relapse_LM_all","eff_cph_relapse_PCR_all","eff_incid_recurrent_PCR","eff_incid_recurrent_LM","eff_incid_recurrent_D","eff_incid_any_relapse_PCR","eff_incid_any_relapse_LM","eff_incid_any_relapse_D","eff_incid_relapse_PCR","eff_incid_relapse_LM","eff_incid_relapse_D","eff_risk_relapse_PCR","eff_risk_relapse_LM","eff_risk_relapse_D"
153,0.1,0,0.01538462,180,0.75,0,1,0,28,1,0,0.805653189074485,0.822943305821188,0.812433126781281,0.826849301722854,0.814091600875138,0.83274380904163,0.827181443020882,0.833768583072353,0.709396280948107,0.71164842489852,0.727690129211163,0.713001587544089,0.715339199416431,0.731690331658483,0.732092887891022,0.735175029535876,0.756980619277186,0.751004016064257,0.750700280112045,0.764367816091954
1530,100,0,0.01538462,180,0.75,0,1,0,45,1,0,0.455171097979769,0.321496048604769,0.444876786730254,0.580843901944988,0.599142096873415,0.546222699434532,0.73832426487569,0.565483706580094,0.433173513023196,0.595815343739621,0.65,0.576538845769615,0.688050930460333,0.628571428571429,0.716941424061733,0.814586994727592,0.722222222222222,0.142131979695431,0.706422018348624,0.6875
1531,100,0,0.01538462,180,0.75,0,1,0,45,1,0,0.471109567852793,0.339985430533529,0.530532464369458,0.51364533670201,0.653623585318389,0.42250445985973,0.72054693698863,0.578880367253682,0.439198701191321,0.621751187513192,0.64347909553389,0.58053619105527,0.697340737803166,0.678249678249678,0.718769663749031,0.809600933196439,0.848333181666515,0.144008056394763,0.657718120805369,0.833333333333333
