"param_id","eir_equil","sig_het","ff","trial_duration","trial_PQ_eff_stratum_1","trial_PQ_eff_stratum_2","trial_PQ_prop_stratum_1","trial_PQ_prop_stratum_2","trial_PQ_proph","is_LLIN_distributed","is_IRS_administered","eff_cph_recurrent_LM","eff_cph_recurrent_PCR","eff_cph_any_relapse_LM","eff_cph_any_relapse_PCR","eff_cph_relapse_LM_trial","eff_cph_relapse_PCR_trial","eff_cph_relapse_LM_all","eff_cph_relapse_PCR_all","eff_incid_recurrent_PCR","eff_incid_recurrent_LM","eff_incid_recurrent_D","eff_incid_any_relapse_PCR","eff_incid_any_relapse_LM","eff_incid_any_relapse_D","eff_incid_relapse_PCR","eff_incid_relapse_LM","eff_incid_relapse_D","eff_risk_relapse_PCR","eff_risk_relapse_LM","eff_risk_relapse_D"
771,100,0,0.01538462,180,0.75,0,1,0,28,1,0,0.417169813199484,0.280128501325081,0.539618265637971,0.563923974077746,0.775057898613455,0.69670595965666,0.73140279728515,0.60374412846927,0.360538736036409,0.540565088757397,0.709381818181818,0.511035241618674,0.632073275862069,0.85380487804878,0.72641099796334,0.808574850299401,0.91675,0.146881287726358,0.687645687645688,0.909090909090909
772,100,0,0.01538462,180,0.75,0,1,0,28,1,0,0.477768558976016,0.230973566934637,0.513400655584315,0.583099574231475,0.559845855844949,0.656937857139004,0.69158627137693,0.562322214899025,0.36652033271719,0.581577339274348,0.53171875,0.520058734939759,0.647862068965517,0.571857142857143,0.717611829567111,0.787390026714158,0.529882352941176,0.136363636363636,0.649651972157773,0.529411764705882
773,100,0,0.01538462,180,0.75,0,1,0,28,1,0,0.308254513610822,0.29255118533435,0.488557800943593,0.538059691121157,0.571256283150032,0.624019262843098,0.691446928159533,0.572857227498413,0.378640776699029,0.502542911633821,0.542857142857143,0.53160625686475,0.610130111524164,0.595744680851064,0.729383724889343,0.785357737104825,0.709677419354839,0.151515151515151,0.661252900232019,0.678571428571429
