"param_id","eir_equil","sig_het","ff","trial_duration","trial_PQ_eff_stratum_1","trial_PQ_eff_stratum_2","trial_PQ_prop_stratum_1","trial_PQ_prop_stratum_2","trial_PQ_proph","is_LLIN_distributed","is_IRS_administered","eff_cph_recurrent_LM","eff_cph_recurrent_PCR","eff_cph_any_relapse_LM","eff_cph_any_relapse_PCR","eff_cph_relapse_LM_trial","eff_cph_relapse_PCR_trial","eff_cph_relapse_LM_all","eff_cph_relapse_PCR_all","eff_incid_recurrent_PCR","eff_incid_recurrent_LM","eff_incid_recurrent_D","eff_incid_any_relapse_PCR","eff_incid_any_relapse_LM","eff_incid_any_relapse_D","eff_incid_relapse_PCR","eff_incid_relapse_LM","eff_incid_relapse_D","eff_risk_relapse_PCR","eff_risk_relapse_LM","eff_risk_relapse_D"
196,0.1,0,0.01538462,180,0.75,0,1,0,28,1,0,0.821246749303971,0.836719956543868,0.825368225467032,0.836211645409871,0.825874019903957,0.839187083211706,0.844007214498221,0.847227680684809,0.765128256748368,0.768053600704274,0.776464918077118,0.768409880769431,0.772259031518291,0.782295957159345,0.779615005952454,0.784527283048868,0.796930337172895,0.772787318361955,0.777624309392265,0.793478260869565
197,0.1,0,0.01538462,180,0.75,0,1,0,28,1,0,0.803153187591674,0.816613333688774,0.803140318203166,0.815939879596343,0.803899648073672,0.816395873597357,0.807810884461592,0.816268351467893,0.713507886435331,0.713366543665437,0.745004405286344,0.713878563885956,0.712566131025958,0.744980088495575,0.726618720253834,0.727481114551084,0.765436807095344,0.725784447476125,0.725321888412017,0.757009345794392
198,0.1,0,0.01538462,180,0.75,0,1,0,28,1,0,0.804076924402027,0.815218941850928,0.807866857446887,0.818379597335435,0.81014937556662,0.820298593400317,0.813195949314028,0.8287930004012,0.718152866242038,0.715083798882681,0.716152019002375,0.721215351812367,0.718204488778055,0.717183770883055,0.737466307277628,0.734680985470625,0.740963855421687,0.743624161073825,0.732954545454545,0.740667976424362
