"param_id","eir_equil","sig_het","ff","trial_duration","trial_PQ_eff_stratum_1","trial_PQ_eff_stratum_2","trial_PQ_prop_stratum_1","trial_PQ_prop_stratum_2","trial_PQ_proph","is_LLIN_distributed","is_IRS_administered","eff_cph_recurrent_LM","eff_cph_recurrent_PCR","eff_cph_any_relapse_LM","eff_cph_any_relapse_PCR","eff_cph_relapse_LM_trial","eff_cph_relapse_PCR_trial","eff_cph_relapse_LM_all","eff_cph_relapse_PCR_all","eff_incid_recurrent_PCR","eff_incid_recurrent_LM","eff_incid_recurrent_D","eff_incid_any_relapse_PCR","eff_incid_any_relapse_LM","eff_incid_any_relapse_D","eff_incid_relapse_PCR","eff_incid_relapse_LM","eff_incid_relapse_D","eff_risk_relapse_PCR","eff_risk_relapse_LM","eff_risk_relapse_D"
1379,10,0,0.01538462,180,0.75,0,1,0,45,1,0,0.485815748749284,0.567369513603852,0.524797308034332,0.610449161422989,0.583473278324287,0.635603846463505,0.731508791004672,0.677028090344514,0.655332302936631,0.745531914893617,0.758620689655172,0.7089674723963,0.773798303487276,0.769230769230769,0.744051172707889,0.808176100628931,0.75,0.26369168356998,0.711111111111111,0.739130434782609
138,0.1,0,0.01538462,180,0.75,0,1,0,28,1,0,0.790559536598851,0.802135117272546,0.794792680512703,0.809082672019783,0.797988011015657,0.811879460644665,0.807985834101207,0.815578311360752,0.687991021324355,0.689766839378238,0.712858926342072,0.691441441441441,0.693107932379714,0.714285714285714,0.705715902659875,0.708033964728935,0.729559748427673,0.739707835325365,0.743988684582744,0.744554455445545
1380,10,0,0.01538462,180,0.75,0,1,0,45,1,0,0.605294848954474,0.61980448023664,0.67122951110241,0.64686298301028,0.730706601399576,0.667689813206122,0.777111340273784,0.683678603108321,0.652792910833736,0.768834384858044,0.646225806451613,0.706669800416121,0.804441330998249,0.667666666666667,0.742060874181561,0.826652261306533,0.728090909090909,0.288169868554095,0.746928746928747,0.714285714285714
