"param_id","eir_equil","sig_het","ff","trial_duration","trial_PQ_eff_stratum_1","trial_PQ_eff_stratum_2","trial_PQ_prop_stratum_1","trial_PQ_prop_stratum_2","trial_PQ_proph","is_LLIN_distributed","is_IRS_administered","eff_cph_recurrent_LM","eff_cph_recurrent_PCR","eff_cph_any_relapse_LM","eff_cph_any_relapse_PCR","eff_cph_relapse_LM_trial","eff_cph_relapse_PCR_trial","eff_cph_relapse_LM_all","eff_cph_relapse_PCR_all","eff_incid_recurrent_PCR","eff_incid_recurrent_LM","eff_incid_recurrent_D","eff_incid_any_relapse_PCR","eff_incid_any_relapse_LM","eff_incid_any_relapse_D","eff_incid_relapse_PCR","eff_incid_relapse_LM","eff_incid_relapse_D","eff_risk_relapse_PCR","eff_risk_relapse_LM","eff_risk_relapse_D"
722,100,0,0.01538462,180,0.75,0,1,0,28,1,0,0.385658115952023,0.249589512067881,0.504079230495935,0.548154113046581,0.690029890495055,0.614972215314571,0.715534988680735,0.523423325883199,0.364968318540855,0.543679871548724,0.383999383999384,0.514456285804472,0.64656929025277,0.409666076332743,0.71186830205017,0.791109974749374,0.7997997997998,0.13508064516129,0.677130044843049,0.764705882352941
723,100,0,0.01538462,180,0.75,0,1,0,28,1,0,0.332109182134204,0.269785684477986,0.521972040514951,0.56850535192894,0.636076131859604,0.606685102401297,0.694510248311599,0.556308048830002,0.380330279206684,0.555245317957182,0.565603339188245,0.52639307989973,0.646276513307479,0.768999768999769,0.710643274999711,0.763922840845918,0.733066399733066,0.134615384615385,0.638580931263858,0.733333333333333
724,100,0,0.01538462,180,0.75,0,1,0,28,1,0,0.348423423143838,0.262140768662471,0.505943771199131,0.55333249358004,0.659361451750937,0.59231936982933,0.715152963318869,0.587647077608496,0.3763135147496,0.56110469667319,0.357785714285714,0.523261224337717,0.649115494296578,0.5005,0.723074781439139,0.783535683576956,0.524285714285714,0.123232323232323,0.672897196261682,0.714285714285714
