"param_id","eir_equil","sig_het","ff","trial_duration","trial_PQ_eff_stratum_1","trial_PQ_eff_stratum_2","trial_PQ_prop_stratum_1","trial_PQ_prop_stratum_2","trial_PQ_proph","is_LLIN_distributed","is_IRS_administered","eff_cph_recurrent_LM","eff_cph_recurrent_PCR","eff_cph_any_relapse_LM","eff_cph_any_relapse_PCR","eff_cph_relapse_LM_trial","eff_cph_relapse_PCR_trial","eff_cph_relapse_LM_all","eff_cph_relapse_PCR_all","eff_incid_recurrent_PCR","eff_incid_recurrent_LM","eff_incid_recurrent_D","eff_incid_any_relapse_PCR","eff_incid_any_relapse_LM","eff_incid_any_relapse_D","eff_incid_relapse_PCR","eff_incid_relapse_LM","eff_incid_relapse_D","eff_risk_relapse_PCR","eff_risk_relapse_LM","eff_risk_relapse_D"
1324,10,0,0.01538462,180,0.75,0,1,0,45,1,0,0.395243105853766,0.612880729315693,0.50038059713465,0.653487481327715,0.505562308931727,0.65278235620529,0.693836725177838,0.685124358843601,0.664266879835742,0.726663933306,0.47315736789421,0.718032161937559,0.763455138708688,0.562062062062062,0.753742060428487,0.788050420961813,0.537999537999538,0.27979797979798,0.672131147540984,0.5
1325,10,0,0.01538462,180,0.75,0,1,0,45,1,0,0.475998345731626,0.605547432419819,0.502382840293119,0.647336233804069,0.529544819830018,0.660900710931857,0.702767349367666,0.672478759285486,0.644286010936527,0.706329113924051,-0.0833333333333333,0.699079048349962,0.745523091423186,0,0.736150070126227,0.773218142548596,0.3,0.268762677484787,0.68241469816273,0.3
1326,10,0,0.01538462,180,0.75,0,1,0,45,1,0,0.739018126335845,0.598561643449879,0.765885378411797,0.667498278067481,0.805064020975332,0.689146329342037,0.774026935334508,0.694931074485863,0.654743820862357,0.747533307365943,0.806645355032452,0.711897704559114,0.774925433281851,0.785928785928786,0.746277417887016,0.803768053768054,0.88012012012012,0.2806484295846,0.737244897959184,0.869565217391304
