"param_id","eir_equil","sig_het","ff","trial_duration","trial_PQ_eff_stratum_1","trial_PQ_eff_stratum_2","trial_PQ_prop_stratum_1","trial_PQ_prop_stratum_2","trial_PQ_proph","is_LLIN_distributed","is_IRS_administered","eff_cph_recurrent_LM","eff_cph_recurrent_PCR","eff_cph_any_relapse_LM","eff_cph_any_relapse_PCR","eff_cph_relapse_LM_trial","eff_cph_relapse_PCR_trial","eff_cph_relapse_LM_all","eff_cph_relapse_PCR_all","eff_incid_recurrent_PCR","eff_incid_recurrent_LM","eff_incid_recurrent_D","eff_incid_any_relapse_PCR","eff_incid_any_relapse_LM","eff_incid_any_relapse_D","eff_incid_relapse_PCR","eff_incid_relapse_LM","eff_incid_relapse_D","eff_risk_relapse_PCR","eff_risk_relapse_LM","eff_risk_relapse_D"
777,100,0,0.01538462,180,0.75,0,1,0,28,1,0,0.286953459505457,0.261333075632748,0.372157435745607,0.543535421545007,0.635833693391127,0.629564464436283,0.73021475433039,0.584046841172744,0.362534412605943,0.535949658348679,0.562062062062062,0.51519213380803,0.626335542470456,0.74442527634017,0.718901183977845,0.757462942394449,0.851703555407259,0.131445904954499,0.677345537757437,0.833333333333333
778,100,0,0.01538462,180,0.75,0,1,0,28,1,0,0.317082179276228,0.213145110883922,0.419883574717318,0.518681975458384,0.58520206744199,0.61511416205836,0.691076431960929,0.593340180452054,0.371112200913713,0.540157998683344,0.543859649122807,0.525886901152213,0.621397166585247,0.631578947368421,0.734631771150335,0.779424585876199,0.75,0.150201612903226,0.657074340527578,0.736842105263158
779,100,0,0.01538462,180,0.75,0,1,0,28,1,0,0.405656007406299,0.276164568293969,0.553241011789319,0.549112732560139,0.633378919089972,0.605438981540907,0.729262131554965,0.57573941413526,0.387400894979016,0.574220940550133,0.671561643835616,0.531784002687369,0.634415971917508,0.8002,0.717975604797723,0.777229166666667,0.88012,0.130522088353414,0.688984881209503,0.875
