"param_id","eir_equil","sig_het","ff","trial_duration","trial_PQ_eff_stratum_1","trial_PQ_eff_stratum_2","trial_PQ_prop_stratum_1","trial_PQ_prop_stratum_2","trial_PQ_proph","is_LLIN_distributed","is_IRS_administered","eff_cph_recurrent_LM","eff_cph_recurrent_PCR","eff_cph_any_relapse_LM","eff_cph_any_relapse_PCR","eff_cph_relapse_LM_trial","eff_cph_relapse_PCR_trial","eff_cph_relapse_LM_all","eff_cph_relapse_PCR_all","eff_incid_recurrent_PCR","eff_incid_recurrent_LM","eff_incid_recurrent_D","eff_incid_any_relapse_PCR","eff_incid_any_relapse_LM","eff_incid_any_relapse_D","eff_incid_relapse_PCR","eff_incid_relapse_LM","eff_incid_relapse_D","eff_risk_relapse_PCR","eff_risk_relapse_LM","eff_risk_relapse_D"
363,1,0,0.01538462,180,0.75,0,1,0,28,1,0,0.62824581311378,0.676876326036317,0.670232882718573,0.725448424016777,0.708451905832872,0.751186875386955,0.756520555691698,0.795144192618653,0.642621145374449,0.631422924901186,0.525862068965517,0.676909569798068,0.658755274261603,0.601851851851852,0.706271667191932,0.693612210288298,0.656862745098039,0.652941176470588,0.661473087818697,0.638297872340426
364,1,0,0.01538462,180,0.75,0,1,0,28,1,0,0.650081882872877,0.732316279396708,0.710508946524928,0.783823545777922,0.742042204115497,0.798456540883974,0.809016010859064,0.834434452750558,0.717190308588158,0.702011248195987,0.602543720190779,0.754395926918063,0.739707604876144,0.671427152343183,0.782701956615,0.769225047165363,0.715162316788333,0.707692307692308,0.728592162554427,0.72972972972973
365,1,0,0.01538462,180,0.75,0,1,0,28,1,0,0.643164358482496,0.686328747772441,0.684656979147395,0.723722481232608,0.730668256717158,0.748822392347659,0.752941104728081,0.778293937417258,0.663996508583067,0.658865108868826,0.667,0.694579125615764,0.69114671163575,0.685354330708661,0.725725450901804,0.729983526540574,0.737550847457627,0.641025641025641,0.667166416791604,0.718446601941748
