"param_id","eir_equil","sig_het","ff","trial_duration","trial_PQ_eff_stratum_1","trial_PQ_eff_stratum_2","trial_PQ_prop_stratum_1","trial_PQ_prop_stratum_2","trial_PQ_proph","is_LLIN_distributed","is_IRS_administered","eff_cph_recurrent_LM","eff_cph_recurrent_PCR","eff_cph_any_relapse_LM","eff_cph_any_relapse_PCR","eff_cph_relapse_LM_trial","eff_cph_relapse_PCR_trial","eff_cph_relapse_LM_all","eff_cph_relapse_PCR_all","eff_incid_recurrent_PCR","eff_incid_recurrent_LM","eff_incid_recurrent_D","eff_incid_any_relapse_PCR","eff_incid_any_relapse_LM","eff_incid_any_relapse_D","eff_incid_relapse_PCR","eff_incid_relapse_LM","eff_incid_relapse_D","eff_risk_relapse_PCR","eff_risk_relapse_LM","eff_risk_relapse_D"
1462,100,0,0.01538462,180,0.75,0,1,0,45,1,0,0.458112598411197,0.364473176787222,0.60320893435629,0.52174194312122,0.746527304340484,0.560132101080201,0.752815027868784,0.554751708233444,0.428883942891699,0.633645140032949,0.491736842105263,0.568810358285848,0.713095073891626,0.529882352941176,0.704429038912997,0.823448818897638,0.782826086956522,0.145896656534954,0.706310679611651,0.782608695652174
1463,100,0,0.01538462,180,0.75,0,1,0,45,1,0,0.474191975987445,0.330778413602971,0.640624739519578,0.552526065376914,0.843171110655168,0.553304086970591,0.774913583553725,0.575440179950186,0.437368434401075,0.59000326690624,0.534883720930233,0.579756782039289,0.679634966378482,0.647058823529412,0.71514039023727,0.80952380952381,0.842105263157895,0.12639029322548,0.736141906873614,0.842105263157895
1464,100,0,0.01538462,180,0.75,0,1,0,45,1,0,0.379096795319062,0.383808368933557,0.429974125876663,0.605075962931581,0.52502881576243,0.547494731065163,0.75266654089101,0.552676661159532,0.43130201809325,0.632927000610874,0.286428571428571,0.572910763639117,0.702914711191336,0.445,0.704977272727273,0.827142973192526,0.55045,0.111557788944724,0.706896551724138,0.55
