"param_id","eir_equil","sig_het","ff","trial_duration","trial_PQ_eff_stratum_1","trial_PQ_eff_stratum_2","trial_PQ_prop_stratum_1","trial_PQ_prop_stratum_2","trial_PQ_proph","is_LLIN_distributed","is_IRS_administered","eff_cph_recurrent_LM","eff_cph_recurrent_PCR","eff_cph_any_relapse_LM","eff_cph_any_relapse_PCR","eff_cph_relapse_LM_trial","eff_cph_relapse_PCR_trial","eff_cph_relapse_LM_all","eff_cph_relapse_PCR_all","eff_incid_recurrent_PCR","eff_incid_recurrent_LM","eff_incid_recurrent_D","eff_incid_any_relapse_PCR","eff_incid_any_relapse_LM","eff_incid_any_relapse_D","eff_incid_relapse_PCR","eff_incid_relapse_LM","eff_incid_relapse_D","eff_risk_relapse_PCR","eff_risk_relapse_LM","eff_risk_relapse_D"
809,0.1,0,0.01538462,180,0.75,0,1,0,45,1,0,0.81867008825747,0.828059554953426,0.823678230022972,0.830959881225833,0.824544632779239,0.833492554602436,0.830133448085886,0.8361409401954,0.720574412477672,0.716042102708769,0.718289070497451,0.722353375079685,0.717011272566828,0.717822606205294,0.732887968182086,0.727937426027383,0.729533681146584,0.753280839895013,0.755862068965517,0.756603773584906
81,0.1,0,0.01538462,180,0.75,0,1,0,28,1,0,0.803857599186954,0.808991954464824,0.809765836325169,0.813465859921794,0.811188167453135,0.816103085402155,0.816557379796509,0.823190340933907,0.706779661016949,0.710594315245478,0.710179640718563,0.710809281267685,0.714100905562743,0.714285714285714,0.731140102098695,0.735580038885288,0.745498199279712,0.7462482946794,0.745014245014245,0.758555133079848
810,0.1,0,0.01538462,180,0.75,0,1,0,45,1,0,0.809016812737016,0.840220123938853,0.810331004271188,0.839391706006053,0.81119271465423,0.839708158806844,0.839244308273806,0.850765654210813,0.754659711075441,0.754740235585865,0.759866977829638,0.75534693877551,0.754915317559153,0.760521739130435,0.766053542455381,0.767921728240451,0.77918085106383,0.763758389261745,0.758522727272727,0.755511022044088
