"param_id","eir_equil","sig_het","ff","trial_duration","trial_PQ_eff_stratum_1","trial_PQ_eff_stratum_2","trial_PQ_prop_stratum_1","trial_PQ_prop_stratum_2","trial_PQ_proph","is_LLIN_distributed","is_IRS_administered","eff_cph_recurrent_LM","eff_cph_recurrent_PCR","eff_cph_any_relapse_LM","eff_cph_any_relapse_PCR","eff_cph_relapse_LM_trial","eff_cph_relapse_PCR_trial","eff_cph_relapse_LM_all","eff_cph_relapse_PCR_all","eff_incid_recurrent_PCR","eff_incid_recurrent_LM","eff_incid_recurrent_D","eff_incid_any_relapse_PCR","eff_incid_any_relapse_LM","eff_incid_any_relapse_D","eff_incid_relapse_PCR","eff_incid_relapse_LM","eff_incid_relapse_D","eff_risk_relapse_PCR","eff_risk_relapse_LM","eff_risk_relapse_D"
1024,1,0,0.01538462,180,0.75,0,1,0,45,1,0,0.701522291796877,0.736016199291062,0.73058410187685,0.7717069919583,0.747181998288299,0.786911579940965,0.786871067444884,0.818155099795172,0.683174051549377,0.668586387434555,0.653846153846154,0.713005869632376,0.699493528418683,0.701612903225806,0.727671048196832,0.723105134474328,0.710526315789474,0.686845168800931,0.710755813953488,0.676767676767677
1025,1,0,0.01538462,180,0.75,0,1,0,45,1,0,0.656501717608491,0.701903809290071,0.694545580185254,0.7277529134409,0.729891149505297,0.746109046488116,0.757098562855837,0.79890266564839,0.666805320081847,0.668408033826638,0.587190082644628,0.695575634199812,0.696253850541928,0.654890909090909,0.71544667802385,0.721050373134328,0.693376237623762,0.663438256658596,0.666165413533835,0.709677419354839
1026,1,0,0.01538462,180,0.75,0,1,0,45,1,0,0.667954025735852,0.720315140189892,0.719032758812603,0.743737415440685,0.746892483842234,0.757707469486717,0.762571428616591,0.786576826050675,0.673592616041482,0.685786461001128,0.57584660847118,0.703406813627254,0.71423815912292,0.666332665330661,0.716614400490789,0.731408911099,0.679679358717435,0.656804733727811,0.686217008797654,0.707865168539326
