"param_id","eir_equil","sig_het","ff","trial_duration","trial_PQ_eff_stratum_1","trial_PQ_eff_stratum_2","trial_PQ_prop_stratum_1","trial_PQ_prop_stratum_2","trial_PQ_proph","is_LLIN_distributed","is_IRS_administered","eff_cph_recurrent_LM","eff_cph_recurrent_PCR","eff_cph_any_relapse_LM","eff_cph_any_relapse_PCR","eff_cph_relapse_LM_trial","eff_cph_relapse_PCR_trial","eff_cph_relapse_LM_all","eff_cph_relapse_PCR_all","eff_incid_recurrent_PCR","eff_incid_recurrent_LM","eff_incid_recurrent_D","eff_incid_any_relapse_PCR","eff_incid_any_relapse_LM","eff_incid_any_relapse_D","eff_incid_relapse_PCR","eff_incid_relapse_LM","eff_incid_relapse_D","eff_risk_relapse_PCR","eff_risk_relapse_LM","eff_risk_relapse_D"
900,0.1,0,0.01538462,180,0.75,0,1,0,45,1,0,0.814725639991876,0.822077354959753,0.820254839324738,0.824305349623915,0.820267141536337,0.825078753180617,0.827388686982473,0.829087128739912,0.738777717685235,0.747218788627936,0.763837638376384,0.740217391304348,0.748912367930392,0.768564356435644,0.750410509031199,0.760951188986233,0.784557907845579,0.746648793565684,0.750700280112045,0.777335984095427
901,0.1,0,0.01538462,180,0.75,0,1,0,45,1,0,0.779227912448966,0.809899639829249,0.795511522253108,0.819870137816746,0.800704474243723,0.826238934884623,0.830929402497953,0.831976313339257,0.697750959956116,0.69968253968254,0.695707070707071,0.708081363386476,0.709739019732654,0.707224334600761,0.735911602209945,0.736404350607806,0.743329097839898,0.743869209809264,0.753911806543386,0.73305954825462
902,0.1,0,0.01538462,180,0.75,0,1,0,45,1,0,0.810902817726224,0.823305900152843,0.815790906618387,0.827319346679257,0.816582549986425,0.828457103876809,0.828388325200216,0.835041947719124,0.733038880248834,0.726027511961722,0.727508532423208,0.735670490093848,0.729019867549669,0.734781214203895,0.75036916622968,0.74551302241066,0.757677790563867,0.758940397350993,0.760111576011158,0.770093457943925
