"param_id","eir_equil","sig_het","ff","trial_duration","trial_PQ_eff_stratum_1","trial_PQ_eff_stratum_2","trial_PQ_prop_stratum_1","trial_PQ_prop_stratum_2","trial_PQ_proph","is_LLIN_distributed","is_IRS_administered","eff_cph_recurrent_LM","eff_cph_recurrent_PCR","eff_cph_any_relapse_LM","eff_cph_any_relapse_PCR","eff_cph_relapse_LM_trial","eff_cph_relapse_PCR_trial","eff_cph_relapse_LM_all","eff_cph_relapse_PCR_all","eff_incid_recurrent_PCR","eff_incid_recurrent_LM","eff_incid_recurrent_D","eff_incid_any_relapse_PCR","eff_incid_any_relapse_LM","eff_incid_any_relapse_D","eff_incid_relapse_PCR","eff_incid_relapse_LM","eff_incid_relapse_D","eff_risk_relapse_PCR","eff_risk_relapse_LM","eff_risk_relapse_D"
1313,10,0,0.01538462,180,0.75,0,1,0,45,1,0,0.620749634954547,0.603309255357216,0.671180310978444,0.659701004887312,0.662278636608012,0.669267695834488,0.715352018344524,0.653370541771847,0.648253619707679,0.733922829581994,0.571428571428571,0.700169308911806,0.770535714285714,0.666666666666667,0.729471166622376,0.785498489425982,0.636363636363636,0.256306760847629,0.716748768472906,0.636363636363636
1314,10,0,0.01538462,180,0.75,0,1,0,45,1,0,0.595917924815518,0.583835874729499,0.69155693245061,0.650605253739883,0.684706442500419,0.667002138617027,0.705304325622558,0.660797376986526,0.645967018560685,0.678236397748593,0.625,0.696627475247525,0.706498951781971,0.642857142857143,0.728521723614952,0.723277909738717,0.615384615384615,0.259371833839919,0.675977653631285,0.692307692307692
1315,10,0,0.01538462,180,0.75,0,1,0,45,1,0,0.581151476825583,0.617726536284277,0.616771545383353,0.659824899855551,0.610319794191596,0.677327987773986,0.682794625535118,0.702147239972986,0.658385936333401,0.728867623604466,0.739130434782609,0.709448223733938,0.770390070921986,0.789473684210526,0.741831489065087,0.780141843971631,0.833333333333333,0.286868686868687,0.676543209876543,0.833333333333333
