"param_id","eir_equil","sig_het","ff","trial_duration","trial_PQ_eff_stratum_1","trial_PQ_eff_stratum_2","trial_PQ_prop_stratum_1","trial_PQ_prop_stratum_2","trial_PQ_proph","is_LLIN_distributed","is_IRS_administered","eff_cph_recurrent_LM","eff_cph_recurrent_PCR","eff_cph_any_relapse_LM","eff_cph_any_relapse_PCR","eff_cph_relapse_LM_trial","eff_cph_relapse_PCR_trial","eff_cph_relapse_LM_all","eff_cph_relapse_PCR_all","eff_incid_recurrent_PCR","eff_incid_recurrent_LM","eff_incid_recurrent_D","eff_incid_any_relapse_PCR","eff_incid_any_relapse_LM","eff_incid_any_relapse_D","eff_incid_relapse_PCR","eff_incid_relapse_LM","eff_incid_relapse_D","eff_risk_relapse_PCR","eff_risk_relapse_LM","eff_risk_relapse_D"
1454,100,0,0.01538462,180,0.75,0,1,0,45,1,0,0.339501885879364,0.388076264235219,0.505583525709026,0.553760319572385,0.561261742588712,0.55546648912742,0.708730099181202,0.555634711746762,0.447590846681922,0.560689058171745,0.4635,0.581851425356339,0.660102019678923,0.649,0.713423773482903,0.790367688022284,0.684526315789474,0.115384615384615,0.676328502415459,0.666666666666667
1455,100,0,0.01538462,180,0.75,0,1,0,45,1,0,0.440063440725105,0.342186017515916,0.587722544060105,0.558046694101425,0.709444473753505,0.510533401825156,0.714349186415487,0.550502613929167,0.428787800996047,0.592509603072983,0.597014925373134,0.567968363816115,0.680790960451977,0.818181818181818,0.700096167055914,0.77198975234842,0.833333333333333,0.104838709677419,0.664285714285714,0.818181818181818
1456,100,0,0.01538462,180,0.75,0,1,0,45,1,0,0.450431644475188,0.310058357888628,0.611757828334262,0.598661935462842,0.743684959762163,0.589345477061422,0.727107699320236,0.573719343758961,0.42610416992035,0.622627906976744,0.727545454545454,0.572546398865422,0.71121186440678,0.780707317073171,0.722534365325077,0.812319292333614,0.869695652173913,0.147208121827411,0.694117647058824,0.869565217391304
