"param_id","eir_equil","sig_het","ff","trial_duration","trial_PQ_eff_stratum_1","trial_PQ_eff_stratum_2","trial_PQ_prop_stratum_1","trial_PQ_prop_stratum_2","trial_PQ_proph","is_LLIN_distributed","is_IRS_administered","eff_cph_recurrent_LM","eff_cph_recurrent_PCR","eff_cph_any_relapse_LM","eff_cph_any_relapse_PCR","eff_cph_relapse_LM_trial","eff_cph_relapse_PCR_trial","eff_cph_relapse_LM_all","eff_cph_relapse_PCR_all","eff_incid_recurrent_PCR","eff_incid_recurrent_LM","eff_incid_recurrent_D","eff_incid_any_relapse_PCR","eff_incid_any_relapse_LM","eff_incid_any_relapse_D","eff_incid_relapse_PCR","eff_incid_relapse_LM","eff_incid_relapse_D","eff_risk_relapse_PCR","eff_risk_relapse_LM","eff_risk_relapse_D"
1279,10,0,0.01538462,180,0.75,0,1,0,45,1,0,0.678171893781656,0.619657035158855,0.706994181943067,0.663803121865177,0.726540303356443,0.695105588300253,0.742348675097628,0.697356773886635,0.649053404916643,0.727024567788899,0.862068965517241,0.705882352941176,0.75609756097561,0.925925925925926,0.74657104437472,0.796571428571429,0.961538461538462,0.273917421953676,0.73209549071618,0.96
128,0.1,0,0.01538462,180,0.75,0,1,0,28,1,0,0.811030463821878,0.824494255981201,0.806486836201881,0.819467563123315,0.809081305102501,0.820941121396807,0.814405690949661,0.826675362746141,0.704627113290594,0.697424091667123,0.740840441311706,0.706346604367999,0.69959136723158,0.739864344072761,0.714105099574834,0.706667220451265,0.750407707797699,0.740939597315436,0.739628040057225,0.755813953488372
1280,10,0,0.01538462,180,0.75,0,1,0,45,1,0,0.567771583708215,0.608996719421949,0.605038490533996,0.663286335649617,0.631383133117277,0.686458757609016,0.698756798272466,0.669391297872675,0.644672545887178,0.7127302417625,0.75025025025025,0.698073356892285,0.755038590558268,0.789684421263369,0.731749442231079,0.7915920455603,0.823706059000177,0.284701114488349,0.684895833333333,0.8125
