"param_id","eir_equil","sig_het","ff","trial_duration","trial_PQ_eff_stratum_1","trial_PQ_eff_stratum_2","trial_PQ_prop_stratum_1","trial_PQ_prop_stratum_2","trial_PQ_proph","is_LLIN_distributed","is_IRS_administered","eff_cph_recurrent_LM","eff_cph_recurrent_PCR","eff_cph_any_relapse_LM","eff_cph_any_relapse_PCR","eff_cph_relapse_LM_trial","eff_cph_relapse_PCR_trial","eff_cph_relapse_LM_all","eff_cph_relapse_PCR_all","eff_incid_recurrent_PCR","eff_incid_recurrent_LM","eff_incid_recurrent_D","eff_incid_any_relapse_PCR","eff_incid_any_relapse_LM","eff_incid_any_relapse_D","eff_incid_relapse_PCR","eff_incid_relapse_LM","eff_incid_relapse_D","eff_risk_relapse_PCR","eff_risk_relapse_LM","eff_risk_relapse_D"
1149,1,0,0.01538462,180,0.75,0,1,0,45,1,0,0.711932550582266,0.716740754554496,0.722726034276601,0.742329762323396,0.751683988943765,0.76294124753917,0.75772304289894,0.788621028527034,0.682456014382878,0.684025880517109,0.727545727545728,0.708962487840376,0.700782908512377,0.728213507625272,0.727958403063888,0.716658178646483,0.752248248248248,0.651807228915663,0.668630338733432,0.740384615384615
115,0.1,0,0.01538462,180,0.75,0,1,0,28,1,0,0.808953140145132,0.820511435192841,0.813207372482878,0.821907607477452,0.815547025487546,0.824299185491093,0.826290596476981,0.829991414561782,0.716287432006871,0.719028634575056,0.727233387082649,0.717946531360593,0.72134990943168,0.730400233456604,0.733416132965231,0.738751336344088,0.754299508107123,0.752777777777778,0.758468335787923,0.769387755102041
1150,1,0,0.01538462,180,0.75,0,1,0,45,1,0,0.71627744882559,0.707095353254522,0.738312338448346,0.752252290230957,0.741908256159383,0.758234547539752,0.753211068866975,0.790246732649024,0.670423986486486,0.676804270462633,0.639819548872181,0.7006,0.703195016251354,0.662215384615385,0.712523731587561,0.715614159292035,0.694161290322581,0.656361474435196,0.664731494920174,0.711711711711712
