"param_id","eir_equil","sig_het","ff","trial_duration","trial_PQ_eff_stratum_1","trial_PQ_eff_stratum_2","trial_PQ_prop_stratum_1","trial_PQ_prop_stratum_2","trial_PQ_proph","is_LLIN_distributed","is_IRS_administered","eff_cph_recurrent_LM","eff_cph_recurrent_PCR","eff_cph_any_relapse_LM","eff_cph_any_relapse_PCR","eff_cph_relapse_LM_trial","eff_cph_relapse_PCR_trial","eff_cph_relapse_LM_all","eff_cph_relapse_PCR_all","eff_incid_recurrent_PCR","eff_incid_recurrent_LM","eff_incid_recurrent_D","eff_incid_any_relapse_PCR","eff_incid_any_relapse_LM","eff_incid_any_relapse_D","eff_incid_relapse_PCR","eff_incid_relapse_LM","eff_incid_relapse_D","eff_risk_relapse_PCR","eff_risk_relapse_LM","eff_risk_relapse_D"
1254,10,0,0.01538462,180,0.75,0,1,0,45,1,0,0.514731909965218,0.556021689725996,0.546664625907631,0.639383939380956,0.532588189823851,0.651978535470322,0.723648520790724,0.702522850592507,0.660548552431085,0.741125541125541,0.8,0.714417602708109,0.779710144927536,0.76,0.747092260603411,0.815642458100559,0.739130434782609,0.287449392712551,0.716216216216216,0.727272727272727
1255,10,0,0.01538462,180,0.75,0,1,0,45,1,0,0.61641238986753,0.614095682720958,0.640520599276615,0.677897019133043,0.706242703865973,0.689666570565048,0.738766768998394,0.639790743640593,0.638158408700938,0.763223064193938,0.7997997997998,0.692088224971867,0.797416464083131,0.789262947157684,0.730032256842502,0.85109974252211,0.764470352705647,0.273833671399594,0.722666666666667,0.75
1256,10,0,0.01538462,180,0.75,0,1,0,45,1,0,0.601374661726424,0.609281624258231,0.641426135717147,0.657066162421308,0.649640212517919,0.659201491158069,0.709198159736773,0.68512131774319,0.645054754633904,0.701568932038835,0.708916666666667,0.699780859032592,0.74157963163597,0.7505,0.735750893593621,0.754529192546584,0.688125,0.282674772036474,0.672922252010724,0.6875
