"param_id","eir_equil","sig_het","ff","trial_duration","trial_PQ_eff_stratum_1","trial_PQ_eff_stratum_2","trial_PQ_prop_stratum_1","trial_PQ_prop_stratum_2","trial_PQ_proph","is_LLIN_distributed","is_IRS_administered","eff_cph_recurrent_LM","eff_cph_recurrent_PCR","eff_cph_any_relapse_LM","eff_cph_any_relapse_PCR","eff_cph_relapse_LM_trial","eff_cph_relapse_PCR_trial","eff_cph_relapse_LM_all","eff_cph_relapse_PCR_all","eff_incid_recurrent_PCR","eff_incid_recurrent_LM","eff_incid_recurrent_D","eff_incid_any_relapse_PCR","eff_incid_any_relapse_LM","eff_incid_any_relapse_D","eff_incid_relapse_PCR","eff_incid_relapse_LM","eff_incid_relapse_D","eff_risk_relapse_PCR","eff_risk_relapse_LM","eff_risk_relapse_D"
282,1,0,0.01538462,180,0.75,0,1,0,28,1,0,0.632311002132727,0.669496085658817,0.682906439385575,0.727140168929065,0.724690325684958,0.742742152685703,0.744155892026523,0.786460504430508,0.65756657223796,0.650197247706422,0.69511038961039,0.688190909090909,0.676326194398682,0.728842857142857,0.714524820378837,0.699526503871352,0.76024,0.639671361502347,0.654970760233918,0.767857142857143
283,1,0,0.01538462,180,0.75,0,1,0,28,1,0,0.646692062309939,0.701809568552176,0.684300871035038,0.745410934883607,0.681780441698633,0.762815356054217,0.777429613797135,0.794807822163468,0.668711916114927,0.652665614199597,0.655047800519071,0.703874105519624,0.682371278504722,0.693079853400495,0.737013459094846,0.714921101999055,0.68937875751503,0.65035799522673,0.687861271676301,0.714285714285714
284,1,0,0.01538462,180,0.75,0,1,0,28,1,0,0.702694974966278,0.71292998465889,0.763384331920986,0.771380268833512,0.795819213486381,0.794034329669075,0.784304924841391,0.812888929285059,0.659415166373417,0.666332999666333,0.673006339673006,0.699760110140315,0.697152905117507,0.717108412760587,0.740396880468379,0.73620259164578,0.763543070629685,0.671764705882353,0.691428571428572,0.752212389380531
