"param_id","eir_equil","sig_het","ff","trial_duration","trial_PQ_eff_stratum_1","trial_PQ_eff_stratum_2","trial_PQ_prop_stratum_1","trial_PQ_prop_stratum_2","trial_PQ_proph","is_LLIN_distributed","is_IRS_administered","eff_cph_recurrent_LM","eff_cph_recurrent_PCR","eff_cph_any_relapse_LM","eff_cph_any_relapse_PCR","eff_cph_relapse_LM_trial","eff_cph_relapse_PCR_trial","eff_cph_relapse_LM_all","eff_cph_relapse_PCR_all","eff_incid_recurrent_PCR","eff_incid_recurrent_LM","eff_incid_recurrent_D","eff_incid_any_relapse_PCR","eff_incid_any_relapse_LM","eff_incid_any_relapse_D","eff_incid_relapse_PCR","eff_incid_relapse_LM","eff_incid_relapse_D","eff_risk_relapse_PCR","eff_risk_relapse_LM","eff_risk_relapse_D"
126,0.1,0,0.01538462,180,0.75,0,1,0,28,1,0,0.794616048135795,0.830912148318274,0.794338376079637,0.83023729326341,0.799995631336135,0.835445749786074,0.828742124052167,0.839082638905205,0.714571428571429,0.717172539489672,0.710570093457944,0.716464190981432,0.718308769792935,0.713736842105263,0.733103778605641,0.736976786805131,0.737043478260869,0.75,0.745454545454545,0.739299610894942
1260,10,0,0.01538462,180,0.75,0,1,0,45,1,0,0.587823724478016,0.580954258282663,0.690859804876289,0.63148467364238,0.666378558078714,0.652481260297745,0.734890646290785,0.653772190857571,0.638734213138734,0.67701661570077,0.69939879759519,0.694160798372055,0.742138786184324,0.665998663994656,0.728402503493071,0.761042822973135,0.665998663994656,0.262729124236252,0.706493506493507,0.666666666666667
1261,10,0,0.01538462,180,0.75,0,1,0,45,1,0,0.619371325262036,0.571216707993104,0.670186075140596,0.63219187855964,0.704084056654886,0.649294954431809,0.754347085853497,0.670360916352527,0.627900455660708,0.756965944272446,0.56,0.684881175734834,0.791811846689895,0.625,0.720677474866407,0.825174825174825,0.652173913043478,0.248736097067745,0.721393034825871,0.739130434782609
