"param_id","eir_equil","sig_het","ff","trial_duration","trial_PQ_eff_stratum_1","trial_PQ_eff_stratum_2","trial_PQ_prop_stratum_1","trial_PQ_prop_stratum_2","trial_PQ_proph","is_LLIN_distributed","is_IRS_administered","eff_cph_recurrent_LM","eff_cph_recurrent_PCR","eff_cph_any_relapse_LM","eff_cph_any_relapse_PCR","eff_cph_relapse_LM_trial","eff_cph_relapse_PCR_trial","eff_cph_relapse_LM_all","eff_cph_relapse_PCR_all","eff_incid_recurrent_PCR","eff_incid_recurrent_LM","eff_incid_recurrent_D","eff_incid_any_relapse_PCR","eff_incid_any_relapse_LM","eff_incid_any_relapse_D","eff_incid_relapse_PCR","eff_incid_relapse_LM","eff_incid_relapse_D","eff_risk_relapse_PCR","eff_risk_relapse_LM","eff_risk_relapse_D"
1243,10,0,0.01538462,180,0.75,0,1,0,45,1,0,0.607902893198329,0.618111766966217,0.697805502420368,0.676394027778694,0.688643182210497,0.689251779212052,0.717636003748241,0.676499754914448,0.661800651819663,0.724137931034483,0.76,0.714188934888973,0.760652765185857,0.833333333333333,0.746510425641909,0.779381443298969,0.894736842105263,0.276767676767677,0.683698296836983,0.894736842105263
1244,10,0,0.01538462,180,0.75,0,1,0,45,1,0,0.534492502470262,0.601073004885172,0.630423821228156,0.65803935924204,0.649366336576805,0.656179804458693,0.739366918924357,0.658478062349037,0.648949710004968,0.707425186289892,0.713713140566848,0.701060006595155,0.751186685208723,0.812124248496994,0.732162284844027,0.781282996099726,0.785284855425136,0.260385005065856,0.718987341772152,0.785714285714286
1245,10,0,0.01538462,180,0.75,0,1,0,45,1,0,0.611094145435773,0.618429688257604,0.680773177503102,0.669768676529233,0.722970924239417,0.684350788064089,0.743472077748164,0.69978053614844,0.643042222743628,0.720412387115348,0.537072756731734,0.700696087324326,0.757537074032013,0.768536378365867,0.738578384253705,0.786669055344647,0.916415914409896,0.286147623862487,0.718346253229974,0.916666666666667
