"param_id","eir_equil","sig_het","ff","trial_duration","trial_PQ_eff_stratum_1","trial_PQ_eff_stratum_2","trial_PQ_prop_stratum_1","trial_PQ_prop_stratum_2","trial_PQ_proph","is_LLIN_distributed","is_IRS_administered","eff_cph_recurrent_LM","eff_cph_recurrent_PCR","eff_cph_any_relapse_LM","eff_cph_any_relapse_PCR","eff_cph_relapse_LM_trial","eff_cph_relapse_PCR_trial","eff_cph_relapse_LM_all","eff_cph_relapse_PCR_all","eff_incid_recurrent_PCR","eff_incid_recurrent_LM","eff_incid_recurrent_D","eff_incid_any_relapse_PCR","eff_incid_any_relapse_LM","eff_incid_any_relapse_D","eff_incid_relapse_PCR","eff_incid_relapse_LM","eff_incid_relapse_D","eff_risk_relapse_PCR","eff_risk_relapse_LM","eff_risk_relapse_D"
447,10,0,0.01538462,180,0.75,0,1,0,28,1,0,0.671345065181467,0.550426252435955,0.701973346713628,0.622559352625561,0.718179296277128,0.644596452067291,0.730834429074528,0.645363454193235,0.616385823771181,0.732556984465381,0.908999908999909,0.675664320378359,0.765243667682692,0.8998998998999,0.717256499762625,0.794720724953283,0.894631473578842,0.24822695035461,0.71356783919598,0.894736842105263
448,10,0,0.01538462,180,0.75,0,1,0,28,1,0,0.572813226922755,0.599769446195306,0.596281977082517,0.687625356428962,0.701281243457756,0.703432352989297,0.744711149155354,0.73172224579918,0.64498347107438,0.737060477001704,0.884730769230769,0.70627260559191,0.766271698113208,0.863772727272727,0.760480111712932,0.804755700325733,0.952428571428571,0.3,0.722077922077922,0.947368421052632
449,10,0,0.01538462,180,0.75,0,1,0,28,1,0,0.584842742189209,0.554696653350677,0.654066021215868,0.654365658208898,0.715264316825968,0.718185185440978,0.71530014258035,0.672106836369625,0.610207552567587,0.718234945705824,0.778222222222222,0.673177012956045,0.752948745910578,0.8004,0.726401597676108,0.791059113300493,0.786142857142857,0.277608915906788,0.684065934065934,0.785714285714286
