"param_id","eir_equil","sig_het","ff","trial_duration","trial_PQ_eff_stratum_1","trial_PQ_eff_stratum_2","trial_PQ_prop_stratum_1","trial_PQ_prop_stratum_2","trial_PQ_proph","is_LLIN_distributed","is_IRS_administered","eff_cph_recurrent_LM","eff_cph_recurrent_PCR","eff_cph_any_relapse_LM","eff_cph_any_relapse_PCR","eff_cph_relapse_LM_trial","eff_cph_relapse_PCR_trial","eff_cph_relapse_LM_all","eff_cph_relapse_PCR_all","eff_incid_recurrent_PCR","eff_incid_recurrent_LM","eff_incid_recurrent_D","eff_incid_any_relapse_PCR","eff_incid_any_relapse_LM","eff_incid_any_relapse_D","eff_incid_relapse_PCR","eff_incid_relapse_LM","eff_incid_relapse_D","eff_risk_relapse_PCR","eff_risk_relapse_LM","eff_risk_relapse_D"
1216,10,0,0.01538462,180,0.75,0,1,0,45,1,0,0.712992247773692,0.595598624081147,0.749745858360286,0.658067860518224,0.772009048755426,0.696610091428325,0.760630416076916,0.666871264987795,0.644018313728252,0.74578397839784,0.584166666666667,0.700803481806775,0.77910667996012,0.591727272727273,0.738197061209772,0.805464821222607,0.6008,0.25609756097561,0.723958333333333,0.631578947368421
1217,10,0,0.01538462,180,0.75,0,1,0,45,1,0,0.557463362176374,0.62870886520162,0.632176120867592,0.687611662949186,0.770478497071841,0.705634725489675,0.764805646808572,0.687242927636,0.651743165616998,0.753092682926829,0.704,0.70629845467825,0.7921,0.769461538461538,0.743399439137674,0.827758620689655,0.8335,0.281947261663286,0.734643734643735,0.833333333333333
1218,10,0,0.01538462,180,0.75,0,1,0,45,1,0,0.604373723577551,0.620299974670179,0.643866621275845,0.653530509301131,0.618920505999843,0.641829838770484,0.722032007456247,0.666458384078135,0.643398566703418,0.748071979434447,0.791666666666667,0.693146896127843,0.772065955383123,0.705882352941176,0.724962366067475,0.786903440621532,0.666666666666667,0.271529888551165,0.707070707070707,0.733333333333333
