"param_id","eir_equil","sig_het","ff","trial_duration","trial_PQ_eff_stratum_1","trial_PQ_eff_stratum_2","trial_PQ_prop_stratum_1","trial_PQ_prop_stratum_2","trial_PQ_proph","is_LLIN_distributed","is_IRS_administered","eff_cph_recurrent_LM","eff_cph_recurrent_PCR","eff_cph_any_relapse_LM","eff_cph_any_relapse_PCR","eff_cph_relapse_LM_trial","eff_cph_relapse_PCR_trial","eff_cph_relapse_LM_all","eff_cph_relapse_PCR_all","eff_incid_recurrent_PCR","eff_incid_recurrent_LM","eff_incid_recurrent_D","eff_incid_any_relapse_PCR","eff_incid_any_relapse_LM","eff_incid_any_relapse_D","eff_incid_relapse_PCR","eff_incid_relapse_LM","eff_incid_relapse_D","eff_risk_relapse_PCR","eff_risk_relapse_LM","eff_risk_relapse_D"
1187,1,0,0.01538462,180,0.75,0,1,0,45,1,0,0.652044520815451,0.700061590814878,0.700204158837153,0.741320158344216,0.720867628934452,0.765002713940467,0.745185148689099,0.783351754199656,0.648505169041632,0.62810353935552,0.638888888888889,0.679464285714286,0.656162070906021,0.647058823529412,0.701000968679367,0.683505782105904,0.632,0.643966547192354,0.65592972181552,0.612612612612613
1188,1,0,0.01538462,180,0.75,0,1,0,45,1,0,0.669028042688223,0.734050401747189,0.69062278172177,0.760871502935814,0.725856516888367,0.783901201770564,0.773923176671213,0.804386389088891,0.700856626547893,0.683471276421221,0.727668572438996,0.732426843798846,0.718164484308423,0.749749498997996,0.755421843687375,0.748206647573816,0.842817867139237,0.675970873786408,0.69969512195122,0.813725490196078
1189,1,0,0.01538462,180,0.75,0,1,0,45,1,0,0.672316632884449,0.729486148947985,0.716572649842337,0.756011645300745,0.752410703386263,0.775723223176409,0.76666200526882,0.779690331822048,0.672551724137931,0.657331975560081,0.669117647058824,0.699117647058824,0.681420765027322,0.696,0.715525554484089,0.705637982195846,0.789915966386555,0.64090368608799,0.678622668579627,0.77319587628866
