"param_id","eir_equil","sig_het","ff","trial_duration","trial_PQ_eff_stratum_1","trial_PQ_eff_stratum_2","trial_PQ_prop_stratum_1","trial_PQ_prop_stratum_2","trial_PQ_proph","is_LLIN_distributed","is_IRS_administered","eff_cph_recurrent_LM","eff_cph_recurrent_PCR","eff_cph_any_relapse_LM","eff_cph_any_relapse_PCR","eff_cph_relapse_LM_trial","eff_cph_relapse_PCR_trial","eff_cph_relapse_LM_all","eff_cph_relapse_PCR_all","eff_incid_recurrent_PCR","eff_incid_recurrent_LM","eff_incid_recurrent_D","eff_incid_any_relapse_PCR","eff_incid_any_relapse_LM","eff_incid_any_relapse_D","eff_incid_relapse_PCR","eff_incid_relapse_LM","eff_incid_relapse_D","eff_risk_relapse_PCR","eff_risk_relapse_LM","eff_risk_relapse_D"
393,1,0,0.01538462,180,0.75,0,1,0,28,1,0,0.659110385651528,0.695319451442469,0.708628990432439,0.75752705725674,0.728016613297816,0.777815841859836,0.798698274372298,0.825399771526017,0.679383115073837,0.682215789473684,0.539384615384615,0.727307874481942,0.725578002244669,0.619809523809524,0.772251282051282,0.771291666666667,0.690884955752212,0.701650943396226,0.729289940828402,0.764150943396226
394,1,0,0.01538462,180,0.75,0,1,0,28,1,0,0.656138562026316,0.695123056026892,0.716097465383281,0.754168460535578,0.741083569078964,0.772108380889734,0.786063894846082,0.799760066575828,0.636700956244567,0.627464112250405,0.727545454545454,0.680900742115028,0.67410144092219,0.746630434782609,0.728679149797571,0.719746183206107,0.754344262295082,0.666267942583732,0.703056768558952,0.735294117647059
395,1,0,0.01538462,180,0.75,0,1,0,28,1,0,0.638960055202298,0.717615402091866,0.685040130739739,0.751202074927823,0.730231267842496,0.781844035021961,0.78054059579639,0.811646051944921,0.679360416231464,0.678213309952883,0.630260891522153,0.715678119433988,0.714853214581918,0.691999691999692,0.743944975903739,0.745881434347546,0.726041831304989,0.666666666666667,0.688405797101449,0.7125
