"param_id","eir_equil","sig_het","ff","trial_duration","trial_PQ_eff_stratum_1","trial_PQ_eff_stratum_2","trial_PQ_prop_stratum_1","trial_PQ_prop_stratum_2","trial_PQ_proph","is_LLIN_distributed","is_IRS_administered","eff_cph_recurrent_LM","eff_cph_recurrent_PCR","eff_cph_any_relapse_LM","eff_cph_any_relapse_PCR","eff_cph_relapse_LM_trial","eff_cph_relapse_PCR_trial","eff_cph_relapse_LM_all","eff_cph_relapse_PCR_all","eff_incid_recurrent_PCR","eff_incid_recurrent_LM","eff_incid_recurrent_D","eff_incid_any_relapse_PCR","eff_incid_any_relapse_LM","eff_incid_any_relapse_D","eff_incid_relapse_PCR","eff_incid_relapse_LM","eff_incid_relapse_D","eff_risk_relapse_PCR","eff_risk_relapse_LM","eff_risk_relapse_D"
860,0.1,0,0.01538462,180,0.75,0,1,0,45,1,0,0.797858874351391,0.812965771096525,0.80209296314505,0.812843037739834,0.804398726761654,0.816744254048929,0.815541989862427,0.823316568439427,0.710077603659611,0.704994667211292,0.716383049716383,0.712108803017894,0.706668694010466,0.719815509289193,0.723363763319368,0.718009915587991,0.734109109109109,0.736986301369863,0.734285714285714,0.75390625
861,0.1,0,0.01538462,180,0.75,0,1,0,45,1,0,0.809692373543071,0.825394285475856,0.817068327982065,0.831525982627655,0.819751587845795,0.836234103733233,0.828164812684723,0.837781369403672,0.722540732640787,0.720085173501577,0.741475581395349,0.725360898138007,0.722075221238938,0.743495925494761,0.738985181119649,0.735902408111534,0.761789044289044,0.756972111553785,0.753501400560224,0.757692307692308
862,0.1,0,0.01538462,180,0.75,0,1,0,45,1,0,0.809227097607309,0.840107387884059,0.812208496592612,0.838313057695095,0.815731382088939,0.841573865595859,0.835244767139262,0.839718014586581,0.729720740337507,0.72361417816813,0.750548387096774,0.732800218340611,0.726060377358491,0.753834928229665,0.746825013713659,0.740929791271347,0.769184115523466,0.758940397350993,0.762829403606103,0.776515151515151
