"param_id","eir_equil","sig_het","ff","trial_duration","trial_PQ_eff_stratum_1","trial_PQ_eff_stratum_2","trial_PQ_prop_stratum_1","trial_PQ_prop_stratum_2","trial_PQ_proph","is_LLIN_distributed","is_IRS_administered","eff_cph_recurrent_LM","eff_cph_recurrent_PCR","eff_cph_any_relapse_LM","eff_cph_any_relapse_PCR","eff_cph_relapse_LM_trial","eff_cph_relapse_PCR_trial","eff_cph_relapse_LM_all","eff_cph_relapse_PCR_all","eff_incid_recurrent_PCR","eff_incid_recurrent_LM","eff_incid_recurrent_D","eff_incid_any_relapse_PCR","eff_incid_any_relapse_LM","eff_incid_any_relapse_D","eff_incid_relapse_PCR","eff_incid_relapse_LM","eff_incid_relapse_D","eff_risk_relapse_PCR","eff_risk_relapse_LM","eff_risk_relapse_D"
330,1,0,0.01538462,180,0.75,0,1,0,28,1,0,0.597007618096614,0.694589042732613,0.647605905148199,0.748896987227496,0.695597887206457,0.76975107241671,0.759378457564416,0.778575761308435,0.647494657474697,0.640391061302589,0.601453305157009,0.684582790021866,0.683292658735263,0.666332999666333,0.723748658524142,0.720564236693269,0.680531595425212,0.647482014388489,0.677514792899408,0.666666666666667
331,1,0,0.01538462,180,0.75,0,1,0,28,1,0,0.667153540488043,0.682348871833004,0.701025101204999,0.723340159111155,0.715520637070909,0.744212546797814,0.773068587266587,0.784554281173644,0.641507177033493,0.640673821989529,0.727545454545454,0.68229892601432,0.683446725860155,0.731303448275862,0.709263295269168,0.715964612568639,0.757818181818182,0.639344262295082,0.686079545454545,0.730434782608696
332,1,0,0.01538462,180,0.75,0,1,0,28,1,0,0.685777658689287,0.73145253471649,0.729262259842883,0.770244234800991,0.773864161249239,0.794513261927047,0.799008581264864,0.809235403753014,0.664507042253521,0.679563492063492,0.755102040816326,0.703648325358852,0.713605082053997,0.804347826086957,0.732599546778893,0.746131805157593,0.80672268907563,0.647058823529412,0.693617021276596,0.80952380952381
