"param_id","eir_equil","sig_het","ff","trial_duration","trial_PQ_eff_stratum_1","trial_PQ_eff_stratum_2","trial_PQ_prop_stratum_1","trial_PQ_prop_stratum_2","trial_PQ_proph","is_LLIN_distributed","is_IRS_administered","eff_cph_recurrent_LM","eff_cph_recurrent_PCR","eff_cph_any_relapse_LM","eff_cph_any_relapse_PCR","eff_cph_relapse_LM_trial","eff_cph_relapse_PCR_trial","eff_cph_relapse_LM_all","eff_cph_relapse_PCR_all","eff_incid_recurrent_PCR","eff_incid_recurrent_LM","eff_incid_recurrent_D","eff_incid_any_relapse_PCR","eff_incid_any_relapse_LM","eff_incid_any_relapse_D","eff_incid_relapse_PCR","eff_incid_relapse_LM","eff_incid_relapse_D","eff_risk_relapse_PCR","eff_risk_relapse_LM","eff_risk_relapse_D"
123,0.1,0,0.01538462,180,0.75,0,1,0,28,1,0,0.796854629796828,0.826102393031105,0.80085239687101,0.826718825248891,0.803939661345474,0.828736582017159,0.824276586816888,0.827213153804081,0.691815342465753,0.691891331658292,0.694113532110092,0.694688876651982,0.694557169930512,0.697655926352129,0.708834170854271,0.708545105566219,0.714737762237762,0.744993324432577,0.751396648044693,0.748091603053435
1230,10,0,0.01538462,180,0.75,0,1,0,45,1,0,0.64016593864631,0.575109800064615,0.694823893800051,0.63094447218918,0.733354369872112,0.659121142594842,0.752018722981203,0.67126121276262,0.641940502155556,0.742624419069631,0.74974974974975,0.692864052078271,0.771006527763284,0.789262947157684,0.722529547090951,0.795001973651211,0.841947210368263,0.243951612903226,0.718446601941748,0.823529411764706
1231,10,0,0.01538462,180,0.75,0,1,0,45,1,0,0.596200283998627,0.6080022355028,0.685633247463044,0.682672098418866,0.712227985033472,0.689571269951842,0.712257101764245,0.666421429425347,0.658454052967387,0.757114887128406,0.825738433388516,0.711343993318826,0.789770276247318,0.869303825041387,0.739198314566873,0.802540090663507,0.856856570283424,0.284848484848485,0.694300518134715,0.833333333333333
