"param_id","eir_equil","sig_het","ff","trial_duration","trial_PQ_eff_stratum_1","trial_PQ_eff_stratum_2","trial_PQ_prop_stratum_1","trial_PQ_prop_stratum_2","trial_PQ_proph","is_LLIN_distributed","is_IRS_administered","eff_cph_recurrent_LM","eff_cph_recurrent_PCR","eff_cph_any_relapse_LM","eff_cph_any_relapse_PCR","eff_cph_relapse_LM_trial","eff_cph_relapse_PCR_trial","eff_cph_relapse_LM_all","eff_cph_relapse_PCR_all","eff_incid_recurrent_PCR","eff_incid_recurrent_LM","eff_incid_recurrent_D","eff_incid_any_relapse_PCR","eff_incid_any_relapse_LM","eff_incid_any_relapse_D","eff_incid_relapse_PCR","eff_incid_relapse_LM","eff_incid_relapse_D","eff_risk_relapse_PCR","eff_risk_relapse_LM","eff_risk_relapse_D"
352,1,0,0.01538462,180,0.75,0,1,0,28,1,0,0.677827870312626,0.712205928683963,0.708777178100527,0.754555529647638,0.730028966380127,0.777800692917437,0.776484343421669,0.789013430998303,0.665735827981011,0.676960784313726,0.654676258992806,0.700926202569465,0.714360313315927,0.6796875,0.736739974126779,0.749429223744292,0.704347826086956,0.644848484848485,0.685212298682284,0.716981132075472
353,1,0,0.01538462,180,0.75,0,1,0,28,1,0,0.649712387768209,0.710065287018637,0.716382346956584,0.750800593740377,0.73567724591903,0.770100297996044,0.766072262453952,0.788301948850206,0.666571183042108,0.661272923408846,0.663934426229508,0.701551566778217,0.693194925028835,0.698275862068966,0.723411371237458,0.710927573062262,0.718446601941748,0.64,0.675187969924812,0.730337078651685
354,1,0,0.01538462,180,0.75,0,1,0,28,1,0,0.623119518169266,0.662950101366846,0.654628159089902,0.70538084266722,0.69160388543767,0.746627421623895,0.750199355698354,0.786148593781608,0.657412904386347,0.641024193565897,0.653588168071681,0.696421274220713,0.675997828991316,0.679542571381295,0.723494655646944,0.70499489545128,0.737900042509261,0.648616125150421,0.664670658682635,0.730337078651685
