"param_id","eir_equil","sig_het","ff","trial_duration","trial_PQ_eff_stratum_1","trial_PQ_eff_stratum_2","trial_PQ_prop_stratum_1","trial_PQ_prop_stratum_2","trial_PQ_proph","is_LLIN_distributed","is_IRS_administered","eff_cph_recurrent_LM","eff_cph_recurrent_PCR","eff_cph_any_relapse_LM","eff_cph_any_relapse_PCR","eff_cph_relapse_LM_trial","eff_cph_relapse_PCR_trial","eff_cph_relapse_LM_all","eff_cph_relapse_PCR_all","eff_incid_recurrent_PCR","eff_incid_recurrent_LM","eff_incid_recurrent_D","eff_incid_any_relapse_PCR","eff_incid_any_relapse_LM","eff_incid_any_relapse_D","eff_incid_relapse_PCR","eff_incid_relapse_LM","eff_incid_relapse_D","eff_risk_relapse_PCR","eff_risk_relapse_LM","eff_risk_relapse_D"
628,100,0,0.01538462,180,0.75,0,1,0,28,1,0,0.341564169404756,0.255902884186019,0.449802921505767,0.510671183775608,0.739553142112945,0.620267712408226,0.753147005481425,0.561994179665038,0.377487965243786,0.546221046879474,0.506995562960067,0.530101801824622,0.621206450650005,0.701231353635374,0.739351631092427,0.786993200920908,0.777109105093057,0.141414141414141,0.71753986332574,0.8
629,100,0,0.01538462,180,0.75,0,1,0,28,1,0,0.421453059351153,0.199514737917183,0.596834330024374,0.574474730184755,0.648823420580711,0.637840860533086,0.672136652411023,0.532270222414428,0.355985597720503,0.55051225343694,0.667333333333333,0.506475941984499,0.62121668909825,0.761347826086957,0.714363611188036,0.765742765273312,0.88024,0.12008072653885,0.613425925925926,0.869565217391304
63,0.1,0,0.01538462,180,0.75,0,1,0,28,1,0,0.800886569274959,0.810608328290328,0.804396382789906,0.811587856218997,0.80520676591981,0.812434235494228,0.819327893795828,0.82216162624267,0.712182061579652,0.713593892724647,0.724266524224979,0.713378654281932,0.714877378050812,0.725726143138686,0.729818149000496,0.734193182988364,0.75117321827583,0.739130434782609,0.745042492917847,0.762183235867446
