"param_id","eir_equil","sig_het","ff","trial_duration","trial_PQ_eff_stratum_1","trial_PQ_eff_stratum_2","trial_PQ_prop_stratum_1","trial_PQ_prop_stratum_2","trial_PQ_proph","is_LLIN_distributed","is_IRS_administered","eff_cph_recurrent_LM","eff_cph_recurrent_PCR","eff_cph_any_relapse_LM","eff_cph_any_relapse_PCR","eff_cph_relapse_LM_trial","eff_cph_relapse_PCR_trial","eff_cph_relapse_LM_all","eff_cph_relapse_PCR_all","eff_incid_recurrent_PCR","eff_incid_recurrent_LM","eff_incid_recurrent_D","eff_incid_any_relapse_PCR","eff_incid_any_relapse_LM","eff_incid_any_relapse_D","eff_incid_relapse_PCR","eff_incid_relapse_LM","eff_incid_relapse_D","eff_risk_relapse_PCR","eff_risk_relapse_LM","eff_risk_relapse_D"
163,0.1,0,0.01538462,180,0.75,0,1,0,28,1,0,0.817051386400873,0.821650953400568,0.81754348852095,0.822496951977331,0.818344714385069,0.823365333730733,0.827296437810849,0.828487732031493,0.705829418886915,0.713427184124285,0.704487721254188,0.707951748944198,0.716073968705548,0.707024332024332,0.719911885855487,0.727884601018929,0.720761725581003,0.743624161073825,0.750350631136045,0.746615087040619
164,0.1,0,0.01538462,180,0.75,0,1,0,28,1,0,0.808244312927331,0.821589578813279,0.808027598066477,0.826887264052604,0.809887616079378,0.829279076961915,0.809558209014156,0.824955165473202,0.701691364902507,0.702755498059508,0.723049504950495,0.703605720695457,0.70472265625,0.723813200498132,0.716020304568528,0.717844692005242,0.740209798994975,0.738482384823848,0.731884057971014,0.750996015936255
165,0.1,0,0.01538462,180,0.75,0,1,0,28,1,0,0.792443794550171,0.812302854110332,0.800842470990563,0.814297314340939,0.801695541443095,0.816560885502698,0.821853963947596,0.834170799025437,0.701725997842503,0.704216488357458,0.707653701380176,0.704607046070461,0.706962025316456,0.713021491782554,0.725436681222707,0.727852135117909,0.743329097839898,0.747354497354497,0.742977528089888,0.759183673469388
