"param_id","eir_equil","sig_het","ff","trial_duration","trial_PQ_eff_stratum_1","trial_PQ_eff_stratum_2","trial_PQ_prop_stratum_1","trial_PQ_prop_stratum_2","trial_PQ_proph","is_LLIN_distributed","is_IRS_administered","eff_cph_recurrent_LM","eff_cph_recurrent_PCR","eff_cph_any_relapse_LM","eff_cph_any_relapse_PCR","eff_cph_relapse_LM_trial","eff_cph_relapse_PCR_trial","eff_cph_relapse_LM_all","eff_cph_relapse_PCR_all","eff_incid_recurrent_PCR","eff_incid_recurrent_LM","eff_incid_recurrent_D","eff_incid_any_relapse_PCR","eff_incid_any_relapse_LM","eff_incid_any_relapse_D","eff_incid_relapse_PCR","eff_incid_relapse_LM","eff_incid_relapse_D","eff_risk_relapse_PCR","eff_risk_relapse_LM","eff_risk_relapse_D"
1081,1,0,0.01538462,180,0.75,0,1,0,45,1,0,0.643634501339016,0.684896728257067,0.68785926809044,0.7230811281369,0.701633718967535,0.742106625175396,0.776947495826125,0.785975463809314,0.675889328063241,0.689027561102444,0.674074074074074,0.706958608278344,0.715474209650582,0.6796875,0.731769996787665,0.744172145845786,0.691666666666667,0.640963855421687,0.686656671664168,0.689320388349515
1082,1,0,0.01538462,180,0.75,0,1,0,45,1,0,0.630825963362699,0.676600150715179,0.700588681987242,0.743323507253974,0.732695146355803,0.767624865142229,0.756394295211746,0.781740520498879,0.630642883690658,0.626629685225965,0.682463518586469,0.674742154466,0.672209031660066,0.708371967816229,0.703505645078895,0.707049107526039,0.725256965543991,0.646007151370679,0.666666666666667,0.714285714285714
1083,1,0,0.01538462,180,0.75,0,1,0,45,1,0,0.689894494165891,0.719856431186151,0.720802224667668,0.760856565371877,0.747880551180475,0.780350016746472,0.773440031029018,0.803059111476123,0.664820084025556,0.661003917676374,0.694117814436216,0.697899669156724,0.690192320715469,0.703109327983952,0.72005278448541,0.710022303294588,0.742590603669415,0.66746126340882,0.684133915574964,0.757281553398058
