"param_id","eir_equil","sig_het","ff","trial_duration","trial_PQ_eff_stratum_1","trial_PQ_eff_stratum_2","trial_PQ_prop_stratum_1","trial_PQ_prop_stratum_2","trial_PQ_proph","is_LLIN_distributed","is_IRS_administered","eff_cph_recurrent_LM","eff_cph_recurrent_PCR","eff_cph_any_relapse_LM","eff_cph_any_relapse_PCR","eff_cph_relapse_LM_trial","eff_cph_relapse_PCR_trial","eff_cph_relapse_LM_all","eff_cph_relapse_PCR_all","eff_incid_recurrent_PCR","eff_incid_recurrent_LM","eff_incid_recurrent_D","eff_incid_any_relapse_PCR","eff_incid_any_relapse_LM","eff_incid_any_relapse_D","eff_incid_relapse_PCR","eff_incid_relapse_LM","eff_incid_relapse_D","eff_risk_relapse_PCR","eff_risk_relapse_LM","eff_risk_relapse_D"
547,10,0,0.01538462,180,0.75,0,1,0,28,1,0,0.555150006403897,0.595466482601389,0.666479100667409,0.670136758456106,0.707633266421654,0.67849262342666,0.726262537430343,0.684746293174952,0.621234258679468,0.687450039968026,0.84,0.683030537301894,0.720807726075505,0.869565217391304,0.733994106616662,0.768172888015717,0.904761904761905,0.289314516129032,0.694915254237288,0.904761904761905
548,10,0,0.01538462,180,0.75,0,1,0,28,1,0,0.566215217661631,0.598064564032307,0.594764466932974,0.676757579487615,0.651139135838693,0.703014592436178,0.741322839170776,0.670125993593949,0.621404859291589,0.738996279803139,0.683577681679148,0.681423650271069,0.757999031996128,0.646351526582577,0.733455750192918,0.800516364536854,0.799599198396794,0.251515151515151,0.714666666666667,0.8
549,10,0,0.01538462,180,0.75,0,1,0,28,1,0,0.580174132533841,0.557371018027919,0.673493675420445,0.678812872542747,0.753508795972963,0.720090356228271,0.731000862822778,0.684383700482871,0.604345703125,0.673385426653883,0.47421052631579,0.670710380761523,0.716810669456067,0.4672,0.730095692475464,0.770797219003476,0.7336,0.265182186234818,0.698412698412698,0.733333333333333
