"param_id","eir_equil","sig_het","ff","trial_duration","trial_PQ_eff_stratum_1","trial_PQ_eff_stratum_2","trial_PQ_prop_stratum_1","trial_PQ_prop_stratum_2","trial_PQ_proph","is_LLIN_distributed","is_IRS_administered","eff_cph_recurrent_LM","eff_cph_recurrent_PCR","eff_cph_any_relapse_LM","eff_cph_any_relapse_PCR","eff_cph_relapse_LM_trial","eff_cph_relapse_PCR_trial","eff_cph_relapse_LM_all","eff_cph_relapse_PCR_all","eff_incid_recurrent_PCR","eff_incid_recurrent_LM","eff_incid_recurrent_D","eff_incid_any_relapse_PCR","eff_incid_any_relapse_LM","eff_incid_any_relapse_D","eff_incid_relapse_PCR","eff_incid_relapse_LM","eff_incid_relapse_D","eff_risk_relapse_PCR","eff_risk_relapse_LM","eff_risk_relapse_D"
325,1,0,0.01538462,180,0.75,0,1,0,28,1,0,0.678734979508696,0.709061449121966,0.706636626507848,0.74002782734473,0.724095071761142,0.749232258226134,0.777670024218755,0.797422317715825,0.68397798377752,0.6895,0.676794117647059,0.717922150139018,0.721209302325581,0.728272,0.743468320482735,0.742790322580645,0.75246017699115,0.667065868263473,0.693083573487032,0.764705882352941
326,1,0,0.01538462,180,0.75,0,1,0,28,1,0,0.67579465449092,0.698549049544393,0.737420979655666,0.752176412409465,0.789107531943309,0.793143774619413,0.797046413141993,0.818406815298038,0.638607088463822,0.644941841473633,0.609365463024,0.68842209959732,0.688589935226707,0.706603154879017,0.736475818480374,0.727441207125864,0.738055812822168,0.68384074941452,0.715107913669065,0.747474747474747
327,1,0,0.01538462,180,0.75,0,1,0,28,1,0,0.690207577103313,0.689264306908531,0.718949169244941,0.731380116030034,0.761692813742309,0.769159427539514,0.787752171227873,0.825090455443773,0.673363568579969,0.675062141693215,0.712040807931219,0.71067412927878,0.71050596050596,0.758882970561803,0.749423903069736,0.754782204507982,0.769610880721992,0.685549132947977,0.702741702741703,0.757009345794392
