"param_id","eir_equil","sig_het","ff","trial_duration","trial_PQ_eff_stratum_1","trial_PQ_eff_stratum_2","trial_PQ_prop_stratum_1","trial_PQ_prop_stratum_2","trial_PQ_proph","is_LLIN_distributed","is_IRS_administered","eff_cph_recurrent_LM","eff_cph_recurrent_PCR","eff_cph_any_relapse_LM","eff_cph_any_relapse_PCR","eff_cph_relapse_LM_trial","eff_cph_relapse_PCR_trial","eff_cph_relapse_LM_all","eff_cph_relapse_PCR_all","eff_incid_recurrent_PCR","eff_incid_recurrent_LM","eff_incid_recurrent_D","eff_incid_any_relapse_PCR","eff_incid_any_relapse_LM","eff_incid_any_relapse_D","eff_incid_relapse_PCR","eff_incid_relapse_LM","eff_incid_relapse_D","eff_risk_relapse_PCR","eff_risk_relapse_LM","eff_risk_relapse_D"
236,1,0,0.01538462,180,0.75,0,1,0,28,1,0,0.634148046673843,0.695806160155588,0.687430752932759,0.748265015024513,0.715866626718979,0.766563019432564,0.777139076594382,0.800382380225407,0.668937648807058,0.658967492145172,0.532962357906201,0.703010811937283,0.698520559261114,0.571869295363271,0.739878587660703,0.73083077502317,0.623006879001153,0.665871121718377,0.689404934687954,0.694736842105263
237,1,0,0.01538462,180,0.75,0,1,0,28,1,0,0.722176602708267,0.720472987769439,0.755081475863631,0.754764114911427,0.78517434981012,0.779376612767254,0.780252734954255,0.79092921835116,0.675913210656413,0.696299855838539,0.774390243902439,0.709016393442623,0.725257731958763,0.809210526315789,0.736791546589817,0.748303167420814,0.855072463768116,0.642943305186972,0.685212298682284,0.856
238,1,0,0.01538462,180,0.75,0,1,0,28,1,0,0.624426805070994,0.697123502776217,0.670208758483931,0.743014115302294,0.720151756455867,0.773974724575009,0.772510654417993,0.798402858255658,0.690083839259902,0.683935112506541,0.5703125,0.721639950678175,0.71444568868981,0.639344262295082,0.752016129032258,0.752131546894032,0.765217391304348,0.672330097087379,0.697193500738552,0.777777777777778
