"param_id","eir_equil","sig_het","ff","trial_duration","trial_PQ_eff_stratum_1","trial_PQ_eff_stratum_2","trial_PQ_prop_stratum_1","trial_PQ_prop_stratum_2","trial_PQ_proph","is_LLIN_distributed","is_IRS_administered","eff_cph_recurrent_LM","eff_cph_recurrent_PCR","eff_cph_any_relapse_LM","eff_cph_any_relapse_PCR","eff_cph_relapse_LM_trial","eff_cph_relapse_PCR_trial","eff_cph_relapse_LM_all","eff_cph_relapse_PCR_all","eff_incid_recurrent_PCR","eff_incid_recurrent_LM","eff_incid_recurrent_D","eff_incid_any_relapse_PCR","eff_incid_any_relapse_LM","eff_incid_any_relapse_D","eff_incid_relapse_PCR","eff_incid_relapse_LM","eff_incid_relapse_D","eff_risk_relapse_PCR","eff_risk_relapse_LM","eff_risk_relapse_D"
493,10,0,0.01538462,180,0.75,0,1,0,28,1,0,0.580146484487562,0.577438371204477,0.62342130070027,0.663651357156782,0.701409101352383,0.686441022795609,0.78416588726024,0.676082576596843,0.634323713488089,0.76558837318331,0.631210157525947,0.696385735073708,0.804239723594562,0.687187187187187,0.749574073898398,0.852124852124852,0.7997997997998,0.285282258064516,0.770666666666667,0.8
494,10,0,0.01538462,180,0.75,0,1,0,28,1,0,0.502115986056665,0.601444065868047,0.555902649343695,0.68475734523409,0.624105188354433,0.701644767197854,0.748075680804282,0.665503386086833,0.62768879842785,0.674219512195122,0.478782608695652,0.685367217974723,0.701715587044534,0.524285714285714,0.727011229946524,0.735755580357143,0.579368421052632,0.26401630988787,0.712846347607053,0.529411764705882
495,10,0,0.01538462,180,0.75,0,1,0,28,1,0,0.560696917915831,0.54103580620211,0.601800960761323,0.63595099895318,0.621407609766394,0.668715692918828,0.674543949879749,0.641431089960677,0.609043098149034,0.682525951557093,0.72,0.668113624247963,0.710679611650485,0.7,0.717011128775835,0.746085011185682,0.6875,0.239593908629442,0.651098901098901,0.6875
