"param_id","eir_equil","sig_het","ff","trial_duration","trial_PQ_eff_stratum_1","trial_PQ_eff_stratum_2","trial_PQ_prop_stratum_1","trial_PQ_prop_stratum_2","trial_PQ_proph","is_LLIN_distributed","is_IRS_administered","eff_cph_recurrent_LM","eff_cph_recurrent_PCR","eff_cph_any_relapse_LM","eff_cph_any_relapse_PCR","eff_cph_relapse_LM_trial","eff_cph_relapse_PCR_trial","eff_cph_relapse_LM_all","eff_cph_relapse_PCR_all","eff_incid_recurrent_PCR","eff_incid_recurrent_LM","eff_incid_recurrent_D","eff_incid_any_relapse_PCR","eff_incid_any_relapse_LM","eff_incid_any_relapse_D","eff_incid_relapse_PCR","eff_incid_relapse_LM","eff_incid_relapse_D","eff_risk_relapse_PCR","eff_risk_relapse_LM","eff_risk_relapse_D"
1468,100,0,0.01538462,180,0.75,0,1,0,45,1,0,0.354226005237106,0.363192272033156,0.466041318532077,0.577900211535608,0.483361461327367,0.528266982240784,0.696531437941063,0.601632514911652,0.440799216847813,0.579602827330865,0.459016393442623,0.583117651408711,0.65984015984016,0.486486486486487,0.720672981387031,0.743944636678201,0.272727272727273,0.132323232323232,0.653937947494033,0.363636363636364
1469,100,0,0.01538462,180,0.75,0,1,0,45,1,0,0.340915516670194,0.400409530303681,0.530363002098671,0.589385249338162,0.710966865621492,0.591271447396684,0.725444898122708,0.59116131555038,0.447413410369469,0.5696954875355,0.47222641509434,0.589608655136425,0.679583410138249,0.744441860465116,0.728820802257609,0.797141015310234,0.815,0.153225806451613,0.670454545454545,0.807692307692308
147,0.1,0,0.01538462,180,0.75,0,1,0,28,1,0,0.812829597627024,0.83702021489432,0.819542333180722,0.840783973654875,0.818119054537259,0.838759871814868,0.835524072839904,0.842873466123075,0.73341902173913,0.723093023255814,0.733442739079103,0.734291097760786,0.724565930599369,0.736358579881657,0.73994111172262,0.731697142857143,0.748761620977354,0.766042780748663,0.766526019690577,0.762906309751434
