"param_id","eir_equil","sig_het","ff","trial_duration","trial_PQ_eff_stratum_1","trial_PQ_eff_stratum_2","trial_PQ_prop_stratum_1","trial_PQ_prop_stratum_2","trial_PQ_proph","is_LLIN_distributed","is_IRS_administered","eff_cph_recurrent_LM","eff_cph_recurrent_PCR","eff_cph_any_relapse_LM","eff_cph_any_relapse_PCR","eff_cph_relapse_LM_trial","eff_cph_relapse_PCR_trial","eff_cph_relapse_LM_all","eff_cph_relapse_PCR_all","eff_incid_recurrent_PCR","eff_incid_recurrent_LM","eff_incid_recurrent_D","eff_incid_any_relapse_PCR","eff_incid_any_relapse_LM","eff_incid_any_relapse_D","eff_incid_relapse_PCR","eff_incid_relapse_LM","eff_incid_relapse_D","eff_risk_relapse_PCR","eff_risk_relapse_LM","eff_risk_relapse_D"
871,0.1,0,0.01538462,180,0.75,0,1,0,45,1,0,0.779561867798848,0.810133843082051,0.780733855910478,0.80863036669297,0.782257916700172,0.810395322459336,0.814073335699462,0.822916342142147,0.684452094090648,0.681208053691275,0.666666666666667,0.686635944700461,0.683501683501683,0.670184696569921,0.702374059061957,0.700744752877454,0.696808510638298,0.735570469798658,0.734285714285714,0.713414634146341
872,0.1,0,0.01538462,180,0.75,0,1,0,45,1,0,0.78209565413368,0.821086691381576,0.780721511933092,0.818418633073877,0.782188056108994,0.819755464441254,0.831508606348043,0.835070525747757,0.715733333333333,0.710835913312693,0.715801886792453,0.715281501340483,0.710280373831776,0.716152019002375,0.725067385444744,0.721003134796238,0.732377538829152,0.74869109947644,0.751696065128901,0.739130434782609
873,0.1,0,0.01538462,180,0.75,0,1,0,45,1,0,0.808533475471054,0.834609177604121,0.805396456027072,0.834417216302126,0.811186643836518,0.838339231489607,0.824850037126921,0.829374257694888,0.728205128205128,0.730994152046784,0.734239802224969,0.731735159817352,0.735198438516591,0.737623762376238,0.746559633027523,0.750163078930202,0.760842627013631,0.757322175732218,0.758064516129032,0.762993762993763
