"param_id","eir_equil","sig_het","ff","trial_duration","trial_PQ_eff_stratum_1","trial_PQ_eff_stratum_2","trial_PQ_prop_stratum_1","trial_PQ_prop_stratum_2","trial_PQ_proph","is_LLIN_distributed","is_IRS_administered","eff_cph_recurrent_LM","eff_cph_recurrent_PCR","eff_cph_any_relapse_LM","eff_cph_any_relapse_PCR","eff_cph_relapse_LM_trial","eff_cph_relapse_PCR_trial","eff_cph_relapse_LM_all","eff_cph_relapse_PCR_all","eff_incid_recurrent_PCR","eff_incid_recurrent_LM","eff_incid_recurrent_D","eff_incid_any_relapse_PCR","eff_incid_any_relapse_LM","eff_incid_any_relapse_D","eff_incid_relapse_PCR","eff_incid_relapse_LM","eff_incid_relapse_D","eff_risk_relapse_PCR","eff_risk_relapse_LM","eff_risk_relapse_D"
1246,10,0,0.01538462,180,0.75,0,1,0,45,1,0,0.483822957239118,0.59024466876696,0.543982687078488,0.650361345954333,0.587594364249758,0.66364155394873,0.715436421577285,0.688627905172124,0.65040119760479,0.688970189701897,0.652869565217391,0.703075021379149,0.727267206477733,0.652869565217391,0.742400071155386,0.765509648127128,0.778222222222222,0.268292682926829,0.683937823834197,0.777777777777778
1247,10,0,0.01538462,180,0.75,0,1,0,45,1,0,0.653105482980463,0.585441456205602,0.706824200342287,0.620168310441382,0.73757758334631,0.628455056944301,0.699498185466285,0.631360243941891,0.637067779389877,0.715164873934616,0.636727636727637,0.687489452813717,0.754909760506775,0.722500278055834,0.715586841398169,0.768550878464672,0.687812812812813,0.232251521298174,0.702020202020202,0.6875
1248,10,0,0.01538462,180,0.75,0,1,0,45,1,0,0.527354494627305,0.625344557649512,0.597146604333528,0.688852819489835,0.65399140083503,0.703542642358028,0.748593617520456,0.678458813731473,0.663145530354202,0.775681325807695,0.713999713999714,0.716788495666383,0.806856949714093,0.845999845999846,0.748756521836763,0.832813786302158,0.916583249916583,0.298492462311558,0.742268041237113,0.916666666666667
