"param_id","eir_equil","sig_het","ff","trial_duration","trial_PQ_eff_stratum_1","trial_PQ_eff_stratum_2","trial_PQ_prop_stratum_1","trial_PQ_prop_stratum_2","trial_PQ_proph","is_LLIN_distributed","is_IRS_administered","eff_cph_recurrent_LM","eff_cph_recurrent_PCR","eff_cph_any_relapse_LM","eff_cph_any_relapse_PCR","eff_cph_relapse_LM_trial","eff_cph_relapse_PCR_trial","eff_cph_relapse_LM_all","eff_cph_relapse_PCR_all","eff_incid_recurrent_PCR","eff_incid_recurrent_LM","eff_incid_recurrent_D","eff_incid_any_relapse_PCR","eff_incid_any_relapse_LM","eff_incid_any_relapse_D","eff_incid_relapse_PCR","eff_incid_relapse_LM","eff_incid_relapse_D","eff_risk_relapse_PCR","eff_risk_relapse_LM","eff_risk_relapse_D"
1140,1,0,0.01538462,180,0.75,0,1,0,45,1,0,0.652243161358017,0.69759665440793,0.713747554496803,0.756839826963274,0.745331522711575,0.775394491725955,0.782930885015309,0.796509506062219,0.667360346785592,0.668884204694486,0.687317898207763,0.701444969146213,0.705664915602864,0.770533433278771,0.723387595635117,0.730059488061296,0.809536428228357,0.652843601895735,0.694645441389291,0.798076923076923
1141,1,0,0.01538462,180,0.75,0,1,0,45,1,0,0.618673604191749,0.665781003190613,0.659261021275482,0.703429735248391,0.701702739196529,0.717609680564963,0.75766065927571,0.772422874691285,0.638087153367289,0.640512820512821,0.676470588235294,0.669578313253012,0.676438653637351,0.713178294573643,0.693516699410609,0.70131421744325,0.782258064516129,0.6256038647343,0.664212076583211,0.765765765765766
1142,1,0,0.01538462,180,0.75,0,1,0,45,1,0,0.702277577129048,0.720202011138402,0.716076353114249,0.758802490052774,0.755831600619524,0.781001808644716,0.790764571727281,0.803219535607362,0.68715137576042,0.704096861719601,0.738869304086695,0.722332347522029,0.7395410846348,0.751689674170294,0.749992947271859,0.766962729925693,0.79318161136343,0.667065868263473,0.705278592375367,0.794392523364486
