"param_id","eir_equil","sig_het","ff","trial_duration","trial_PQ_eff_stratum_1","trial_PQ_eff_stratum_2","trial_PQ_prop_stratum_1","trial_PQ_prop_stratum_2","trial_PQ_proph","is_LLIN_distributed","is_IRS_administered","eff_cph_recurrent_LM","eff_cph_recurrent_PCR","eff_cph_any_relapse_LM","eff_cph_any_relapse_PCR","eff_cph_relapse_LM_trial","eff_cph_relapse_PCR_trial","eff_cph_relapse_LM_all","eff_cph_relapse_PCR_all","eff_incid_recurrent_PCR","eff_incid_recurrent_LM","eff_incid_recurrent_D","eff_incid_any_relapse_PCR","eff_incid_any_relapse_LM","eff_incid_any_relapse_D","eff_incid_relapse_PCR","eff_incid_relapse_LM","eff_incid_relapse_D","eff_risk_relapse_PCR","eff_risk_relapse_LM","eff_risk_relapse_D"
1438,100,0,0.01538462,180,0.75,0,1,0,45,1,0,0.429750931328882,0.26025221267363,0.53150347635224,0.523072130060045,0.603417643080183,0.493784090970908,0.690254670067093,0.556513943310019,0.429297193316103,0.589479660616914,0.695593108439242,0.573104544217899,0.684031677609962,0.8210703539189,0.713401363135537,0.780393681043129,0.870708900896237,0.13091641490433,0.653579676674365,0.866666666666667
1439,100,0,0.01538462,180,0.75,0,1,0,45,1,0,0.478479906086874,0.338962999042393,0.59685746865557,0.530345706682813,0.636718150074611,0.50584544598338,0.732998189236427,0.54333375850611,0.437519954886833,0.593,0.672203125,0.579569385052034,0.672365876777251,0.731975609756098,0.718901411331561,0.772564432989691,0.84016,0.115927419354839,0.688195991091314,0.84
144,0.1,0,0.01538462,180,0.75,0,1,0,28,1,0,0.826664881197217,0.835497632028931,0.828588268177957,0.837274421558634,0.828981733433597,0.837418478325826,0.831940983837953,0.841070930940615,0.736170212765958,0.73088875077688,0.7686230248307,0.736363636363636,0.73125,0.768707482993197,0.744474393530997,0.739432176656151,0.780571428571429,0.762349799732977,0.76056338028169,0.781853281853282
