"param_id","eir_equil","sig_het","ff","trial_duration","trial_PQ_eff_stratum_1","trial_PQ_eff_stratum_2","trial_PQ_prop_stratum_1","trial_PQ_prop_stratum_2","trial_PQ_proph","is_LLIN_distributed","is_IRS_administered","eff_cph_recurrent_LM","eff_cph_recurrent_PCR","eff_cph_any_relapse_LM","eff_cph_any_relapse_PCR","eff_cph_relapse_LM_trial","eff_cph_relapse_PCR_trial","eff_cph_relapse_LM_all","eff_cph_relapse_PCR_all","eff_incid_recurrent_PCR","eff_incid_recurrent_LM","eff_incid_recurrent_D","eff_incid_any_relapse_PCR","eff_incid_any_relapse_LM","eff_incid_any_relapse_D","eff_incid_relapse_PCR","eff_incid_relapse_LM","eff_incid_relapse_D","eff_risk_relapse_PCR","eff_risk_relapse_LM","eff_risk_relapse_D"
760,100,0,0.01538462,180,0.75,0,1,0,28,1,0,0.368526087755479,0.224102768286205,0.501681540469815,0.588269040561291,0.615624315030094,0.682490079039318,0.721837736492639,0.546967105031129,0.377729791250918,0.607097257158758,0.766467766467766,0.532399360504474,0.697559007500528,0.807884807884808,0.733372496983988,0.813920358126367,0.84016016016016,0.134751773049645,0.697727272727273,0.833333333333333
761,100,0,0.01538462,180,0.75,0,1,0,28,1,0,0.217833977751651,0.299045345393854,0.360210204993268,0.572873954299988,0.623884822901116,0.632733250462064,0.672913826503569,0.57250561250225,0.377240089392975,0.557293955631729,0.425350701402806,0.517396120732122,0.643935592890828,0.39939879759519,0.71761107798769,0.793836183004306,0.639639278557114,0.131048387096774,0.652380952380952,0.68
762,100,0,0.01538462,180,0.75,0,1,0,28,1,0,0.351769656183213,0.279712288135197,0.442682963575019,0.518953618114495,0.501600390165725,0.622049700856171,0.685950166918046,0.589460488770352,0.380224067454985,0.56685333300524,0.777555333110889,0.525278436843063,0.631991972824907,0.740481221962703,0.729888618777508,0.810010679575897,0.67709645129,0.135814889336016,0.657957244655582,0.666666666666667
