"param_id","eir_equil","sig_het","ff","trial_duration","trial_PQ_eff_stratum_1","trial_PQ_eff_stratum_2","trial_PQ_prop_stratum_1","trial_PQ_prop_stratum_2","trial_PQ_proph","is_LLIN_distributed","is_IRS_administered","eff_cph_recurrent_LM","eff_cph_recurrent_PCR","eff_cph_any_relapse_LM","eff_cph_any_relapse_PCR","eff_cph_relapse_LM_trial","eff_cph_relapse_PCR_trial","eff_cph_relapse_LM_all","eff_cph_relapse_PCR_all","eff_incid_recurrent_PCR","eff_incid_recurrent_LM","eff_incid_recurrent_D","eff_incid_any_relapse_PCR","eff_incid_any_relapse_LM","eff_incid_any_relapse_D","eff_incid_relapse_PCR","eff_incid_relapse_LM","eff_incid_relapse_D","eff_risk_relapse_PCR","eff_risk_relapse_LM","eff_risk_relapse_D"
1579,100,0,0.01538462,180,0.75,0,1,0,45,1,0,0.418714699434505,0.374243964581161,0.55691463097054,0.554945757274422,0.615157033648109,0.574867561643569,0.732688762793225,0.576532558553256,0.448924586459977,0.604345126850812,0.677927283137704,0.59577907308045,0.696576251093737,0.749498997995992,0.724445525861253,0.817893743936785,0.764234351055051,0.131180625630676,0.688249400479616,0.764705882352941
158,0.1,0,0.01538462,180,0.75,0,1,0,28,1,0,0.802997862230731,0.836329980493035,0.802442704928401,0.835721316095084,0.803662961120688,0.837047167893083,0.82394495552688,0.832695628674977,0.735217163788592,0.726765799256506,0.714110429447853,0.734629532317394,0.726197884256378,0.713933415536375,0.742328042328042,0.735128365685661,0.724907063197026,0.757738896366083,0.755994358251058,0.743538767395626
1580,100,0,0.01538462,180,0.75,0,1,0,45,1,0,0.290006783557525,0.312643477785481,0.437338859776704,0.565969438521496,0.479702511306186,0.477510670230679,0.682434249665053,0.524842039506142,0.434441770320811,0.531693497210739,0.459459459459459,0.577919456753232,0.630096927394225,0.6996996996997,0.709492770270784,0.784740492705094,0.789262947157684,0.110323886639676,0.654292343387471,0.789473684210526
