"param_id","eir_equil","sig_het","ff","trial_duration","trial_PQ_eff_stratum_1","trial_PQ_eff_stratum_2","trial_PQ_prop_stratum_1","trial_PQ_prop_stratum_2","trial_PQ_proph","is_LLIN_distributed","is_IRS_administered","eff_cph_recurrent_LM","eff_cph_recurrent_PCR","eff_cph_any_relapse_LM","eff_cph_any_relapse_PCR","eff_cph_relapse_LM_trial","eff_cph_relapse_PCR_trial","eff_cph_relapse_LM_all","eff_cph_relapse_PCR_all","eff_incid_recurrent_PCR","eff_incid_recurrent_LM","eff_incid_recurrent_D","eff_incid_any_relapse_PCR","eff_incid_any_relapse_LM","eff_incid_any_relapse_D","eff_incid_relapse_PCR","eff_incid_relapse_LM","eff_incid_relapse_D","eff_risk_relapse_PCR","eff_risk_relapse_LM","eff_risk_relapse_D"
390,1,0,0.01538462,180,0.75,0,1,0,28,1,0,0.665756620464143,0.695133806573327,0.716919130660395,0.752252842216345,0.743897014416726,0.7757996890163,0.765341541722001,0.790185863613618,0.655887938484148,0.655541012911108,0.715099715099715,0.693671047996942,0.691390995738822,0.75188864077753,0.725757715105252,0.71673276235545,0.770412614449312,0.651497005988024,0.675,0.797979797979798
391,1,0,0.01538462,180,0.75,0,1,0,28,1,0,0.695970885377364,0.700524360663042,0.749033340247712,0.77177371131746,0.778318304241644,0.798536205296648,0.812780345982388,0.823802874464314,0.66332839946521,0.663204534068136,0.607607214428858,0.706986149968042,0.711005482038457,0.623476310419003,0.740702300122633,0.747052188208753,0.673142202772893,0.691401648998822,0.731638418079096,0.681818181818182
392,1,0,0.01538462,180,0.75,0,1,0,28,1,0,0.644439484653043,0.722767987652759,0.700415267109309,0.770017075849538,0.757202884547905,0.79977252457935,0.792250523192034,0.812638083039418,0.667476531196337,0.663037765131919,0.698143884892086,0.711657116732703,0.704490066225166,0.739067164179104,0.749585771276596,0.744846754807692,0.797078125,0.682692307692308,0.705370101596517,0.782608695652174
