"param_id","eir_equil","sig_het","ff","trial_duration","trial_PQ_eff_stratum_1","trial_PQ_eff_stratum_2","trial_PQ_prop_stratum_1","trial_PQ_prop_stratum_2","trial_PQ_proph","is_LLIN_distributed","is_IRS_administered","eff_cph_recurrent_LM","eff_cph_recurrent_PCR","eff_cph_any_relapse_LM","eff_cph_any_relapse_PCR","eff_cph_relapse_LM_trial","eff_cph_relapse_PCR_trial","eff_cph_relapse_LM_all","eff_cph_relapse_PCR_all","eff_incid_recurrent_PCR","eff_incid_recurrent_LM","eff_incid_recurrent_D","eff_incid_any_relapse_PCR","eff_incid_any_relapse_LM","eff_incid_any_relapse_D","eff_incid_relapse_PCR","eff_incid_relapse_LM","eff_incid_relapse_D","eff_risk_relapse_PCR","eff_risk_relapse_LM","eff_risk_relapse_D"
1419,100,0,0.01538462,180,0.75,0,1,0,45,1,0,0.381843901115108,0.315367767525961,0.4390261912621,0.550650926334318,0.616741409198823,0.547879033188304,0.760460470404079,0.545168123089545,0.434927414639107,0.597767145135566,0.509433962264151,0.579817815276637,0.690487458589683,0.526315789473684,0.717750972249687,0.823387096774194,0.692307692307692,0.132930513595166,0.73120728929385,0.666666666666667
142,0.1,0,0.01538462,180,0.75,0,1,0,28,1,0,0.784336586510915,0.813446325814639,0.791338426228097,0.815369440629741,0.7947330556566,0.819304006096668,0.803560864342351,0.809393645336435,0.699814493392475,0.699367141227606,0.703311558981662,0.703921136618999,0.703183772795553,0.707499707499708,0.727741719587963,0.72829007265199,0.740578274609688,0.736694677871149,0.739705882352941,0.748453608247423
1420,100,0,0.01538462,180,0.75,0,1,0,45,1,0,0.32639803213923,0.367060733140797,0.449736848719679,0.560803179849968,0.601658665716636,0.529987558956529,0.72534878340835,0.574699015183625,0.447266223811957,0.613153360137852,0.617647058823529,0.58582736524689,0.683656276326875,0.617021276595745,0.719771630530823,0.787284144427002,0.857142857142857,0.141129032258065,0.686666666666667,0.826086956521739
