"param_id","eir_equil","sig_het","ff","trial_duration","trial_PQ_eff_stratum_1","trial_PQ_eff_stratum_2","trial_PQ_prop_stratum_1","trial_PQ_prop_stratum_2","trial_PQ_proph","is_LLIN_distributed","is_IRS_administered","eff_cph_recurrent_LM","eff_cph_recurrent_PCR","eff_cph_any_relapse_LM","eff_cph_any_relapse_PCR","eff_cph_relapse_LM_trial","eff_cph_relapse_PCR_trial","eff_cph_relapse_LM_all","eff_cph_relapse_PCR_all","eff_incid_recurrent_PCR","eff_incid_recurrent_LM","eff_incid_recurrent_D","eff_incid_any_relapse_PCR","eff_incid_any_relapse_LM","eff_incid_any_relapse_D","eff_incid_relapse_PCR","eff_incid_relapse_LM","eff_incid_relapse_D","eff_risk_relapse_PCR","eff_risk_relapse_LM","eff_risk_relapse_D"
828,0.1,0,0.01538462,180,0.75,0,1,0,45,1,0,0.803177137349715,0.817052555258377,0.806270932922044,0.819580663087848,0.812722020279848,0.824504918042378,0.818514743513026,0.830782518071476,0.720737147947312,0.718833769233278,0.73670640337307,0.724578223779927,0.721944166388611,0.740931697189291,0.74587093774694,0.743078478354362,0.767124005857258,0.746328437917223,0.743589743589744,0.768932038834951
829,0.1,0,0.01538462,180,0.75,0,1,0,45,1,0,0.774283450127794,0.798342775500547,0.781731067062274,0.802565013044629,0.78474561380997,0.805152895307107,0.804395476618498,0.811819451640689,0.678973033707865,0.683510624597553,0.684659090909091,0.68074943438914,0.685140077821012,0.685593908629442,0.69449715261959,0.698082898172324,0.700936305732484,0.726648351648352,0.724928366762178,0.730452674897119
83,0.1,0,0.01538462,180,0.75,0,1,0,28,1,0,0.83810557737011,0.84370629112233,0.841461773978834,0.843610435128848,0.842760386118939,0.845521147582572,0.844373848620106,0.850555822529211,0.739495863526871,0.741779996557067,0.74974974974975,0.741283157811167,0.743840841479642,0.753144019481874,0.746694530268337,0.7494301453433,0.763018258702599,0.771505376344086,0.770745428973277,0.78125
