"param_id","eir_equil","sig_het","ff","trial_duration","trial_PQ_eff_stratum_1","trial_PQ_eff_stratum_2","trial_PQ_prop_stratum_1","trial_PQ_prop_stratum_2","trial_PQ_proph","is_LLIN_distributed","is_IRS_administered","eff_cph_recurrent_LM","eff_cph_recurrent_PCR","eff_cph_any_relapse_LM","eff_cph_any_relapse_PCR","eff_cph_relapse_LM_trial","eff_cph_relapse_PCR_trial","eff_cph_relapse_LM_all","eff_cph_relapse_PCR_all","eff_incid_recurrent_PCR","eff_incid_recurrent_LM","eff_incid_recurrent_D","eff_incid_any_relapse_PCR","eff_incid_any_relapse_LM","eff_incid_any_relapse_D","eff_incid_relapse_PCR","eff_incid_relapse_LM","eff_incid_relapse_D","eff_risk_relapse_PCR","eff_risk_relapse_LM","eff_risk_relapse_D"
1557,100,0,0.01538462,180,0.75,0,1,0,45,1,0,0.455319292567914,0.360758098821116,0.59923260829343,0.547987620075104,0.686787287127776,0.511631833327476,0.686765774055462,0.579723481710219,0.446619217081851,0.626695437731196,0.685714285714286,0.58489289740699,0.686117647058823,0.813953488372093,0.716528476281093,0.777777777777778,0.95,0.153225806451613,0.636150234741784,0.944444444444444
1558,100,0,0.01538462,180,0.75,0,1,0,45,1,0,0.414450996233524,0.303286541151701,0.514893626949418,0.576125696840163,0.635385580809055,0.618954280307696,0.710680882140598,0.574794557234086,0.432701294153946,0.591683849859797,0.521259911126601,0.579342782466082,0.671217985018353,0.728895290581162,0.720745827624707,0.80770224659846,0.912956347477564,0.133937562940584,0.677261613691932,0.909090909090909
1559,100,0,0.01538462,180,0.75,0,1,0,45,1,0,0.404284151561138,0.390521688772944,0.570927211876448,0.546959593776578,0.764335435427318,0.547879730239943,0.717625868665875,0.594941727839651,0.446378566563233,0.588650208400128,0.825,0.592746575596719,0.660782442748092,0.886792452830189,0.728698517298188,0.787751677852349,0.9375,0.126506024096386,0.667441860465116,0.928571428571429
