"param_id","eir_equil","sig_het","ff","trial_duration","trial_PQ_eff_stratum_1","trial_PQ_eff_stratum_2","trial_PQ_prop_stratum_1","trial_PQ_prop_stratum_2","trial_PQ_proph","is_LLIN_distributed","is_IRS_administered","eff_cph_recurrent_LM","eff_cph_recurrent_PCR","eff_cph_any_relapse_LM","eff_cph_any_relapse_PCR","eff_cph_relapse_LM_trial","eff_cph_relapse_PCR_trial","eff_cph_relapse_LM_all","eff_cph_relapse_PCR_all","eff_incid_recurrent_PCR","eff_incid_recurrent_LM","eff_incid_recurrent_D","eff_incid_any_relapse_PCR","eff_incid_any_relapse_LM","eff_incid_any_relapse_D","eff_incid_relapse_PCR","eff_incid_relapse_LM","eff_incid_relapse_D","eff_risk_relapse_PCR","eff_risk_relapse_LM","eff_risk_relapse_D"
1276,10,0,0.01538462,180,0.75,0,1,0,45,1,0,0.522507799658637,0.582187948376982,0.596265088540186,0.657367488403571,0.648714137050932,0.658593841797403,0.72713880763015,0.69567433331777,0.656928715128755,0.733544314381271,0.875125,0.709406266357586,0.771257009345794,0.9001,0.737852918084271,0.794132321041215,0.8668,0.287449392712551,0.712328767123288,0.866666666666667
1277,10,0,0.01538462,180,0.75,0,1,0,45,1,0,0.628770834366034,0.575551228924099,0.627853008933736,0.623489394245465,0.648486735770688,0.630475082160068,0.744647594854905,0.667676706763557,0.64231421323374,0.770511528608027,0.762142857142857,0.700292154244875,0.805142721217888,0.7336,0.734126841243863,0.821208053691275,0.75025,0.270242914979757,0.729591836734694,0.75
1278,10,0,0.01538462,180,0.75,0,1,0,45,1,0,0.615465226995005,0.618382516469264,0.679336518819138,0.695204360203294,0.709720633853307,0.699018564245573,0.757234983602561,0.688044950312352,0.657029527524761,0.739317261131705,0.889000222667557,0.712295930612951,0.786401563770872,0.882470824000943,0.74146689147356,0.818460512949384,0.928643000286287,0.277327935222672,0.725247524752475,0.928571428571429
