"param_id","eir_equil","sig_het","ff","trial_duration","trial_PQ_eff_stratum_1","trial_PQ_eff_stratum_2","trial_PQ_prop_stratum_1","trial_PQ_prop_stratum_2","trial_PQ_proph","is_LLIN_distributed","is_IRS_administered","eff_cph_recurrent_LM","eff_cph_recurrent_PCR","eff_cph_any_relapse_LM","eff_cph_any_relapse_PCR","eff_cph_relapse_LM_trial","eff_cph_relapse_PCR_trial","eff_cph_relapse_LM_all","eff_cph_relapse_PCR_all","eff_incid_recurrent_PCR","eff_incid_recurrent_LM","eff_incid_recurrent_D","eff_incid_any_relapse_PCR","eff_incid_any_relapse_LM","eff_incid_any_relapse_D","eff_incid_relapse_PCR","eff_incid_relapse_LM","eff_incid_relapse_D","eff_risk_relapse_PCR","eff_risk_relapse_LM","eff_risk_relapse_D"
425,10,0,0.01538462,180,0.75,0,1,0,28,1,0,0.463019532679313,0.562593425494335,0.507341660434691,0.647306135445355,0.565413002229118,0.66472489329964,0.713210481851894,0.669283294203375,0.615519539746018,0.720720720720721,0.625,0.672684642438452,0.754369825206992,0.619047619047619,0.726243937488773,0.804776739356179,0.777777777777778,0.260649087221095,0.6975,0.777777777777778
426,10,0,0.01538462,180,0.75,0,1,0,28,1,0,0.408004402358343,0.561624884018536,0.477052839505596,0.657836144650463,0.509738110114082,0.698818412885904,0.703238761367198,0.686139332333756,0.622606817700614,0.723603856266433,0.501,0.68471771392485,0.767133333333333,0.6008,0.740740220661986,0.810334841628959,0.455636363636364,0.274014155712841,0.701058201058201,0.545454545454545
427,10,0,0.01538462,180,0.75,0,1,0,28,1,0,0.464372486185627,0.559758988660456,0.54751570081569,0.655086897657208,0.65950488054554,0.686508143057353,0.741614845192519,0.684627770283694,0.617986218534665,0.71786022433132,0.55,0.683399796700289,0.748565965583174,0.647058823529412,0.73730565291633,0.793326157158235,0.705882352941176,0.273737373737374,0.734177215189873,0.705882352941176
