"param_id","eir_equil","sig_het","ff","trial_duration","trial_PQ_eff_stratum_1","trial_PQ_eff_stratum_2","trial_PQ_prop_stratum_1","trial_PQ_prop_stratum_2","trial_PQ_proph","is_LLIN_distributed","is_IRS_administered","eff_cph_recurrent_LM","eff_cph_recurrent_PCR","eff_cph_any_relapse_LM","eff_cph_any_relapse_PCR","eff_cph_relapse_LM_trial","eff_cph_relapse_PCR_trial","eff_cph_relapse_LM_all","eff_cph_relapse_PCR_all","eff_incid_recurrent_PCR","eff_incid_recurrent_LM","eff_incid_recurrent_D","eff_incid_any_relapse_PCR","eff_incid_any_relapse_LM","eff_incid_any_relapse_D","eff_incid_relapse_PCR","eff_incid_relapse_LM","eff_incid_relapse_D","eff_risk_relapse_PCR","eff_risk_relapse_LM","eff_risk_relapse_D"
539,10,0,0.01538462,180,0.75,0,1,0,28,1,0,0.506989547795477,0.538705082754706,0.588605237436941,0.61199787861355,0.700354925642912,0.657927564580393,0.724058903112139,0.66800236963236,0.619395749506405,0.71823933338477,0.792688410057759,0.678410492235417,0.759747367697765,0.839679037111334,0.730154064744712,0.800031161445502,0.869303562862501,0.263157894736842,0.705426356589147,0.857142857142857
54,0.1,0,0.01538462,180,0.75,0,1,0,28,1,0,0.808601446720734,0.834746110601634,0.81051963481489,0.834984188762956,0.814308686156773,0.83753927321272,0.839100224655858,0.846692964710942,0.739564352220649,0.738526498681733,0.748316884616113,0.74153964316212,0.740956906677876,0.75187291733019,0.75331047490297,0.752320164498502,0.76507992878156,0.767785234899329,0.764705882352941,0.768774703557312
540,10,0,0.01538462,180,0.75,0,1,0,28,1,0,0.619323948889878,0.611601973446016,0.61609652492728,0.653574469305885,0.587204371268027,0.674829650129321,0.721655034673402,0.682345995804415,0.631657847162479,0.754907421848889,0.888777666555444,0.685984903443863,0.783542666754346,0.95995995995996,0.729439715043458,0.799375197042217,0.952333285666619,0.281533804238143,0.707808564231738,0.952380952380952
