"param_id","eir_equil","sig_het","ff","trial_duration","trial_PQ_eff_stratum_1","trial_PQ_eff_stratum_2","trial_PQ_prop_stratum_1","trial_PQ_prop_stratum_2","trial_PQ_proph","is_LLIN_distributed","is_IRS_administered","eff_cph_recurrent_LM","eff_cph_recurrent_PCR","eff_cph_any_relapse_LM","eff_cph_any_relapse_PCR","eff_cph_relapse_LM_trial","eff_cph_relapse_PCR_trial","eff_cph_relapse_LM_all","eff_cph_relapse_PCR_all","eff_incid_recurrent_PCR","eff_incid_recurrent_LM","eff_incid_recurrent_D","eff_incid_any_relapse_PCR","eff_incid_any_relapse_LM","eff_incid_any_relapse_D","eff_incid_relapse_PCR","eff_incid_relapse_LM","eff_incid_relapse_D","eff_risk_relapse_PCR","eff_risk_relapse_LM","eff_risk_relapse_D"
455,10,0,0.01538462,180,0.75,0,1,0,28,1,0,0.56481250335601,0.619527462889083,0.642084784241206,0.721314305724641,0.697744961485246,0.746528125548872,0.784203805958858,0.67863925947177,0.630610687468405,0.74077288435138,0.721943887775551,0.691284100946901,0.783698210374237,0.882235058351998,0.742515799465574,0.827935871743487,0.937437374749499,0.26219512195122,0.755501222493888,0.9375
456,10,0,0.01538462,180,0.75,0,1,0,28,1,0,0.471645882199392,0.559008185196792,0.567763925119926,0.656230370960403,0.639550086096516,0.71490663791393,0.752009892113163,0.691228320487858,0.610879082107698,0.700531556487235,0.499499499499499,0.676174374969556,0.756050108517379,0.453999453999454,0.7342696619676,0.802970391205685,0.635999635999636,0.283702213279678,0.723684210526316,0.6
457,10,0,0.01538462,180,0.75,0,1,0,28,1,0,0.591307204135477,0.563877617849789,0.641770791667793,0.634171154758138,0.702074411552941,0.676635611930816,0.79348734221309,0.693346434605132,0.625506157508137,0.779101208498665,0.841947051998734,0.686248409801618,0.808646110665134,0.841947051998734,0.739248377246901,0.846083661324831,0.823352587527997,0.271805273833671,0.772486772486773,0.823529411764706
