"param_id","eir_equil","sig_het","ff","trial_duration","trial_PQ_eff_stratum_1","trial_PQ_eff_stratum_2","trial_PQ_prop_stratum_1","trial_PQ_prop_stratum_2","trial_PQ_proph","is_LLIN_distributed","is_IRS_administered","eff_cph_recurrent_LM","eff_cph_recurrent_PCR","eff_cph_any_relapse_LM","eff_cph_any_relapse_PCR","eff_cph_relapse_LM_trial","eff_cph_relapse_PCR_trial","eff_cph_relapse_LM_all","eff_cph_relapse_PCR_all","eff_incid_recurrent_PCR","eff_incid_recurrent_LM","eff_incid_recurrent_D","eff_incid_any_relapse_PCR","eff_incid_any_relapse_LM","eff_incid_any_relapse_D","eff_incid_relapse_PCR","eff_incid_relapse_LM","eff_incid_relapse_D","eff_risk_relapse_PCR","eff_risk_relapse_LM","eff_risk_relapse_D"
211,1,0,0.01538462,180,0.75,0,1,0,28,1,0,0.653532210059385,0.69158786978599,0.70316533795722,0.746948661780402,0.748163549426847,0.770491349111676,0.756072917242651,0.789835542560322,0.67484724147491,0.663554578375582,0.691485294117647,0.711928571428571,0.698362880886427,0.71346511627907,0.739721711568938,0.726177710843374,0.778982300884956,0.652431791221827,0.677037037037037,0.786407766990291
212,1,0,0.01538462,180,0.75,0,1,0,28,1,0,0.668134977602554,0.702513170987148,0.723533268294669,0.741306460272182,0.738818421059429,0.753514778011692,0.775153072332405,0.790842992252082,0.663326653306613,0.677505330490405,0.657894736842105,0.695943885330893,0.705215419501134,0.722222222222222,0.722294654498044,0.728267477203647,0.72,0.648998822143698,0.687411598302687,0.696629213483146
213,1,0,0.01538462,180,0.75,0,1,0,28,1,0,0.65609308219309,0.686323850902617,0.707864868126051,0.736225734211205,0.71922242244764,0.749154042277362,0.76239131906129,0.785437428808265,0.642414127029336,0.653723459347488,0.595150943396226,0.675619684082625,0.679154913936702,0.624514851485149,0.700534471437951,0.708019184652278,0.670872340425532,0.640046296296296,0.666203059805285,0.670588235294118
