"param_id","eir_equil","sig_het","ff","trial_duration","trial_PQ_eff_stratum_1","trial_PQ_eff_stratum_2","trial_PQ_prop_stratum_1","trial_PQ_prop_stratum_2","trial_PQ_proph","is_LLIN_distributed","is_IRS_administered","eff_cph_recurrent_LM","eff_cph_recurrent_PCR","eff_cph_any_relapse_LM","eff_cph_any_relapse_PCR","eff_cph_relapse_LM_trial","eff_cph_relapse_PCR_trial","eff_cph_relapse_LM_all","eff_cph_relapse_PCR_all","eff_incid_recurrent_PCR","eff_incid_recurrent_LM","eff_incid_recurrent_D","eff_incid_any_relapse_PCR","eff_incid_any_relapse_LM","eff_incid_any_relapse_D","eff_incid_relapse_PCR","eff_incid_relapse_LM","eff_incid_relapse_D","eff_risk_relapse_PCR","eff_risk_relapse_LM","eff_risk_relapse_D"
1495,100,0,0.01538462,180,0.75,0,1,0,45,1,0,0.449821404181217,0.397072432395937,0.501383761082958,0.565640687273509,0.695575904197164,0.635976810575877,0.747278062482397,0.571493866514966,0.450801610819846,0.622571692876966,0.620689655172414,0.59314606741573,0.698191933240612,0.65,0.731614911034436,0.827965435978005,0.88,0.144444444444444,0.720779220779221,0.875
1496,100,0,0.01538462,180,0.75,0,1,0,45,1,0,0.390908195438552,0.334773430864953,0.504546407095239,0.525733088432626,0.58998525031026,0.533855738766573,0.692111809858887,0.576395043526006,0.441444905911911,0.585321655089097,0.584415584415584,0.583878902554399,0.666222814025743,0.62962962962963,0.712928146578246,0.768734891216761,0.576923076923077,0.140830800405269,0.654292343387471,0.708333333333333
1497,100,0,0.01538462,180,0.75,0,1,0,45,1,0,0.448111744848439,0.309981740869733,0.597266900622843,0.594292572878771,0.668508189475669,0.581067893475004,0.708215785766532,0.524718736858092,0.43600526302211,0.593381389252949,0.761194029850746,0.577961788278194,0.671867381764993,0.826923076923077,0.710413793103448,0.78839590443686,0.9,0.115151515151515,0.674641148325359,0.896551724137931
