"param_id","eir_equil","sig_het","ff","trial_duration","trial_PQ_eff_stratum_1","trial_PQ_eff_stratum_2","trial_PQ_prop_stratum_1","trial_PQ_prop_stratum_2","trial_PQ_proph","is_LLIN_distributed","is_IRS_administered","eff_cph_recurrent_LM","eff_cph_recurrent_PCR","eff_cph_any_relapse_LM","eff_cph_any_relapse_PCR","eff_cph_relapse_LM_trial","eff_cph_relapse_PCR_trial","eff_cph_relapse_LM_all","eff_cph_relapse_PCR_all","eff_incid_recurrent_PCR","eff_incid_recurrent_LM","eff_incid_recurrent_D","eff_incid_any_relapse_PCR","eff_incid_any_relapse_LM","eff_incid_any_relapse_D","eff_incid_relapse_PCR","eff_incid_relapse_LM","eff_incid_relapse_D","eff_risk_relapse_PCR","eff_risk_relapse_LM","eff_risk_relapse_D"
433,10,0,0.01538462,180,0.75,0,1,0,28,1,0,0.494093246446862,0.577770249237894,0.55244927216031,0.676187059520405,0.601904801083202,0.714982525377589,0.694617027909528,0.686323103858913,0.637796672828096,0.699641680395387,0.807884615384615,0.698979601191841,0.734640625,0.869695652173913,0.744823995074325,0.760492113564669,0.863772727272727,0.283114256825076,0.681592039800995,0.833333333333333
434,10,0,0.01538462,180,0.75,0,1,0,28,1,0,0.564272241425233,0.543216597064935,0.683147237278112,0.640544773672743,0.732682042494298,0.685908819312182,0.747139962528545,0.676056447949207,0.610456082510934,0.70906419589435,0.311811811811812,0.670915418157143,0.754567130453655,0.624624624624625,0.719959116710857,0.779520392005669,0.666332999666333,0.273366834170854,0.726541554959786,0.666666666666667
435,10,0,0.01538462,180,0.75,0,1,0,28,1,0,0.64223065962986,0.589748563160567,0.657548952349375,0.644227668579087,0.712700798874013,0.680951099397822,0.720876718009167,0.682425660409415,0.633045877888927,0.731192660550459,0.869565217391304,0.692763664357198,0.76219512195122,0.91304347826087,0.741565031603312,0.809015421115065,0.95,0.276036400404449,0.71195652173913,0.944444444444444
