"param_id","eir_equil","sig_het","ff","trial_duration","trial_PQ_eff_stratum_1","trial_PQ_eff_stratum_2","trial_PQ_prop_stratum_1","trial_PQ_prop_stratum_2","trial_PQ_proph","is_LLIN_distributed","is_IRS_administered","eff_cph_recurrent_LM","eff_cph_recurrent_PCR","eff_cph_any_relapse_LM","eff_cph_any_relapse_PCR","eff_cph_relapse_LM_trial","eff_cph_relapse_PCR_trial","eff_cph_relapse_LM_all","eff_cph_relapse_PCR_all","eff_incid_recurrent_PCR","eff_incid_recurrent_LM","eff_incid_recurrent_D","eff_incid_any_relapse_PCR","eff_incid_any_relapse_LM","eff_incid_any_relapse_D","eff_incid_relapse_PCR","eff_incid_relapse_LM","eff_incid_relapse_D","eff_risk_relapse_PCR","eff_risk_relapse_LM","eff_risk_relapse_D"
1440,100,0,0.01538462,180,0.75,0,1,0,45,1,0,0.400329296766532,0.404673876495145,0.559978458103231,0.558300194972706,0.647262505994187,0.567496633194097,0.723847681232327,0.59522364485828,0.444218416251666,0.584741318984305,0.635999271269812,0.590254252151961,0.667764713977311,0.755310621242485,0.729254992396854,0.794035997481839,0.912956347477564,0.155645981688708,0.677647058823529,0.894736842105263
1441,100,0,0.01538462,180,0.75,0,1,0,45,1,0,0.461229542837445,0.307433280337953,0.562492076354152,0.57672825484261,0.687108844554839,0.550808094281716,0.739029886591403,0.548967694020163,0.41835192327739,0.567882316886301,0.640625,0.561982516270651,0.641586867305062,0.739130434782609,0.712987012987013,0.800462249614792,0.925925925925926,0.119433198380567,0.686635944700461,0.904761904761905
1442,100,0,0.01538462,180,0.75,0,1,0,45,1,0,0.289434565774865,0.334840740293039,0.403932489776331,0.529031119088795,0.642015227988764,0.538400997925152,0.70857951140949,0.600395181583221,0.439835113535456,0.551212342402123,0.386977272727273,0.586569408262002,0.625562970396387,0.5005,0.717195595069711,0.748859925788497,0.842263157894737,0.143289606458123,0.657957244655582,0.842105263157895
