"param_id","eir_equil","sig_het","ff","trial_duration","trial_PQ_eff_stratum_1","trial_PQ_eff_stratum_2","trial_PQ_prop_stratum_1","trial_PQ_prop_stratum_2","trial_PQ_proph","is_LLIN_distributed","is_IRS_administered","eff_cph_recurrent_LM","eff_cph_recurrent_PCR","eff_cph_any_relapse_LM","eff_cph_any_relapse_PCR","eff_cph_relapse_LM_trial","eff_cph_relapse_PCR_trial","eff_cph_relapse_LM_all","eff_cph_relapse_PCR_all","eff_incid_recurrent_PCR","eff_incid_recurrent_LM","eff_incid_recurrent_D","eff_incid_any_relapse_PCR","eff_incid_any_relapse_LM","eff_incid_any_relapse_D","eff_incid_relapse_PCR","eff_incid_relapse_LM","eff_incid_relapse_D","eff_risk_relapse_PCR","eff_risk_relapse_LM","eff_risk_relapse_D"
263,1,0,0.01538462,180,0.75,0,1,0,28,1,0,0.649493601383649,0.659563476081167,0.668863935987184,0.712665538868917,0.697746320436307,0.732179803177375,0.740052638173913,0.77926103456938,0.66072236503856,0.637981934112646,0.6895,0.692685393258427,0.666812076749436,0.702425531914894,0.716170731707317,0.694133333333333,0.722082706766917,0.634292565947242,0.651515151515151,0.758928571428571
264,1,0,0.01538462,180,0.75,0,1,0,28,1,0,0.605539249098684,0.675717037408785,0.677420456108583,0.742567241052924,0.702486706007036,0.764680189098823,0.777885748656608,0.791489185822497,0.637302725968436,0.640822784810127,0.650684931506849,0.67760736196319,0.681093394077449,0.684615384615385,0.709151414309484,0.707788161993769,0.730434782608696,0.656434474616293,0.698250728862974,0.725490196078431
265,1,0,0.01538462,180,0.75,0,1,0,28,1,0,0.719280407332932,0.69767650086973,0.743001287023858,0.757609232275388,0.771330562424052,0.776430490590144,0.793607088104697,0.815963831181429,0.6762713567895,0.697218373443227,0.783005501448757,0.712481342506972,0.728623914495658,0.795365378644613,0.74375615939661,0.756396213634064,0.824075632180391,0.680851063829787,0.709912536443149,0.811965811965812
