"param_id","eir_equil","sig_het","ff","trial_duration","trial_PQ_eff_stratum_1","trial_PQ_eff_stratum_2","trial_PQ_prop_stratum_1","trial_PQ_prop_stratum_2","trial_PQ_proph","is_LLIN_distributed","is_IRS_administered","eff_cph_recurrent_LM","eff_cph_recurrent_PCR","eff_cph_any_relapse_LM","eff_cph_any_relapse_PCR","eff_cph_relapse_LM_trial","eff_cph_relapse_PCR_trial","eff_cph_relapse_LM_all","eff_cph_relapse_PCR_all","eff_incid_recurrent_PCR","eff_incid_recurrent_LM","eff_incid_recurrent_D","eff_incid_any_relapse_PCR","eff_incid_any_relapse_LM","eff_incid_any_relapse_D","eff_incid_relapse_PCR","eff_incid_relapse_LM","eff_incid_relapse_D","eff_risk_relapse_PCR","eff_risk_relapse_LM","eff_risk_relapse_D"
1232,10,0,0.01538462,180,0.75,0,1,0,45,1,0,0.533503323188513,0.577954292166407,0.572174934227875,0.62034247617685,0.603599712793228,0.647225098795579,0.659978710843701,0.672791690960623,0.648967266114367,0.679220183486239,0.6115,0.702223312607686,0.70888679245283,0.75025,0.737688418880578,0.737600706713781,0.692615384615385,0.259109311740891,0.643454038997215,0.692307692307692
1233,10,0,0.01538462,180,0.75,0,1,0,45,1,0,0.475745537281229,0.60460696108544,0.533544311962792,0.655445277197185,0.533541556541974,0.665699842035167,0.690244527571898,0.68796100405759,0.652126955957325,0.720070333030053,0.72028028028028,0.704887889946149,0.746116125862961,0.714571714571715,0.73566869550213,0.751350469412143,0.667000333667,0.280364372469636,0.666666666666667,0.722222222222222
1234,10,0,0.01538462,180,0.75,0,1,0,45,1,0,0.649026031712125,0.584040869565809,0.694950925592607,0.655847355038677,0.662888665027181,0.667438974902932,0.774176788385112,0.688361168961013,0.650674872368697,0.763047834800035,0.879879759519038,0.706510468372543,0.796630199713411,0.869434521216346,0.736005355932979,0.815815631262525,0.849849699398798,0.30253807106599,0.752427184466019,0.842105263157895
