"param_id","eir_equil","sig_het","ff","trial_duration","trial_PQ_eff_stratum_1","trial_PQ_eff_stratum_2","trial_PQ_prop_stratum_1","trial_PQ_prop_stratum_2","trial_PQ_proph","is_LLIN_distributed","is_IRS_administered","eff_cph_recurrent_LM","eff_cph_recurrent_PCR","eff_cph_any_relapse_LM","eff_cph_any_relapse_PCR","eff_cph_relapse_LM_trial","eff_cph_relapse_PCR_trial","eff_cph_relapse_LM_all","eff_cph_relapse_PCR_all","eff_incid_recurrent_PCR","eff_incid_recurrent_LM","eff_incid_recurrent_D","eff_incid_any_relapse_PCR","eff_incid_any_relapse_LM","eff_incid_any_relapse_D","eff_incid_relapse_PCR","eff_incid_relapse_LM","eff_incid_relapse_D","eff_risk_relapse_PCR","eff_risk_relapse_LM","eff_risk_relapse_D"
341,1,0,0.01538462,180,0.75,0,1,0,28,1,0,0.622708575015608,0.65755453392982,0.663686948880636,0.698342488040963,0.707333980791768,0.719237276007087,0.751293919671305,0.77316883050393,0.643571428571429,0.627193388429752,0.588543859649123,0.680941472624292,0.66968433451119,0.64222641509434,0.71718246687054,0.706697106109325,0.6569375,0.638583638583639,0.667170953101362,0.659090909090909
342,1,0,0.01538462,180,0.75,0,1,0,28,1,0,0.690672968089636,0.708006346061766,0.730770591478721,0.751615966735125,0.75903940116128,0.766742243037426,0.750488651059327,0.781070138142652,0.636608452280996,0.602799156562994,0.619083969465649,0.66991291380853,0.6350139586823,0.664672,0.695028718941594,0.658610975609756,0.698879310344828,0.631764705882353,0.653120464441219,0.686868686868687
343,1,0,0.01538462,180,0.75,0,1,0,28,1,0,0.643159609729263,0.713186096106993,0.704353917536462,0.771601504231098,0.738747399775764,0.803881405762166,0.805050237481945,0.818324457823209,0.686033199771036,0.710945802337938,0.621621621621622,0.719180177424289,0.745019920318725,0.663366336633663,0.754643206256109,0.779420825631546,0.691489361702128,0.682297772567409,0.723279648609078,0.694117647058824
