"param_id","eir_equil","sig_het","ff","trial_duration","trial_PQ_eff_stratum_1","trial_PQ_eff_stratum_2","trial_PQ_prop_stratum_1","trial_PQ_prop_stratum_2","trial_PQ_proph","is_LLIN_distributed","is_IRS_administered","eff_cph_recurrent_LM","eff_cph_recurrent_PCR","eff_cph_any_relapse_LM","eff_cph_any_relapse_PCR","eff_cph_relapse_LM_trial","eff_cph_relapse_PCR_trial","eff_cph_relapse_LM_all","eff_cph_relapse_PCR_all","eff_incid_recurrent_PCR","eff_incid_recurrent_LM","eff_incid_recurrent_D","eff_incid_any_relapse_PCR","eff_incid_any_relapse_LM","eff_incid_any_relapse_D","eff_incid_relapse_PCR","eff_incid_relapse_LM","eff_incid_relapse_D","eff_risk_relapse_PCR","eff_risk_relapse_LM","eff_risk_relapse_D"
514,10,0,0.01538462,180,0.75,0,1,0,28,1,0,0.598469712345881,0.56958620976854,0.664174705531043,0.65662007813045,0.71280934600363,0.686073957129117,0.731203778090491,0.656475766384232,0.622933668131408,0.752316764953665,0.68,0.685885000387988,0.78584729981378,0.782608695652174,0.741818503449496,0.82712215320911,0.869565217391304,0.276422764227642,0.70757180156658,0.869565217391304
515,10,0,0.01538462,180,0.75,0,1,0,28,1,0,0.579494114885494,0.540343211206687,0.647927742712543,0.632989638856492,0.66356429489034,0.665168488750732,0.724146324026074,0.667478961396751,0.613930987094552,0.718683367382252,0.6004004004004,0.671178074357378,0.745877700563591,0.7003003003003,0.720928492572156,0.788489446384183,0.75025025025025,0.25783619817998,0.712328767123288,0.75
516,10,0,0.01538462,180,0.75,0,1,0,28,1,0,0.479823310359506,0.563369702230371,0.595612892318942,0.64469637146918,0.642011775942247,0.670299988054527,0.734759205283711,0.669069816926058,0.621500102186797,0.693953488372093,0.764705882352941,0.684398239490059,0.747720364741641,0.866666666666667,0.735219409652273,0.780853517877739,0.857142857142857,0.249243188698285,0.702770780856423,0.857142857142857
