"param_id","eir_equil","sig_het","ff","trial_duration","trial_PQ_eff_stratum_1","trial_PQ_eff_stratum_2","trial_PQ_prop_stratum_1","trial_PQ_prop_stratum_2","trial_PQ_proph","is_LLIN_distributed","is_IRS_administered","eff_cph_recurrent_LM","eff_cph_recurrent_PCR","eff_cph_any_relapse_LM","eff_cph_any_relapse_PCR","eff_cph_relapse_LM_trial","eff_cph_relapse_PCR_trial","eff_cph_relapse_LM_all","eff_cph_relapse_PCR_all","eff_incid_recurrent_PCR","eff_incid_recurrent_LM","eff_incid_recurrent_D","eff_incid_any_relapse_PCR","eff_incid_any_relapse_LM","eff_incid_any_relapse_D","eff_incid_relapse_PCR","eff_incid_relapse_LM","eff_incid_relapse_D","eff_risk_relapse_PCR","eff_risk_relapse_LM","eff_risk_relapse_D"
588,10,0,0.01538462,180,0.75,0,1,0,28,1,0,0.579507642770637,0.560165737312417,0.600690479561421,0.643262305008988,0.595504023317523,0.688480873984604,0.760058287283597,0.672348059590794,0.616863753213368,0.733314163090129,0.714571428571429,0.674104823747681,0.764828708133971,0.692615384615385,0.73068209522127,0.793613186813187,0.636727272727273,0.25609756097561,0.723716381418093,0.636363636363636
589,10,0,0.01538462,180,0.75,0,1,0,28,1,0,0.490166703213676,0.599822555776392,0.472048954088333,0.652425421970141,0.592517602420434,0.689672858480035,0.763636489535422,0.669377198391858,0.620036470859265,0.729324420653387,0.825738433388516,0.681202026694899,0.759780755540933,0.849699398797595,0.734557630922308,0.795749449806764,0.888666221331552,0.266464032421479,0.721227621483376,0.888888888888889
59,0.1,0,0.01538462,180,0.75,0,1,0,28,1,0,0.815556327264955,0.839004525448202,0.81313336848138,0.838511776834401,0.814327479184236,0.839465546150331,0.836517682175947,0.844041111544238,0.729180555555555,0.729919786096257,0.733208235294118,0.730404024767802,0.731336314847943,0.731629585798817,0.737515608740895,0.738972907886815,0.743045673076923,0.753926701570681,0.753424657534247,0.758220502901354
