"param_id","eir_equil","sig_het","ff","trial_duration","trial_PQ_eff_stratum_1","trial_PQ_eff_stratum_2","trial_PQ_prop_stratum_1","trial_PQ_prop_stratum_2","trial_PQ_proph","is_LLIN_distributed","is_IRS_administered","eff_cph_recurrent_LM","eff_cph_recurrent_PCR","eff_cph_any_relapse_LM","eff_cph_any_relapse_PCR","eff_cph_relapse_LM_trial","eff_cph_relapse_PCR_trial","eff_cph_relapse_LM_all","eff_cph_relapse_PCR_all","eff_incid_recurrent_PCR","eff_incid_recurrent_LM","eff_incid_recurrent_D","eff_incid_any_relapse_PCR","eff_incid_any_relapse_LM","eff_incid_any_relapse_D","eff_incid_relapse_PCR","eff_incid_relapse_LM","eff_incid_relapse_D","eff_risk_relapse_PCR","eff_risk_relapse_LM","eff_risk_relapse_D"
1032,1,0,0.01538462,180,0.75,0,1,0,45,1,0,0.713775186722969,0.714263383435101,0.764224475679562,0.747850544810297,0.770312761909603,0.763586995580006,0.781263698551629,0.802740980727552,0.698723385939742,0.69766425245732,0.638398773006135,0.731834552102377,0.727896685082873,0.676186206896552,0.74575073698002,0.743815458358298,0.679425373134328,0.666666666666667,0.697368421052632,0.717948717948718
1033,1,0,0.01538462,180,0.75,0,1,0,45,1,0,0.680511083992334,0.721566819305026,0.716010078094312,0.748070284958112,0.731452655684761,0.775102816851285,0.778144758808579,0.799546686081484,0.686373530500863,0.692422708997295,0.580252521428992,0.714864161585473,0.715491956222746,0.623184588096869,0.740120982833277,0.739492694091064,0.657750342935528,0.656470588235294,0.685507246376812,0.617977528089888
1034,1,0,0.01538462,180,0.75,0,1,0,45,1,0,0.710640432842114,0.741050639445287,0.775920464117926,0.778609754429653,0.796244748500109,0.80122691790876,0.794793514995427,0.815826594112226,0.679727324586423,0.683371338912134,0.641737931034483,0.715263796240146,0.721029801324503,0.728842857142857,0.740889552238806,0.749052158273381,0.777146153846154,0.678281068524971,0.709039548022599,0.774774774774775
