"param_id","eir_equil","sig_het","ff","trial_duration","trial_PQ_eff_stratum_1","trial_PQ_eff_stratum_2","trial_PQ_prop_stratum_1","trial_PQ_prop_stratum_2","trial_PQ_proph","is_LLIN_distributed","is_IRS_administered","eff_cph_recurrent_LM","eff_cph_recurrent_PCR","eff_cph_any_relapse_LM","eff_cph_any_relapse_PCR","eff_cph_relapse_LM_trial","eff_cph_relapse_PCR_trial","eff_cph_relapse_LM_all","eff_cph_relapse_PCR_all","eff_incid_recurrent_PCR","eff_incid_recurrent_LM","eff_incid_recurrent_D","eff_incid_any_relapse_PCR","eff_incid_any_relapse_LM","eff_incid_any_relapse_D","eff_incid_relapse_PCR","eff_incid_relapse_LM","eff_incid_relapse_D","eff_risk_relapse_PCR","eff_risk_relapse_LM","eff_risk_relapse_D"
48,0.1,0,0.01538462,180,0.75,0,1,0,28,1,0,0.80502193726595,0.820135624163562,0.810500742748081,0.824860401618126,0.811551287568762,0.826447515758784,0.817295122184437,0.818748020883074,0.679934569247546,0.678836633663366,0.683179723502304,0.683634373289546,0.682411435674332,0.6875,0.699447513812155,0.698681732580038,0.711943793911007,0.730352303523035,0.73492286115007,0.739047619047619
480,10,0,0.01538462,180,0.75,0,1,0,28,1,0,0.580260251546228,0.523030534818258,0.62943459187421,0.630115525286694,0.667755125634446,0.679972092639674,0.711101580498,0.681957330848523,0.616713177788613,0.693134484695666,0.8002002002002,0.680546704545446,0.723087861682664,0.869695782739261,0.736853884767918,0.773749679657776,0.812687687687688,0.283114256825076,0.684210526315789,0.8125
481,10,0,0.01538462,180,0.75,0,1,0,28,1,0,0.613396682038606,0.595623712465026,0.666775227815258,0.679954732030013,0.729043763720043,0.710123521062858,0.740724034634957,0.698836002198128,0.624340114028296,0.719761499148211,0.76,0.68609375,0.749279538904899,0.826086956521739,0.741429970617042,0.783638320775027,0.909090909090909,0.293051359516616,0.712468193384224,0.904761904761905
