"param_id","eir_equil","sig_het","ff","trial_duration","trial_PQ_eff_stratum_1","trial_PQ_eff_stratum_2","trial_PQ_prop_stratum_1","trial_PQ_prop_stratum_2","trial_PQ_proph","is_LLIN_distributed","is_IRS_administered","eff_cph_recurrent_LM","eff_cph_recurrent_PCR","eff_cph_any_relapse_LM","eff_cph_any_relapse_PCR","eff_cph_relapse_LM_trial","eff_cph_relapse_PCR_trial","eff_cph_relapse_LM_all","eff_cph_relapse_PCR_all","eff_incid_recurrent_PCR","eff_incid_recurrent_LM","eff_incid_recurrent_D","eff_incid_any_relapse_PCR","eff_incid_any_relapse_LM","eff_incid_any_relapse_D","eff_incid_relapse_PCR","eff_incid_relapse_LM","eff_incid_relapse_D","eff_risk_relapse_PCR","eff_risk_relapse_LM","eff_risk_relapse_D"
1549,100,0,0.01538462,180,0.75,0,1,0,45,1,0,0.41860116177646,0.359874527068585,0.616092462720688,0.598645670844347,0.658671564342047,0.562314624305472,0.723599132160771,0.592155076747866,0.447847766357993,0.595912986156889,0.627118644067797,0.587750206162381,0.684766938971648,0.615384615384615,0.727549158726941,0.804478897502153,0.526315789473684,0.135678391959799,0.689814814814815,0.777777777777778
155,0.1,0,0.01538462,180,0.75,0,1,0,28,1,0,0.817807496890228,0.83038481419924,0.822865507067038,0.832419509565092,0.825580898749133,0.835947814193511,0.828056111342163,0.834915695945648,0.737284957627119,0.734349667271627,0.734708860759494,0.739998934469899,0.737432399512789,0.738646581691773,0.75479247311828,0.754329036218539,0.761042253521127,0.751004016064257,0.751043115438109,0.758823529411765
1550,100,0,0.01538462,180,0.75,0,1,0,45,1,0,0.458598331824094,0.370673881768946,0.587084426778268,0.569464820330214,0.580007825489367,0.559831833742098,0.752478733358214,0.545667085707574,0.436513171707987,0.626274111565449,0.537536611684908,0.575507944114618,0.694821114309838,0.756269295347452,0.701884249394249,0.799414326808599,0.646351526582577,0.142568250758342,0.717444717444717,0.6
