"param_id","eir_equil","sig_het","ff","trial_duration","trial_PQ_eff_stratum_1","trial_PQ_eff_stratum_2","trial_PQ_prop_stratum_1","trial_PQ_prop_stratum_2","trial_PQ_proph","is_LLIN_distributed","is_IRS_administered","eff_cph_recurrent_LM","eff_cph_recurrent_PCR","eff_cph_any_relapse_LM","eff_cph_any_relapse_PCR","eff_cph_relapse_LM_trial","eff_cph_relapse_PCR_trial","eff_cph_relapse_LM_all","eff_cph_relapse_PCR_all","eff_incid_recurrent_PCR","eff_incid_recurrent_LM","eff_incid_recurrent_D","eff_incid_any_relapse_PCR","eff_incid_any_relapse_LM","eff_incid_any_relapse_D","eff_incid_relapse_PCR","eff_incid_relapse_LM","eff_incid_relapse_D","eff_risk_relapse_PCR","eff_risk_relapse_LM","eff_risk_relapse_D"
156,0.1,0,0.01538462,180,0.75,0,1,0,28,1,0,0.79291990237257,0.823471317972555,0.794141432021393,0.823943217864114,0.798286454207021,0.828248900786243,0.804725103728039,0.815740286568994,0.694527681610566,0.688495383452333,0.713839399938055,0.69683041613815,0.690475880952071,0.717377670133576,0.718112034986696,0.714177243662036,0.75144444670404,0.742934051144011,0.73974540311174,0.75763358778626
1560,100,0,0.01538462,180,0.75,0,1,0,45,1,0,0.433736955986151,0.349736237569797,0.55578968477969,0.575525081539411,0.78754315631854,0.565377060133045,0.770031532747946,0.584219270200856,0.444171747629878,0.606950819672131,0.638043478260869,0.588532253822745,0.68883606557377,0.627823529411765,0.726207535641548,0.835690789473684,0.92008,0.145875251509054,0.726651480637813,0.92
1561,100,0,0.01538462,180,0.75,0,1,0,45,1,0,0.462182971660704,0.379238209752741,0.568044046422092,0.591112787647142,0.694384327157809,0.613261080640374,0.716464259766295,0.588416600127344,0.433211132338514,0.589954038082731,0.631578947368421,0.583047880033493,0.68491124260355,0.771428571428571,0.727975697321182,0.809439002671416,0.761904761904762,0.138071065989848,0.68,0.8
