"param_id","eir_equil","sig_het","ff","trial_duration","trial_PQ_eff_stratum_1","trial_PQ_eff_stratum_2","trial_PQ_prop_stratum_1","trial_PQ_prop_stratum_2","trial_PQ_proph","is_LLIN_distributed","is_IRS_administered","eff_cph_recurrent_LM","eff_cph_recurrent_PCR","eff_cph_any_relapse_LM","eff_cph_any_relapse_PCR","eff_cph_relapse_LM_trial","eff_cph_relapse_PCR_trial","eff_cph_relapse_LM_all","eff_cph_relapse_PCR_all","eff_incid_recurrent_PCR","eff_incid_recurrent_LM","eff_incid_recurrent_D","eff_incid_any_relapse_PCR","eff_incid_any_relapse_LM","eff_incid_any_relapse_D","eff_incid_relapse_PCR","eff_incid_relapse_LM","eff_incid_relapse_D","eff_risk_relapse_PCR","eff_risk_relapse_LM","eff_risk_relapse_D"
888,0.1,0,0.01538462,180,0.75,0,1,0,45,1,0,0.78290736619378,0.821410032293994,0.780407936090078,0.817177701211923,0.781983529531059,0.817274677119103,0.818743491826126,0.823665831879176,0.726288514529058,0.724417888000372,0.690905065945845,0.725775921591081,0.723347666206199,0.690104301867985,0.735095190380761,0.732502065248833,0.71047542555929,0.742024965325936,0.746705710102489,0.714583333333333
889,0.1,0,0.01538462,180,0.75,0,1,0,45,1,0,0.857240223717697,0.867802341352239,0.864053474065224,0.873336481787721,0.86587801306227,0.875370244513458,0.863883710885521,0.870375287763756,0.769298728813559,0.766761167361525,0.784094626168224,0.773460966542751,0.770838709677419,0.790116197183099,0.781968516542156,0.780663467306539,0.803030696576151,0.789893617021277,0.789693593314763,0.803846153846154
89,0.1,0,0.01538462,180,0.75,0,1,0,28,1,0,0.796763652397355,0.816705456893523,0.797145905298318,0.817846758370538,0.798781432883043,0.818851391768221,0.815151623900083,0.823140031917313,0.669876939539861,0.652228499686127,0.66546329723225,0.671497584541063,0.653434152488973,0.667874396135266,0.688577586206897,0.672784810126582,0.696601941747573,0.737637362637363,0.736766809728183,0.729411764705882
