"param_id","eir_equil","sig_het","ff","trial_duration","trial_PQ_eff_stratum_1","trial_PQ_eff_stratum_2","trial_PQ_prop_stratum_1","trial_PQ_prop_stratum_2","trial_PQ_proph","is_LLIN_distributed","is_IRS_administered","eff_cph_recurrent_LM","eff_cph_recurrent_PCR","eff_cph_any_relapse_LM","eff_cph_any_relapse_PCR","eff_cph_relapse_LM_trial","eff_cph_relapse_PCR_trial","eff_cph_relapse_LM_all","eff_cph_relapse_PCR_all","eff_incid_recurrent_PCR","eff_incid_recurrent_LM","eff_incid_recurrent_D","eff_incid_any_relapse_PCR","eff_incid_any_relapse_LM","eff_incid_any_relapse_D","eff_incid_relapse_PCR","eff_incid_relapse_LM","eff_incid_relapse_D","eff_risk_relapse_PCR","eff_risk_relapse_LM","eff_risk_relapse_D"
1392,10,0,0.01538462,180,0.75,0,1,0,45,1,0,0.556618665278761,0.566523559448393,0.567965409631855,0.623025036117711,0.589023743244026,0.650591464527867,0.757318623270805,0.68481709882161,0.649213598241533,0.748063832668923,0.839518555667001,0.702383280887906,0.76592925555971,0.839518555667001,0.740020636312095,0.791502428564907,0.808950661508335,0.275406504065041,0.738219895287958,0.80952380952381
1393,10,0,0.01538462,180,0.75,0,1,0,45,1,0,0.634150344105243,0.58645684089208,0.651860118737569,0.651460450688753,0.667370882472261,0.681822942498457,0.731211948297314,0.671861157760837,0.637341016091631,0.748098055790363,0.8,0.6950735465795,0.784629981024668,0.772727272727273,0.735549645390071,0.808370044052863,0.722222222222222,0.255060728744939,0.706036745406824,0.6875
1394,10,0,0.01538462,180,0.75,0,1,0,45,1,0,0.64632195747683,0.635642159671885,0.70138949596948,0.702582107092362,0.768220593386317,0.713512208030924,0.710239081590628,0.704142331073542,0.655319219593192,0.687700680272109,0.762380952380952,0.71263544945114,0.72248128342246,0.688125,0.749735399702303,0.778355342136855,0.769692307692308,0.270707070707071,0.67574931880109,0.769230769230769
