"param_id","eir_equil","sig_het","ff","trial_duration","trial_PQ_eff_stratum_1","trial_PQ_eff_stratum_2","trial_PQ_prop_stratum_1","trial_PQ_prop_stratum_2","trial_PQ_proph","is_LLIN_distributed","is_IRS_administered","eff_cph_recurrent_LM","eff_cph_recurrent_PCR","eff_cph_any_relapse_LM","eff_cph_any_relapse_PCR","eff_cph_relapse_LM_trial","eff_cph_relapse_PCR_trial","eff_cph_relapse_LM_all","eff_cph_relapse_PCR_all","eff_incid_recurrent_PCR","eff_incid_recurrent_LM","eff_incid_recurrent_D","eff_incid_any_relapse_PCR","eff_incid_any_relapse_LM","eff_incid_any_relapse_D","eff_incid_relapse_PCR","eff_incid_relapse_LM","eff_incid_relapse_D","eff_risk_relapse_PCR","eff_risk_relapse_LM","eff_risk_relapse_D"
414,10,0,0.01538462,180,0.75,0,1,0,28,1,0,0.596698942135659,0.556812940083041,0.623363490845317,0.639471802578091,0.647198376196408,0.711333274756345,0.707830961313523,0.683608583897572,0.601386727041177,0.714669051878354,0.818181818181818,0.663083003952569,0.737154150197628,0.857142857142857,0.722460527516656,0.771138669673055,0.833333333333333,0.26369168356998,0.683646112600536,0.823529411764706
415,10,0,0.01538462,180,0.75,0,1,0,28,1,0,0.619872019313748,0.569666459001059,0.694435557266345,0.675420838816515,0.721578751391152,0.709311151359062,0.75334394044591,0.673159562521746,0.60195967054814,0.679245283018868,0.653846153846154,0.675248775864792,0.732604373757455,0.708333333333333,0.737707881417209,0.781285231116122,0.7,0.271442986881937,0.727959697732997,0.6875
416,10,0,0.01538462,180,0.75,0,1,0,28,1,0,0.513258169573984,0.617248922210725,0.623809139087947,0.701774898635743,0.612654543012813,0.730053184037594,0.683282825648344,0.686663003266496,0.628719879529499,0.680223209634974,0.930965448206827,0.691337529175367,0.718718718718719,0.930965448206827,0.747091486183752,0.732837075334212,0.956478217347783,0.278391959798995,0.673521850899743,0.954545454545455
