"param_id","eir_equil","sig_het","ff","trial_duration","trial_PQ_eff_stratum_1","trial_PQ_eff_stratum_2","trial_PQ_prop_stratum_1","trial_PQ_prop_stratum_2","trial_PQ_proph","is_LLIN_distributed","is_IRS_administered","eff_cph_recurrent_LM","eff_cph_recurrent_PCR","eff_cph_any_relapse_LM","eff_cph_any_relapse_PCR","eff_cph_relapse_LM_trial","eff_cph_relapse_PCR_trial","eff_cph_relapse_LM_all","eff_cph_relapse_PCR_all","eff_incid_recurrent_PCR","eff_incid_recurrent_LM","eff_incid_recurrent_D","eff_incid_any_relapse_PCR","eff_incid_any_relapse_LM","eff_incid_any_relapse_D","eff_incid_relapse_PCR","eff_incid_relapse_LM","eff_incid_relapse_D","eff_risk_relapse_PCR","eff_risk_relapse_LM","eff_risk_relapse_D"
830,0.1,0,0.01538462,180,0.75,0,1,0,45,1,0,0.78518612277835,0.807729338831201,0.787911992216253,0.804315578484336,0.790670699739534,0.808222046691823,0.803948889128438,0.817514743457458,0.678044776119403,0.670007741935484,0.702693568726356,0.680297836938436,0.670879611650485,0.702829113924051,0.697407572383073,0.690167100130039,0.727083862770013,0.725806451612903,0.719546742209632,0.727642276422764
831,0.1,0,0.01538462,180,0.75,0,1,0,45,1,0,0.773471920765036,0.787581515824028,0.782407185698498,0.79191072603962,0.78805636005098,0.798178852875544,0.805542685017956,0.810152917219334,0.687014428412875,0.694568690095847,0.721331689272503,0.690329793180548,0.697164948453608,0.726027397260274,0.711797752808989,0.718729747245625,0.753441802252816,0.727647867950481,0.727793696275072,0.75249500998004
832,0.1,0,0.01538462,180,0.75,0,1,0,45,1,0,0.785619550624775,0.800033831627356,0.795436762816543,0.802773281380327,0.79841538971224,0.807279464678929,0.805702885950547,0.816412709327897,0.707816717445731,0.69882695003196,0.705223020180337,0.709974900835403,0.700865767180446,0.708941692909629,0.722488216718056,0.714171933610811,0.730876621348212,0.732970027247956,0.729885057471264,0.75049504950495
