"param_id","eir_equil","sig_het","ff","trial_duration","trial_PQ_eff_stratum_1","trial_PQ_eff_stratum_2","trial_PQ_prop_stratum_1","trial_PQ_prop_stratum_2","trial_PQ_proph","is_LLIN_distributed","is_IRS_administered","eff_cph_recurrent_LM","eff_cph_recurrent_PCR","eff_cph_any_relapse_LM","eff_cph_any_relapse_PCR","eff_cph_relapse_LM_trial","eff_cph_relapse_PCR_trial","eff_cph_relapse_LM_all","eff_cph_relapse_PCR_all","eff_incid_recurrent_PCR","eff_incid_recurrent_LM","eff_incid_recurrent_D","eff_incid_any_relapse_PCR","eff_incid_any_relapse_LM","eff_incid_any_relapse_D","eff_incid_relapse_PCR","eff_incid_relapse_LM","eff_incid_relapse_D","eff_risk_relapse_PCR","eff_risk_relapse_LM","eff_risk_relapse_D"
566,10,0,0.01538462,180,0.75,0,1,0,28,1,0,0.532534977867494,0.564298680525779,0.599001169434784,0.669525193694814,0.575208841866048,0.717079102578581,0.700576174861966,0.687419799096384,0.632552550878171,0.74002495697074,0.728090909090909,0.693557422752265,0.76888166828322,0.85045,0.746111655239961,0.799291028446389,0.8130625,0.262996941896025,0.692513368983957,0.8125
567,10,0,0.01538462,180,0.75,0,1,0,28,1,0,0.549157486704433,0.550344222325674,0.630183961156755,0.613800609285136,0.640214790524163,0.639348500448781,0.733965731039925,0.671046065429289,0.610304230430182,0.707541118721689,0.498997995991984,0.673287118195911,0.755228664098554,0.72166555332888,0.726163785715611,0.790349930630492,0.691691074456606,0.269308943089431,0.7075,0.692307692307692
568,10,0,0.01538462,180,0.75,0,1,0,28,1,0,0.555221608294663,0.604133773476214,0.606629285644794,0.663985448282802,0.658428570601029,0.717957905391668,0.76267391930986,0.688896075590349,0.626105583195135,0.723735408560311,0.758620689655172,0.687351018838908,0.765367965367965,0.8,0.741005291005291,0.797014925373134,0.863636363636364,0.291750503018109,0.733173076923077,0.863636363636364
