"param_id","eir_equil","sig_het","ff","trial_duration","trial_PQ_eff_stratum_1","trial_PQ_eff_stratum_2","trial_PQ_prop_stratum_1","trial_PQ_prop_stratum_2","trial_PQ_proph","is_LLIN_distributed","is_IRS_administered","eff_cph_recurrent_LM","eff_cph_recurrent_PCR","eff_cph_any_relapse_LM","eff_cph_any_relapse_PCR","eff_cph_relapse_LM_trial","eff_cph_relapse_PCR_trial","eff_cph_relapse_LM_all","eff_cph_relapse_PCR_all","eff_incid_recurrent_PCR","eff_incid_recurrent_LM","eff_incid_recurrent_D","eff_incid_any_relapse_PCR","eff_incid_any_relapse_LM","eff_incid_any_relapse_D","eff_incid_relapse_PCR","eff_incid_relapse_LM","eff_incid_relapse_D","eff_risk_relapse_PCR","eff_risk_relapse_LM","eff_risk_relapse_D"
58,0.1,0,0.01538462,180,0.75,0,1,0,28,1,0,0.834060568227809,0.843112993667594,0.836593772084097,0.842886045538463,0.839179919194065,0.844674085119504,0.845593915866817,0.85128587492816,0.749616880820464,0.739824982484799,0.786392307884782,0.751747241156075,0.742231243603086,0.786802534453874,0.764596001195336,0.757146065530075,0.808513935086668,0.769959404600812,0.769014084507042,0.799249530956848
580,10,0,0.01538462,180,0.75,0,1,0,28,1,0,0.498154830132901,0.555453972393978,0.549069580421435,0.630237843815556,0.633846611529517,0.682603221394938,0.772336074569992,0.67427747014112,0.615286714275613,0.7207615593835,0.75,0.676586364352071,0.756866734486267,0.714285714285714,0.733627999278369,0.818807339449541,0.777777777777778,0.273190621814475,0.755154639175258,0.777777777777778
581,10,0,0.01538462,180,0.75,0,1,0,28,1,0,0.561240734209479,0.58610003153948,0.559107523613966,0.659429745467719,0.637883975265193,0.713798420952218,0.726461160113023,0.687716398239456,0.624174446147415,0.713083412322275,0.737105263157895,0.688624380804953,0.747379310344828,0.706176470588235,0.747177038151722,0.8002,0.8126875,0.278952668680765,0.72020725388601,0.8125
