"param_id","eir_equil","sig_het","ff","trial_duration","trial_PQ_eff_stratum_1","trial_PQ_eff_stratum_2","trial_PQ_prop_stratum_1","trial_PQ_prop_stratum_2","trial_PQ_proph","is_LLIN_distributed","is_IRS_administered","eff_cph_recurrent_LM","eff_cph_recurrent_PCR","eff_cph_any_relapse_LM","eff_cph_any_relapse_PCR","eff_cph_relapse_LM_trial","eff_cph_relapse_PCR_trial","eff_cph_relapse_LM_all","eff_cph_relapse_PCR_all","eff_incid_recurrent_PCR","eff_incid_recurrent_LM","eff_incid_recurrent_D","eff_incid_any_relapse_PCR","eff_incid_any_relapse_LM","eff_incid_any_relapse_D","eff_incid_relapse_PCR","eff_incid_relapse_LM","eff_incid_relapse_D","eff_risk_relapse_PCR","eff_risk_relapse_LM","eff_risk_relapse_D"
1298,10,0,0.01538462,180,0.75,0,1,0,45,1,0,0.729292943869901,0.624099414591914,0.76408094528625,0.655253098095214,0.781948681917066,0.690042690568683,0.74376699167243,0.709228977581337,0.643951698326389,0.728828828828829,0.833333333333333,0.703441215843767,0.775325977933801,0.833333333333333,0.744717511562528,0.804100227790433,0.875,0.303733602421796,0.713527851458886,0.875
1299,10,0,0.01538462,180,0.75,0,1,0,45,1,0,0.601085783753005,0.627721198420831,0.624865924912568,0.661625615201422,0.611180201511332,0.66678527365264,0.763977699591099,0.69253692171784,0.656649138399353,0.762120312358278,0.839679358717435,0.70726573905752,0.790611757866879,0.874749498997996,0.742611061801166,0.8197512343122,0.904571046855616,0.29726996966633,0.739795918367347,0.904761904761905
13,0.1,0,0.01538462,180,0.75,0,1,0,28,1,0,0.817986589721255,0.840145223182977,0.820465273665211,0.841359609540461,0.822419018413421,0.846089694140936,0.849356236088041,0.853467747228616,0.735584641245019,0.730067145797483,0.75036765160222,0.738819279049164,0.733465204912748,0.750988612374751,0.763210289526079,0.756603631019129,0.775209452628807,0.78021978021978,0.783861671469741,0.788423153692615
