"param_id","eir_equil","sig_het","ff","trial_duration","trial_PQ_eff_stratum_1","trial_PQ_eff_stratum_2","trial_PQ_prop_stratum_1","trial_PQ_prop_stratum_2","trial_PQ_proph","is_LLIN_distributed","is_IRS_administered","eff_cph_recurrent_LM","eff_cph_recurrent_PCR","eff_cph_any_relapse_LM","eff_cph_any_relapse_PCR","eff_cph_relapse_LM_trial","eff_cph_relapse_PCR_trial","eff_cph_relapse_LM_all","eff_cph_relapse_PCR_all","eff_incid_recurrent_PCR","eff_incid_recurrent_LM","eff_incid_recurrent_D","eff_incid_any_relapse_PCR","eff_incid_any_relapse_LM","eff_incid_any_relapse_D","eff_incid_relapse_PCR","eff_incid_relapse_LM","eff_incid_relapse_D","eff_risk_relapse_PCR","eff_risk_relapse_LM","eff_risk_relapse_D"
1040,1,0,0.01538462,180,0.75,0,1,0,45,1,0,0.713939018322288,0.711091835873981,0.768595404245911,0.758984399202512,0.780115182784794,0.77285531936524,0.791696369214781,0.801485026658189,0.673790471298259,0.674285811959238,0.812687687687688,0.705223252098252,0.708695723360134,0.832101008571597,0.724269841500115,0.730736187429101,0.874000126252378,0.656470588235294,0.704964539007092,0.86
1041,1,0,0.01538462,180,0.75,0,1,0,45,1,0,0.617900375824188,0.712976250004146,0.65957349581776,0.755164153358733,0.68158449380629,0.788010698491472,0.786787628400056,0.825460008899629,0.690892686408382,0.678453607611718,0.619086712611892,0.724393631246197,0.712401157268077,0.633180055055055,0.751451355170496,0.739494066337724,0.638293465879673,0.709411764705882,0.719350073855244,0.643564356435644
1042,1,0,0.01538462,180,0.75,0,1,0,45,1,0,0.642690688896936,0.700606267327727,0.694998196123187,0.749503677192402,0.722994291911081,0.761430710359066,0.760421717337581,0.779152461912154,0.66990568733924,0.669831223628692,0.732394366197183,0.700792199878123,0.703037120359955,0.8,0.725328947368421,0.72627066748316,0.8125,0.632775119617225,0.672106824925816,0.787037037037037
