"param_id","eir_equil","sig_het","ff","trial_duration","trial_PQ_eff_stratum_1","trial_PQ_eff_stratum_2","trial_PQ_prop_stratum_1","trial_PQ_prop_stratum_2","trial_PQ_proph","is_LLIN_distributed","is_IRS_administered","eff_cph_recurrent_LM","eff_cph_recurrent_PCR","eff_cph_any_relapse_LM","eff_cph_any_relapse_PCR","eff_cph_relapse_LM_trial","eff_cph_relapse_PCR_trial","eff_cph_relapse_LM_all","eff_cph_relapse_PCR_all","eff_incid_recurrent_PCR","eff_incid_recurrent_LM","eff_incid_recurrent_D","eff_incid_any_relapse_PCR","eff_incid_any_relapse_LM","eff_incid_any_relapse_D","eff_incid_relapse_PCR","eff_incid_relapse_LM","eff_incid_relapse_D","eff_risk_relapse_PCR","eff_risk_relapse_LM","eff_risk_relapse_D"
899,0.1,0,0.01538462,180,0.75,0,1,0,45,1,0,0.790317366919537,0.821943975602665,0.794093351708628,0.825398219396499,0.79552621412511,0.826227887026877,0.827191875783558,0.830709737755882,0.708576721412194,0.702136445499277,0.689113592759426,0.710646866878581,0.704934129217895,0.689200311422534,0.727864947548603,0.724319948363664,0.714012051266953,0.758333333333333,0.765140324963072,0.757261410788382
9,0.1,0,0.01538462,180,0.75,0,1,0,28,1,0,0.796585616349019,0.821924537388788,0.803143563208434,0.826448597083856,0.804727757208695,0.829841742558264,0.832401952239221,0.828762563899225,0.715939795080553,0.719278864356585,0.721095140942469,0.717564590085837,0.721149721149721,0.722015008639212,0.730674929764805,0.734241743374163,0.738534949802555,0.746955345060893,0.756944444444444,0.7573385518591
90,0.1,0,0.01538462,180,0.75,0,1,0,28,1,0,0.818718080751868,0.837508302893797,0.821366576959164,0.838408734938485,0.821290314757383,0.840647374624608,0.83847164932619,0.843453564973302,0.732335074800828,0.735324296727806,0.761382359713707,0.734022887275368,0.737276708885542,0.763268670831696,0.752942071300363,0.75833520941526,0.783176678483538,0.757372654155496,0.762039660056657,0.775590551181102
