"param_id","eir_equil","sig_het","ff","trial_duration","trial_PQ_eff_stratum_1","trial_PQ_eff_stratum_2","trial_PQ_prop_stratum_1","trial_PQ_prop_stratum_2","trial_PQ_proph","is_LLIN_distributed","is_IRS_administered","eff_cph_recurrent_LM","eff_cph_recurrent_PCR","eff_cph_any_relapse_LM","eff_cph_any_relapse_PCR","eff_cph_relapse_LM_trial","eff_cph_relapse_PCR_trial","eff_cph_relapse_LM_all","eff_cph_relapse_PCR_all","eff_incid_recurrent_PCR","eff_incid_recurrent_LM","eff_incid_recurrent_D","eff_incid_any_relapse_PCR","eff_incid_any_relapse_LM","eff_incid_any_relapse_D","eff_incid_relapse_PCR","eff_incid_relapse_LM","eff_incid_relapse_D","eff_risk_relapse_PCR","eff_risk_relapse_LM","eff_risk_relapse_D"
1213,10,0,0.01538462,180,0.75,0,1,0,45,1,0,0.622230698727585,0.582971217044182,0.644196847921407,0.626759181515526,0.713009069883512,0.659537825388929,0.740593819654412,0.662953244184816,0.643283684535658,0.761674718196457,0.833333333333333,0.699203187250996,0.792639138240575,0.857142857142857,0.736182885171236,0.821171634121274,0.884615384615385,0.27035175879397,0.741687979539642,0.857142857142857
1214,10,0,0.01538462,180,0.75,0,1,0,45,1,0,0.620152612830577,0.589940850281007,0.673196735659431,0.668717400819575,0.678901003036783,0.690856409283077,0.711172407549883,0.688596924380197,0.654297010473746,0.722596964586847,0.428571428571429,0.705414995371799,0.743255813953488,0.571428571428571,0.738359201773836,0.757097791798107,0.785714285714286,0.283551967709385,0.684343434343434,0.769230769230769
1215,10,0,0.01538462,180,0.75,0,1,0,45,1,0,0.618650855760141,0.588513229529308,0.656972767128121,0.660174206547636,0.676606738373768,0.674758418977066,0.719389139775785,0.669500312198501,0.638480869255433,0.739883018867925,0.863772727272727,0.694712574375248,0.774385504201681,0.904857142857143,0.727611378277833,0.790663562281723,0.904857142857143,0.272452068617558,0.696569920844327,0.904761904761905
