"param_id","eir_equil","sig_het","ff","trial_duration","trial_PQ_eff_stratum_1","trial_PQ_eff_stratum_2","trial_PQ_prop_stratum_1","trial_PQ_prop_stratum_2","trial_PQ_proph","is_LLIN_distributed","is_IRS_administered","eff_cph_recurrent_LM","eff_cph_recurrent_PCR","eff_cph_any_relapse_LM","eff_cph_any_relapse_PCR","eff_cph_relapse_LM_trial","eff_cph_relapse_PCR_trial","eff_cph_relapse_LM_all","eff_cph_relapse_PCR_all","eff_incid_recurrent_PCR","eff_incid_recurrent_LM","eff_incid_recurrent_D","eff_incid_any_relapse_PCR","eff_incid_any_relapse_LM","eff_incid_any_relapse_D","eff_incid_relapse_PCR","eff_incid_relapse_LM","eff_incid_relapse_D","eff_risk_relapse_PCR","eff_risk_relapse_LM","eff_risk_relapse_D"
1262,10,0,0.01538462,180,0.75,0,1,0,45,1,0,0.762507303428055,0.621075026644372,0.782493285797408,0.690791749059337,0.818380862697327,0.698342710955162,0.74319350853062,0.694923573270833,0.649567409224062,0.782643312101911,0.833333333333333,0.699477549784205,0.803493449781659,0.869565217391304,0.731427578416891,0.80952380952381,0.904761904761905,0.259371833839919,0.710526315789474,0.904761904761905
1263,10,0,0.01538462,180,0.75,0,1,0,45,1,0,0.466630846921881,0.556911021425558,0.52640107484695,0.631528067634841,0.59709694257767,0.642907691765962,0.731776138792398,0.688923034884517,0.64410407523511,0.726722826086956,0.476714285714286,0.696589672016748,0.748460593654043,0.588647058823529,0.728732461989864,0.770625874125874,0.6878125,0.290192113245703,0.712820512820513,0.666666666666667
1264,10,0,0.01538462,180,0.75,0,1,0,45,1,0,0.565601501191911,0.59498792097853,0.618637857654916,0.638542702928812,0.63589209624934,0.656130847008874,0.724281448464697,0.651493016406821,0.617301429987257,0.682948490230906,0.6,0.674785888269034,0.710371819960861,0.571428571428571,0.711425206124853,0.741398446170921,0.538461538461538,0.244979919678715,0.695760598503741,0.538461538461538
