"param_id","eir_equil","sig_het","ff","trial_duration","trial_PQ_eff_stratum_1","trial_PQ_eff_stratum_2","trial_PQ_prop_stratum_1","trial_PQ_prop_stratum_2","trial_PQ_proph","is_LLIN_distributed","is_IRS_administered","eff_cph_recurrent_LM","eff_cph_recurrent_PCR","eff_cph_any_relapse_LM","eff_cph_any_relapse_PCR","eff_cph_relapse_LM_trial","eff_cph_relapse_PCR_trial","eff_cph_relapse_LM_all","eff_cph_relapse_PCR_all","eff_incid_recurrent_PCR","eff_incid_recurrent_LM","eff_incid_recurrent_D","eff_incid_any_relapse_PCR","eff_incid_any_relapse_LM","eff_incid_any_relapse_D","eff_incid_relapse_PCR","eff_incid_relapse_LM","eff_incid_relapse_D","eff_risk_relapse_PCR","eff_risk_relapse_LM","eff_risk_relapse_D"
477,10,0,0.01538462,180,0.75,0,1,0,28,1,0,0.419588640099711,0.571428318324228,0.506248181163968,0.63693684469693,0.55729915508654,0.65079962794893,0.704660217837098,0.674826399430899,0.625269974768713,0.707113374667848,0.55045,0.685734980129354,0.74508275862069,0.65035,0.736173913043478,0.777875977653631,0.737105263157895,0.264705882352941,0.691516709511568,0.736842105263158
478,10,0,0.01538462,180,0.75,0,1,0,28,1,0,0.517923259211844,0.5713441847512,0.568255277309424,0.656479363835296,0.581524662074515,0.683410480819644,0.706185895409883,0.685178049235462,0.610174196682629,0.697525206232814,0.8,0.671411992263056,0.74066599394551,0.8125,0.724780409901517,0.792237442922374,0.833333333333333,0.269035532994924,0.685333333333333,0.818181818181818
479,10,0,0.01538462,180,0.75,0,1,0,28,1,0,0.55519578660437,0.554522065760144,0.599471840787815,0.621482969685214,0.645575284532921,0.669374929761182,0.725760109301087,0.682470949654019,0.622067039106145,0.699820788530466,0.666666666666667,0.684157416750757,0.732546705998033,0.722222222222222,0.737589285714286,0.748571428571429,0.785714285714286,0.28714859437751,0.725593667546174,0.785714285714286
