"param_id","eir_equil","sig_het","ff","trial_duration","trial_PQ_eff_stratum_1","trial_PQ_eff_stratum_2","trial_PQ_prop_stratum_1","trial_PQ_prop_stratum_2","trial_PQ_proph","is_LLIN_distributed","is_IRS_administered","eff_cph_recurrent_LM","eff_cph_recurrent_PCR","eff_cph_any_relapse_LM","eff_cph_any_relapse_PCR","eff_cph_relapse_LM_trial","eff_cph_relapse_PCR_trial","eff_cph_relapse_LM_all","eff_cph_relapse_PCR_all","eff_incid_recurrent_PCR","eff_incid_recurrent_LM","eff_incid_recurrent_D","eff_incid_any_relapse_PCR","eff_incid_any_relapse_LM","eff_incid_any_relapse_D","eff_incid_relapse_PCR","eff_incid_relapse_LM","eff_incid_relapse_D","eff_risk_relapse_PCR","eff_risk_relapse_LM","eff_risk_relapse_D"
460,10,0,0.01538462,180,0.75,0,1,0,28,1,0,0.614683820996963,0.554232026816777,0.64765503668237,0.604901630168029,0.640113154919966,0.635578075857913,0.722085499840001,0.672883986856031,0.614551057571088,0.721936135812449,0.769923076923077,0.673618750973369,0.743553805774278,0.76072,0.725782377823778,0.774416161616162,0.7009,0.26844262295082,0.707920792079208,0.647058823529412
461,10,0,0.01538462,180,0.75,0,1,0,28,1,0,0.538572105861193,0.5552815114146,0.609058809231019,0.639854397458076,0.707464351320147,0.684728227707458,0.743787770828387,0.680032891232562,0.631113278528633,0.746345657781599,0.608695652173913,0.690724052206339,0.781042654028436,0.590909090909091,0.74361036639857,0.807775377969762,0.684210526315789,0.274847870182556,0.7175,0.684210526315789
462,10,0,0.01538462,180,0.75,0,1,0,28,1,0,0.606557237801418,0.58116966013663,0.67580001418697,0.651855482146511,0.673063862021034,0.685826004661268,0.754641900258969,0.692919658753426,0.619526066193595,0.719698656572404,0.731308771388932,0.678891599251499,0.756214719515367,0.696262089396184,0.733030322300335,0.800400801603206,0.750501002004008,0.278738555442523,0.71990171990172,0.736842105263158
