"param_id","eir_equil","sig_het","ff","trial_duration","trial_PQ_eff_stratum_1","trial_PQ_eff_stratum_2","trial_PQ_prop_stratum_1","trial_PQ_prop_stratum_2","trial_PQ_proph","is_LLIN_distributed","is_IRS_administered","eff_cph_recurrent_LM","eff_cph_recurrent_PCR","eff_cph_any_relapse_LM","eff_cph_any_relapse_PCR","eff_cph_relapse_LM_trial","eff_cph_relapse_PCR_trial","eff_cph_relapse_LM_all","eff_cph_relapse_PCR_all","eff_incid_recurrent_PCR","eff_incid_recurrent_LM","eff_incid_recurrent_D","eff_incid_any_relapse_PCR","eff_incid_any_relapse_LM","eff_incid_any_relapse_D","eff_incid_relapse_PCR","eff_incid_relapse_LM","eff_incid_relapse_D","eff_risk_relapse_PCR","eff_risk_relapse_LM","eff_risk_relapse_D"
439,10,0,0.01538462,180,0.75,0,1,0,28,1,0,0.570763367919143,0.562412003379879,0.665748757355165,0.656406745048766,0.681673311895404,0.682204735986189,0.687877521419038,0.693654741984043,0.630768177461317,0.714285714285714,0.666666666666667,0.689265536723164,0.750996015936255,0.75,0.739803955890075,0.789772727272727,0.714285714285714,0.279069767441861,0.661290322580645,0.692307692307692
44,0.1,0,0.01538462,180,0.75,0,1,0,28,1,0,0.771254321040985,0.822315425933233,0.773361457574757,0.823932813859942,0.776052289640849,0.825659043730924,0.822858709856656,0.832038655790035,0.715718934368452,0.719514195704672,0.704452618878047,0.720646292844569,0.72432843035702,0.706321327477539,0.736878035417787,0.740746360833697,0.725306070558845,0.740740740740741,0.738525730180807,0.721669980119284
440,10,0,0.01538462,180,0.75,0,1,0,28,1,0,0.568031252422818,0.532939036337188,0.574100663333842,0.618672080381859,0.680266721544623,0.648424235249898,0.718610263885289,0.679660949340592,0.626570688770082,0.702754791880412,0.610331774660432,0.68802528635516,0.749498997995992,0.624248496993988,0.739634640295861,0.78712002760099,0.64214142570856,0.272912423625255,0.692957746478873,0.642857142857143
