"param_id","eir_equil","sig_het","ff","trial_duration","trial_PQ_eff_stratum_1","trial_PQ_eff_stratum_2","trial_PQ_prop_stratum_1","trial_PQ_prop_stratum_2","trial_PQ_proph","is_LLIN_distributed","is_IRS_administered","eff_cph_recurrent_LM","eff_cph_recurrent_PCR","eff_cph_any_relapse_LM","eff_cph_any_relapse_PCR","eff_cph_relapse_LM_trial","eff_cph_relapse_PCR_trial","eff_cph_relapse_LM_all","eff_cph_relapse_PCR_all","eff_incid_recurrent_PCR","eff_incid_recurrent_LM","eff_incid_recurrent_D","eff_incid_any_relapse_PCR","eff_incid_any_relapse_LM","eff_incid_any_relapse_D","eff_incid_relapse_PCR","eff_incid_relapse_LM","eff_incid_relapse_D","eff_risk_relapse_PCR","eff_risk_relapse_LM","eff_risk_relapse_D"
774,100,0,0.01538462,180,0.75,0,1,0,28,1,0,0.358898033490208,0.263806137502276,0.455069959412559,0.526058714077102,0.529735953184286,0.572339871600353,0.683890406781059,0.569341459009862,0.379116795243099,0.539040451552211,0.614035087719298,0.522588938036369,0.611645813282002,0.75,0.720254376367615,0.756896551724138,0.814814814814815,0.120812182741117,0.648018648018648,0.807692307692308
775,100,0,0.01538462,180,0.75,0,1,0,28,1,0,0.363543155492217,0.20355642522189,0.439668687661774,0.494071654511189,0.699253416369056,0.594654384047994,0.698307463929824,0.581437534051764,0.377758205189576,0.490387656837592,0.465218643300835,0.521466225968685,0.594832928166261,0.536573610647685,0.723028315955329,0.79318161136343,0.757333090666424,0.157099697885196,0.653579676674365,0.733333333333333
776,100,0,0.01538462,180,0.75,0,1,0,28,1,0,0.332575311802552,0.195473405878481,0.52688084953158,0.530830983709392,0.703140955206639,0.619123872304625,0.744638883412945,0.561363177823202,0.370878784776433,0.541512266928361,0.662675324675325,0.517348513431935,0.634,0.717673913043478,0.711210580204778,0.8092407239819,0.91675,0.128643216080402,0.700471698113208,0.894736842105263
