"param_id","eir_equil","sig_het","ff","trial_duration","trial_PQ_eff_stratum_1","trial_PQ_eff_stratum_2","trial_PQ_prop_stratum_1","trial_PQ_prop_stratum_2","trial_PQ_proph","is_LLIN_distributed","is_IRS_administered","eff_cph_recurrent_LM","eff_cph_recurrent_PCR","eff_cph_any_relapse_LM","eff_cph_any_relapse_PCR","eff_cph_relapse_LM_trial","eff_cph_relapse_PCR_trial","eff_cph_relapse_LM_all","eff_cph_relapse_PCR_all","eff_incid_recurrent_PCR","eff_incid_recurrent_LM","eff_incid_recurrent_D","eff_incid_any_relapse_PCR","eff_incid_any_relapse_LM","eff_incid_any_relapse_D","eff_incid_relapse_PCR","eff_incid_relapse_LM","eff_incid_relapse_D","eff_risk_relapse_PCR","eff_risk_relapse_LM","eff_risk_relapse_D"
1321,10,0,0.01538462,180,0.75,0,1,0,45,1,0,0.540189752807612,0.601179491767042,0.579596642185305,0.678452090748003,0.621979886833459,0.706236411637101,0.756591265272223,0.698002179684425,0.665955396475771,0.77085020242915,0.863636363636364,0.722171393717597,0.804638715432649,0.909090909090909,0.758593682012009,0.828140703517588,0.952380952380952,0.301829268292683,0.748071979434447,0.928571428571429
1322,10,0,0.01538462,180,0.75,0,1,0,45,1,0,0.532240812947,0.59120614326229,0.571836667895239,0.644924132191624,0.606802439949113,0.673583679611206,0.72613841013271,0.68416934144847,0.651405731229265,0.745571174142603,0.470058293587705,0.707720223081967,0.785280684157089,0.570999570999571,0.741789416741616,0.826772184495762,0.635999635999636,0.288597376387487,0.727762803234501,0.6
1323,10,0,0.01538462,180,0.75,0,1,0,45,1,0,0.470539436707105,0.592178942723102,0.488422979894173,0.645280185623079,0.53807851489691,0.65448040824821,0.725010050019707,0.682564486093444,0.647144240077444,0.694656488549618,0.769230769230769,0.701781445207064,0.718191377497371,0.76,0.735449735449735,0.763157894736842,0.772727272727273,0.283838383838384,0.700520833333333,0.761904761904762
