"param_id","eir_equil","sig_het","ff","trial_duration","trial_PQ_eff_stratum_1","trial_PQ_eff_stratum_2","trial_PQ_prop_stratum_1","trial_PQ_prop_stratum_2","trial_PQ_proph","is_LLIN_distributed","is_IRS_administered","eff_cph_recurrent_LM","eff_cph_recurrent_PCR","eff_cph_any_relapse_LM","eff_cph_any_relapse_PCR","eff_cph_relapse_LM_trial","eff_cph_relapse_PCR_trial","eff_cph_relapse_LM_all","eff_cph_relapse_PCR_all","eff_incid_recurrent_PCR","eff_incid_recurrent_LM","eff_incid_recurrent_D","eff_incid_any_relapse_PCR","eff_incid_any_relapse_LM","eff_incid_any_relapse_D","eff_incid_relapse_PCR","eff_incid_relapse_LM","eff_incid_relapse_D","eff_risk_relapse_PCR","eff_risk_relapse_LM","eff_risk_relapse_D"
758,100,0,0.01538462,180,0.75,0,1,0,28,1,0,0.298463468413142,0.237571926821398,0.487699688856718,0.575317828431378,0.692603373798441,0.652929154045285,0.70950621748865,0.57644421936862,0.368489560594776,0.536269820971867,0.446707692307692,0.517292458544711,0.635825531914894,0.628279069767442,0.725297263937462,0.795293818797629,0.809714285714286,0.143434343434343,0.677345537757437,0.80952380952381
759,100,0,0.01538462,180,0.75,0,1,0,28,1,0,0.323606441283196,0.295437558249601,0.484887406213382,0.564814832471774,0.571285604901975,0.663483744683736,0.666063255689494,0.587858872844138,0.383368555995756,0.567358769812758,0.462425388351314,0.529342775611432,0.641262391717765,0.681499681499681,0.728124827832352,0.769381272271446,0.83983983983984,0.136958710976838,0.628235294117647,0.818181818181818
76,0.1,0,0.01538462,180,0.75,0,1,0,28,1,0,0.79945783703478,0.825839654873003,0.801203174653638,0.824962842343325,0.809562675424759,0.832431887335811,0.82543120970708,0.83364991427848,0.728679879866973,0.726442935622489,0.717383484918555,0.733733200667068,0.732298554662383,0.721256237966128,0.751667837840183,0.749971344322838,0.744538582114724,0.742971887550201,0.745762711864407,0.756487025948104
