"param_id","eir_equil","sig_het","ff","trial_duration","trial_PQ_eff_stratum_1","trial_PQ_eff_stratum_2","trial_PQ_prop_stratum_1","trial_PQ_prop_stratum_2","trial_PQ_proph","is_LLIN_distributed","is_IRS_administered","eff_cph_recurrent_LM","eff_cph_recurrent_PCR","eff_cph_any_relapse_LM","eff_cph_any_relapse_PCR","eff_cph_relapse_LM_trial","eff_cph_relapse_PCR_trial","eff_cph_relapse_LM_all","eff_cph_relapse_PCR_all","eff_incid_recurrent_PCR","eff_incid_recurrent_LM","eff_incid_recurrent_D","eff_incid_any_relapse_PCR","eff_incid_any_relapse_LM","eff_incid_any_relapse_D","eff_incid_relapse_PCR","eff_incid_relapse_LM","eff_incid_relapse_D","eff_risk_relapse_PCR","eff_risk_relapse_LM","eff_risk_relapse_D"
1168,1,0,0.01538462,180,0.75,0,1,0,45,1,0,0.709115891939126,0.732922007496379,0.744026387114335,0.774029990597128,0.759087195413961,0.789500485461454,0.782576913665848,0.809276238875721,0.683498761354253,0.661127593360996,0.658060402684564,0.715585084344481,0.695548119469027,0.686445255474453,0.734681168831169,0.715528658536585,0.723853658536585,0.668632075471698,0.690751445086705,0.724770642201835
1169,1,0,0.01538462,180,0.75,0,1,0,45,1,0,0.703294485523383,0.71212130871992,0.749495411210271,0.750609809491323,0.76438196602385,0.76867394876775,0.772702558570627,0.809012490566207,0.686782455107448,0.708333333333333,0.694656488549618,0.725997506234414,0.742331288343558,0.758064516129032,0.747723440134907,0.760725075528701,0.779816513761468,0.664268585131894,0.675226586102719,0.777777777777778
117,0.1,0,0.01538462,180,0.75,0,1,0,28,1,0,0.797832263563178,0.809298541128697,0.801442945582572,0.808850365557736,0.801756139041916,0.81006554348267,0.809001975914501,0.822728180391706,0.709523809523809,0.70117067159581,0.727380952380952,0.710568242166755,0.701732673267327,0.728793309438471,0.720855614973262,0.71214953271028,0.747002398081535,0.742547425474255,0.735795454545455,0.74468085106383
