"param_id","eir_equil","sig_het","ff","trial_duration","trial_PQ_eff_stratum_1","trial_PQ_eff_stratum_2","trial_PQ_prop_stratum_1","trial_PQ_prop_stratum_2","trial_PQ_proph","is_LLIN_distributed","is_IRS_administered","eff_cph_recurrent_LM","eff_cph_recurrent_PCR","eff_cph_any_relapse_LM","eff_cph_any_relapse_PCR","eff_cph_relapse_LM_trial","eff_cph_relapse_PCR_trial","eff_cph_relapse_LM_all","eff_cph_relapse_PCR_all","eff_incid_recurrent_PCR","eff_incid_recurrent_LM","eff_incid_recurrent_D","eff_incid_any_relapse_PCR","eff_incid_any_relapse_LM","eff_incid_any_relapse_D","eff_incid_relapse_PCR","eff_incid_relapse_LM","eff_incid_relapse_D","eff_risk_relapse_PCR","eff_risk_relapse_LM","eff_risk_relapse_D"
1098,1,0,0.01538462,180,0.75,0,1,0,45,1,0,0.597295902332273,0.649766844100303,0.655820056044649,0.716502549321053,0.645007640687075,0.723337012926132,0.728277966501482,0.770878301346992,0.643521208599651,0.612458654906284,0.529411764705882,0.679274292742927,0.646476412347117,0.56140350877193,0.692460976419794,0.657016991818754,0.553398058252427,0.616306954436451,0.623703703703704,0.529411764705882
1099,1,0,0.01538462,180,0.75,0,1,0,45,1,0,0.587877619490698,0.715974056789001,0.625736971676597,0.753397476059602,0.656359800146305,0.761446315959183,0.776911012555328,0.810365579284627,0.686984311543441,0.680784587853142,0.603137782414143,0.715701332324673,0.708603265512258,0.61352632271843,0.73037864398434,0.72722603162873,0.674929223526418,0.666270783847981,0.679245283018868,0.685714285714286
11,0.1,0,0.01538462,180,0.75,0,1,0,28,1,0,0.816460955558127,0.837060766438922,0.816012153923175,0.834845965266394,0.817440468960689,0.836980694542072,0.841337492242352,0.842731942667762,0.738624659972975,0.738430501798664,0.719356350570223,0.739391565478522,0.739632423551093,0.721856427192854,0.755764380427816,0.755964994060232,0.744738931730802,0.760374832663989,0.7663421418637,0.771698113207547
