"param_id","eir_equil","sig_het","ff","trial_duration","trial_PQ_eff_stratum_1","trial_PQ_eff_stratum_2","trial_PQ_prop_stratum_1","trial_PQ_prop_stratum_2","trial_PQ_proph","is_LLIN_distributed","is_IRS_administered","eff_cph_recurrent_LM","eff_cph_recurrent_PCR","eff_cph_any_relapse_LM","eff_cph_any_relapse_PCR","eff_cph_relapse_LM_trial","eff_cph_relapse_PCR_trial","eff_cph_relapse_LM_all","eff_cph_relapse_PCR_all","eff_incid_recurrent_PCR","eff_incid_recurrent_LM","eff_incid_recurrent_D","eff_incid_any_relapse_PCR","eff_incid_any_relapse_LM","eff_incid_any_relapse_D","eff_incid_relapse_PCR","eff_incid_relapse_LM","eff_incid_relapse_D","eff_risk_relapse_PCR","eff_risk_relapse_LM","eff_risk_relapse_D"
1370,10,0,0.01538462,180,0.75,0,1,0,45,1,0,0.532723883727516,0.575456924973202,0.583043305245663,0.650851500480982,0.644778418641132,0.675559000518091,0.70533349764366,0.669575190358409,0.636772130473138,0.724077541129051,0.308385308385308,0.695960214172522,0.753712127969554,0.417250583917251,0.741882863834083,0.786730550775495,0.500500500500501,0.274489795918367,0.689295039164491,0.454545454545455
1371,10,0,0.01538462,180,0.75,0,1,0,45,1,0,0.568843373427437,0.59501939521146,0.585782881375135,0.643502344961299,0.587559261255126,0.666243608022485,0.724659650290791,0.679465682465962,0.639162908680947,0.743859649122807,0.827586206896552,0.698829260627013,0.771878072763029,0.851851851851852,0.733762116133708,0.784824462061155,0.863636363636364,0.255837563451777,0.693467336683417,0.85
1372,10,0,0.01538462,180,0.75,0,1,0,45,1,0,0.718395902202274,0.612312996491521,0.780474776808578,0.674057299182044,0.769750154100884,0.690186611462546,0.776309382419046,0.699580895951512,0.645551762266759,0.779837108013937,0.91675,0.702383011464184,0.799621986499518,1,0.736224025974026,0.821764317180617,1,0.252016129032258,0.736842105263158,1
