"param_id","eir_equil","sig_het","ff","trial_duration","trial_PQ_eff_stratum_1","trial_PQ_eff_stratum_2","trial_PQ_prop_stratum_1","trial_PQ_prop_stratum_2","trial_PQ_proph","is_LLIN_distributed","is_IRS_administered","eff_cph_recurrent_LM","eff_cph_recurrent_PCR","eff_cph_any_relapse_LM","eff_cph_any_relapse_PCR","eff_cph_relapse_LM_trial","eff_cph_relapse_PCR_trial","eff_cph_relapse_LM_all","eff_cph_relapse_PCR_all","eff_incid_recurrent_PCR","eff_incid_recurrent_LM","eff_incid_recurrent_D","eff_incid_any_relapse_PCR","eff_incid_any_relapse_LM","eff_incid_any_relapse_D","eff_incid_relapse_PCR","eff_incid_relapse_LM","eff_incid_relapse_D","eff_risk_relapse_PCR","eff_risk_relapse_LM","eff_risk_relapse_D"
836,0.1,0,0.01538462,180,0.75,0,1,0,45,1,0,0.802961272603289,0.818033522056533,0.805302291057954,0.818871998191281,0.807206077930865,0.821266426994998,0.819393004124506,0.823861446413295,0.750907140701985,0.750402073806329,0.752606379964871,0.752497865785319,0.752390088987396,0.75677577815345,0.766953684556681,0.768464385275263,0.783709546867442,0.727882037533512,0.73109243697479,0.761627906976744
837,0.1,0,0.01538462,180,0.75,0,1,0,45,1,0,0.806985251943217,0.834663202415192,0.807342722556044,0.834728866675775,0.809516098477703,0.837211338357709,0.83622868195825,0.838948583621901,0.719331135389058,0.712544989539657,0.718606933035791,0.724367829510153,0.716687783627709,0.720712819281595,0.743799625252672,0.738883206007207,0.747962182032777,0.760752688172043,0.766197183098592,0.767123287671233
838,0.1,0,0.01538462,180,0.75,0,1,0,45,1,0,0.791840778515356,0.811035155146473,0.798560431015629,0.812296596312361,0.798836906901552,0.814674169684964,0.807756818732059,0.817422559144424,0.659748674443266,0.651220110361741,0.641361653272101,0.663082002129926,0.654420209488601,0.643900692840647,0.697073875802998,0.692066914498141,0.703265969802555,0.73132372214941,0.728650137741047,0.734432234432234
