"param_id","eir_equil","sig_het","ff","trial_duration","trial_PQ_eff_stratum_1","trial_PQ_eff_stratum_2","trial_PQ_prop_stratum_1","trial_PQ_prop_stratum_2","trial_PQ_proph","is_LLIN_distributed","is_IRS_administered","eff_cph_recurrent_LM","eff_cph_recurrent_PCR","eff_cph_any_relapse_LM","eff_cph_any_relapse_PCR","eff_cph_relapse_LM_trial","eff_cph_relapse_PCR_trial","eff_cph_relapse_LM_all","eff_cph_relapse_PCR_all","eff_incid_recurrent_PCR","eff_incid_recurrent_LM","eff_incid_recurrent_D","eff_incid_any_relapse_PCR","eff_incid_any_relapse_LM","eff_incid_any_relapse_D","eff_incid_relapse_PCR","eff_incid_relapse_LM","eff_incid_relapse_D","eff_risk_relapse_PCR","eff_risk_relapse_LM","eff_risk_relapse_D"
1435,100,0,0.01538462,180,0.75,0,1,0,45,1,0,0.354827984607358,0.383576325971237,0.548611876192142,0.545388359643507,0.622242847151842,0.5490638508176,0.715091915703278,0.568291370321406,0.441404314401049,0.602348852901484,0.541901639344262,0.581406246467995,0.69772591857001,0.814325581395349,0.718795580110497,0.821227826086957,0.95247619047619,0.123481781376518,0.677647058823529,0.95
1436,100,0,0.01538462,180,0.75,0,1,0,45,1,0,0.424831263145862,0.375722960369804,0.544797825252603,0.595036979446247,0.689947494260655,0.568540314138186,0.720804470696989,0.594339437535796,0.440872401451887,0.61431759149941,0.586620689655172,0.583106008261359,0.686743083003952,0.556,0.719198172588832,0.785928571428571,0.556,0.142137096774194,0.686274509803922,0.705882352941176
1437,100,0,0.01538462,180,0.75,0,1,0,45,1,0,0.462443922702356,0.366832101223215,0.551795958451276,0.583647919272728,0.647016299498717,0.59637082557501,0.692983645422044,0.566614182153212,0.451505950650464,0.638527416305194,0.616054410574958,0.590000341541,0.716594997901713,0.688577466355244,0.719752369929048,0.805543248166199,0.845999845999846,0.12020202020202,0.65083135391924,0.869565217391304
