"param_id","eir_equil","sig_het","ff","trial_duration","trial_PQ_eff_stratum_1","trial_PQ_eff_stratum_2","trial_PQ_prop_stratum_1","trial_PQ_prop_stratum_2","trial_PQ_proph","is_LLIN_distributed","is_IRS_administered","eff_cph_recurrent_LM","eff_cph_recurrent_PCR","eff_cph_any_relapse_LM","eff_cph_any_relapse_PCR","eff_cph_relapse_LM_trial","eff_cph_relapse_PCR_trial","eff_cph_relapse_LM_all","eff_cph_relapse_PCR_all","eff_incid_recurrent_PCR","eff_incid_recurrent_LM","eff_incid_recurrent_D","eff_incid_any_relapse_PCR","eff_incid_any_relapse_LM","eff_incid_any_relapse_D","eff_incid_relapse_PCR","eff_incid_relapse_LM","eff_incid_relapse_D","eff_risk_relapse_PCR","eff_risk_relapse_LM","eff_risk_relapse_D"
1540,100,0,0.01538462,180,0.75,0,1,0,45,1,0,0.441939200007691,0.376335561568358,0.603475765644955,0.575329062043779,0.792052743767306,0.560383400107495,0.737590183647301,0.561691705907716,0.434777007007258,0.607462431096607,0.631984557349994,0.583876492344547,0.695950847603668,0.739739478957916,0.721501605135763,0.80641379455123,0.882235058351998,0.12410986775178,0.689342403628118,0.875
1541,100,0,0.01538462,180,0.75,0,1,0,45,1,0,0.283296525577664,0.344878192690387,0.422055123961441,0.523226077785936,0.612107038512276,0.542037733882692,0.735000515929378,0.574787704902904,0.442789431165638,0.595780714435742,0.338961603112547,0.589451031169961,0.677888566777456,0.289612192837999,0.72974846003448,0.802946039505179,0.6996996996997,0.143289606458123,0.697516930022573,0.684210526315789
1542,100,0,0.01538462,180,0.75,0,1,0,45,1,0,0.537298028591165,0.410355902926326,0.640142929127132,0.605467083079306,0.768454498135988,0.606013922119698,0.788945371301983,0.553696564259534,0.424481910456644,0.634448446497377,0.666332665330661,0.569967197108334,0.71014150603365,0.624624248496994,0.696888026523463,0.802758225811228,0.713999427426281,0.122098890010091,0.745098039215686,0.714285714285714
