"param_id","eir_equil","sig_het","ff","trial_duration","trial_PQ_eff_stratum_1","trial_PQ_eff_stratum_2","trial_PQ_prop_stratum_1","trial_PQ_prop_stratum_2","trial_PQ_proph","is_LLIN_distributed","is_IRS_administered","eff_cph_recurrent_LM","eff_cph_recurrent_PCR","eff_cph_any_relapse_LM","eff_cph_any_relapse_PCR","eff_cph_relapse_LM_trial","eff_cph_relapse_PCR_trial","eff_cph_relapse_LM_all","eff_cph_relapse_PCR_all","eff_incid_recurrent_PCR","eff_incid_recurrent_LM","eff_incid_recurrent_D","eff_incid_any_relapse_PCR","eff_incid_any_relapse_LM","eff_incid_any_relapse_D","eff_incid_relapse_PCR","eff_incid_relapse_LM","eff_incid_relapse_D","eff_risk_relapse_PCR","eff_risk_relapse_LM","eff_risk_relapse_D"
1087,1,0,0.01538462,180,0.75,0,1,0,45,1,0,0.705716991630311,0.710244491055746,0.75887668106672,0.763859559577603,0.770252399036522,0.772205540876506,0.759407272240851,0.772081639418869,0.648404060168766,0.664422360934594,0.56910552937043,0.677037812631033,0.694261889383841,0.657191438013356,0.694348333246333,0.701816620245623,0.676599676599677,0.631642512077295,0.674963396778917,0.732758620689655
1088,1,0,0.01538462,180,0.75,0,1,0,45,1,0,0.692550370904592,0.701097679404829,0.702032482197527,0.727280075034099,0.727824471060527,0.73952842429997,0.763505963752774,0.802482478452348,0.669064748201439,0.658836091831287,0.75,0.697901271061188,0.689166193987521,0.761290322580645,0.716259640102828,0.707347447073475,0.772058823529412,0.662037037037037,0.67930029154519,0.796610169491525
1089,1,0,0.01538462,180,0.75,0,1,0,45,1,0,0.711563032353724,0.714932846532757,0.744514446347506,0.753482717734083,0.740881102686036,0.758915046997835,0.786302076005602,0.798404713656943,0.689808386559289,0.688177594217863,0.705882352941177,0.716356107660455,0.715555555555556,0.734513274336283,0.729325699745547,0.721818181818182,0.764150943396226,0.657276995305164,0.696581196581197,0.776595744680851
