"param_id","eir_equil","sig_het","ff","trial_duration","trial_PQ_eff_stratum_1","trial_PQ_eff_stratum_2","trial_PQ_prop_stratum_1","trial_PQ_prop_stratum_2","trial_PQ_proph","is_LLIN_distributed","is_IRS_administered","eff_cph_recurrent_LM","eff_cph_recurrent_PCR","eff_cph_any_relapse_LM","eff_cph_any_relapse_PCR","eff_cph_relapse_LM_trial","eff_cph_relapse_PCR_trial","eff_cph_relapse_LM_all","eff_cph_relapse_PCR_all","eff_incid_recurrent_PCR","eff_incid_recurrent_LM","eff_incid_recurrent_D","eff_incid_any_relapse_PCR","eff_incid_any_relapse_LM","eff_incid_any_relapse_D","eff_incid_relapse_PCR","eff_incid_relapse_LM","eff_incid_relapse_D","eff_risk_relapse_PCR","eff_risk_relapse_LM","eff_risk_relapse_D"
1362,10,0,0.01538462,180,0.75,0,1,0,45,1,0,0.731512981433604,0.620471092982224,0.747197834940058,0.693536889659738,0.7813816697445,0.697777492905187,0.785643093715205,0.696984734781819,0.645099158225139,0.773997050147493,0.842894736842105,0.703249762357414,0.806407608695652,0.895263157894737,0.737497486977977,0.840200752823087,0.882941176470588,0.282786885245902,0.752043596730245,0.882352941176471
1363,10,0,0.01538462,180,0.75,0,1,0,45,1,0,0.655261705471329,0.650180624581663,0.713089480675051,0.682018367879268,0.732103999166077,0.695325379130876,0.767479286158711,0.673589234001977,0.649717373348018,0.759594387755102,0.875125,0.704121981139308,0.791169491525424,0.956565217391304,0.736591796875,0.81964,0.952428571428571,0.271805273833671,0.73936170212766,0.952380952380952
1364,10,0,0.01538462,180,0.75,0,1,0,45,1,0,0.59565567035968,0.593138497180845,0.661398208549459,0.656655393270589,0.700448553207706,0.664881935092342,0.698774018184376,0.687204886928953,0.642264986863828,0.687128110168715,0.608303956130043,0.698968133115233,0.716539946425004,0.64964964964965,0.734884504871106,0.73860744017182,0.683894420736526,0.28169014084507,0.666666666666667,0.842105263157895
