"param_id","eir_equil","sig_het","ff","trial_duration","trial_PQ_eff_stratum_1","trial_PQ_eff_stratum_2","trial_PQ_prop_stratum_1","trial_PQ_prop_stratum_2","trial_PQ_proph","is_LLIN_distributed","is_IRS_administered","eff_cph_recurrent_LM","eff_cph_recurrent_PCR","eff_cph_any_relapse_LM","eff_cph_any_relapse_PCR","eff_cph_relapse_LM_trial","eff_cph_relapse_PCR_trial","eff_cph_relapse_LM_all","eff_cph_relapse_PCR_all","eff_incid_recurrent_PCR","eff_incid_recurrent_LM","eff_incid_recurrent_D","eff_incid_any_relapse_PCR","eff_incid_any_relapse_LM","eff_incid_any_relapse_D","eff_incid_relapse_PCR","eff_incid_relapse_LM","eff_incid_relapse_D","eff_risk_relapse_PCR","eff_risk_relapse_LM","eff_risk_relapse_D"
116,0.1,0,0.01538462,180,0.75,0,1,0,28,1,0,0.794913522354448,0.83240176942544,0.801412896695338,0.836065969147883,0.802266495051026,0.837067442383175,0.847365990208451,0.849621969914429,0.763137623219928,0.759397952169036,0.738518725860498,0.766415873798424,0.762904898856561,0.741639787936084,0.775825592310818,0.773106439773106,0.754690811601381,0.758988015978695,0.762829403606103,0.738703339882122
1160,1,0,0.01538462,180,0.75,0,1,0,45,1,0,0.686792136700438,0.733361306013554,0.717602354791689,0.761244263290552,0.744395292038723,0.785449014850909,0.773351359277248,0.796433235029038,0.688838138738224,0.688183237896929,0.6171875,0.715459525258673,0.71159179145868,0.658119658119658,0.735942124301217,0.73910447761194,0.714285714285714,0.657418576598311,0.686502177068215,0.742268041237113
1161,1,0,0.01538462,180,0.75,0,1,0,45,1,0,0.673359136490583,0.700772059717829,0.713893238133532,0.740398808118683,0.75517335486839,0.765344770428272,0.769305938247514,0.789498838993256,0.670978627671541,0.670402445236882,0.685950413223141,0.701438848920863,0.709189189189189,0.720338983050848,0.723958333333333,0.738669805768099,0.745454545454545,0.644815256257449,0.675438596491228,0.74
