"param_id","eir_equil","sig_het","ff","trial_duration","trial_PQ_eff_stratum_1","trial_PQ_eff_stratum_2","trial_PQ_prop_stratum_1","trial_PQ_prop_stratum_2","trial_PQ_proph","is_LLIN_distributed","is_IRS_administered","eff_cph_recurrent_LM","eff_cph_recurrent_PCR","eff_cph_any_relapse_LM","eff_cph_any_relapse_PCR","eff_cph_relapse_LM_trial","eff_cph_relapse_PCR_trial","eff_cph_relapse_LM_all","eff_cph_relapse_PCR_all","eff_incid_recurrent_PCR","eff_incid_recurrent_LM","eff_incid_recurrent_D","eff_incid_any_relapse_PCR","eff_incid_any_relapse_LM","eff_incid_any_relapse_D","eff_incid_relapse_PCR","eff_incid_relapse_LM","eff_incid_relapse_D","eff_risk_relapse_PCR","eff_risk_relapse_LM","eff_risk_relapse_D"
1227,10,0,0.01538462,180,0.75,0,1,0,45,1,0,0.57883856665991,0.620650915837245,0.6472856181468,0.670331617006837,0.635473923763595,0.681456900796819,0.704324950105821,0.694636237741994,0.640968319275869,0.691721824686941,0.615769230769231,0.694135585482766,0.728532608695652,0.636727272727273,0.729166926677067,0.743469457013575,0.6004,0.251261352169526,0.659367396593674,0.6
1228,10,0,0.01538462,180,0.75,0,1,0,45,1,0,0.586907145172918,0.59412085333745,0.575816097392453,0.642338619904721,0.620464817412905,0.657482138926031,0.663176337206015,0.64603869470294,0.629734915784237,0.683446272991288,0.633333333333333,0.68675944333996,0.715654952076677,0.592592592592593,0.723536965694368,0.746943765281174,0.608695652173913,0.27079107505071,0.649025069637883,0.578947368421053
1229,10,0,0.01538462,180,0.75,0,1,0,45,1,0,0.588187213031225,0.643761427890809,0.65737906524407,0.688385583364008,0.703566013617104,0.71109990382415,0.749485317167296,0.68297904102758,0.652585116731518,0.744283276450512,0.772954545454545,0.705913399197283,0.778317142857143,0.8002,0.736015544041451,0.80128,0.842263157894737,0.279755849440488,0.7146529562982,0.842105263157895
