"param_id","eir_equil","sig_het","ff","trial_duration","trial_PQ_eff_stratum_1","trial_PQ_eff_stratum_2","trial_PQ_prop_stratum_1","trial_PQ_prop_stratum_2","trial_PQ_proph","is_LLIN_distributed","is_IRS_administered","eff_cph_recurrent_LM","eff_cph_recurrent_PCR","eff_cph_any_relapse_LM","eff_cph_any_relapse_PCR","eff_cph_relapse_LM_trial","eff_cph_relapse_PCR_trial","eff_cph_relapse_LM_all","eff_cph_relapse_PCR_all","eff_incid_recurrent_PCR","eff_incid_recurrent_LM","eff_incid_recurrent_D","eff_incid_any_relapse_PCR","eff_incid_any_relapse_LM","eff_incid_any_relapse_D","eff_incid_relapse_PCR","eff_incid_relapse_LM","eff_incid_relapse_D","eff_risk_relapse_PCR","eff_risk_relapse_LM","eff_risk_relapse_D"
239,1,0,0.01538462,180,0.75,0,1,0,28,1,0,0.702073380969321,0.706936535031797,0.746235223451214,0.754003638513004,0.773538671619404,0.774979684312584,0.808669524329186,0.818239855831232,0.693148446170921,0.69938905775076,0.711556338028169,0.731467391304348,0.73611320754717,0.74478102189781,0.76759264,0.769416174734357,0.808192,0.681318681318681,0.720116618075802,0.787610619469027
24,0.1,0,0.01538462,180,0.75,0,1,0,28,1,0,0.810183991414686,0.806702926797375,0.815270375104757,0.808617589821891,0.815140171594166,0.811098670019903,0.79854080556016,0.811279125584157,0.664108777598277,0.648132998745295,0.699232876712329,0.66517316017316,0.649283280757098,0.701286697247706,0.689414581066377,0.675349397590361,0.728341407151096,0.733423545331529,0.729613733905579,0.75
240,1,0,0.01538462,180,0.75,0,1,0,28,1,0,0.619308990817268,0.655911750572212,0.654288784241065,0.709096027672403,0.69912139763713,0.733463409851347,0.74996710984675,0.783875532105831,0.649083215796897,0.622773880194279,0.611111111111111,0.67833433916717,0.649102489866821,0.65,0.705004971826317,0.672867222578576,0.714285714285714,0.633686690223793,0.658753709198813,0.705882352941176
