"param_id","eir_equil","sig_het","ff","trial_duration","trial_PQ_eff_stratum_1","trial_PQ_eff_stratum_2","trial_PQ_prop_stratum_1","trial_PQ_prop_stratum_2","trial_PQ_proph","is_LLIN_distributed","is_IRS_administered","eff_cph_recurrent_LM","eff_cph_recurrent_PCR","eff_cph_any_relapse_LM","eff_cph_any_relapse_PCR","eff_cph_relapse_LM_trial","eff_cph_relapse_PCR_trial","eff_cph_relapse_LM_all","eff_cph_relapse_PCR_all","eff_incid_recurrent_PCR","eff_incid_recurrent_LM","eff_incid_recurrent_D","eff_incid_any_relapse_PCR","eff_incid_any_relapse_LM","eff_incid_any_relapse_D","eff_incid_relapse_PCR","eff_incid_relapse_LM","eff_incid_relapse_D","eff_risk_relapse_PCR","eff_risk_relapse_LM","eff_risk_relapse_D"
1381,10,0,0.01538462,180,0.75,0,1,0,45,1,0,0.536857687261624,0.623583490410617,0.600340863715321,0.674855344789064,0.623528906381904,0.680211477564565,0.69525755523678,0.701370998210446,0.650185707132197,0.713258796975448,0.500500500500501,0.70588757793882,0.742912111706438,0.692615692615693,0.735845073624454,0.760286118495074,0.667000333667,0.3052738336714,0.679045092838196,0.636363636363636
1382,10,0,0.01538462,180,0.75,0,1,0,45,1,0,0.64728409278098,0.615061684362971,0.667675430711149,0.662760536860525,0.788357041372216,0.696183411689606,0.677701224955199,0.654118881608099,0.62402353421896,0.672215968460851,0.599599198396794,0.682686071852159,0.694641905355038,0.590499180178539,0.719730379786807,0.728710740064199,0.666332665330661,0.24618514750763,0.61968085106383,0.714285714285714
1383,10,0,0.01538462,180,0.75,0,1,0,45,1,0,0.499251171208119,0.634617461833576,0.621832240288877,0.684708016188642,0.719682181569406,0.699418879072422,0.736569558725432,0.697967657163639,0.639094592706441,0.711573236889693,0.740740740740741,0.69343635370327,0.761133603238866,0.833333333333333,0.731822642519404,0.811277330264672,0.863636363636364,0.281818181818182,0.700808625336927,0.863636363636364
