"param_id","eir_equil","sig_het","ff","trial_duration","trial_PQ_eff_stratum_1","trial_PQ_eff_stratum_2","trial_PQ_prop_stratum_1","trial_PQ_prop_stratum_2","trial_PQ_proph","is_LLIN_distributed","is_IRS_administered","eff_cph_recurrent_LM","eff_cph_recurrent_PCR","eff_cph_any_relapse_LM","eff_cph_any_relapse_PCR","eff_cph_relapse_LM_trial","eff_cph_relapse_PCR_trial","eff_cph_relapse_LM_all","eff_cph_relapse_PCR_all","eff_incid_recurrent_PCR","eff_incid_recurrent_LM","eff_incid_recurrent_D","eff_incid_any_relapse_PCR","eff_incid_any_relapse_LM","eff_incid_any_relapse_D","eff_incid_relapse_PCR","eff_incid_relapse_LM","eff_incid_relapse_D","eff_risk_relapse_PCR","eff_risk_relapse_LM","eff_risk_relapse_D"
1357,10,0,0.01538462,180,0.75,0,1,0,45,1,0,0.64362400527095,0.589059240853463,0.672199061544991,0.645388412808694,0.727884947261698,0.669381149319071,0.724973111541436,0.691733603964298,0.64541860303808,0.726003490401396,0.807692307692308,0.70457182640984,0.758687258687259,0.782608695652174,0.741465996295316,0.791982665222102,0.789473684210526,0.271717171717172,0.697969543147208,0.789473684210526
1358,10,0,0.01538462,180,0.75,0,1,0,45,1,0,0.570919430868588,0.587527073416838,0.646272604065663,0.67464270958153,0.692134348578226,0.673860207125992,0.721339709892432,0.682500702604328,0.652269149154631,0.734177215189873,0.428571428571429,0.706686930091185,0.767873723305478,0.461538461538461,0.736415882967607,0.786021505376344,0.5,0.260606060606061,0.694516971279373,0.5
1359,10,0,0.01538462,180,0.75,0,1,0,45,1,0,0.505714015694131,0.583103441934931,0.530804670762711,0.630431471423938,0.58964805264766,0.640578086295995,0.699870405745682,0.683455270256258,0.643095018777014,0.685032139577594,0.736842105263158,0.693901763821878,0.704453441295547,0.722222222222222,0.726837637709951,0.737201365187713,0.823529411764706,0.265326633165829,0.664021164021164,0.823529411764706
