"param_id","eir_equil","sig_het","ff","trial_duration","trial_PQ_eff_stratum_1","trial_PQ_eff_stratum_2","trial_PQ_prop_stratum_1","trial_PQ_prop_stratum_2","trial_PQ_proph","is_LLIN_distributed","is_IRS_administered","eff_cph_recurrent_LM","eff_cph_recurrent_PCR","eff_cph_any_relapse_LM","eff_cph_any_relapse_PCR","eff_cph_relapse_LM_trial","eff_cph_relapse_PCR_trial","eff_cph_relapse_LM_all","eff_cph_relapse_PCR_all","eff_incid_recurrent_PCR","eff_incid_recurrent_LM","eff_incid_recurrent_D","eff_incid_any_relapse_PCR","eff_incid_any_relapse_LM","eff_incid_any_relapse_D","eff_incid_relapse_PCR","eff_incid_relapse_LM","eff_incid_relapse_D","eff_risk_relapse_PCR","eff_risk_relapse_LM","eff_risk_relapse_D"
669,100,0,0.01538462,180,0.75,0,1,0,28,1,0,0.41166266937775,0.25602571805749,0.548922254319394,0.589748026390411,0.704413821229284,0.615355259307139,0.715984139996699,0.583051189568271,0.374658836915297,0.55082276119403,0.582507462686567,0.518663974392377,0.636178139534884,0.6892,0.725352072990742,0.78191435768262,0.875125,0.134343434343434,0.678004535147392,0.875
67,0.1,0,0.01538462,180,0.75,0,1,0,28,1,0,0.742969927382991,0.777739589846068,0.740177028538503,0.776971667867422,0.747453084372273,0.780877445536975,0.797776782200006,0.801525104038364,0.665411267621212,0.681181499363318,0.682241840334688,0.667445223000779,0.683187023340476,0.683562655854847,0.682363928173984,0.695515451142461,0.705513594402483,0.711354309165527,0.71551724137931,0.697394789579158
670,100,0,0.01538462,180,0.75,0,1,0,28,1,0,0.38703429163613,0.264959029565116,0.458524172461013,0.580635555209278,0.713193927140868,0.686250786605071,0.746586932004081,0.592162598960418,0.378492585858068,0.590470446320869,0.46875,0.530285193483462,0.676993166287016,0.585365853658537,0.735404319095306,0.846153846153846,0.826086956521739,0.142568250758342,0.704545454545455,0.818181818181818
