"param_id","eir_equil","sig_het","ff","trial_duration","trial_PQ_eff_stratum_1","trial_PQ_eff_stratum_2","trial_PQ_prop_stratum_1","trial_PQ_prop_stratum_2","trial_PQ_proph","is_LLIN_distributed","is_IRS_administered","eff_cph_recurrent_LM","eff_cph_recurrent_PCR","eff_cph_any_relapse_LM","eff_cph_any_relapse_PCR","eff_cph_relapse_LM_trial","eff_cph_relapse_PCR_trial","eff_cph_relapse_LM_all","eff_cph_relapse_PCR_all","eff_incid_recurrent_PCR","eff_incid_recurrent_LM","eff_incid_recurrent_D","eff_incid_any_relapse_PCR","eff_incid_any_relapse_LM","eff_incid_any_relapse_D","eff_incid_relapse_PCR","eff_incid_relapse_LM","eff_incid_relapse_D","eff_risk_relapse_PCR","eff_risk_relapse_LM","eff_risk_relapse_D"
599,10,0,0.01538462,180,0.75,0,1,0,28,1,0,0.381338692105096,0.572608494104331,0.480046996337218,0.645095655712104,0.502516592041506,0.676535685578085,0.678062506175232,0.663140941901017,0.609778589908891,0.657994527912447,0.726177437020811,0.670327821443072,0.694045709791863,0.760948556129279,0.721952163742562,0.728993093195404,0.665327978580991,0.258620689655172,0.663793103448276,0.666666666666667
6,0.1,0,0.01538462,180,0.75,0,1,0,28,1,0,0.795338976680175,0.829705147322252,0.796289652053395,0.828642241438547,0.797271041466579,0.832104064438294,0.831590076880189,0.838999260779089,0.715375,0.711628865979381,0.73320119760479,0.715056027164686,0.711241736876215,0.731270205066345,0.738032423208191,0.735769381107492,0.76024,0.763085399449036,0.761560693641618,0.769383697813121
60,0.1,0,0.01538462,180,0.75,0,1,0,28,1,0,0.821935683013908,0.842856787040307,0.824772306719419,0.846185292072915,0.826986033176944,0.849762772573253,0.846358601533456,0.853501001392537,0.738619047619048,0.741351149782474,0.760895833333333,0.742241996744438,0.745522443890274,0.76469918699187,0.755402838427948,0.758952321204517,0.784562427071179,0.770972037283622,0.772151898734177,0.783269961977186
