"param_id","eir_equil","sig_het","ff","trial_duration","trial_PQ_eff_stratum_1","trial_PQ_eff_stratum_2","trial_PQ_prop_stratum_1","trial_PQ_prop_stratum_2","trial_PQ_proph","is_LLIN_distributed","is_IRS_administered","eff_cph_recurrent_LM","eff_cph_recurrent_PCR","eff_cph_any_relapse_LM","eff_cph_any_relapse_PCR","eff_cph_relapse_LM_trial","eff_cph_relapse_PCR_trial","eff_cph_relapse_LM_all","eff_cph_relapse_PCR_all","eff_incid_recurrent_PCR","eff_incid_recurrent_LM","eff_incid_recurrent_D","eff_incid_any_relapse_PCR","eff_incid_any_relapse_LM","eff_incid_any_relapse_D","eff_incid_relapse_PCR","eff_incid_relapse_LM","eff_incid_relapse_D","eff_risk_relapse_PCR","eff_risk_relapse_LM","eff_risk_relapse_D"
811,0.1,0,0.01538462,180,0.75,0,1,0,45,1,0,0.803679830455335,0.828532290536394,0.806970782666627,0.831150918480207,0.807353586171624,0.833331433649671,0.821525714921826,0.834999028011705,0.727964299133982,0.7303762996242,0.763492502245871,0.730822990518853,0.732551808819952,0.767418019607894,0.736667263701095,0.737325715260308,0.774258568683759,0.764625850340136,0.757183908045977,0.763374485596708
812,0.1,0,0.01538462,180,0.75,0,1,0,45,1,0,0.809988632753022,0.83383206710132,0.818740322054277,0.838758407818138,0.820357701709487,0.843174684300929,0.833337706038979,0.846142495507172,0.740480961923848,0.730014701370933,0.763353508534135,0.744113226452906,0.733776062763826,0.769782258290405,0.759059833308104,0.750082722035282,0.787318912634429,0.770804911323329,0.764963503649635,0.794354838709677
813,0.1,0,0.01538462,180,0.75,0,1,0,45,1,0,0.776283611545021,0.795624699702916,0.775384491960601,0.793521127804381,0.774548033904669,0.795537864729809,0.797033887424037,0.806229581086046,0.678667383127351,0.678637770897833,0.685207100591716,0.678552133981632,0.678082191780822,0.683333333333333,0.698913043478261,0.700313479623824,0.713429256594724,0.708724832214765,0.706798866855524,0.725296442687747
