"param_id","eir_equil","sig_het","ff","trial_duration","trial_PQ_eff_stratum_1","trial_PQ_eff_stratum_2","trial_PQ_prop_stratum_1","trial_PQ_prop_stratum_2","trial_PQ_proph","is_LLIN_distributed","is_IRS_administered","eff_cph_recurrent_LM","eff_cph_recurrent_PCR","eff_cph_any_relapse_LM","eff_cph_any_relapse_PCR","eff_cph_relapse_LM_trial","eff_cph_relapse_PCR_trial","eff_cph_relapse_LM_all","eff_cph_relapse_PCR_all","eff_incid_recurrent_PCR","eff_incid_recurrent_LM","eff_incid_recurrent_D","eff_incid_any_relapse_PCR","eff_incid_any_relapse_LM","eff_incid_any_relapse_D","eff_incid_relapse_PCR","eff_incid_relapse_LM","eff_incid_relapse_D","eff_risk_relapse_PCR","eff_risk_relapse_LM","eff_risk_relapse_D"
533,10,0,0.01538462,180,0.75,0,1,0,28,1,0,0.62106851571654,0.614246326762555,0.683659121208804,0.680614547845206,0.770040274722931,0.725165811095816,0.776869297210243,0.683514277791807,0.63734452073991,0.778370308590492,1,0.698519265198101,0.805903314917127,1,0.748014500537057,0.841711437565582,1,0.290060851926978,0.753694581280788,1
534,10,0,0.01538462,180,0.75,0,1,0,28,1,0,0.464560220889599,0.553507920144166,0.494412590253765,0.66760386953723,0.534837253083816,0.685057619652494,0.71049620908148,0.688426266496102,0.630346998836493,0.729564553093965,0.6,0.69011839708561,0.762225969645868,0.631578947368421,0.740523505208789,0.807766990291262,0.538461538461538,0.289314516129032,0.687203791469194,0.5
535,10,0,0.01538462,180,0.75,0,1,0,28,1,0,0.423837323966646,0.556645083837219,0.458617714310582,0.65029915159968,0.539003837819139,0.689328589643706,0.690706578984751,0.679523505512207,0.62399734194237,0.702404809619238,0.587822704231993,0.682366064731171,0.726540783179262,0.599599198396794,0.733546229148945,0.761720479683741,0.713999427426281,0.284848484848485,0.659517426273458,0.666666666666667
