"param_id","eir_equil","sig_het","ff","trial_duration","trial_PQ_eff_stratum_1","trial_PQ_eff_stratum_2","trial_PQ_prop_stratum_1","trial_PQ_prop_stratum_2","trial_PQ_proph","is_LLIN_distributed","is_IRS_administered","eff_cph_recurrent_LM","eff_cph_recurrent_PCR","eff_cph_any_relapse_LM","eff_cph_any_relapse_PCR","eff_cph_relapse_LM_trial","eff_cph_relapse_PCR_trial","eff_cph_relapse_LM_all","eff_cph_relapse_PCR_all","eff_incid_recurrent_PCR","eff_incid_recurrent_LM","eff_incid_recurrent_D","eff_incid_any_relapse_PCR","eff_incid_any_relapse_LM","eff_incid_any_relapse_D","eff_incid_relapse_PCR","eff_incid_relapse_LM","eff_incid_relapse_D","eff_risk_relapse_PCR","eff_risk_relapse_LM","eff_risk_relapse_D"
1343,10,0,0.01538462,180,0.75,0,1,0,45,1,0,0.630404809046996,0.597811781346158,0.687439812172064,0.67566056812998,0.734081438554012,0.692816473525834,0.750602572066948,0.681243639434468,0.653115210581274,0.760714285714286,0.739130434782609,0.706114245961197,0.784660766961652,0.7,0.735800496982606,0.808607021517554,0.842105263157895,0.274924471299094,0.709923664122137,0.833333333333333
1344,10,0,0.01538462,180,0.75,0,1,0,45,1,0,0.545415209155253,0.597960338920554,0.567758637262997,0.666253830417693,0.628525894596563,0.665080281018804,0.713960072595748,0.659752161151005,0.642901556394723,0.72692330267229,0.549549098196393,0.697337266409027,0.752715092902304,0.528940233407992,0.733851440272156,0.789208084218229,0.624624248496994,0.273096446700508,0.695214105793451,0.571428571428571
1345,10,0,0.01538462,180,0.75,0,1,0,45,1,0,0.571089871267353,0.614162277458685,0.621128081893017,0.663994001643353,0.674254831248304,0.671839112244377,0.73079432997838,0.689926838012965,0.649432362193954,0.743478260869565,0.794117647058823,0.702404504641607,0.778947368421053,0.852941176470588,0.739807006867774,0.799782372143634,0.851851851851852,0.283975659229209,0.686528497409326,0.84
