"param_id","eir_equil","sig_het","ff","trial_duration","trial_PQ_eff_stratum_1","trial_PQ_eff_stratum_2","trial_PQ_prop_stratum_1","trial_PQ_prop_stratum_2","trial_PQ_proph","is_LLIN_distributed","is_IRS_administered","eff_cph_recurrent_LM","eff_cph_recurrent_PCR","eff_cph_any_relapse_LM","eff_cph_any_relapse_PCR","eff_cph_relapse_LM_trial","eff_cph_relapse_PCR_trial","eff_cph_relapse_LM_all","eff_cph_relapse_PCR_all","eff_incid_recurrent_PCR","eff_incid_recurrent_LM","eff_incid_recurrent_D","eff_incid_any_relapse_PCR","eff_incid_any_relapse_LM","eff_incid_any_relapse_D","eff_incid_relapse_PCR","eff_incid_relapse_LM","eff_incid_relapse_D","eff_risk_relapse_PCR","eff_risk_relapse_LM","eff_risk_relapse_D"
344,1,0,0.01538462,180,0.75,0,1,0,28,1,0,0.693448212906,0.708227838718517,0.754674621273724,0.771938671937686,0.778630308479865,0.795804576360727,0.780239836735813,0.799262468438011,0.668541340782123,0.645238044633369,0.639819548872181,0.707202017205577,0.689312430011198,0.706015503875969,0.737772858517806,0.730237575757576,0.734403225806452,0.65521327014218,0.693759071117562,0.754385964912281
345,1,0,0.01538462,180,0.75,0,1,0,28,1,0,0.548357561208987,0.651160404260212,0.614302095269297,0.714221216155705,0.711814086392199,0.768794615200998,0.77289884366669,0.795385683990774,0.63664418697781,0.630512191580894,0.388613839064289,0.679707989575804,0.6700307719416,0.438020544816661,0.722686080423185,0.717807462635049,0.532852000937107,0.661818181818182,0.687776141384389,0.602272727272727
346,1,0,0.01538462,180,0.75,0,1,0,28,1,0,0.630481299160685,0.707257809027482,0.672026729716392,0.751763180095284,0.698538019884849,0.767610205301267,0.769717186605098,0.79074818031349,0.643084193775421,0.640599072036726,0.681852076245514,0.677387908346814,0.676047503742087,0.691999383382149,0.718651356062809,0.718087635124263,0.738055550353043,0.652892561983471,0.684057971014493,0.752688172043011
