"param_id","eir_equil","sig_het","ff","trial_duration","trial_PQ_eff_stratum_1","trial_PQ_eff_stratum_2","trial_PQ_prop_stratum_1","trial_PQ_prop_stratum_2","trial_PQ_proph","is_LLIN_distributed","is_IRS_administered","eff_cph_recurrent_LM","eff_cph_recurrent_PCR","eff_cph_any_relapse_LM","eff_cph_any_relapse_PCR","eff_cph_relapse_LM_trial","eff_cph_relapse_PCR_trial","eff_cph_relapse_LM_all","eff_cph_relapse_PCR_all","eff_incid_recurrent_PCR","eff_incid_recurrent_LM","eff_incid_recurrent_D","eff_incid_any_relapse_PCR","eff_incid_any_relapse_LM","eff_incid_any_relapse_D","eff_incid_relapse_PCR","eff_incid_relapse_LM","eff_incid_relapse_D","eff_risk_relapse_PCR","eff_risk_relapse_LM","eff_risk_relapse_D"
45,0.1,0,0.01538462,180,0.75,0,1,0,28,1,0,0.757003041144627,0.795327384672315,0.766628872603405,0.798748799597038,0.767453014500812,0.800805633336571,0.800628804805826,0.805375858051334,0.704975255513717,0.700237679351217,0.726779518072289,0.706621416982153,0.702678571428571,0.729967272727273,0.719388132825259,0.715649874055416,0.745091130012151,0.720488466757123,0.722689075630252,0.724950884086444
450,10,0,0.01538462,180,0.75,0,1,0,28,1,0,0.628528368562356,0.585355270920771,0.66040475720512,0.691626893410417,0.730833145671104,0.734040801013371,0.764340099184387,0.704513784115522,0.633118848968115,0.751332181323148,0.817999817999818,0.698470386660701,0.788999788999789,0.809333142666476,0.75436102296485,0.84069848629668,0.841947210368263,0.295546558704453,0.751381215469613,0.842105263157895
451,10,0,0.01538462,180,0.75,0,1,0,28,1,0,0.501075416683497,0.551786382953828,0.532203134064005,0.651702372960104,0.5511797555642,0.694505407922108,0.698807767047076,0.668999655574508,0.611666529728288,0.694546875921883,0.833166165162153,0.674835901985436,0.734908201085875,0.785499355208483,0.72260076542377,0.77337929602231,0.726999179356251,0.247225025227043,0.678100263852243,0.727272727272727
