"param_id","eir_equil","sig_het","ff","trial_duration","trial_PQ_eff_stratum_1","trial_PQ_eff_stratum_2","trial_PQ_prop_stratum_1","trial_PQ_prop_stratum_2","trial_PQ_proph","is_LLIN_distributed","is_IRS_administered","eff_cph_recurrent_LM","eff_cph_recurrent_PCR","eff_cph_any_relapse_LM","eff_cph_any_relapse_PCR","eff_cph_relapse_LM_trial","eff_cph_relapse_PCR_trial","eff_cph_relapse_LM_all","eff_cph_relapse_PCR_all","eff_incid_recurrent_PCR","eff_incid_recurrent_LM","eff_incid_recurrent_D","eff_incid_any_relapse_PCR","eff_incid_any_relapse_LM","eff_incid_any_relapse_D","eff_incid_relapse_PCR","eff_incid_relapse_LM","eff_incid_relapse_D","eff_risk_relapse_PCR","eff_risk_relapse_LM","eff_risk_relapse_D"
214,1,0,0.01538462,180,0.75,0,1,0,28,1,0,0.662729091527116,0.688803895694905,0.687177962480667,0.731127720919422,0.735999584923251,0.761016234121844,0.769296222522789,0.806150952770278,0.650713773116202,0.658355822088956,0.672189781021898,0.68560200767641,0.692799785867238,0.697327868852459,0.722831243972999,0.724629173989455,0.781140350877193,0.669364161849711,0.689111747851003,0.782178217821782
215,1,0,0.01538462,180,0.75,0,1,0,28,1,0,0.72214489951537,0.719723581170151,0.76630021598775,0.758114970490254,0.765768290556925,0.77319346072992,0.789873012577502,0.806865905239847,0.693277717391304,0.70814131501472,0.664957142857143,0.723066550925926,0.740582635983264,0.741259259259259,0.74114375,0.760457560427206,0.76048,0.655660377358491,0.688125894134478,0.738317757009346
216,1,0,0.01538462,180,0.75,0,1,0,28,1,0,0.658706475986491,0.664031312603598,0.70627172423295,0.712558773013976,0.73190942002072,0.735705053242037,0.755766173720233,0.777253815004764,0.653688524590164,0.654139433551198,0.671532846715328,0.693659761456372,0.689917936694021,0.723076923076923,0.72035338090384,0.709079283887468,0.75609756097561,0.640776699029126,0.66865671641791,0.779816513761468
