"param_id","eir_equil","sig_het","ff","trial_duration","trial_PQ_eff_stratum_1","trial_PQ_eff_stratum_2","trial_PQ_prop_stratum_1","trial_PQ_prop_stratum_2","trial_PQ_proph","is_LLIN_distributed","is_IRS_administered","eff_cph_recurrent_LM","eff_cph_recurrent_PCR","eff_cph_any_relapse_LM","eff_cph_any_relapse_PCR","eff_cph_relapse_LM_trial","eff_cph_relapse_PCR_trial","eff_cph_relapse_LM_all","eff_cph_relapse_PCR_all","eff_incid_recurrent_PCR","eff_incid_recurrent_LM","eff_incid_recurrent_D","eff_incid_any_relapse_PCR","eff_incid_any_relapse_LM","eff_incid_any_relapse_D","eff_incid_relapse_PCR","eff_incid_relapse_LM","eff_incid_relapse_D","eff_risk_relapse_PCR","eff_risk_relapse_LM","eff_risk_relapse_D"
1240,10,0,0.01538462,180,0.75,0,1,0,45,1,0,0.584891734850998,0.595618834088478,0.674903532793684,0.636962837849584,0.672102824473449,0.658590959251771,0.738527851259396,0.675364111863999,0.644449405178446,0.76603663003663,0.563375,0.699373269021316,0.810480808080808,0.667333333333333,0.736523720182257,0.821703016241299,0.616153846153846,0.273833671399594,0.722222222222222,0.615384615384615
1241,10,0,0.01538462,180,0.75,0,1,0,45,1,0,0.638025615829918,0.631525239342873,0.662053164842316,0.675988175000717,0.697678652353371,0.696189369591682,0.753849335218679,0.705467074355173,0.662556353931431,0.759881614349776,0.667,0.715679762448607,0.783617408906883,0.571857142857143,0.747192549842602,0.805329054842474,0.857285714285714,0.27834008097166,0.724675324675325,0.857142857142857
1242,10,0,0.01538462,180,0.75,0,1,0,45,1,0,0.570361365779124,0.614049641787754,0.590843823834036,0.644747752237009,0.618672325798025,0.6518254476564,0.757547345743514,0.668878043224432,0.637297259012678,0.7555720653789,0.8,0.693646169592945,0.772162386081193,0.866666666666667,0.729396962343848,0.805243445692884,0.916666666666667,0.268686868686869,0.73943661971831,0.91304347826087
