"param_id","eir_equil","sig_het","ff","trial_duration","trial_PQ_eff_stratum_1","trial_PQ_eff_stratum_2","trial_PQ_prop_stratum_1","trial_PQ_prop_stratum_2","trial_PQ_proph","is_LLIN_distributed","is_IRS_administered","eff_cph_recurrent_LM","eff_cph_recurrent_PCR","eff_cph_any_relapse_LM","eff_cph_any_relapse_PCR","eff_cph_relapse_LM_trial","eff_cph_relapse_PCR_trial","eff_cph_relapse_LM_all","eff_cph_relapse_PCR_all","eff_incid_recurrent_PCR","eff_incid_recurrent_LM","eff_incid_recurrent_D","eff_incid_any_relapse_PCR","eff_incid_any_relapse_LM","eff_incid_any_relapse_D","eff_incid_relapse_PCR","eff_incid_relapse_LM","eff_incid_relapse_D","eff_risk_relapse_PCR","eff_risk_relapse_LM","eff_risk_relapse_D"
563,10,0,0.01538462,180,0.75,0,1,0,28,1,0,0.682829326544359,0.527723672204173,0.702062654382236,0.624545881176759,0.727290804929017,0.65405887106207,0.702111557625609,0.679924164359568,0.620112123335669,0.740439381611066,0.782608695652174,0.681867704280156,0.776092774308653,0.842105263157895,0.73489035478695,0.808425275827482,0.882352941176471,0.263104838709677,0.682051282051282,0.882352941176471
564,10,0,0.01538462,180,0.75,0,1,0,28,1,0,0.588699326783719,0.539860462298791,0.68851298112869,0.653354556177512,0.763981014483294,0.706755387766611,0.76938272578907,0.688597229921136,0.62324331771838,0.781274586939418,0.678571428571429,0.687164545315136,0.815720524017467,0.72,0.739912663755458,0.853610286844708,0.869565217391304,0.24748490945674,0.741854636591479,0.869565217391304
565,10,0,0.01538462,180,0.75,0,1,0,28,1,0,0.618709505582277,0.514364200616207,0.607711634949663,0.602965816852573,0.677186524228119,0.635698686793503,0.752980920275327,0.676588948545738,0.618546519719049,0.751434936620122,0.708041374708041,0.67809631642406,0.796598103277313,0.681499681499681,0.73015319549973,0.824665429760971,0.7997997997998,0.288032454361055,0.72987012987013,0.764705882352941
