"param_id","eir_equil","sig_het","ff","trial_duration","trial_PQ_eff_stratum_1","trial_PQ_eff_stratum_2","trial_PQ_prop_stratum_1","trial_PQ_prop_stratum_2","trial_PQ_proph","is_LLIN_distributed","is_IRS_administered","eff_cph_recurrent_LM","eff_cph_recurrent_PCR","eff_cph_any_relapse_LM","eff_cph_any_relapse_PCR","eff_cph_relapse_LM_trial","eff_cph_relapse_PCR_trial","eff_cph_relapse_LM_all","eff_cph_relapse_PCR_all","eff_incid_recurrent_PCR","eff_incid_recurrent_LM","eff_incid_recurrent_D","eff_incid_any_relapse_PCR","eff_incid_any_relapse_LM","eff_incid_any_relapse_D","eff_incid_relapse_PCR","eff_incid_relapse_LM","eff_incid_relapse_D","eff_risk_relapse_PCR","eff_risk_relapse_LM","eff_risk_relapse_D"
333,1,0,0.01538462,180,0.75,0,1,0,28,1,0,0.668372404906696,0.693656906111958,0.721982024713095,0.743308821430094,0.757884626488087,0.764233782157688,0.794784131875228,0.796058230487454,0.637218580792248,0.650402144772118,0.723076923076923,0.673088685015291,0.687392055267703,0.756302521008403,0.701467645096731,0.720532319391635,0.796296296296296,0.654804270462633,0.702586206896552,0.78494623655914
334,1,0,0.01538462,180,0.75,0,1,0,28,1,0,0.684025535611991,0.714296828993059,0.719542365154975,0.761590636438724,0.761502733092748,0.790230464940917,0.799430328690993,0.820455562217099,0.675240481560285,0.672264857450043,0.628416295082962,0.712392507781557,0.715636552265064,0.687687687687688,0.749516958819284,0.755661172984008,0.762474338745525,0.674825174825175,0.706051873198847,0.757281553398058
335,1,0,0.01538462,180,0.75,0,1,0,28,1,0,0.673096539098576,0.703805482075005,0.716319175847054,0.749742269407706,0.747347655166809,0.772223795143394,0.770503895495553,0.796058985656263,0.652302358624609,0.64375581996896,0.676145695364238,0.688867786259542,0.678082451253482,0.719985611510791,0.720466039004708,0.717049200492005,0.744512,0.646713615023474,0.67930029154519,0.754545454545455
