"param_id","eir_equil","sig_het","ff","trial_duration","trial_PQ_eff_stratum_1","trial_PQ_eff_stratum_2","trial_PQ_prop_stratum_1","trial_PQ_prop_stratum_2","trial_PQ_proph","is_LLIN_distributed","is_IRS_administered","eff_cph_recurrent_LM","eff_cph_recurrent_PCR","eff_cph_any_relapse_LM","eff_cph_any_relapse_PCR","eff_cph_relapse_LM_trial","eff_cph_relapse_PCR_trial","eff_cph_relapse_LM_all","eff_cph_relapse_PCR_all","eff_incid_recurrent_PCR","eff_incid_recurrent_LM","eff_incid_recurrent_D","eff_incid_any_relapse_PCR","eff_incid_any_relapse_LM","eff_incid_any_relapse_D","eff_incid_relapse_PCR","eff_incid_relapse_LM","eff_incid_relapse_D","eff_risk_relapse_PCR","eff_risk_relapse_LM","eff_risk_relapse_D"
858,0.1,0,0.01538462,180,0.75,0,1,0,45,1,0,0.787357987952992,0.814710475540223,0.78978895978585,0.813030561812581,0.793827540769992,0.81725967778553,0.803550922404037,0.817597887176231,0.705445233866193,0.695994455994456,0.72312777053455,0.708050978067576,0.698340041637752,0.726313725490196,0.715650623885918,0.706723922114047,0.738663171690695,0.752840909090909,0.746606334841629,0.753061224489796
859,0.1,0,0.01538462,180,0.75,0,1,0,45,1,0,0.823513980615384,0.838810291407789,0.825344133619761,0.838632163233597,0.824835496415271,0.840091286717839,0.833241041850899,0.838791445651649,0.73488120950324,0.739265712507779,0.77277970011534,0.73632918245804,0.740948813982522,0.774305555555556,0.747826086956522,0.751097178683386,0.785797438882421,0.755735492577598,0.757404795486601,0.784883720930233
86,0.1,0,0.01538462,180,0.75,0,1,0,28,1,0,0.781407914860702,0.790660588128761,0.78514495574946,0.79567846450783,0.785362374426426,0.796896017267212,0.786681670381678,0.79387317156229,0.667121357561061,0.671107671046363,0.674443704095929,0.67013373962331,0.673915415712912,0.678698334565201,0.684206573282852,0.687602890126955,0.702968277521965,0.713103448275862,0.713872832369942,0.728744939271255
