"param_id","eir_equil","sig_het","ff","trial_duration","trial_PQ_eff_stratum_1","trial_PQ_eff_stratum_2","trial_PQ_prop_stratum_1","trial_PQ_prop_stratum_2","trial_PQ_proph","is_LLIN_distributed","is_IRS_administered","eff_cph_recurrent_LM","eff_cph_recurrent_PCR","eff_cph_any_relapse_LM","eff_cph_any_relapse_PCR","eff_cph_relapse_LM_trial","eff_cph_relapse_PCR_trial","eff_cph_relapse_LM_all","eff_cph_relapse_PCR_all","eff_incid_recurrent_PCR","eff_incid_recurrent_LM","eff_incid_recurrent_D","eff_incid_any_relapse_PCR","eff_incid_any_relapse_LM","eff_incid_any_relapse_D","eff_incid_relapse_PCR","eff_incid_relapse_LM","eff_incid_relapse_D","eff_risk_relapse_PCR","eff_risk_relapse_LM","eff_risk_relapse_D"
530,10,0,0.01538462,180,0.75,0,1,0,28,1,0,0.534873985093615,0.554724591277371,0.619493383625692,0.638752128883791,0.702636870274351,0.680849391484286,0.720322049411889,0.668424258228926,0.6202655764852,0.700056143205858,0.809714285714286,0.680767507862238,0.731178181818182,0.842263157894737,0.733952380952381,0.777419456066946,0.889,0.261398176291793,0.696658097686375,0.888888888888889
531,10,0,0.01538462,180,0.75,0,1,0,28,1,0,0.602259426147053,0.545749624072679,0.665311543589653,0.618217499086368,0.727708721442797,0.670067438787562,0.736248557602449,0.686778883831776,0.626303164219339,0.729720925851093,0.578525894315368,0.685366300152292,0.74925615951257,0.666332999666333,0.733979568333187,0.770675601145246,0.882235176352823,0.28412537917088,0.708222811671088,0.882352941176471
532,10,0,0.01538462,180,0.75,0,1,0,28,1,0,0.497689505903588,0.572673085730425,0.578511559858902,0.669423411796827,0.661282290621703,0.702702069313471,0.726001246239478,0.664168966017099,0.614274814455157,0.685567010309278,0.75,0.677247451343837,0.734985700667302,0.833333333333333,0.731573837055345,0.777426160337553,0.85,0.278622087132725,0.698765432098765,0.842105263157895
