"param_id","eir_equil","sig_het","ff","trial_duration","trial_PQ_eff_stratum_1","trial_PQ_eff_stratum_2","trial_PQ_prop_stratum_1","trial_PQ_prop_stratum_2","trial_PQ_proph","is_LLIN_distributed","is_IRS_administered","eff_cph_recurrent_LM","eff_cph_recurrent_PCR","eff_cph_any_relapse_LM","eff_cph_any_relapse_PCR","eff_cph_relapse_LM_trial","eff_cph_relapse_PCR_trial","eff_cph_relapse_LM_all","eff_cph_relapse_PCR_all","eff_incid_recurrent_PCR","eff_incid_recurrent_LM","eff_incid_recurrent_D","eff_incid_any_relapse_PCR","eff_incid_any_relapse_LM","eff_incid_any_relapse_D","eff_incid_relapse_PCR","eff_incid_relapse_LM","eff_incid_relapse_D","eff_risk_relapse_PCR","eff_risk_relapse_LM","eff_risk_relapse_D"
1384,10,0,0.01538462,180,0.75,0,1,0,45,1,0,0.541531446573135,0.619053042922202,0.570063691523022,0.667752212429679,0.545082005947804,0.689395308929206,0.679986219370648,0.702200570449266,0.656621266100301,0.728058201058201,0.6507,0.711131276190476,0.75247233201581,0.632315789473684,0.743353999301432,0.76211123723042,0.647764705882353,0.277386934673367,0.6484375,0.647058823529412
1385,10,0,0.01538462,180,0.75,0,1,0,45,1,0,0.718986063696551,0.619666630627941,0.729606942603529,0.66895024076632,0.700837334105069,0.683933081576345,0.716335104853858,0.655697248761742,0.624563894380119,0.690125,0.704,0.682927113702624,0.736403490759754,0.652521739130435,0.719266062528319,0.754344262295082,0.619428571428571,0.267206477732793,0.689373297002725,0.619047619047619
1386,10,0,0.01538462,180,0.75,0,1,0,45,1,0,0.518578512317152,0.618095129086252,0.557796591069696,0.673724073237693,0.65330251661779,0.692210231599113,0.685557081667306,0.668135866858488,0.639784946236559,0.653882132834425,0.7,0.694341701424412,0.678350515463918,0.625,0.72980751933801,0.712247324613555,0.666666666666667,0.274747474747475,0.665745856353591,0.642857142857143
