"param_id","eir_equil","sig_het","ff","trial_duration","trial_PQ_eff_stratum_1","trial_PQ_eff_stratum_2","trial_PQ_prop_stratum_1","trial_PQ_prop_stratum_2","trial_PQ_proph","is_LLIN_distributed","is_IRS_administered","eff_cph_recurrent_LM","eff_cph_recurrent_PCR","eff_cph_any_relapse_LM","eff_cph_any_relapse_PCR","eff_cph_relapse_LM_trial","eff_cph_relapse_PCR_trial","eff_cph_relapse_LM_all","eff_cph_relapse_PCR_all","eff_incid_recurrent_PCR","eff_incid_recurrent_LM","eff_incid_recurrent_D","eff_incid_any_relapse_PCR","eff_incid_any_relapse_LM","eff_incid_any_relapse_D","eff_incid_relapse_PCR","eff_incid_relapse_LM","eff_incid_relapse_D","eff_risk_relapse_PCR","eff_risk_relapse_LM","eff_risk_relapse_D"
1581,100,0,0.01538462,180,0.75,0,1,0,45,1,0,0.441591044753213,0.350257940377381,0.597771188683716,0.546716427515126,0.688682284733968,0.509092589345159,0.710174879967493,0.536992343811713,0.434278654219246,0.571317349095127,0.530142387285244,0.573730001525211,0.653627925879235,0.593343343343343,0.709475827747245,0.779065992987894,0.74974974974975,0.117290192113246,0.650793650793651,0.75
1582,100,0,0.01538462,180,0.75,0,1,0,45,1,0,0.424378775813743,0.353306981038127,0.60331220608299,0.527672014229674,0.640725984038995,0.486481477175121,0.747649289956498,0.586925470185641,0.442445887776674,0.63462534351145,0.5945625,0.588163863021929,0.721605698529412,0.814325581395349,0.726840371449875,0.825518581081081,0.958416666666667,0.116279069767442,0.722477064220183,0.956521739130435
1583,100,0,0.01538462,180,0.75,0,1,0,45,1,0,0.492955541439676,0.339676615231716,0.624269151468861,0.578264031510118,0.755374966262449,0.518978825257623,0.695953533105067,0.520011864068686,0.435128434973852,0.608345590488448,0.631984926102573,0.576926451266472,0.679039641427982,0.803725293921372,0.700390792850519,0.77909505596802,0.888777666555444,0.107287449392713,0.657957244655582,0.884615384615385
