"param_id","eir_equil","sig_het","ff","trial_duration","trial_PQ_eff_stratum_1","trial_PQ_eff_stratum_2","trial_PQ_prop_stratum_1","trial_PQ_prop_stratum_2","trial_PQ_proph","is_LLIN_distributed","is_IRS_administered","eff_cph_recurrent_LM","eff_cph_recurrent_PCR","eff_cph_any_relapse_LM","eff_cph_any_relapse_PCR","eff_cph_relapse_LM_trial","eff_cph_relapse_PCR_trial","eff_cph_relapse_LM_all","eff_cph_relapse_PCR_all","eff_incid_recurrent_PCR","eff_incid_recurrent_LM","eff_incid_recurrent_D","eff_incid_any_relapse_PCR","eff_incid_any_relapse_LM","eff_incid_any_relapse_D","eff_incid_relapse_PCR","eff_incid_relapse_LM","eff_incid_relapse_D","eff_risk_relapse_PCR","eff_risk_relapse_LM","eff_risk_relapse_D"
399,1,0,0.01538462,180,0.75,0,1,0,28,1,0,0.640217230494735,0.699399256578583,0.704271175603257,0.756341777241961,0.751626437630109,0.786492581455745,0.782857971608198,0.80762521442642,0.673603504928806,0.667870036101083,0.623076923076923,0.71453488372093,0.713427947598253,0.661290322580645,0.750711800063271,0.756532066508314,0.692982456140351,0.666274970622797,0.690856313497823,0.68
4,0.1,0,0.01538462,180,0.75,0,1,0,28,1,0,0.840044539496711,0.854139746813911,0.844878392734577,0.854618790604039,0.848819194792704,0.857962313181398,0.850221650082298,0.859667449692759,0.770479598294168,0.768870645793723,0.786096684920214,0.773070671488231,0.771284926682317,0.789622563740211,0.784799603074233,0.784320500809232,0.802550786080198,0.78125,0.777929155313351,0.798039215686275
40,0.1,0,0.01538462,180,0.75,0,1,0,28,1,0,0.807314519667314,0.817806888041839,0.814674769612568,0.823186278989335,0.816110997441567,0.824140734138489,0.839037280880698,0.841152384623858,0.720669010275825,0.716271473354232,0.729682352941176,0.723370470524608,0.719403134796238,0.732032941176471,0.737247830802603,0.734728813559322,0.748487058823529,0.754054054054054,0.75954738330976,0.760700389105058
