"param_id","eir_equil","sig_het","ff","trial_duration","trial_PQ_eff_stratum_1","trial_PQ_eff_stratum_2","trial_PQ_prop_stratum_1","trial_PQ_prop_stratum_2","trial_PQ_proph","is_LLIN_distributed","is_IRS_administered","eff_cph_recurrent_LM","eff_cph_recurrent_PCR","eff_cph_any_relapse_LM","eff_cph_any_relapse_PCR","eff_cph_relapse_LM_trial","eff_cph_relapse_PCR_trial","eff_cph_relapse_LM_all","eff_cph_relapse_PCR_all","eff_incid_recurrent_PCR","eff_incid_recurrent_LM","eff_incid_recurrent_D","eff_incid_any_relapse_PCR","eff_incid_any_relapse_LM","eff_incid_any_relapse_D","eff_incid_relapse_PCR","eff_incid_relapse_LM","eff_incid_relapse_D","eff_risk_relapse_PCR","eff_risk_relapse_LM","eff_risk_relapse_D"
1043,1,0,0.01538462,180,0.75,0,1,0,45,1,0,0.69118287553594,0.707145262342765,0.721239116704637,0.747873965844539,0.733885165042841,0.758512295216434,0.775196190619434,0.784048098347147,0.676304023845008,0.669848399775407,0.7,0.705286483064261,0.698988697204045,0.730769230769231,0.726530612244898,0.72296865003199,0.785714285714286,0.650121065375303,0.695652173913043,0.755813953488372
1044,1,0,0.01538462,180,0.75,0,1,0,45,1,0,0.673734265212589,0.705776512719781,0.700558747292474,0.740965170841221,0.732969830228341,0.757944662614553,0.772646563046839,0.78108098912638,0.687595779794884,0.673464486224357,0.643711151115791,0.711925155794618,0.696929398677985,0.702404809619238,0.726632744720688,0.716246812600755,0.735584376299769,0.624852071005917,0.665271966527197,0.752577319587629
1045,1,0,0.01538462,180,0.75,0,1,0,45,1,0,0.717073995442058,0.730757686746697,0.754953081705553,0.758292166306788,0.778173685766845,0.773971318093406,0.775424807851276,0.794677597183782,0.678119006849315,0.67970206185567,0.725275,0.710026387625114,0.706533406957482,0.7336,0.732607258587168,0.733639548693587,0.788532846715328,0.66547192353644,0.703757225433526,0.747747747747748
