"param_id","eir_equil","sig_het","ff","trial_duration","trial_PQ_eff_stratum_1","trial_PQ_eff_stratum_2","trial_PQ_prop_stratum_1","trial_PQ_prop_stratum_2","trial_PQ_proph","is_LLIN_distributed","is_IRS_administered","eff_cph_recurrent_LM","eff_cph_recurrent_PCR","eff_cph_any_relapse_LM","eff_cph_any_relapse_PCR","eff_cph_relapse_LM_trial","eff_cph_relapse_PCR_trial","eff_cph_relapse_LM_all","eff_cph_relapse_PCR_all","eff_incid_recurrent_PCR","eff_incid_recurrent_LM","eff_incid_recurrent_D","eff_incid_any_relapse_PCR","eff_incid_any_relapse_LM","eff_incid_any_relapse_D","eff_incid_relapse_PCR","eff_incid_relapse_LM","eff_incid_relapse_D","eff_risk_relapse_PCR","eff_risk_relapse_LM","eff_risk_relapse_D"
671,100,0,0.01538462,180,0.75,0,1,0,28,1,0,0.43455026499364,0.281162940267332,0.549068398547802,0.428299269806637,0.65954289530955,0.562868317435926,0.698280275045054,0.563392424574201,0.37249218332952,0.521525286581254,0.411892857142857,0.518849493813273,0.595088400613183,0.448473684210526,0.717626175813765,0.746065481758653,0.589058823529412,0.120724346076459,0.645390070921986,0.588235294117647
672,100,0,0.01538462,180,0.75,0,1,0,28,1,0,0.359607612354109,0.279409188068503,0.526770688739407,0.579722733780792,0.716871091123834,0.685832827676983,0.742352454323235,0.570718625220306,0.381410997251971,0.547080661491731,0.579710144927536,0.529349510526515,0.638985579313774,0.604166666666667,0.735104724462821,0.792035398230089,0.708333333333333,0.123983739837398,0.704387990762125,0.695652173913043
673,100,0,0.01538462,180,0.75,0,1,0,28,1,0,0.387802410302922,0.276510749351607,0.527309999212005,0.541731237098815,0.692585076022,0.590216975263058,0.729773340902227,0.581143597400065,0.37862129286147,0.566597309451439,0.647181687318299,0.525991066506831,0.65665929014427,0.73022969014953,0.725502686015653,0.813540123725712,0.930896275309239,0.14616935483871,0.694252873563218,0.928571428571429
