"param_id","eir_equil","sig_het","ff","trial_duration","trial_PQ_eff_stratum_1","trial_PQ_eff_stratum_2","trial_PQ_prop_stratum_1","trial_PQ_prop_stratum_2","trial_PQ_proph","is_LLIN_distributed","is_IRS_administered","eff_cph_recurrent_LM","eff_cph_recurrent_PCR","eff_cph_any_relapse_LM","eff_cph_any_relapse_PCR","eff_cph_relapse_LM_trial","eff_cph_relapse_PCR_trial","eff_cph_relapse_LM_all","eff_cph_relapse_PCR_all","eff_incid_recurrent_PCR","eff_incid_recurrent_LM","eff_incid_recurrent_D","eff_incid_any_relapse_PCR","eff_incid_any_relapse_LM","eff_incid_any_relapse_D","eff_incid_relapse_PCR","eff_incid_relapse_LM","eff_incid_relapse_D","eff_risk_relapse_PCR","eff_risk_relapse_LM","eff_risk_relapse_D"
852,0.1,0,0.01538462,180,0.75,0,1,0,45,1,0,0.795208871209192,0.825847328816052,0.794593730580257,0.821732654758503,0.79612827823531,0.824604440156552,0.818175404569762,0.824800305599055,0.695353748680042,0.700844390832328,0.673012318029115,0.696343402225755,0.701998788612962,0.674915635545557,0.708935259497057,0.714984709480122,0.695356738391846,0.730201342281879,0.72752808988764,0.707547169811321
853,0.1,0,0.01538462,180,0.75,0,1,0,45,1,0,0.805577256099163,0.83278592824243,0.815615840730497,0.836424405920851,0.818189141883612,0.838120763225172,0.82716439820304,0.837582389895547,0.724507042253521,0.717731421121252,0.730631704410012,0.728966685488425,0.722222222222222,0.735961768219833,0.737825594563986,0.732459016393443,0.749400479616307,0.764390896921017,0.762306610407876,0.768339768339768
854,0.1,0,0.01538462,180,0.75,0,1,0,45,1,0,0.783629176107186,0.81402971740773,0.786465281199594,0.813633141167787,0.785369356946048,0.814266349230462,0.807865104097242,0.82161917573674,0.678330015408667,0.676280298444913,0.695957639882874,0.678370591561121,0.676739767707929,0.696772796188001,0.695051790182028,0.692904392643296,0.718027887041972,0.737931034482759,0.729136163982431,0.739130434782609
