"param_id","eir_equil","sig_het","ff","trial_duration","trial_PQ_eff_stratum_1","trial_PQ_eff_stratum_2","trial_PQ_prop_stratum_1","trial_PQ_prop_stratum_2","trial_PQ_proph","is_LLIN_distributed","is_IRS_administered","eff_cph_recurrent_LM","eff_cph_recurrent_PCR","eff_cph_any_relapse_LM","eff_cph_any_relapse_PCR","eff_cph_relapse_LM_trial","eff_cph_relapse_PCR_trial","eff_cph_relapse_LM_all","eff_cph_relapse_PCR_all","eff_incid_recurrent_PCR","eff_incid_recurrent_LM","eff_incid_recurrent_D","eff_incid_any_relapse_PCR","eff_incid_any_relapse_LM","eff_incid_any_relapse_D","eff_incid_relapse_PCR","eff_incid_relapse_LM","eff_incid_relapse_D","eff_risk_relapse_PCR","eff_risk_relapse_LM","eff_risk_relapse_D"
606,100,0,0.01538462,180,0.75,0,1,0,28,1,0,0.436749405653927,0.245625613324929,0.459024697771102,0.609709122166594,0.602142673309633,0.65345459882817,0.71592034361715,0.55531404892557,0.377943415820268,0.586901572510192,0.493657534246575,0.51922538071066,0.644913265306122,0.609086956521739,0.709490634898774,0.781952012383901,0.862206896551724,0.131790744466801,0.677927927927928,0.862068965517241
607,100,0,0.01538462,180,0.75,0,1,0,28,1,0,0.296855896507916,0.282168970977928,0.453862521976767,0.549103321899495,0.606223684447018,0.631220052885039,0.679916171401741,0.569624955080178,0.384209092007911,0.515794864632074,0.421643866088311,0.528598147372309,0.613464984665782,0.295591888184481,0.729694377887804,0.778137648992797,0.64670552905847,0.138804457953394,0.652278177458034,0.625
608,100,0,0.01538462,180,0.75,0,1,0,28,1,0,0.306834831364433,0.25426551698052,0.398174481167784,0.521842222175691,0.574581589895726,0.62974575137165,0.737683724205459,0.607442723958183,0.374283104095823,0.544518473652332,0.380952380952381,0.518392777197433,0.634510869565217,0.4,0.726317929258707,0.827000808407437,0.5625,0.1417004048583,0.698412698412698,0.6875
