"param_id","eir_equil","sig_het","ff","trial_duration","trial_PQ_eff_stratum_1","trial_PQ_eff_stratum_2","trial_PQ_prop_stratum_1","trial_PQ_prop_stratum_2","trial_PQ_proph","is_LLIN_distributed","is_IRS_administered","eff_cph_recurrent_LM","eff_cph_recurrent_PCR","eff_cph_any_relapse_LM","eff_cph_any_relapse_PCR","eff_cph_relapse_LM_trial","eff_cph_relapse_PCR_trial","eff_cph_relapse_LM_all","eff_cph_relapse_PCR_all","eff_incid_recurrent_PCR","eff_incid_recurrent_LM","eff_incid_recurrent_D","eff_incid_any_relapse_PCR","eff_incid_any_relapse_LM","eff_incid_any_relapse_D","eff_incid_relapse_PCR","eff_incid_relapse_LM","eff_incid_relapse_D","eff_risk_relapse_PCR","eff_risk_relapse_LM","eff_risk_relapse_D"
536,10,0,0.01538462,180,0.75,0,1,0,28,1,0,0.572987216889291,0.550171959888979,0.559600711084347,0.635115250877247,0.629504612148791,0.674168673108521,0.724589570249625,0.674492150166945,0.600653463950948,0.696261862917399,0.857285714285714,0.662580571697817,0.744396484375,0.852,0.715165640839971,0.773162844036697,0.92008,0.246200607902736,0.677581863979849,0.916666666666667
537,10,0,0.01538462,180,0.75,0,1,0,28,1,0,0.461600099813455,0.56560090064436,0.587561443817029,0.646105986291562,0.661643264331021,0.693736026401512,0.703348228407173,0.680222687708488,0.623622271208135,0.716332378223496,0.727272727272727,0.684974747474747,0.751599147121535,0.764705882352941,0.735481521937011,0.795266272189349,0.866666666666667,0.287588294651867,0.683473389355742,0.846153846153846
538,10,0,0.01538462,180,0.75,0,1,0,28,1,0,0.57044993189254,0.553520618167093,0.628011152320754,0.616639676326738,0.64574879823533,0.693715037675106,0.672748133803875,0.67011836791886,0.606248990528774,0.692782213107416,0.5995995995996,0.669126830876577,0.728331935539143,0.5995995995996,0.728222846502416,0.768415697619237,0.614999614999615,0.274924471299094,0.660919540229885,0.615384615384615
