"param_id","eir_equil","sig_het","ff","trial_duration","trial_PQ_eff_stratum_1","trial_PQ_eff_stratum_2","trial_PQ_prop_stratum_1","trial_PQ_prop_stratum_2","trial_PQ_proph","is_LLIN_distributed","is_IRS_administered","eff_cph_recurrent_LM","eff_cph_recurrent_PCR","eff_cph_any_relapse_LM","eff_cph_any_relapse_PCR","eff_cph_relapse_LM_trial","eff_cph_relapse_PCR_trial","eff_cph_relapse_LM_all","eff_cph_relapse_PCR_all","eff_incid_recurrent_PCR","eff_incid_recurrent_LM","eff_incid_recurrent_D","eff_incid_any_relapse_PCR","eff_incid_any_relapse_LM","eff_incid_any_relapse_D","eff_incid_relapse_PCR","eff_incid_relapse_LM","eff_incid_relapse_D","eff_risk_relapse_PCR","eff_risk_relapse_LM","eff_risk_relapse_D"
209,1,0,0.01538462,180,0.75,0,1,0,28,1,0,0.683332634548628,0.68128666077844,0.71289636400656,0.740952179606921,0.753207775246243,0.755598426031099,0.793578462617374,0.804504316925858,0.671501706484642,0.659618359979371,0.713235294117647,0.712898330804249,0.704836020011117,0.755905511811024,0.752390372568414,0.751371115173675,0.846153846153846,0.674278846153846,0.708272859216255,0.836538461538462
21,0.1,0,0.01538462,180,0.75,0,1,0,28,1,0,0.809050031279873,0.834953532932905,0.812670934095328,0.835383394236919,0.813648676919039,0.840096573921128,0.834376467849398,0.839508984236588,0.7271483871567,0.727752390134809,0.746344073537503,0.729424004804033,0.730536770752661,0.748868013104294,0.745124708089054,0.74649698865107,0.771006659784215,0.768275862068965,0.769119769119769,0.762745098039216
210,1,0,0.01538462,180,0.75,0,1,0,28,1,0,0.679297651000945,0.691355027377876,0.701900800455012,0.729776539052755,0.75412820797129,0.758770509090479,0.763896200111896,0.783417893895393,0.655981682884946,0.66649377593361,0.654929577464789,0.692541856925419,0.698614958448753,0.66412213740458,0.722295081967213,0.735399284862932,0.672131147540984,0.643985419198056,0.675226586102719,0.684684684684685
