"param_id","eir_equil","sig_het","ff","trial_duration","trial_PQ_eff_stratum_1","trial_PQ_eff_stratum_2","trial_PQ_prop_stratum_1","trial_PQ_prop_stratum_2","trial_PQ_proph","is_LLIN_distributed","is_IRS_administered","eff_cph_recurrent_LM","eff_cph_recurrent_PCR","eff_cph_any_relapse_LM","eff_cph_any_relapse_PCR","eff_cph_relapse_LM_trial","eff_cph_relapse_PCR_trial","eff_cph_relapse_LM_all","eff_cph_relapse_PCR_all","eff_incid_recurrent_PCR","eff_incid_recurrent_LM","eff_incid_recurrent_D","eff_incid_any_relapse_PCR","eff_incid_any_relapse_LM","eff_incid_any_relapse_D","eff_incid_relapse_PCR","eff_incid_relapse_LM","eff_incid_relapse_D","eff_risk_relapse_PCR","eff_risk_relapse_LM","eff_risk_relapse_D"
339,1,0,0.01538462,180,0.75,0,1,0,28,1,0,0.716286631751089,0.724907250018128,0.767282694760724,0.767014678758302,0.780236763327476,0.783962994470313,0.781463377457853,0.810231976584643,0.66969013271783,0.660899784482759,0.628279069767442,0.702068681318681,0.692746446844798,0.689386554621849,0.728078981723238,0.716929620563036,0.691218181818182,0.665127020785219,0.688034188034188,0.722772277227723
34,0.1,0,0.01538462,180,0.75,0,1,0,28,1,0,0.804301915589153,0.823344882276163,0.80591974166798,0.823756698012718,0.809105195293319,0.826935144627078,0.81362350183233,0.827254249456297,0.708986956521739,0.697503816793893,0.708725301204819,0.710284543965046,0.699726228462029,0.713194209891435,0.7225,0.713470096463023,0.733193902439024,0.741633199464525,0.738197424892704,0.762278978388998
340,1,0,0.01538462,180,0.75,0,1,0,28,1,0,0.724562808335199,0.708830083795786,0.766481485991737,0.760732390253277,0.776178786706896,0.779180241725169,0.804532781360358,0.807671192412178,0.705986272616229,0.728836641519568,0.703493348420885,0.738287238287238,0.757888277888278,0.730698952921175,0.758013163718393,0.775521130195351,0.743876619982815,0.673278879813302,0.726008344923505,0.727272727272727
