"param_id","eir_equil","sig_het","ff","trial_duration","trial_PQ_eff_stratum_1","trial_PQ_eff_stratum_2","trial_PQ_prop_stratum_1","trial_PQ_prop_stratum_2","trial_PQ_proph","is_LLIN_distributed","is_IRS_administered","eff_cph_recurrent_LM","eff_cph_recurrent_PCR","eff_cph_any_relapse_LM","eff_cph_any_relapse_PCR","eff_cph_relapse_LM_trial","eff_cph_relapse_PCR_trial","eff_cph_relapse_LM_all","eff_cph_relapse_PCR_all","eff_incid_recurrent_PCR","eff_incid_recurrent_LM","eff_incid_recurrent_D","eff_incid_any_relapse_PCR","eff_incid_any_relapse_LM","eff_incid_any_relapse_D","eff_incid_relapse_PCR","eff_incid_relapse_LM","eff_incid_relapse_D","eff_risk_relapse_PCR","eff_risk_relapse_LM","eff_risk_relapse_D"
247,1,0,0.01538462,180,0.75,0,1,0,28,1,0,0.577702702220676,0.632880573242151,0.611796788508405,0.672813718682026,0.640086141449593,0.710291589193221,0.72758255158225,0.747866287557343,0.616529191832039,0.620434508153603,0.614944881889764,0.648868948504471,0.649963677639046,0.656151260504202,0.673080623306233,0.668581613508443,0.697035714285714,0.606658446362515,0.632530120481928,0.67
248,1,0,0.01538462,180,0.75,0,1,0,28,1,0,0.655514847342973,0.678130751025967,0.709387271084491,0.736371251578101,0.753235968068582,0.768992808152245,0.769461801018045,0.800120254301951,0.65673969866842,0.657815418081789,0.688577466355244,0.699795306290053,0.699935506767073,0.729888618777508,0.731114998031013,0.726654593911231,0.811286696532598,0.664259927797834,0.685157421289355,0.819047619047619
249,1,0,0.01538462,180,0.75,0,1,0,28,1,0,0.635572910493242,0.687759193247987,0.665541308971184,0.731350730286131,0.698689129978094,0.752675266013802,0.751619458942229,0.7929305095112,0.658696270993453,0.636939313984169,0.629032258064516,0.69473046638401,0.672635702294348,0.64957264957265,0.725848563968668,0.700424499696786,0.663636363636364,0.6626936829559,0.668148148148148,0.681318681318681
