"param_id","eir_equil","sig_het","ff","trial_duration","trial_PQ_eff_stratum_1","trial_PQ_eff_stratum_2","trial_PQ_prop_stratum_1","trial_PQ_prop_stratum_2","trial_PQ_proph","is_LLIN_distributed","is_IRS_administered","eff_cph_recurrent_LM","eff_cph_recurrent_PCR","eff_cph_any_relapse_LM","eff_cph_any_relapse_PCR","eff_cph_relapse_LM_trial","eff_cph_relapse_PCR_trial","eff_cph_relapse_LM_all","eff_cph_relapse_PCR_all","eff_incid_recurrent_PCR","eff_incid_recurrent_LM","eff_incid_recurrent_D","eff_incid_any_relapse_PCR","eff_incid_any_relapse_LM","eff_incid_any_relapse_D","eff_incid_relapse_PCR","eff_incid_relapse_LM","eff_incid_relapse_D","eff_risk_relapse_PCR","eff_risk_relapse_LM","eff_risk_relapse_D"
1165,1,0,0.01538462,180,0.75,0,1,0,45,1,0,0.707923426302359,0.721777141386622,0.742759803054064,0.761829232276535,0.762682206713959,0.773553677409892,0.784006543198839,0.796276809169806,0.69037399313121,0.704319408046863,0.663999327325981,0.719695274677297,0.735045048911662,0.698946765711875,0.742748346400022,0.75928285141712,0.717459111771931,0.66504854368932,0.705089820359281,0.714285714285714
1166,1,0,0.01538462,180,0.75,0,1,0,45,1,0,0.643938621888734,0.686241760816889,0.702546745170821,0.741621214738275,0.738368735612527,0.761374459898451,0.784631066896654,0.805350098562242,0.683090909090909,0.676912714429869,0.584416,0.719838709677419,0.713652173913043,0.65035,0.730952941176471,0.728608899297424,0.70464347826087,0.667057444314185,0.6987087517934,0.738317757009346
1167,1,0,0.01538462,180,0.75,0,1,0,45,1,0,0.654976707499702,0.737022539338437,0.715779681926109,0.784722147084015,0.743933922711981,0.806935846883118,0.781737792519121,0.808396052165928,0.697478991596639,0.683026584867076,0.584,0.733431952662722,0.718950749464668,0.646017699115044,0.747074122236671,0.736250739207569,0.637254901960784,0.68187274909964,0.695461200585652,0.666666666666667
