"param_id","eir_equil","sig_het","ff","trial_duration","trial_PQ_eff_stratum_1","trial_PQ_eff_stratum_2","trial_PQ_prop_stratum_1","trial_PQ_prop_stratum_2","trial_PQ_proph","is_LLIN_distributed","is_IRS_administered","eff_cph_recurrent_LM","eff_cph_recurrent_PCR","eff_cph_any_relapse_LM","eff_cph_any_relapse_PCR","eff_cph_relapse_LM_trial","eff_cph_relapse_PCR_trial","eff_cph_relapse_LM_all","eff_cph_relapse_PCR_all","eff_incid_recurrent_PCR","eff_incid_recurrent_LM","eff_incid_recurrent_D","eff_incid_any_relapse_PCR","eff_incid_any_relapse_LM","eff_incid_any_relapse_D","eff_incid_relapse_PCR","eff_incid_relapse_LM","eff_incid_relapse_D","eff_risk_relapse_PCR","eff_risk_relapse_LM","eff_risk_relapse_D"
1592,100,0,0.01538462,180,0.75,0,1,0,45,1,0,0.402891309828102,0.314996574715362,0.518898632400795,0.563882265538454,0.6295642111451,0.564133920292001,0.747247256179857,0.570443471905581,0.439644931788578,0.609451605662457,0.657877398632882,0.583510228549585,0.68890448790866,0.745353452002043,0.719308386433491,0.819772606437364,0.708625584502338,0.134072580645161,0.713004484304933,0.684210526315789
1593,100,0,0.01538462,180,0.75,0,1,0,45,1,0,0.443656390497648,0.368429521106184,0.557125565580193,0.552702458875015,0.678215792544746,0.531008337033395,0.714817175455331,0.561098340149761,0.439333270038993,0.606432197524446,0.675025727129936,0.577664914311969,0.679578435079387,0.665998663994656,0.714910993535188,0.780129773785427,0.806063740383994,0.127401415571284,0.674887892376682,0.785714285714286
1594,100,0,0.01538462,180,0.75,0,1,0,45,1,0,0.47908516776424,0.366853236794178,0.593856104636535,0.597816241129493,0.598524320527265,0.574247551185651,0.752906354380204,0.551784345060973,0.436469472010668,0.643086816720257,0.662162162162162,0.575139706992901,0.722996515679442,0.7,0.713689594831068,0.825422365245374,0.666666666666667,0.128934010152284,0.705240174672489,0.708333333333333
