"param_id","eir_equil","sig_het","ff","trial_duration","trial_PQ_eff_stratum_1","trial_PQ_eff_stratum_2","trial_PQ_prop_stratum_1","trial_PQ_prop_stratum_2","trial_PQ_proph","is_LLIN_distributed","is_IRS_administered","eff_cph_recurrent_LM","eff_cph_recurrent_PCR","eff_cph_any_relapse_LM","eff_cph_any_relapse_PCR","eff_cph_relapse_LM_trial","eff_cph_relapse_PCR_trial","eff_cph_relapse_LM_all","eff_cph_relapse_PCR_all","eff_incid_recurrent_PCR","eff_incid_recurrent_LM","eff_incid_recurrent_D","eff_incid_any_relapse_PCR","eff_incid_any_relapse_LM","eff_incid_any_relapse_D","eff_incid_relapse_PCR","eff_incid_relapse_LM","eff_incid_relapse_D","eff_risk_relapse_PCR","eff_risk_relapse_LM","eff_risk_relapse_D"
82,0.1,0,0.01538462,180,0.75,0,1,0,28,1,0,0.794713590027926,0.817371734694893,0.796556882285108,0.814227552200374,0.799993985559289,0.818099319307503,0.816807599641531,0.826539860618863,0.694647887323944,0.690675241157556,0.729794933655006,0.696317280453258,0.692755498059508,0.732121212121212,0.701202060675444,0.697385620915033,0.73992673992674,0.73841961852861,0.734957020057307,0.736418511066398
820,0.1,0,0.01538462,180,0.75,0,1,0,45,1,0,0.816504806752833,0.835968914796464,0.820149329108613,0.836019214740334,0.820547029758807,0.841344668183465,0.83581625291073,0.844577974431821,0.715421303656598,0.713669950738916,0.725768321513002,0.717021276595745,0.715080346106304,0.729857819905213,0.745066666666667,0.744733581164808,0.765755053507729,0.767105263157895,0.764137931034483,0.788349514563107
821,0.1,0,0.01538462,180,0.75,0,1,0,45,1,0,0.819474475653623,0.834832176457307,0.829394404758745,0.842520408948384,0.831142874923589,0.843993472722583,0.854016405072672,0.857844965114042,0.760188266666667,0.767695302843016,0.778697940503433,0.765537145911277,0.772819814241486,0.783907110091743,0.780358531317495,0.787248435544431,0.799678983833718,0.780713342140026,0.786111111111111,0.795801526717557
