"param_id","eir_equil","sig_het","ff","trial_duration","trial_PQ_eff_stratum_1","trial_PQ_eff_stratum_2","trial_PQ_prop_stratum_1","trial_PQ_prop_stratum_2","trial_PQ_proph","is_LLIN_distributed","is_IRS_administered","eff_cph_recurrent_LM","eff_cph_recurrent_PCR","eff_cph_any_relapse_LM","eff_cph_any_relapse_PCR","eff_cph_relapse_LM_trial","eff_cph_relapse_PCR_trial","eff_cph_relapse_LM_all","eff_cph_relapse_PCR_all","eff_incid_recurrent_PCR","eff_incid_recurrent_LM","eff_incid_recurrent_D","eff_incid_any_relapse_PCR","eff_incid_any_relapse_LM","eff_incid_any_relapse_D","eff_incid_relapse_PCR","eff_incid_relapse_LM","eff_incid_relapse_D","eff_risk_relapse_PCR","eff_risk_relapse_LM","eff_risk_relapse_D"
869,0.1,0,0.01538462,180,0.75,0,1,0,45,1,0,0.800778895885422,0.82488227822235,0.797980169166001,0.823818632659633,0.796937914354234,0.822973404951199,0.828749561716245,0.838593127029531,0.736929922135706,0.735236859182349,0.754037267080745,0.737165178571429,0.735849056603774,0.754037267080745,0.742025741466144,0.741682974559687,0.76214196762142,0.747651006711409,0.747142857142857,0.763888888888889
87,0.1,0,0.01538462,180,0.75,0,1,0,28,1,0,0.762100334312409,0.804387385164631,0.766126112337434,0.809399361423148,0.771748067086202,0.816447972903184,0.806777629932852,0.820082823108351,0.713200640341515,0.710363636363636,0.685587885985748,0.716717508055854,0.713335807050093,0.687363309352518,0.735289260658392,0.731611940298508,0.711132530120482,0.735135135135135,0.73,0.726190476190476
870,0.1,0,0.01538462,180,0.75,0,1,0,45,1,0,0.815519393110256,0.841056383569314,0.820239857198627,0.843464624340824,0.821601347669328,0.847724653492214,0.838057761716175,0.844108897577849,0.74473343605547,0.744284697508897,0.735563192904656,0.746768437338834,0.746784991066111,0.736608017817372,0.756837739761534,0.757517654099342,0.750779395296753,0.763089005235602,0.766990291262136,0.764485981308411
