"param_id","eir_equil","sig_het","ff","trial_duration","trial_PQ_eff_stratum_1","trial_PQ_eff_stratum_2","trial_PQ_prop_stratum_1","trial_PQ_prop_stratum_2","trial_PQ_proph","is_LLIN_distributed","is_IRS_administered","eff_cph_recurrent_LM","eff_cph_recurrent_PCR","eff_cph_any_relapse_LM","eff_cph_any_relapse_PCR","eff_cph_relapse_LM_trial","eff_cph_relapse_PCR_trial","eff_cph_relapse_LM_all","eff_cph_relapse_PCR_all","eff_incid_recurrent_PCR","eff_incid_recurrent_LM","eff_incid_recurrent_D","eff_incid_any_relapse_PCR","eff_incid_any_relapse_LM","eff_incid_any_relapse_D","eff_incid_relapse_PCR","eff_incid_relapse_LM","eff_incid_relapse_D","eff_risk_relapse_PCR","eff_risk_relapse_LM","eff_risk_relapse_D"
1432,100,0,0.01538462,180,0.75,0,1,0,45,1,0,0.356723949927157,0.343670919079365,0.464935962061322,0.614492314247479,0.518801697509136,0.578804140640104,0.718407417206202,0.568265696786921,0.445508591065292,0.593868930498255,0.458875,0.584883377209477,0.692870203694931,0.59415625,0.72060487804878,0.82249173553719,0.6004,0.126135216952573,0.687224669603524,0.6
1433,100,0,0.01538462,180,0.75,0,1,0,45,1,0,0.516568028064017,0.328499560963437,0.610275469273279,0.527528376522707,0.693418434784849,0.513550274353327,0.747144786379802,0.552826798283566,0.434124642830853,0.649204717993138,0.549824286253667,0.581659953875822,0.733549495995737,0.701530721016501,0.716942973114462,0.851937552080105,0.861792550618478,0.153535353535354,0.714634146341463,0.846153846153846
1434,100,0,0.01538462,180,0.75,0,1,0,45,1,0,0.465384163101142,0.393418837028238,0.639142598161921,0.590364664878706,0.767741557880866,0.587162387764663,0.74325728782696,0.589565384845433,0.448699851328632,0.590972507393585,0.745760177070559,0.588267715852538,0.687088322508943,0.832999331997328,0.733081527007816,0.81081628587166,0.866399465597862,0.146881287726358,0.693832599118943,0.857142857142857
