"param_id","eir_equil","sig_het","ff","trial_duration","trial_PQ_eff_stratum_1","trial_PQ_eff_stratum_2","trial_PQ_prop_stratum_1","trial_PQ_prop_stratum_2","trial_PQ_proph","is_LLIN_distributed","is_IRS_administered","eff_cph_recurrent_LM","eff_cph_recurrent_PCR","eff_cph_any_relapse_LM","eff_cph_any_relapse_PCR","eff_cph_relapse_LM_trial","eff_cph_relapse_PCR_trial","eff_cph_relapse_LM_all","eff_cph_relapse_PCR_all","eff_incid_recurrent_PCR","eff_incid_recurrent_LM","eff_incid_recurrent_D","eff_incid_any_relapse_PCR","eff_incid_any_relapse_LM","eff_incid_any_relapse_D","eff_incid_relapse_PCR","eff_incid_relapse_LM","eff_incid_relapse_D","eff_risk_relapse_PCR","eff_risk_relapse_LM","eff_risk_relapse_D"
78,0.1,0,0.01538462,180,0.75,0,1,0,28,1,0,0.834520248984035,0.85258739662904,0.837404466476705,0.85405392459698,0.836484078449211,0.854291609337877,0.856991785270876,0.86504664030252,0.771407937054298,0.760188280085217,0.778917265135253,0.771547336454457,0.760417472554075,0.7787938645788,0.785782146869902,0.776214914144475,0.796467935871743,0.79023746701847,0.788888888888889,0.79696394686907
780,100,0,0.01538462,180,0.75,0,1,0,28,1,0,0.3543527312461,0.289103896722549,0.474115269711029,0.520799547833317,0.651381119362937,0.588843794847911,0.738150990923964,0.57695197768876,0.386601961995983,0.58939406779661,0.530772727272727,0.529554370111626,0.654605829596413,0.625375,0.729572895980278,0.828079069767442,0.7669,0.161616161616162,0.721132897603486,0.75
781,100,0,0.01538462,180,0.75,0,1,0,28,1,0,0.333675679220905,0.236242368001947,0.500799407601029,0.567343315690639,0.678024216715221,0.616918421867761,0.723661379883537,0.581389326153373,0.372621419865514,0.551495602528409,0.549549549549549,0.52535491751178,0.641014094491963,0.642499642499643,0.722564365273989,0.815871990462793,0.71971971971972,0.151515151515151,0.678321678321678,0.739130434782609
