"param_id","eir_equil","sig_het","ff","trial_duration","trial_PQ_eff_stratum_1","trial_PQ_eff_stratum_2","trial_PQ_prop_stratum_1","trial_PQ_prop_stratum_2","trial_PQ_proph","is_LLIN_distributed","is_IRS_administered","eff_cph_recurrent_LM","eff_cph_recurrent_PCR","eff_cph_any_relapse_LM","eff_cph_any_relapse_PCR","eff_cph_relapse_LM_trial","eff_cph_relapse_PCR_trial","eff_cph_relapse_LM_all","eff_cph_relapse_PCR_all","eff_incid_recurrent_PCR","eff_incid_recurrent_LM","eff_incid_recurrent_D","eff_incid_any_relapse_PCR","eff_incid_any_relapse_LM","eff_incid_any_relapse_D","eff_incid_relapse_PCR","eff_incid_relapse_LM","eff_incid_relapse_D","eff_risk_relapse_PCR","eff_risk_relapse_LM","eff_risk_relapse_D"
1368,10,0,0.01538462,180,0.75,0,1,0,45,1,0,0.639801220942228,0.629486475280783,0.676295437425107,0.675373580556293,0.666706366117803,0.678599587989343,0.747257995959708,0.693505482583088,0.661099747989582,0.745701679286261,0.922999845845537,0.713071066902766,0.775691697531188,0.912956347477564,0.743653289290534,0.787046448666564,0.894631367999156,0.273003033367037,0.71505376344086,0.888888888888889
1369,10,0,0.01538462,180,0.75,0,1,0,45,1,0,0.621966543960138,0.630700694982977,0.67135778818191,0.68296523854081,0.693891296805287,0.686055407113646,0.734356244148774,0.693834587155115,0.650890052356021,0.749149659863946,0.357142857142857,0.70161792159303,0.774193548387097,0.3,0.734591194968554,0.788377192982456,0.4,0.311740890688259,0.718015665796345,0.6
137,0.1,0,0.01538462,180,0.75,0,1,0,28,1,0,0.821027261386475,0.831475807565359,0.826491547575736,0.83296144807578,0.832644298392718,0.836267270016216,0.819045334391989,0.830637003594334,0.71954477689049,0.717135682047963,0.747957981848197,0.722218113022711,0.720197584519193,0.753636551724963,0.73640490407945,0.734583067916401,0.76982970994947,0.747688243064729,0.743697478991597,0.772296015180266
