"param_id","eir_equil","sig_het","ff","trial_duration","trial_PQ_eff_stratum_1","trial_PQ_eff_stratum_2","trial_PQ_prop_stratum_1","trial_PQ_prop_stratum_2","trial_PQ_proph","is_LLIN_distributed","is_IRS_administered","eff_cph_recurrent_LM","eff_cph_recurrent_PCR","eff_cph_any_relapse_LM","eff_cph_any_relapse_PCR","eff_cph_relapse_LM_trial","eff_cph_relapse_PCR_trial","eff_cph_relapse_LM_all","eff_cph_relapse_PCR_all","eff_incid_recurrent_PCR","eff_incid_recurrent_LM","eff_incid_recurrent_D","eff_incid_any_relapse_PCR","eff_incid_any_relapse_LM","eff_incid_any_relapse_D","eff_incid_relapse_PCR","eff_incid_relapse_LM","eff_incid_relapse_D","eff_risk_relapse_PCR","eff_risk_relapse_LM","eff_risk_relapse_D"
728,100,0,0.01538462,180,0.75,0,1,0,28,1,0,0.381831215898602,0.258277936497313,0.534559358817265,0.497466210718059,0.670027416704378,0.5754572536477,0.703258062312662,0.583458846677361,0.373506269270298,0.553864822382898,0.37162962962963,0.519303963091817,0.651068265682657,0.528722222222222,0.727194775154772,0.819122416534181,0.667333333333333,0.148484848484848,0.667420814479638,0.722222222222222
729,100,0,0.01538462,180,0.75,0,1,0,28,1,0,0.369018772168163,0.19898854923486,0.510034811617925,0.542786969344965,0.728278810352797,0.64414895106144,0.710298051898816,0.512911318093031,0.365615865079061,0.464093563622671,0.490208487149738,0.52035958522072,0.562557951724344,0.60897404565228,0.717919772530505,0.792721763832718,0.825738433388516,0.127272727272727,0.670761670761671,0.818181818181818
73,0.1,0,0.01538462,180,0.75,0,1,0,28,1,0,0.805513227610569,0.838369584424817,0.805343183074541,0.840923208551864,0.806251404663682,0.844106705790583,0.834098857559908,0.845142855125275,0.744800425758382,0.74090925812385,0.742231866825208,0.745447115384615,0.741955719557196,0.742193548387097,0.753465665236052,0.750712785670167,0.752046762589928,0.767926988265971,0.765347885402456,0.758220502901354
