"param_id","eir_equil","sig_het","ff","trial_duration","trial_PQ_eff_stratum_1","trial_PQ_eff_stratum_2","trial_PQ_prop_stratum_1","trial_PQ_prop_stratum_2","trial_PQ_proph","is_LLIN_distributed","is_IRS_administered","eff_cph_recurrent_LM","eff_cph_recurrent_PCR","eff_cph_any_relapse_LM","eff_cph_any_relapse_PCR","eff_cph_relapse_LM_trial","eff_cph_relapse_PCR_trial","eff_cph_relapse_LM_all","eff_cph_relapse_PCR_all","eff_incid_recurrent_PCR","eff_incid_recurrent_LM","eff_incid_recurrent_D","eff_incid_any_relapse_PCR","eff_incid_any_relapse_LM","eff_incid_any_relapse_D","eff_incid_relapse_PCR","eff_incid_relapse_LM","eff_incid_relapse_D","eff_risk_relapse_PCR","eff_risk_relapse_LM","eff_risk_relapse_D"
139,0.1,0,0.01538462,180,0.75,0,1,0,28,1,0,0.799767042529257,0.822670401740606,0.815432643009913,0.830124901940172,0.816291155623006,0.832233526026061,0.825031957005885,0.833194636046574,0.727903480295152,0.725194450113544,0.722850214653493,0.732884948260867,0.730263770602092,0.730308255023084,0.745564780243575,0.744366093842534,0.745477962038472,0.761643835616438,0.760461760461761,0.779352226720648
1390,10,0,0.01538462,180,0.75,0,1,0,45,1,0,0.736927291784034,0.591647109074305,0.762893208273502,0.646410650590061,0.763319798043966,0.657624436321146,0.755949853944482,0.664271821264172,0.630693069306931,0.751824817518248,0.882352941176471,0.690076456215023,0.785350966429298,0.928571428571429,0.730894015861572,0.818906605922551,0.916666666666667,0.274014155712841,0.716145833333333,0.916666666666667
1391,10,0,0.01538462,180,0.75,0,1,0,45,1,0,0.568657089407,0.623299342229387,0.613076558398956,0.669208742338889,0.605114274488345,0.671559538037397,0.754563799459179,0.686015292795664,0.672191780821918,0.749554367201426,0.777777777777778,0.725730371272063,0.774577954319762,0.869565217391304,0.756806443141031,0.788461538461539,0.85,0.287298387096774,0.737127371273713,0.85
