"param_id","eir_equil","sig_het","ff","trial_duration","trial_PQ_eff_stratum_1","trial_PQ_eff_stratum_2","trial_PQ_prop_stratum_1","trial_PQ_prop_stratum_2","trial_PQ_proph","is_LLIN_distributed","is_IRS_administered","eff_cph_recurrent_LM","eff_cph_recurrent_PCR","eff_cph_any_relapse_LM","eff_cph_any_relapse_PCR","eff_cph_relapse_LM_trial","eff_cph_relapse_PCR_trial","eff_cph_relapse_LM_all","eff_cph_relapse_PCR_all","eff_incid_recurrent_PCR","eff_incid_recurrent_LM","eff_incid_recurrent_D","eff_incid_any_relapse_PCR","eff_incid_any_relapse_LM","eff_incid_any_relapse_D","eff_incid_relapse_PCR","eff_incid_relapse_LM","eff_incid_relapse_D","eff_risk_relapse_PCR","eff_risk_relapse_LM","eff_risk_relapse_D"
171,0.1,0,0.01538462,180,0.75,0,1,0,28,1,0,0.827572534510691,0.843173835880823,0.830281845777997,0.844446997578019,0.83274607196416,0.847265491103692,0.839701612108925,0.846297206220501,0.74175902832136,0.739766927421248,0.743354398816584,0.742912662390355,0.740770017061243,0.744526190847059,0.758862310586448,0.757591237266034,0.766859967585481,0.764473684210526,0.763013698630137,0.776735459662289
172,0.1,0,0.01538462,180,0.75,0,1,0,28,1,0,0.819654196487924,0.835412233072983,0.825262095023126,0.836339499172433,0.826512655497472,0.839517881502791,0.828634695666948,0.837338062570349,0.72555,0.721488372093023,0.757952210274791,0.727372955288986,0.723756620428752,0.759762874251497,0.736737302020754,0.732059380922299,0.768129341317365,0.755674232309746,0.751388888888889,0.789473684210526
173,0.1,0,0.01538462,180,0.75,0,1,0,28,1,0,0.814215354404117,0.835680246531254,0.822599990087095,0.840202311992901,0.821572358699619,0.840170126792488,0.823268321899327,0.831111855103533,0.718536917661644,0.710992062808506,0.716876639953563,0.719433089477142,0.711979159634908,0.720484207357716,0.729941758927266,0.722739644716238,0.734279734279734,0.757656458055925,0.757022471910112,0.765503875968992
