"param_id","eir_equil","sig_het","ff","trial_duration","trial_PQ_eff_stratum_1","trial_PQ_eff_stratum_2","trial_PQ_prop_stratum_1","trial_PQ_prop_stratum_2","trial_PQ_proph","is_LLIN_distributed","is_IRS_administered","eff_cph_recurrent_LM","eff_cph_recurrent_PCR","eff_cph_any_relapse_LM","eff_cph_any_relapse_PCR","eff_cph_relapse_LM_trial","eff_cph_relapse_PCR_trial","eff_cph_relapse_LM_all","eff_cph_relapse_PCR_all","eff_incid_recurrent_PCR","eff_incid_recurrent_LM","eff_incid_recurrent_D","eff_incid_any_relapse_PCR","eff_incid_any_relapse_LM","eff_incid_any_relapse_D","eff_incid_relapse_PCR","eff_incid_relapse_LM","eff_incid_relapse_D","eff_risk_relapse_PCR","eff_risk_relapse_LM","eff_risk_relapse_D"
285,1,0,0.01538462,180,0.75,0,1,0,28,1,0,0.640517309946151,0.70449226543348,0.70789897851826,0.759896286195838,0.717839491911888,0.773149542653166,0.777990469540427,0.811671279563805,0.692795389048991,0.669372294372294,0.615384615384615,0.725652841781874,0.703404500865551,0.670103092783505,0.749255706252067,0.721280602636535,0.659340659340659,0.678614097968937,0.691394658753709,0.666666666666667
286,1,0,0.01538462,180,0.75,0,1,0,28,1,0,0.613963069992211,0.661343823080167,0.646274233633599,0.703476532036781,0.730839165644355,0.750565279486106,0.793993150261195,0.811781604539559,0.662697292770842,0.654810452475822,0.5995995995996,0.701649890658323,0.694962773485914,0.635228448787771,0.739942217818324,0.740185136648343,0.743105937796203,0.669756662804172,0.708274894810659,0.74
287,1,0,0.01538462,180,0.75,0,1,0,28,1,0,0.627124699445725,0.651362698073357,0.669481115128305,0.702070275288419,0.735354639299149,0.75271268563683,0.762813929875408,0.79306203885549,0.65271275130818,0.640350877192982,0.662337662337662,0.693454120397428,0.682217343578485,0.697183098591549,0.735721200387222,0.732847601700061,0.775193798449612,0.64958283671037,0.672106824925816,0.811965811965812
