"param_id","eir_equil","sig_het","ff","trial_duration","trial_PQ_eff_stratum_1","trial_PQ_eff_stratum_2","trial_PQ_prop_stratum_1","trial_PQ_prop_stratum_2","trial_PQ_proph","is_LLIN_distributed","is_IRS_administered","eff_cph_recurrent_LM","eff_cph_recurrent_PCR","eff_cph_any_relapse_LM","eff_cph_any_relapse_PCR","eff_cph_relapse_LM_trial","eff_cph_relapse_PCR_trial","eff_cph_relapse_LM_all","eff_cph_relapse_PCR_all","eff_incid_recurrent_PCR","eff_incid_recurrent_LM","eff_incid_recurrent_D","eff_incid_any_relapse_PCR","eff_incid_any_relapse_LM","eff_incid_any_relapse_D","eff_incid_relapse_PCR","eff_incid_relapse_LM","eff_incid_relapse_D","eff_risk_relapse_PCR","eff_risk_relapse_LM","eff_risk_relapse_D"
893,0.1,0,0.01538462,180,0.75,0,1,0,45,1,0,0.78734264355573,0.816774701438806,0.797585695875288,0.822144021481363,0.799854844362077,0.822963736476146,0.819570219796884,0.825567892852146,0.696682385222544,0.694747666905508,0.688192206415303,0.703586785220927,0.70045297621592,0.694000625012401,0.718111752533825,0.715172300436836,0.70954736371872,0.737967914438503,0.739803094233474,0.738955823293173
894,0.1,0,0.01538462,180,0.75,0,1,0,45,1,0,0.804915454770652,0.814048056513423,0.80595143850211,0.814441576925045,0.806348521430381,0.815497586833525,0.82707640415428,0.827837969474616,0.722684580669063,0.723335016585948,0.74863230926138,0.722717091937886,0.723544455720995,0.748908791827776,0.730623787941869,0.731995762036102,0.760482590463093,0.737597911227154,0.747956403269755,0.75139146567718
895,0.1,0,0.01538462,180,0.75,0,1,0,45,1,0,0.800635696276045,0.835794601641272,0.802730043520862,0.836575918806785,0.805738701284489,0.840030184639688,0.830607128936196,0.838162013287166,0.746632124352332,0.739709443099274,0.743259085580305,0.748313440581214,0.741661613098848,0.746180963572268,0.762897342365816,0.758221680876979,0.767962308598351,0.754666666666667,0.753824756606398,0.759295499021526
