"param_id","eir_equil","sig_het","ff","trial_duration","trial_PQ_eff_stratum_1","trial_PQ_eff_stratum_2","trial_PQ_prop_stratum_1","trial_PQ_prop_stratum_2","trial_PQ_proph","is_LLIN_distributed","is_IRS_administered","eff_cph_recurrent_LM","eff_cph_recurrent_PCR","eff_cph_any_relapse_LM","eff_cph_any_relapse_PCR","eff_cph_relapse_LM_trial","eff_cph_relapse_PCR_trial","eff_cph_relapse_LM_all","eff_cph_relapse_PCR_all","eff_incid_recurrent_PCR","eff_incid_recurrent_LM","eff_incid_recurrent_D","eff_incid_any_relapse_PCR","eff_incid_any_relapse_LM","eff_incid_any_relapse_D","eff_incid_relapse_PCR","eff_incid_relapse_LM","eff_incid_relapse_D","eff_risk_relapse_PCR","eff_risk_relapse_LM","eff_risk_relapse_D"
199,0.1,0,0.01538462,180,0.75,0,1,0,28,1,0,0.814605620096548,0.833631479731038,0.813195281514996,0.832924831641418,0.817040693571229,0.836497495680769,0.825669104131206,0.834632727568069,0.736475629351901,0.728518057285181,0.766944114149822,0.739247311827957,0.731081926203877,0.767025089605735,0.76133909287257,0.755332496863237,0.79136690647482,0.755829903978052,0.754360465116279,0.785009861932939
2,0.1,0,0.01538462,180,0.75,0,1,0,28,1,0,0.797510871800395,0.832869408761542,0.800102598621708,0.835508340053513,0.803939388210138,0.837090948357632,0.826460713798255,0.833941996284651,0.712754778809394,0.707948395217118,0.705001191895113,0.716732054794521,0.710624131396083,0.707173652694611,0.737771804717499,0.733614168247944,0.743918465227818,0.754641909814324,0.754189944134078,0.75875486381323
20,0.1,0,0.01538462,180,0.75,0,1,0,28,1,0,0.790685611165352,0.817863864432332,0.798650740220782,0.819861254914844,0.802797968430661,0.82419819650914,0.817705150668584,0.826001703966018,0.716967471143757,0.716737704918033,0.701435227272727,0.721099369085173,0.721082116788321,0.707582004555809,0.736133122028526,0.73803728606357,0.728272,0.732793522267206,0.730113636363636,0.725838264299803
