"param_id","eir_equil","sig_het","ff","trial_duration","trial_PQ_eff_stratum_1","trial_PQ_eff_stratum_2","trial_PQ_prop_stratum_1","trial_PQ_prop_stratum_2","trial_PQ_proph","is_LLIN_distributed","is_IRS_administered","eff_cph_recurrent_LM","eff_cph_recurrent_PCR","eff_cph_any_relapse_LM","eff_cph_any_relapse_PCR","eff_cph_relapse_LM_trial","eff_cph_relapse_PCR_trial","eff_cph_relapse_LM_all","eff_cph_relapse_PCR_all","eff_incid_recurrent_PCR","eff_incid_recurrent_LM","eff_incid_recurrent_D","eff_incid_any_relapse_PCR","eff_incid_any_relapse_LM","eff_incid_any_relapse_D","eff_incid_relapse_PCR","eff_incid_relapse_LM","eff_incid_relapse_D","eff_risk_relapse_PCR","eff_risk_relapse_LM","eff_risk_relapse_D"
32,0.1,0,0.01538462,180,0.75,0,1,0,28,1,0,0.768977956425499,0.812031754026977,0.775079867029209,0.812667703880308,0.776940240869352,0.816428793935604,0.804205096042515,0.816976638178065,0.691913501165357,0.703879775541013,0.69031031031031,0.692172264590037,0.704243717401612,0.693101445313835,0.702968938741297,0.716553855442744,0.711851622906261,0.724757952973721,0.717201166180758,0.71875
320,1,0,0.01538462,180,0.75,0,1,0,28,1,0,0.679653276502653,0.705264725355488,0.730340178409677,0.742705540469907,0.759520527272231,0.762828363502889,0.781191184436598,0.800200785670877,0.692769895454812,0.707882787730696,0.610297320220984,0.728684913870099,0.739290768852441,0.674471219186666,0.757176922531253,0.762220692453251,0.704051877964921,0.650943396226415,0.68188302425107,0.699029126213592
321,1,0,0.01538462,180,0.75,0,1,0,28,1,0,0.697916863122944,0.727269994213066,0.72398996882414,0.764297233756195,0.767973788965421,0.790858135515961,0.772013455104596,0.804192231599626,0.67966573816156,0.657548125633232,0.732824427480916,0.715764566696244,0.695909580193757,0.803149606299213,0.736723527518507,0.72248243559719,0.840336134453782,0.658823529411765,0.675792507204611,0.8125
