"param_id","eir_equil","sig_het","ff","trial_duration","trial_PQ_eff_stratum_1","trial_PQ_eff_stratum_2","trial_PQ_prop_stratum_1","trial_PQ_prop_stratum_2","trial_PQ_proph","is_LLIN_distributed","is_IRS_administered","eff_cph_recurrent_LM","eff_cph_recurrent_PCR","eff_cph_any_relapse_LM","eff_cph_any_relapse_PCR","eff_cph_relapse_LM_trial","eff_cph_relapse_PCR_trial","eff_cph_relapse_LM_all","eff_cph_relapse_PCR_all","eff_incid_recurrent_PCR","eff_incid_recurrent_LM","eff_incid_recurrent_D","eff_incid_any_relapse_PCR","eff_incid_any_relapse_LM","eff_incid_any_relapse_D","eff_incid_relapse_PCR","eff_incid_relapse_LM","eff_incid_relapse_D","eff_risk_relapse_PCR","eff_risk_relapse_LM","eff_risk_relapse_D"
1108,1,0,0.01538462,180,0.75,0,1,0,45,1,0,0.614796506457311,0.68323775249009,0.644792460491911,0.711777461130569,0.699253582254613,0.743017542268187,0.762746120351744,0.789546585662688,0.672330784480317,0.670712401055409,0.717948717948718,0.703937481214307,0.695995487873661,0.747747747747748,0.723753280839895,0.717632552404439,0.764150943396226,0.648745519713262,0.678571428571429,0.752577319587629
1109,1,0,0.01538462,180,0.75,0,1,0,45,1,0,0.708361758751187,0.710724244209755,0.765005969380905,0.766250692767046,0.781208050469234,0.783953134880832,0.797966669842947,0.806175757542865,0.689533497362679,0.706027580592041,0.65965965965966,0.722494771999723,0.74046156442763,0.702601151876514,0.739348920709122,0.756621610168521,0.73360457231425,0.658851113716295,0.705714285714286,0.73394495412844
111,0.1,0,0.01538462,180,0.75,0,1,0,28,1,0,0.818186285999296,0.822725784183954,0.819299335849322,0.823078732868335,0.819656464570025,0.824406675780037,0.817036179033258,0.827360227232176,0.707857344645238,0.697082400094306,0.745039640133466,0.707348251319916,0.695948109236224,0.74501588296391,0.719875063842288,0.710132005435673,0.759911955891478,0.748326639892905,0.745762711864407,0.770554493307839
