"param_id","eir_equil","sig_het","ff","trial_duration","trial_PQ_eff_stratum_1","trial_PQ_eff_stratum_2","trial_PQ_prop_stratum_1","trial_PQ_prop_stratum_2","trial_PQ_proph","is_LLIN_distributed","is_IRS_administered","eff_cph_recurrent_LM","eff_cph_recurrent_PCR","eff_cph_any_relapse_LM","eff_cph_any_relapse_PCR","eff_cph_relapse_LM_trial","eff_cph_relapse_PCR_trial","eff_cph_relapse_LM_all","eff_cph_relapse_PCR_all","eff_incid_recurrent_PCR","eff_incid_recurrent_LM","eff_incid_recurrent_D","eff_incid_any_relapse_PCR","eff_incid_any_relapse_LM","eff_incid_any_relapse_D","eff_incid_relapse_PCR","eff_incid_relapse_LM","eff_incid_relapse_D","eff_risk_relapse_PCR","eff_risk_relapse_LM","eff_risk_relapse_D"
1510,100,0,0.01538462,180,0.75,0,1,0,45,1,0,0.332045123016504,0.353658241309284,0.473285671102958,0.583913139101868,0.669560105317175,0.581014729973755,0.682513148073109,0.566196261190436,0.43556110245054,0.524509556677671,0.608591399197593,0.584742948078511,0.643127671173292,0.673765482493994,0.720485463797275,0.81191301176256,0.845845227991667,0.126646403242148,0.638820638820639,0.84
1511,100,0,0.01538462,180,0.75,0,1,0,45,1,0,0.262999637980923,0.361144589878988,0.371762374298402,0.554657775116569,0.515305956411139,0.508579244451372,0.703353336361857,0.537353284121712,0.451825297528227,0.532403548387097,0.348478260869565,0.589346244792253,0.63157108778626,0.387709677419355,0.710564310783841,0.771169230769231,0.631947368421053,0.118541033434651,0.68314606741573,0.631578947368421
1512,100,0,0.01538462,180,0.75,0,1,0,45,1,0,0.470940713742157,0.318871216947283,0.582708547380195,0.572345805472813,0.683313466297313,0.579329974968874,0.716488150832754,0.55249227757522,0.445165427032572,0.611129189716889,0.575757575757576,0.587787416190007,0.695134061569017,0.733333333333333,0.718992511912866,0.823580034423408,0.827586206896552,0.134403209628887,0.683602771362587,0.821428571428571
