"param_id","eir_equil","sig_het","ff","trial_duration","trial_PQ_eff_stratum_1","trial_PQ_eff_stratum_2","trial_PQ_prop_stratum_1","trial_PQ_prop_stratum_2","trial_PQ_proph","is_LLIN_distributed","is_IRS_administered","eff_cph_recurrent_LM","eff_cph_recurrent_PCR","eff_cph_any_relapse_LM","eff_cph_any_relapse_PCR","eff_cph_relapse_LM_trial","eff_cph_relapse_PCR_trial","eff_cph_relapse_LM_all","eff_cph_relapse_PCR_all","eff_incid_recurrent_PCR","eff_incid_recurrent_LM","eff_incid_recurrent_D","eff_incid_any_relapse_PCR","eff_incid_any_relapse_LM","eff_incid_any_relapse_D","eff_incid_relapse_PCR","eff_incid_relapse_LM","eff_incid_relapse_D","eff_risk_relapse_PCR","eff_risk_relapse_LM","eff_risk_relapse_D"
1110,1,0,0.01538462,180,0.75,0,1,0,45,1,0,0.642014257450701,0.701682540551149,0.706491081585214,0.740269275365691,0.726380422634109,0.752897346390506,0.761843363747064,0.792795300602682,0.661081145534506,0.657753491810869,0.726452083523297,0.689516310124403,0.688857887820257,0.805386308178266,0.7095609219599,0.710324541962312,0.85440191542369,0.645614035087719,0.677611940298507,0.839285714285714
1111,1,0,0.01538462,180,0.75,0,1,0,45,1,0,0.653330377366136,0.687674235036802,0.659750314057282,0.697115665805508,0.660534617279843,0.707197142825391,0.750698842899594,0.776437849999266,0.669279474735941,0.66379589572934,0.584583333333333,0.695706975327444,0.687401425178147,0.613774774774775,0.702099598930481,0.695089063523248,0.597171717171717,0.643031784841076,0.665667166416792,0.612903225806452
1112,1,0,0.01538462,180,0.75,0,1,0,45,1,0,0.70498348197889,0.721396089326016,0.727248355204107,0.755161162892707,0.744639400972531,0.75799341825873,0.789936632890187,0.810179054742214,0.696277984222059,0.69689378757515,0.789702862515154,0.720684272638495,0.724961224925632,0.814697888928542,0.725029935729021,0.72933344327295,0.811216636170893,0.674911660777385,0.705797101449275,0.783333333333333
