"param_id","eir_equil","sig_het","ff","trial_duration","trial_PQ_eff_stratum_1","trial_PQ_eff_stratum_2","trial_PQ_prop_stratum_1","trial_PQ_prop_stratum_2","trial_PQ_proph","is_LLIN_distributed","is_IRS_administered","eff_cph_recurrent_LM","eff_cph_recurrent_PCR","eff_cph_any_relapse_LM","eff_cph_any_relapse_PCR","eff_cph_relapse_LM_trial","eff_cph_relapse_PCR_trial","eff_cph_relapse_LM_all","eff_cph_relapse_PCR_all","eff_incid_recurrent_PCR","eff_incid_recurrent_LM","eff_incid_recurrent_D","eff_incid_any_relapse_PCR","eff_incid_any_relapse_LM","eff_incid_any_relapse_D","eff_incid_relapse_PCR","eff_incid_relapse_LM","eff_incid_relapse_D","eff_risk_relapse_PCR","eff_risk_relapse_LM","eff_risk_relapse_D"
1268,10,0,0.01538462,180,0.75,0,1,0,45,1,0,0.662930048977496,0.621776465114076,0.696126034698857,0.667136876323632,0.75114502676629,0.694912786879252,0.780892204470727,0.694584171043342,0.651234320476233,0.785998913398564,0.833166499833166,0.706063200567006,0.816565333806713,0.785499785499785,0.74253141834101,0.845299845299845,0.74974974974975,0.296780684104628,0.774683544303797,0.75
1269,10,0,0.01538462,180,0.75,0,1,0,45,1,0,0.571442646494385,0.602282473132941,0.630475047986617,0.634337566798366,0.642415177683402,0.665127551032135,0.758271636761418,0.670454388451861,0.632917670398186,0.71115347950429,0.866666666666667,0.687539432176656,0.742138364779874,0.9,0.722696710884972,0.765269461077844,0.9,0.264227642276423,0.737127371273713,0.875
127,0.1,0,0.01538462,180,0.75,0,1,0,28,1,0,0.793528606437044,0.82641121577317,0.795769931225158,0.832102974261129,0.797723986955058,0.835084427414268,0.824435735838492,0.835288425315383,0.705779532243741,0.696836139622209,0.705933900998531,0.71189905901549,0.703383982859965,0.709957307130452,0.733542543641336,0.725968888964484,0.73155515467792,0.750670241286863,0.746121297602257,0.754318618042227
