"param_id","eir_equil","sig_het","ff","trial_duration","trial_PQ_eff_stratum_1","trial_PQ_eff_stratum_2","trial_PQ_prop_stratum_1","trial_PQ_prop_stratum_2","trial_PQ_proph","is_LLIN_distributed","is_IRS_administered","eff_cph_recurrent_LM","eff_cph_recurrent_PCR","eff_cph_any_relapse_LM","eff_cph_any_relapse_PCR","eff_cph_relapse_LM_trial","eff_cph_relapse_PCR_trial","eff_cph_relapse_LM_all","eff_cph_relapse_PCR_all","eff_incid_recurrent_PCR","eff_incid_recurrent_LM","eff_incid_recurrent_D","eff_incid_any_relapse_PCR","eff_incid_any_relapse_LM","eff_incid_any_relapse_D","eff_incid_relapse_PCR","eff_incid_relapse_LM","eff_incid_relapse_D","eff_risk_relapse_PCR","eff_risk_relapse_LM","eff_risk_relapse_D"
1192,1,0,0.01538462,180,0.75,0,1,0,45,1,0,0.620477681558797,0.670776237360049,0.648807167831321,0.712024360664234,0.687979045607474,0.736149412115356,0.7371589942719,0.782321577042671,0.66896361631753,0.649974709155286,0.642857142857143,0.698245614035088,0.676486341724692,0.674418604651163,0.716903633491311,0.700346420323326,0.746031746031746,0.636792452830189,0.64766081871345,0.740740740740741
1193,1,0,0.01538462,180,0.75,0,1,0,45,1,0,0.643125259004097,0.700522229838739,0.660586582652421,0.733109119312039,0.686005046436918,0.751681880021386,0.767659279516279,0.790774854716239,0.651977558954303,0.661082677903079,0.629881982823159,0.680511777285971,0.694057799810269,0.623476687696871,0.707379337008967,0.72004322532601,0.64964964964965,0.655172413793103,0.682563338301043,0.655913978494624
1194,1,0,0.01538462,180,0.75,0,1,0,45,1,0,0.667364875002676,0.715038887158425,0.727641007647095,0.75958972521751,0.766487104146788,0.785393701088985,0.792261628709419,0.811932593438899,0.680724173798499,0.670806909448717,0.63306895481103,0.71958502236926,0.705712795453922,0.68118054290399,0.739691725853831,0.729025358409126,0.714947135650612,0.6746126340882,0.703757225433526,0.715596330275229
