"param_id","eir_equil","sig_het","ff","trial_duration","trial_PQ_eff_stratum_1","trial_PQ_eff_stratum_2","trial_PQ_prop_stratum_1","trial_PQ_prop_stratum_2","trial_PQ_proph","is_LLIN_distributed","is_IRS_administered","eff_cph_recurrent_LM","eff_cph_recurrent_PCR","eff_cph_any_relapse_LM","eff_cph_any_relapse_PCR","eff_cph_relapse_LM_trial","eff_cph_relapse_PCR_trial","eff_cph_relapse_LM_all","eff_cph_relapse_PCR_all","eff_incid_recurrent_PCR","eff_incid_recurrent_LM","eff_incid_recurrent_D","eff_incid_any_relapse_PCR","eff_incid_any_relapse_LM","eff_incid_any_relapse_D","eff_incid_relapse_PCR","eff_incid_relapse_LM","eff_incid_relapse_D","eff_risk_relapse_PCR","eff_risk_relapse_LM","eff_risk_relapse_D"
611,100,0,0.01538462,180,0.75,0,1,0,28,1,0,0.289583031760357,0.266232673192283,0.390253148027105,0.563323202237227,0.657225612211593,0.604703279731575,0.702425133741845,0.550345280245995,0.364714596273292,0.515001612903226,0.429142857142857,0.512617968541722,0.603647227533461,0.535348837209302,0.717736542158748,0.784920199501247,0.68032,0.140688259109312,0.661290322580645,0.68
612,100,0,0.01538462,180,0.75,0,1,0,28,1,0,0.507828892682754,0.238105804080744,0.588377550247198,0.56170851881957,0.715344526331481,0.652291435694327,0.733221212907672,0.586484929259053,0.383397202008814,0.592773690773067,0.652212121212121,0.533833884794706,0.670101710587147,0.708916666666667,0.728508732585797,0.819528333333333,0.896758620689655,0.147029204431017,0.67688679245283,0.892857142857143
613,100,0,0.01538462,180,0.75,0,1,0,28,1,0,0.327519475583872,0.234514322301664,0.383815563959697,0.565996782506214,0.599174892371662,0.630283379555842,0.684123074424996,0.585946787926355,0.37494088890653,0.474419171713301,0.416431111516367,0.519240559485467,0.557420336947219,0.665663657639585,0.717094735977632,0.757583622385575,0.892534747098438,0.140973630831643,0.64622641509434,0.892857142857143
