"param_id","eir_equil","sig_het","ff","trial_duration","trial_PQ_eff_stratum_1","trial_PQ_eff_stratum_2","trial_PQ_prop_stratum_1","trial_PQ_prop_stratum_2","trial_PQ_proph","is_LLIN_distributed","is_IRS_administered","eff_cph_recurrent_LM","eff_cph_recurrent_PCR","eff_cph_any_relapse_LM","eff_cph_any_relapse_PCR","eff_cph_relapse_LM_trial","eff_cph_relapse_PCR_trial","eff_cph_relapse_LM_all","eff_cph_relapse_PCR_all","eff_incid_recurrent_PCR","eff_incid_recurrent_LM","eff_incid_recurrent_D","eff_incid_any_relapse_PCR","eff_incid_any_relapse_LM","eff_incid_any_relapse_D","eff_incid_relapse_PCR","eff_incid_relapse_LM","eff_incid_relapse_D","eff_risk_relapse_PCR","eff_risk_relapse_LM","eff_risk_relapse_D"
617,100,0,0.01538462,180,0.75,0,1,0,28,1,0,0.231269470079008,0.274793181095034,0.442788230159837,0.570266103340322,0.618617056004391,0.656991013116943,0.712825218141047,0.58405617265107,0.363409693002961,0.509772508811278,0.589041095890411,0.521691022167958,0.596766524013314,0.630434782608696,0.728814718555502,0.762096774193548,0.68,0.14852492370295,0.663716814159292,0.666666666666667
618,100,0,0.01538462,180,0.75,0,1,0,28,1,0,0.360970090874311,0.285704763195631,0.53058320847599,0.546349196592946,0.689812445714155,0.654516014705681,0.753714144880918,0.56689878765627,0.368779636338165,0.577069030445236,0.635999635999636,0.512360285144829,0.648219648219648,0.74974974974975,0.721495136850276,0.833869252571864,0.7997997997998,0.134207870837538,0.72027972027972,0.782608695652174
619,100,0,0.01538462,180,0.75,0,1,0,28,1,0,0.413442047939956,0.295598525908948,0.510499991498084,0.582385433982473,0.662061716597392,0.677565794206867,0.717084926921906,0.60198342906705,0.383776907535357,0.571028037383178,0.423728813559322,0.528078310149408,0.663793103448276,0.5,0.730541677622929,0.809210526315789,0.666666666666667,0.141851106639839,0.681293302540416,0.666666666666667
