"param_id","eir_equil","sig_het","ff","trial_duration","trial_PQ_eff_stratum_1","trial_PQ_eff_stratum_2","trial_PQ_prop_stratum_1","trial_PQ_prop_stratum_2","trial_PQ_proph","is_LLIN_distributed","is_IRS_administered","eff_cph_recurrent_LM","eff_cph_recurrent_PCR","eff_cph_any_relapse_LM","eff_cph_any_relapse_PCR","eff_cph_relapse_LM_trial","eff_cph_relapse_PCR_trial","eff_cph_relapse_LM_all","eff_cph_relapse_PCR_all","eff_incid_recurrent_PCR","eff_incid_recurrent_LM","eff_incid_recurrent_D","eff_incid_any_relapse_PCR","eff_incid_any_relapse_LM","eff_incid_any_relapse_D","eff_incid_relapse_PCR","eff_incid_relapse_LM","eff_incid_relapse_D","eff_risk_relapse_PCR","eff_risk_relapse_LM","eff_risk_relapse_D"
322,1,0,0.01538462,180,0.75,0,1,0,28,1,0,0.634197746228674,0.660785962301952,0.675307893060287,0.707695692283936,0.722073368318513,0.738856649224573,0.742564706124427,0.774849045278989,0.641402189910733,0.609824878642083,0.593343343343343,0.67238847583357,0.638447835356822,0.601296211465703,0.698163807570078,0.665922079715183,0.657064471879287,0.628434886499403,0.65052950075643,0.642105263157895
323,1,0,0.01538462,180,0.75,0,1,0,28,1,0,0.64721463856631,0.68767035025695,0.693890349255896,0.736576106036099,0.687963640627658,0.746173504134276,0.784536676316622,0.801383505852289,0.663297718740976,0.664929650859823,0.668965517241379,0.697109471094711,0.690687361419069,0.691176470588235,0.718854097268488,0.714888487040386,0.706349206349206,0.657108721624851,0.692867540029112,0.718181818181818
324,1,0,0.01538462,180,0.75,0,1,0,28,1,0,0.638384491178059,0.653095259569459,0.674930290695512,0.692883882408211,0.717999573305976,0.727374250068312,0.741243729948136,0.783027396984976,0.647795163584637,0.626133333333333,0.565217391304348,0.686197523406826,0.659309564233164,0.618181818181818,0.731881702957426,0.712370505789153,0.67,0.637220259128386,0.654761904761905,0.670454545454545
