"param_id","eir_equil","sig_het","ff","trial_duration","trial_PQ_eff_stratum_1","trial_PQ_eff_stratum_2","trial_PQ_prop_stratum_1","trial_PQ_prop_stratum_2","trial_PQ_proph","is_LLIN_distributed","is_IRS_administered","eff_cph_recurrent_LM","eff_cph_recurrent_PCR","eff_cph_any_relapse_LM","eff_cph_any_relapse_PCR","eff_cph_relapse_LM_trial","eff_cph_relapse_PCR_trial","eff_cph_relapse_LM_all","eff_cph_relapse_PCR_all","eff_incid_recurrent_PCR","eff_incid_recurrent_LM","eff_incid_recurrent_D","eff_incid_any_relapse_PCR","eff_incid_any_relapse_LM","eff_incid_any_relapse_D","eff_incid_relapse_PCR","eff_incid_relapse_LM","eff_incid_relapse_D","eff_risk_relapse_PCR","eff_risk_relapse_LM","eff_risk_relapse_D"
1084,1,0,0.01538462,180,0.75,0,1,0,45,1,0,0.717297230345632,0.706153341811614,0.763010750042345,0.749333260288567,0.761618092010071,0.756538712166709,0.808263909310691,0.806269820108186,0.707763805358119,0.725252525252525,0.751824817518248,0.740557815223707,0.754574811625404,0.776,0.757151938970121,0.767622461170848,0.785714285714286,0.677575757575757,0.73082489146165,0.777777777777778
1085,1,0,0.01538462,180,0.75,0,1,0,45,1,0,0.687625594938313,0.716705881321469,0.737598198406479,0.753185192594473,0.761677664871343,0.773481763809335,0.779068474327087,0.800484661803279,0.683438757906843,0.666846071044134,0.603305785123967,0.717596828301311,0.6956025128498,0.649122807017544,0.743438320209974,0.720223325062035,0.69811320754717,0.667870036101083,0.696165191740413,0.701030927835051
1086,1,0,0.01538462,180,0.75,0,1,0,45,1,0,0.745669646998276,0.739332872446756,0.785906092291141,0.780207832593671,0.809853056238421,0.787006367016934,0.819107518975168,0.820737041444469,0.729263042284459,0.736659670164918,0.723630769230769,0.754204366812227,0.763186440677966,0.76469918699187,0.763689083515796,0.778033955857385,0.784913793103448,0.694935217903416,0.750356633380884,0.794117647058824
