"param_id","eir_equil","sig_het","ff","trial_duration","trial_PQ_eff_stratum_1","trial_PQ_eff_stratum_2","trial_PQ_prop_stratum_1","trial_PQ_prop_stratum_2","trial_PQ_proph","is_LLIN_distributed","is_IRS_administered","eff_cph_recurrent_LM","eff_cph_recurrent_PCR","eff_cph_any_relapse_LM","eff_cph_any_relapse_PCR","eff_cph_relapse_LM_trial","eff_cph_relapse_PCR_trial","eff_cph_relapse_LM_all","eff_cph_relapse_PCR_all","eff_incid_recurrent_PCR","eff_incid_recurrent_LM","eff_incid_recurrent_D","eff_incid_any_relapse_PCR","eff_incid_any_relapse_LM","eff_incid_any_relapse_D","eff_incid_relapse_PCR","eff_incid_relapse_LM","eff_incid_relapse_D","eff_risk_relapse_PCR","eff_risk_relapse_LM","eff_risk_relapse_D"
1519,100,0,0.01538462,180,0.75,0,1,0,45,1,0,0.429098028491036,0.331790852416742,0.568861834687711,0.564427002152249,0.739015873850681,0.535271654459379,0.702068411481578,0.568848340719897,0.433709702140704,0.556176084099869,0.636363636363636,0.570845459012056,0.653378706854643,0.75,0.711608430013043,0.771992818671454,0.888888888888889,0.119959677419355,0.647058823529412,0.875
152,0.1,0,0.01538462,180,0.75,0,1,0,28,1,0,0.77316105548218,0.804519026070696,0.771921055162912,0.803529939432385,0.772874116817814,0.804936131400877,0.813563505441616,0.819873709646439,0.667420814479638,0.656538969616909,0.663239074550128,0.668181818181818,0.657597876575979,0.664516129032258,0.685534591194969,0.676450967311541,0.69390402075227,0.744279946164199,0.745762711864407,0.72972972972973
1520,100,0,0.01538462,180,0.75,0,1,0,45,1,0,0.44729136297253,0.36810575360181,0.592807976533038,0.563449801668228,0.666535720199091,0.533462489388221,0.706935973032764,0.53470634530642,0.436198233527932,0.612007377631616,0.308269636495694,0.576509834256009,0.69380323566992,0.419310563268754,0.715676522021483,0.806659034342084,0.772043402936081,0.143001007049345,0.664319248826291,0.736842105263158
