"param_id","eir_equil","sig_het","ff","trial_duration","trial_PQ_eff_stratum_1","trial_PQ_eff_stratum_2","trial_PQ_prop_stratum_1","trial_PQ_prop_stratum_2","trial_PQ_proph","is_LLIN_distributed","is_IRS_administered","eff_cph_recurrent_LM","eff_cph_recurrent_PCR","eff_cph_any_relapse_LM","eff_cph_any_relapse_PCR","eff_cph_relapse_LM_trial","eff_cph_relapse_PCR_trial","eff_cph_relapse_LM_all","eff_cph_relapse_PCR_all","eff_incid_recurrent_PCR","eff_incid_recurrent_LM","eff_incid_recurrent_D","eff_incid_any_relapse_PCR","eff_incid_any_relapse_LM","eff_incid_any_relapse_D","eff_incid_relapse_PCR","eff_incid_relapse_LM","eff_incid_relapse_D","eff_risk_relapse_PCR","eff_risk_relapse_LM","eff_risk_relapse_D"
790,100,0,0.01538462,180,0.75,0,1,0,28,1,0,0.302087649959616,0.236250946404248,0.417136748797626,0.569982415400773,0.698166909501445,0.674809567055485,0.738859972588253,0.5730787092685,0.375185355627141,0.562887945115975,0.32,0.525100893901105,0.639360639360639,0.485714285714286,0.726515971846237,0.794532627865961,0.764705882352941,0.127401415571284,0.707943925233645,0.764705882352941
791,100,0,0.01538462,180,0.75,0,1,0,28,1,0,0.362017366331906,0.26726393819769,0.462918713186712,0.541341714444801,0.677764156321873,0.616449701406122,0.707156969553972,0.581594967675387,0.368698096333206,0.520385232744783,0.547169811320755,0.517208881516945,0.605314009661836,0.5,0.725204240091824,0.800675675675676,0.684210526315789,0.137096774193548,0.653206650831354,0.684210526315789
792,100,0,0.01538462,180,0.75,0,1,0,28,1,0,0.221818968475745,0.229291187521942,0.373711808270955,0.574306878155634,0.628418266647346,0.634978819512971,0.663418966817236,0.566198937987936,0.359994346565519,0.510983258593201,0.449449449449449,0.51522666308351,0.603592196184789,0.499499499499499,0.726330335239203,0.756862805958413,0.691999691999692,0.144008056394763,0.615023474178404,0.636363636363636
