"param_id","eir_equil","sig_het","ff","trial_duration","trial_PQ_eff_stratum_1","trial_PQ_eff_stratum_2","trial_PQ_prop_stratum_1","trial_PQ_prop_stratum_2","trial_PQ_proph","is_LLIN_distributed","is_IRS_administered","eff_cph_recurrent_LM","eff_cph_recurrent_PCR","eff_cph_any_relapse_LM","eff_cph_any_relapse_PCR","eff_cph_relapse_LM_trial","eff_cph_relapse_PCR_trial","eff_cph_relapse_LM_all","eff_cph_relapse_PCR_all","eff_incid_recurrent_PCR","eff_incid_recurrent_LM","eff_incid_recurrent_D","eff_incid_any_relapse_PCR","eff_incid_any_relapse_LM","eff_incid_any_relapse_D","eff_incid_relapse_PCR","eff_incid_relapse_LM","eff_incid_relapse_D","eff_risk_relapse_PCR","eff_risk_relapse_LM","eff_risk_relapse_D"
841,0.1,0,0.01538462,180,0.75,0,1,0,45,1,0,0.816451164529237,0.842749688277613,0.819248495650033,0.843242591306863,0.819048380887736,0.843421279229281,0.831267633023057,0.837614564380612,0.732183862397494,0.729333062666396,0.746471362191886,0.733406876264019,0.730882255721531,0.748927459770833,0.744984304943132,0.742954288408834,0.760292443219272,0.75745784695201,0.758480325644505,0.761904761904762
842,0.1,0,0.01538462,180,0.75,0,1,0,45,1,0,0.802021846821642,0.816887683268214,0.808980422309377,0.82024117403918,0.808511576529819,0.821905422633161,0.816429555492343,0.826165039067144,0.710080849253337,0.705184636691486,0.717822318065331,0.713460090818581,0.70864055810964,0.722011902279868,0.722034297939214,0.71668600347373,0.73477751255529,0.753333333333333,0.752808988764045,0.76953125
843,0.1,0,0.01538462,180,0.75,0,1,0,45,1,0,0.772995829909325,0.808740800968206,0.774216493775568,0.811386610404205,0.773610772072166,0.812853074639401,0.803075134117844,0.811296617341134,0.698832428019991,0.700010936235498,0.68075488146683,0.701655454964241,0.702015364417204,0.682780736575925,0.717749971225151,0.718861875298439,0.707253836982646,0.717241379310345,0.717391304347826,0.703187250996016
