"param_id","eir_equil","sig_het","ff","trial_duration","trial_PQ_eff_stratum_1","trial_PQ_eff_stratum_2","trial_PQ_prop_stratum_1","trial_PQ_prop_stratum_2","trial_PQ_proph","is_LLIN_distributed","is_IRS_administered","eff_cph_recurrent_LM","eff_cph_recurrent_PCR","eff_cph_any_relapse_LM","eff_cph_any_relapse_PCR","eff_cph_relapse_LM_trial","eff_cph_relapse_PCR_trial","eff_cph_relapse_LM_all","eff_cph_relapse_PCR_all","eff_incid_recurrent_PCR","eff_incid_recurrent_LM","eff_incid_recurrent_D","eff_incid_any_relapse_PCR","eff_incid_any_relapse_LM","eff_incid_any_relapse_D","eff_incid_relapse_PCR","eff_incid_relapse_LM","eff_incid_relapse_D","eff_risk_relapse_PCR","eff_risk_relapse_LM","eff_risk_relapse_D"
1154,1,0,0.01538462,180,0.75,0,1,0,45,1,0,0.656267704951644,0.697948384422457,0.66485230860268,0.715655643872584,0.690638560551873,0.739363228137344,0.766833901109216,0.802390846142645,0.674660397965801,0.666730821047769,0.645088044485635,0.706221937720781,0.694488105570324,0.651847057652096,0.731533392155791,0.715792791729955,0.653164058101565,0.643023255813953,0.656934306569343,0.638297872340426
1155,1,0,0.01538462,180,0.75,0,1,0,45,1,0,0.702977921802105,0.70082866563864,0.747283180975104,0.74548400288891,0.764925031478476,0.757904868062788,0.769850855295652,0.787905896897591,0.668061558265324,0.678036275596879,0.703632617347371,0.699249021211331,0.709775538131279,0.740221183106955,0.715119725202124,0.725917198517817,0.757579675479992,0.649880095923261,0.688790560471976,0.775700934579439
1156,1,0,0.01538462,180,0.75,0,1,0,45,1,0,0.715383764835908,0.73345946512429,0.763846395526481,0.767105155061606,0.786217399424883,0.786681554919627,0.767428398013497,0.783421060687428,0.687424182476894,0.6680243570468,0.687186559679037,0.713130716614853,0.693127129625447,0.725651027155541,0.733548224812716,0.708712302680253,0.781293460212571,0.641737032569361,0.676724137931034,0.813725490196078
