"param_id","eir_equil","sig_het","ff","trial_duration","trial_PQ_eff_stratum_1","trial_PQ_eff_stratum_2","trial_PQ_prop_stratum_1","trial_PQ_prop_stratum_2","trial_PQ_proph","is_LLIN_distributed","is_IRS_administered","eff_cph_recurrent_LM","eff_cph_recurrent_PCR","eff_cph_any_relapse_LM","eff_cph_any_relapse_PCR","eff_cph_relapse_LM_trial","eff_cph_relapse_PCR_trial","eff_cph_relapse_LM_all","eff_cph_relapse_PCR_all","eff_incid_recurrent_PCR","eff_incid_recurrent_LM","eff_incid_recurrent_D","eff_incid_any_relapse_PCR","eff_incid_any_relapse_LM","eff_incid_any_relapse_D","eff_incid_relapse_PCR","eff_incid_relapse_LM","eff_incid_relapse_D","eff_risk_relapse_PCR","eff_risk_relapse_LM","eff_risk_relapse_D"
847,0.1,0,0.01538462,180,0.75,0,1,0,45,1,0,0.798637172909545,0.819957575004516,0.800109936884831,0.818808566777181,0.800604451092839,0.820420186186927,0.83089245632725,0.833757797259536,0.729257641921397,0.727732154137713,0.739184177997528,0.730263157894737,0.729060913705584,0.739454094292804,0.750276243093923,0.751119641714651,0.775,0.752717391304348,0.758522727272727,0.772549019607843
848,0.1,0,0.01538462,180,0.75,0,1,0,45,1,0,0.763527656362172,0.785464805594862,0.769086280543559,0.789686722611722,0.769945657808072,0.792618786129911,0.804608740525396,0.803278411091656,0.697562364132618,0.709074233122329,0.718580738302802,0.699629408414066,0.710384223596695,0.72222926866391,0.713381598170284,0.726360351224537,0.740597947163362,0.714285714285714,0.728571428571429,0.730612244897959
849,0.1,0,0.01538462,180,0.75,0,1,0,45,1,0,0.806639666055856,0.83546643949149,0.810244929197247,0.838499625849845,0.811358912826052,0.838996184974905,0.839191757379593,0.843457678438776,0.744723393045311,0.749031707317073,0.761083235638921,0.746277306468717,0.75025,0.762368047337278,0.756107675906183,0.760733333333333,0.778131828978622,0.760374832663989,0.761838440111421,0.784615384615385
