"param_id","eir_equil","sig_het","ff","trial_duration","trial_PQ_eff_stratum_1","trial_PQ_eff_stratum_2","trial_PQ_prop_stratum_1","trial_PQ_prop_stratum_2","trial_PQ_proph","is_LLIN_distributed","is_IRS_administered","eff_cph_recurrent_LM","eff_cph_recurrent_PCR","eff_cph_any_relapse_LM","eff_cph_any_relapse_PCR","eff_cph_relapse_LM_trial","eff_cph_relapse_PCR_trial","eff_cph_relapse_LM_all","eff_cph_relapse_PCR_all","eff_incid_recurrent_PCR","eff_incid_recurrent_LM","eff_incid_recurrent_D","eff_incid_any_relapse_PCR","eff_incid_any_relapse_LM","eff_incid_any_relapse_D","eff_incid_relapse_PCR","eff_incid_relapse_LM","eff_incid_relapse_D","eff_risk_relapse_PCR","eff_risk_relapse_LM","eff_risk_relapse_D"
499,10,0,0.01538462,180,0.75,0,1,0,28,1,0,0.516773828460997,0.546801729421741,0.515151898092344,0.613441266147152,0.6197201117742,0.650428439140399,0.725951151130774,0.653650580812452,0.592823486770569,0.725162488393686,0.958333333333333,0.652818035426731,0.75678391959799,0.947368421052632,0.708968939533174,0.793650793650794,0.9375,0.257345491388045,0.705570291777188,0.916666666666667
5,0.1,0,0.01538462,180,0.75,0,1,0,28,1,0,0.810499411769208,0.836485815414194,0.814872751424557,0.83688827088552,0.81571837156753,0.839402044963431,0.831074294436296,0.83904477265408,0.723971915747242,0.72906524451403,0.731605427586103,0.726842378392534,0.731753399734086,0.736782602141685,0.741821047417967,0.744621317828023,0.751868846958995,0.759731543624161,0.758815232722144,0.759223300970874
50,0.1,0,0.01538462,180,0.75,0,1,0,28,1,0,0.799830731041034,0.83082280010975,0.804090209915708,0.831286325813461,0.804283385643691,0.830954600743308,0.818721998917346,0.828234785701118,0.701185203468309,0.698637629672112,0.704131214547881,0.703428356723486,0.701432457757358,0.705972290828688,0.706713082509261,0.704402388966147,0.708535940419998,0.746887966804979,0.74310595065312,0.738493723849372
