"param_id","eir_equil","sig_het","ff","trial_duration","trial_PQ_eff_stratum_1","trial_PQ_eff_stratum_2","trial_PQ_prop_stratum_1","trial_PQ_prop_stratum_2","trial_PQ_proph","is_LLIN_distributed","is_IRS_administered","eff_cph_recurrent_LM","eff_cph_recurrent_PCR","eff_cph_any_relapse_LM","eff_cph_any_relapse_PCR","eff_cph_relapse_LM_trial","eff_cph_relapse_PCR_trial","eff_cph_relapse_LM_all","eff_cph_relapse_PCR_all","eff_incid_recurrent_PCR","eff_incid_recurrent_LM","eff_incid_recurrent_D","eff_incid_any_relapse_PCR","eff_incid_any_relapse_LM","eff_incid_any_relapse_D","eff_incid_relapse_PCR","eff_incid_relapse_LM","eff_incid_relapse_D","eff_risk_relapse_PCR","eff_risk_relapse_LM","eff_risk_relapse_D"
1284,10,0,0.01538462,180,0.75,0,1,0,45,1,0,0.535831738316434,0.590838084172691,0.583839650041398,0.671088866742366,0.58950791183764,0.676373706100371,0.709589270742167,0.660125865926459,0.658561538385133,0.77840435855703,0.618666285332952,0.711534383207052,0.808379808379808,0.683894420736526,0.738302693967719,0.820472646559603,0.687187187187187,0.268958543983822,0.70694087403599,0.733333333333333
1285,10,0,0.01538462,180,0.75,0,1,0,45,1,0,0.525222071065122,0.58867237955174,0.549385229057748,0.622359597901529,0.578469894459218,0.641459633248505,0.719604293038709,0.686247137480673,0.654285691556177,0.748235703291883,0.610721832944055,0.707255858531679,0.779375140299106,0.562062062062062,0.739203473607103,0.79404182944006,0.570999570999571,0.27005076142132,0.705729166666667,0.571428571428571
1286,10,0,0.01538462,180,0.75,0,1,0,45,1,0,0.553542258618228,0.600512633845318,0.657541071832946,0.635135709817606,0.690918248696404,0.669216696031532,0.719688549061119,0.68553055711778,0.650677931457382,0.767090620031797,0.807692307692308,0.700037950664137,0.791005291005291,0.80952380952381,0.732502396931927,0.819009100101112,0.842105263157895,0.263902932254803,0.694656488549618,0.842105263157895
