"param_id","eir_equil","sig_het","ff","trial_duration","trial_PQ_eff_stratum_1","trial_PQ_eff_stratum_2","trial_PQ_prop_stratum_1","trial_PQ_prop_stratum_2","trial_PQ_proph","is_LLIN_distributed","is_IRS_administered","eff_cph_recurrent_LM","eff_cph_recurrent_PCR","eff_cph_any_relapse_LM","eff_cph_any_relapse_PCR","eff_cph_relapse_LM_trial","eff_cph_relapse_PCR_trial","eff_cph_relapse_LM_all","eff_cph_relapse_PCR_all","eff_incid_recurrent_PCR","eff_incid_recurrent_LM","eff_incid_recurrent_D","eff_incid_any_relapse_PCR","eff_incid_any_relapse_LM","eff_incid_any_relapse_D","eff_incid_relapse_PCR","eff_incid_relapse_LM","eff_incid_relapse_D","eff_risk_relapse_PCR","eff_risk_relapse_LM","eff_risk_relapse_D"
25,0.1,0,0.01538462,180,0.75,0,1,0,28,1,0,0.756227823881676,0.792237119498336,0.757009269770948,0.794787231671927,0.75580273734974,0.797036559918824,0.803234743309342,0.810340356417815,0.685656125703851,0.678384123870842,0.674994016135315,0.686144776325137,0.678058687754947,0.673904021059871,0.702396245482418,0.694503416232589,0.697598790395162,0.725,0.730290456431535,0.721904761904762
250,1,0,0.01538462,180,0.75,0,1,0,28,1,0,0.708586489896214,0.717830632853898,0.727250978103827,0.755070239795511,0.775892458289813,0.774814954136353,0.775051971497905,0.803336279480321,0.67470925113826,0.648827065896499,0.534621875329607,0.711072396944586,0.688314128256513,0.54239908388205,0.742122358287316,0.72003799520706,0.569461503652466,0.653349001175088,0.675599435825106,0.606741573033708
251,1,0,0.01538462,180,0.75,0,1,0,28,1,0,0.605230835623642,0.689263137867717,0.656788007729507,0.731031088287298,0.712165871705659,0.753724581089392,0.783322843389464,0.803685070971086,0.662116991643454,0.651454363089268,0.674846625766871,0.696145802210935,0.686295503211992,0.706666666666667,0.73972602739726,0.733216579100992,0.746268656716418,0.672131147540984,0.705799151343706,0.764705882352941
