"param_id","eir_equil","sig_het","ff","trial_duration","trial_PQ_eff_stratum_1","trial_PQ_eff_stratum_2","trial_PQ_prop_stratum_1","trial_PQ_prop_stratum_2","trial_PQ_proph","is_LLIN_distributed","is_IRS_administered","eff_cph_recurrent_LM","eff_cph_recurrent_PCR","eff_cph_any_relapse_LM","eff_cph_any_relapse_PCR","eff_cph_relapse_LM_trial","eff_cph_relapse_PCR_trial","eff_cph_relapse_LM_all","eff_cph_relapse_PCR_all","eff_incid_recurrent_PCR","eff_incid_recurrent_LM","eff_incid_recurrent_D","eff_incid_any_relapse_PCR","eff_incid_any_relapse_LM","eff_incid_any_relapse_D","eff_incid_relapse_PCR","eff_incid_relapse_LM","eff_incid_relapse_D","eff_risk_relapse_PCR","eff_risk_relapse_LM","eff_risk_relapse_D"
503,10,0,0.01538462,180,0.75,0,1,0,28,1,0,0.517605653608608,0.582496892254098,0.592621211592742,0.659537960872479,0.683527211376141,0.69756540710123,0.774654490593731,0.683285220371124,0.635615460210312,0.727891156462585,0.738869304086695,0.695891708622839,0.76361465916416,0.863499863499864,0.752723492857069,0.814590865579419,0.84984984984985,0.268145161290323,0.746305418719212,0.833333333333333
504,10,0,0.01538462,180,0.75,0,1,0,28,1,0,0.606074675594368,0.573412602391058,0.663253075385675,0.675666696422494,0.680946345949961,0.704056431801264,0.736014349006758,0.673665003029395,0.61467975868419,0.723322955646188,0.764470352705647,0.680446423505717,0.750767027189791,0.74974974974975,0.733943316948135,0.795759885445984,0.812312312312312,0.270325203252033,0.716112531969309,0.8
505,10,0,0.01538462,180,0.75,0,1,0,28,1,0,0.484287481852218,0.57795035557727,0.494806406036395,0.644697054844483,0.587930118332234,0.668471385946245,0.697319150005204,0.672632022120345,0.615138578650876,0.714713269333427,0.799599198396794,0.676105034709568,0.747781557237884,0.799599198396794,0.72945175810714,0.78607657793463,0.768768305842454,0.266331658291457,0.683060109289617,0.727272727272727
