"param_id","eir_equil","sig_het","ff","trial_duration","trial_PQ_eff_stratum_1","trial_PQ_eff_stratum_2","trial_PQ_prop_stratum_1","trial_PQ_prop_stratum_2","trial_PQ_proph","is_LLIN_distributed","is_IRS_administered","eff_cph_recurrent_LM","eff_cph_recurrent_PCR","eff_cph_any_relapse_LM","eff_cph_any_relapse_PCR","eff_cph_relapse_LM_trial","eff_cph_relapse_PCR_trial","eff_cph_relapse_LM_all","eff_cph_relapse_PCR_all","eff_incid_recurrent_PCR","eff_incid_recurrent_LM","eff_incid_recurrent_D","eff_incid_any_relapse_PCR","eff_incid_any_relapse_LM","eff_incid_any_relapse_D","eff_incid_relapse_PCR","eff_incid_relapse_LM","eff_incid_relapse_D","eff_risk_relapse_PCR","eff_risk_relapse_LM","eff_risk_relapse_D"
1195,1,0,0.01538462,180,0.75,0,1,0,45,1,0,0.690741770014187,0.711756899076706,0.732819056720331,0.751556867712698,0.746499545433092,0.771006849155627,0.758900092987414,0.784958604816195,0.669567827130852,0.674406047516199,0.72463768115942,0.70336,0.711582568807339,0.765151515151515,0.728796169630643,0.730275229357798,0.788617886178862,0.658595641646489,0.67910447761194,0.785046728971963
1196,1,0,0.01538462,180,0.75,0,1,0,45,1,0,0.638276142821036,0.711195538019219,0.677369212868312,0.735940396659524,0.697338269426984,0.75684992531819,0.776433521106965,0.779352543787826,0.658183921341816,0.671204188481675,0.701986754966887,0.681705809641533,0.692825112107623,0.725352112676056,0.707515233581584,0.714463066418374,0.713114754098361,0.637336504161712,0.696092619392185,0.685714285714286
1197,1,0,0.01538462,180,0.75,0,1,0,45,1,0,0.664734046001054,0.714337305576492,0.713954910600714,0.744125206024259,0.743834854529998,0.762461356412407,0.755343443418074,0.777131119694324,0.655655655655656,0.643709913864746,0.505000495991487,0.688059601103079,0.674190099190099,0.547623094792906,0.713675328220783,0.692183433433433,0.543935239587414,0.640644361833953,0.664145234493192,0.595238095238095
