"param_id","eir_equil","sig_het","ff","trial_duration","trial_PQ_eff_stratum_1","trial_PQ_eff_stratum_2","trial_PQ_prop_stratum_1","trial_PQ_prop_stratum_2","trial_PQ_proph","is_LLIN_distributed","is_IRS_administered","eff_cph_recurrent_LM","eff_cph_recurrent_PCR","eff_cph_any_relapse_LM","eff_cph_any_relapse_PCR","eff_cph_relapse_LM_trial","eff_cph_relapse_PCR_trial","eff_cph_relapse_LM_all","eff_cph_relapse_PCR_all","eff_incid_recurrent_PCR","eff_incid_recurrent_LM","eff_incid_recurrent_D","eff_incid_any_relapse_PCR","eff_incid_any_relapse_LM","eff_incid_any_relapse_D","eff_incid_relapse_PCR","eff_incid_relapse_LM","eff_incid_relapse_D","eff_risk_relapse_PCR","eff_risk_relapse_LM","eff_risk_relapse_D"
1051,1,0,0.01538462,180,0.75,0,1,0,45,1,0,0.676456297125135,0.700056873840479,0.705230188984281,0.724864518531435,0.714172060671105,0.736473018654134,0.762853984987065,0.788568100060173,0.651678792114937,0.65396895485887,0.628627885140911,0.684491159863804,0.684890142275501,0.626117907456704,0.700495382008888,0.698640660893034,0.628567479787161,0.643802647412756,0.660404624277457,0.62037037037037
1052,1,0,0.01538462,180,0.75,0,1,0,45,1,0,0.664848516022497,0.717645254591823,0.719078943855846,0.757709343855788,0.759039567234862,0.78431681577164,0.786794111968033,0.807891161539234,0.673397717295874,0.684742158426369,0.71830985915493,0.706010588601682,0.71404206935759,0.791044776119403,0.731584258324924,0.742134484885873,0.830508474576271,0.663145539906103,0.69583931133429,0.813084112149533
1053,1,0,0.01538462,180,0.75,0,1,0,45,1,0,0.709627853988196,0.694868990663101,0.729706392728654,0.724904682375576,0.75746372130044,0.742725036826589,0.748304891749336,0.76783508379648,0.653857350800582,0.650583244962884,0.625,0.680890538033395,0.673480976717774,0.676190476190476,0.703839732888147,0.708002443494197,0.777777777777778,0.613526570048309,0.65625,0.766666666666667
