"param_id","eir_equil","sig_het","ff","trial_duration","trial_PQ_eff_stratum_1","trial_PQ_eff_stratum_2","trial_PQ_prop_stratum_1","trial_PQ_prop_stratum_2","trial_PQ_proph","is_LLIN_distributed","is_IRS_administered","eff_cph_recurrent_LM","eff_cph_recurrent_PCR","eff_cph_any_relapse_LM","eff_cph_any_relapse_PCR","eff_cph_relapse_LM_trial","eff_cph_relapse_PCR_trial","eff_cph_relapse_LM_all","eff_cph_relapse_PCR_all","eff_incid_recurrent_PCR","eff_incid_recurrent_LM","eff_incid_recurrent_D","eff_incid_any_relapse_PCR","eff_incid_any_relapse_LM","eff_incid_any_relapse_D","eff_incid_relapse_PCR","eff_incid_relapse_LM","eff_incid_relapse_D","eff_risk_relapse_PCR","eff_risk_relapse_LM","eff_risk_relapse_D"
1416,100,0,0.01538462,180,0.75,0,1,0,45,1,0,0.360688631791537,0.321223577069008,0.500241499652764,0.548423235429434,0.682027425482712,0.568828163415243,0.717107941249401,0.571758480283043,0.440682274587559,0.578881599500156,0.5,0.580987765518277,0.662844036697248,0.666666666666667,0.716486177439968,0.788676236044657,0.740740740740741,0.130784708249497,0.664473684210526,0.8
1417,100,0,0.01538462,180,0.75,0,1,0,45,1,0,0.476727170990228,0.378644521583355,0.625577662789918,0.553344840811733,0.658566070141168,0.531412126602575,0.720956503295671,0.563194938241792,0.436419145232034,0.61151052477756,0.614613843070757,0.577893428298648,0.684257403696282,0.76039034590921,0.70516770346725,0.804233666695432,0.838386450319995,0.127401415571284,0.681614349775785,0.821428571428571
1418,100,0,0.01538462,180,0.75,0,1,0,45,1,0,0.518594729027706,0.338585354979059,0.596459775262168,0.568423901639866,0.74320690868654,0.557118349877225,0.73309705148161,0.531416798239041,0.43708098944286,0.617491166077738,0.75,0.582366062989149,0.707780725022104,0.836734693877551,0.713112528844849,0.836309523809524,0.933333333333333,0.122222222222222,0.7,0.916666666666667
