"param_id","eir_equil","sig_het","ff","trial_duration","trial_PQ_eff_stratum_1","trial_PQ_eff_stratum_2","trial_PQ_prop_stratum_1","trial_PQ_prop_stratum_2","trial_PQ_proph","is_LLIN_distributed","is_IRS_administered","eff_cph_recurrent_LM","eff_cph_recurrent_PCR","eff_cph_any_relapse_LM","eff_cph_any_relapse_PCR","eff_cph_relapse_LM_trial","eff_cph_relapse_PCR_trial","eff_cph_relapse_LM_all","eff_cph_relapse_PCR_all","eff_incid_recurrent_PCR","eff_incid_recurrent_LM","eff_incid_recurrent_D","eff_incid_any_relapse_PCR","eff_incid_any_relapse_LM","eff_incid_any_relapse_D","eff_incid_relapse_PCR","eff_incid_relapse_LM","eff_incid_relapse_D","eff_risk_relapse_PCR","eff_risk_relapse_LM","eff_risk_relapse_D"
474,10,0,0.01538462,180,0.75,0,1,0,28,1,0,0.735654270682302,0.595436925039095,0.814379704965939,0.651719386513515,0.822486972780454,0.700062673635901,0.798125836485368,0.701890954726658,0.62214604045252,0.792423046566693,0.838709677419355,0.683912877340466,0.819371727748691,0.821428571428571,0.736371603856266,0.842685370741483,0.84,0.272910372608258,0.767386091127098,0.833333333333333
475,10,0,0.01538462,180,0.75,0,1,0,28,1,0,0.403912154173013,0.567609996956207,0.478408651890181,0.661170961518368,0.51039845892612,0.676678043450212,0.692576110275736,0.686203867245238,0.639885730057963,0.699371090448013,0.571857142857143,0.697845135114445,0.718827586206897,0.5005,0.746010992876616,0.765442902881537,0.667,0.273461150353179,0.672680412371134,0.666666666666667
476,10,0,0.01538462,180,0.75,0,1,0,28,1,0,0.584642409786938,0.558450606970894,0.63735853405232,0.63324375001377,0.678174669630517,0.669497295270442,0.703817384336473,0.684947189199224,0.619895796539565,0.695353042008125,0.739391565478522,0.679832890150659,0.722714978034127,0.714571714571715,0.732131280895565,0.770559570559571,0.842263315947526,0.274014155712841,0.7,0.894736842105263
