"param_id","eir_equil","sig_het","ff","trial_duration","trial_PQ_eff_stratum_1","trial_PQ_eff_stratum_2","trial_PQ_prop_stratum_1","trial_PQ_prop_stratum_2","trial_PQ_proph","is_LLIN_distributed","is_IRS_administered","eff_cph_recurrent_LM","eff_cph_recurrent_PCR","eff_cph_any_relapse_LM","eff_cph_any_relapse_PCR","eff_cph_relapse_LM_trial","eff_cph_relapse_PCR_trial","eff_cph_relapse_LM_all","eff_cph_relapse_PCR_all","eff_incid_recurrent_PCR","eff_incid_recurrent_LM","eff_incid_recurrent_D","eff_incid_any_relapse_PCR","eff_incid_any_relapse_LM","eff_incid_any_relapse_D","eff_incid_relapse_PCR","eff_incid_relapse_LM","eff_incid_relapse_D","eff_risk_relapse_PCR","eff_risk_relapse_LM","eff_risk_relapse_D"
682,100,0,0.01538462,180,0.75,0,1,0,28,1,0,0.292701258650971,0.250395911335274,0.375350346921799,0.553886978300771,0.626990480496966,0.667044066778829,0.737927045649427,0.570489364588563,0.370474624977366,0.567143285417397,0.5640802092415,0.522682714897573,0.650466989564012,0.578525894315368,0.720631661731228,0.798955073216677,0.570999570999571,0.150201612903226,0.723214285714286,0.714285714285714
683,100,0,0.01538462,180,0.75,0,1,0,28,1,0,0.356533500936063,0.241741908185632,0.551549596584309,0.5552802757128,0.708921961892492,0.594129053483973,0.695445505905803,0.569793519209666,0.366085171883017,0.522115384615385,0.4,0.514373250624102,0.621482176360225,0.636363636363636,0.70890387628585,0.763135228251507,0.791666666666667,0.144008056394763,0.639269406392694,0.791666666666667
684,100,0,0.01538462,180,0.75,0,1,0,28,1,0,0.372645445868986,0.138472495073232,0.534086505252639,0.516563450362987,0.665320268054815,0.568654868867701,0.697273076905801,0.511542477560899,0.358363049084699,0.551198017196137,0.517634300967634,0.503872331745586,0.642042695680755,0.643572143572144,0.707359727726611,0.80419572554404,0.652870261565914,0.111788617886179,0.660287081339713,0.652173913043478
