"param_id","eir_equil","sig_het","ff","trial_duration","trial_PQ_eff_stratum_1","trial_PQ_eff_stratum_2","trial_PQ_prop_stratum_1","trial_PQ_prop_stratum_2","trial_PQ_proph","is_LLIN_distributed","is_IRS_administered","eff_cph_recurrent_LM","eff_cph_recurrent_PCR","eff_cph_any_relapse_LM","eff_cph_any_relapse_PCR","eff_cph_relapse_LM_trial","eff_cph_relapse_PCR_trial","eff_cph_relapse_LM_all","eff_cph_relapse_PCR_all","eff_incid_recurrent_PCR","eff_incid_recurrent_LM","eff_incid_recurrent_D","eff_incid_any_relapse_PCR","eff_incid_any_relapse_LM","eff_incid_any_relapse_D","eff_incid_relapse_PCR","eff_incid_relapse_LM","eff_incid_relapse_D","eff_risk_relapse_PCR","eff_risk_relapse_LM","eff_risk_relapse_D"
577,10,0,0.01538462,180,0.75,0,1,0,28,1,0,0.617648314155796,0.555268833001991,0.633728835211875,0.643666939195393,0.695161599615462,0.667605195800633,0.724987716517521,0.656997466628065,0.603742822712129,0.721677074041035,0.851851851851852,0.665298065534939,0.755642787046124,0.84,0.726052249637155,0.789647577092511,0.909090909090909,0.28382502543235,0.721649484536082,0.904761904761905
578,10,0,0.01538462,180,0.75,0,1,0,28,1,0,0.564606925184002,0.560888268833918,0.617919178164,0.644719443220869,0.693197128029021,0.689356106819972,0.734436782784328,0.631933880600839,0.605465747437578,0.697890840747984,0.904857238190572,0.664314431894698,0.734154112532491,0.882470706000118,0.717705337529679,0.776806675253509,0.941235353000059,0.245187436676798,0.715789473684211,0.9375
579,10,0,0.01538462,180,0.75,0,1,0,28,1,0,0.538918545211244,0.526535224301174,0.647858897942539,0.639273924710168,0.653700415950622,0.6873842122405,0.708434636700666,0.685992459484839,0.624959419354575,0.698605249488345,0.772499772499772,0.689084805473237,0.74905267384376,0.74974974974975,0.746791498635779,0.787416282261643,0.687187187187187,0.295247724974722,0.672222222222222,0.75
