"param_id","eir_equil","sig_het","ff","trial_duration","trial_PQ_eff_stratum_1","trial_PQ_eff_stratum_2","trial_PQ_prop_stratum_1","trial_PQ_prop_stratum_2","trial_PQ_proph","is_LLIN_distributed","is_IRS_administered","eff_cph_recurrent_LM","eff_cph_recurrent_PCR","eff_cph_any_relapse_LM","eff_cph_any_relapse_PCR","eff_cph_relapse_LM_trial","eff_cph_relapse_PCR_trial","eff_cph_relapse_LM_all","eff_cph_relapse_PCR_all","eff_incid_recurrent_PCR","eff_incid_recurrent_LM","eff_incid_recurrent_D","eff_incid_any_relapse_PCR","eff_incid_any_relapse_LM","eff_incid_any_relapse_D","eff_incid_relapse_PCR","eff_incid_relapse_LM","eff_incid_relapse_D","eff_risk_relapse_PCR","eff_risk_relapse_LM","eff_risk_relapse_D"
822,0.1,0,0.01538462,180,0.75,0,1,0,45,1,0,0.799117969312433,0.826397826783334,0.799884847792206,0.826253297378576,0.803160440593497,0.828459576514893,0.814705136253484,0.826592694829201,0.707352941176471,0.70543997485858,0.705585748792271,0.71055525460455,0.708535353535354,0.708278588807786,0.722438825448613,0.721753329105897,0.725643382352941,0.748326639892905,0.742253521126761,0.743346007604563
823,0.1,0,0.01538462,180,0.75,0,1,0,45,1,0,0.800608637280094,0.822586383343493,0.803646542145448,0.823913226087962,0.808638160617215,0.828671433912185,0.829252244666254,0.837272927054506,0.733138427148141,0.724425871503181,0.742938204476666,0.735779139573178,0.727803513292472,0.745588819223024,0.755322949239299,0.747535145765234,0.767901075867782,0.75,0.751031636863824,0.768199233716475
824,0.1,0,0.01538462,180,0.75,0,1,0,45,1,0,0.783196099195247,0.816188198644852,0.792231021675279,0.821344527027675,0.795227730303289,0.820950769703641,0.812093760149474,0.827010680673851,0.716909778498109,0.708805031446541,0.726218097447796,0.718936516549105,0.711489898989899,0.729918509895227,0.723555070883315,0.716730038022814,0.738317757009346,0.755047106325707,0.748211731044349,0.742574257425743
