"param_id","eir_equil","sig_het","ff","trial_duration","trial_PQ_eff_stratum_1","trial_PQ_eff_stratum_2","trial_PQ_prop_stratum_1","trial_PQ_prop_stratum_2","trial_PQ_proph","is_LLIN_distributed","is_IRS_administered","eff_cph_recurrent_LM","eff_cph_recurrent_PCR","eff_cph_any_relapse_LM","eff_cph_any_relapse_PCR","eff_cph_relapse_LM_trial","eff_cph_relapse_PCR_trial","eff_cph_relapse_LM_all","eff_cph_relapse_PCR_all","eff_incid_recurrent_PCR","eff_incid_recurrent_LM","eff_incid_recurrent_D","eff_incid_any_relapse_PCR","eff_incid_any_relapse_LM","eff_incid_any_relapse_D","eff_incid_relapse_PCR","eff_incid_relapse_LM","eff_incid_relapse_D","eff_risk_relapse_PCR","eff_risk_relapse_LM","eff_risk_relapse_D"
1479,100,0,0.01538462,180,0.75,0,1,0,45,1,0,0.448751592109442,0.349663299133222,0.531816118551049,0.529709474194609,0.671303329370319,0.529045693080383,0.75174528265606,0.553750937693003,0.440374461138178,0.605004468275246,0.551020408163265,0.581906446392955,0.68641425389755,0.588235294117647,0.720731707317073,0.802683504340963,0.76,0.131313131313131,0.706008583690987,0.791666666666667
148,0.1,0,0.01538462,180,0.75,0,1,0,28,1,0,0.782766226933997,0.80243555048679,0.78634824233878,0.803364707014521,0.787916516732326,0.806619862787527,0.801935659385267,0.806485888044307,0.646867647058823,0.643620493358634,0.650002320185615,0.648247129579005,0.6448,0.65383488372093,0.668824657534247,0.665516231699554,0.681393691588785,0.712328767123288,0.716353111432706,0.719607843137255
1480,100,0,0.01538462,180,0.75,0,1,0,45,1,0,0.320511178297286,0.352677733168691,0.48785552836247,0.599162319858151,0.656269328131072,0.627070775359106,0.709251887343229,0.569033052571578,0.438391572430026,0.564910058027079,0.566471698113208,0.582262438139851,0.655778832463218,0.683243902439024,0.727270247933884,0.747295723384895,0.956565217391304,0.123732251521298,0.675115207373272,0.954545454545455
