"param_id","eir_equil","sig_het","ff","trial_duration","trial_PQ_eff_stratum_1","trial_PQ_eff_stratum_2","trial_PQ_prop_stratum_1","trial_PQ_prop_stratum_2","trial_PQ_proph","is_LLIN_distributed","is_IRS_administered","eff_cph_recurrent_LM","eff_cph_recurrent_PCR","eff_cph_any_relapse_LM","eff_cph_any_relapse_PCR","eff_cph_relapse_LM_trial","eff_cph_relapse_PCR_trial","eff_cph_relapse_LM_all","eff_cph_relapse_PCR_all","eff_incid_recurrent_PCR","eff_incid_recurrent_LM","eff_incid_recurrent_D","eff_incid_any_relapse_PCR","eff_incid_any_relapse_LM","eff_incid_any_relapse_D","eff_incid_relapse_PCR","eff_incid_relapse_LM","eff_incid_relapse_D","eff_risk_relapse_PCR","eff_risk_relapse_LM","eff_risk_relapse_D"
241,1,0,0.01538462,180,0.75,0,1,0,28,1,0,0.641162414321519,0.693075969634875,0.706480014859518,0.735899986661373,0.730476856849125,0.752803550387699,0.773942009263447,0.781678351666602,0.652595246556849,0.661796240182773,0.575422030501681,0.68599059604637,0.700037016708576,0.624248496993988,0.707508481236092,0.717870083601547,0.669149619994706,0.644417475728155,0.694063926940639,0.691489361702128
242,1,0,0.01538462,180,0.75,0,1,0,28,1,0,0.690146243786087,0.723411172626397,0.737069949979917,0.769364944559818,0.75654352122601,0.7747173587161,0.784435960963143,0.804417982740264,0.684299858557284,0.684183673469388,0.706293706293706,0.7175687934684,0.712096332785988,0.722627737226277,0.736929185969557,0.730560578661845,0.771653543307087,0.67020023557126,0.695035460992908,0.775862068965517
243,1,0,0.01538462,180,0.75,0,1,0,28,1,0,0.611801296488091,0.673349695649648,0.632188766521392,0.711953550252575,0.682174532900346,0.740262630134224,0.749592076926495,0.787984089347013,0.647027638050977,0.645058889844839,0.522325744547967,0.680653325712112,0.678158693266189,0.581197268697269,0.716030737628269,0.709753094803346,0.661057283698793,0.65546218487395,0.665671641791045,0.684782608695652
