"param_id","eir_equil","sig_het","ff","trial_duration","trial_PQ_eff_stratum_1","trial_PQ_eff_stratum_2","trial_PQ_prop_stratum_1","trial_PQ_prop_stratum_2","trial_PQ_proph","is_LLIN_distributed","is_IRS_administered","eff_cph_recurrent_LM","eff_cph_recurrent_PCR","eff_cph_any_relapse_LM","eff_cph_any_relapse_PCR","eff_cph_relapse_LM_trial","eff_cph_relapse_PCR_trial","eff_cph_relapse_LM_all","eff_cph_relapse_PCR_all","eff_incid_recurrent_PCR","eff_incid_recurrent_LM","eff_incid_recurrent_D","eff_incid_any_relapse_PCR","eff_incid_any_relapse_LM","eff_incid_any_relapse_D","eff_incid_relapse_PCR","eff_incid_relapse_LM","eff_incid_relapse_D","eff_risk_relapse_PCR","eff_risk_relapse_LM","eff_risk_relapse_D"
1508,100,0,0.01538462,180,0.75,0,1,0,45,1,0,0.447684601752294,0.359195427891692,0.602413834737637,0.595068058784705,0.673941431245747,0.566902206286764,0.74505284389296,0.574608726880829,0.443315106967606,0.653876877449933,0.644805740513285,0.582878273431149,0.717666101433637,0.804682535803314,0.713431775075415,0.80242302787393,0.833166332665331,0.140262361251261,0.712616822429907,0.833333333333333
1509,100,0,0.01538462,180,0.75,0,1,0,45,1,0,0.473257142062943,0.374639779805065,0.585309758885908,0.545475698487665,0.652335079942363,0.564228240191846,0.695695468128282,0.564214522143993,0.449759310869014,0.638128580521961,0.7,0.586648735477605,0.704957102001907,0.714285714285714,0.71722972972973,0.768900343642612,0.703703703703704,0.132056451612903,0.662790697674419,0.692307692307692
151,0.1,0,0.01538462,180,0.75,0,1,0,28,1,0,0.75489918925311,0.797247103707076,0.765174982743173,0.80131206435129,0.766696367921098,0.804239425472612,0.802789547542792,0.8130457802368,0.688413948256468,0.694958519463944,0.692695214105793,0.692784667418264,0.699488491048593,0.698992443324937,0.706945228684359,0.714468629961588,0.717528373266078,0.719225449515906,0.714701601164483,0.725450901803607
