"param_id","eir_equil","sig_het","ff","trial_duration","trial_PQ_eff_stratum_1","trial_PQ_eff_stratum_2","trial_PQ_prop_stratum_1","trial_PQ_prop_stratum_2","trial_PQ_proph","is_LLIN_distributed","is_IRS_administered","eff_cph_recurrent_LM","eff_cph_recurrent_PCR","eff_cph_any_relapse_LM","eff_cph_any_relapse_PCR","eff_cph_relapse_LM_trial","eff_cph_relapse_PCR_trial","eff_cph_relapse_LM_all","eff_cph_relapse_PCR_all","eff_incid_recurrent_PCR","eff_incid_recurrent_LM","eff_incid_recurrent_D","eff_incid_any_relapse_PCR","eff_incid_any_relapse_LM","eff_incid_any_relapse_D","eff_incid_relapse_PCR","eff_incid_relapse_LM","eff_incid_relapse_D","eff_risk_relapse_PCR","eff_risk_relapse_LM","eff_risk_relapse_D"
1221,10,0,0.01538462,180,0.75,0,1,0,45,1,0,0.631099345532918,0.621598074800571,0.661479187381483,0.6733634371904,0.707317532695752,0.693101890231328,0.721612578192542,0.688557656371822,0.644246072936129,0.771840542832909,0.625,0.702390131071704,0.792775665399239,0.666666666666667,0.740092411586991,0.823093220338983,0.642857142857143,0.290192113245703,0.710810810810811,0.615384615384615
1222,10,0,0.01538462,180,0.75,0,1,0,45,1,0,0.380790272680566,0.618191554564019,0.412633897517837,0.668003958600103,0.513257238662798,0.697036276688698,0.67756144209763,0.705219948751965,0.6434483834819,0.663631217868397,0.841630153618751,0.701325151185445,0.696948794523367,0.881998937990442,0.738748600341536,0.733393729575824,1,0.304435483870968,0.677966101694915,1
1223,10,0,0.01538462,180,0.75,0,1,0,45,1,0,0.622628259087965,0.588712017592627,0.659690493532012,0.639249367651962,0.740978675728992,0.636403607860723,0.715642413126977,0.665222477083236,0.635362646806073,0.745408163265306,0.708916666666667,0.691760184963725,0.770054768649669,0.818545454545454,0.728043850760018,0.800183982683983,0.894947368421053,0.27979797979798,0.702631578947368,0.888888888888889
