"param_id","eir_equil","sig_het","ff","trial_duration","trial_PQ_eff_stratum_1","trial_PQ_eff_stratum_2","trial_PQ_prop_stratum_1","trial_PQ_prop_stratum_2","trial_PQ_proph","is_LLIN_distributed","is_IRS_administered","eff_cph_recurrent_LM","eff_cph_recurrent_PCR","eff_cph_any_relapse_LM","eff_cph_any_relapse_PCR","eff_cph_relapse_LM_trial","eff_cph_relapse_PCR_trial","eff_cph_relapse_LM_all","eff_cph_relapse_PCR_all","eff_incid_recurrent_PCR","eff_incid_recurrent_LM","eff_incid_recurrent_D","eff_incid_any_relapse_PCR","eff_incid_any_relapse_LM","eff_incid_any_relapse_D","eff_incid_relapse_PCR","eff_incid_relapse_LM","eff_incid_relapse_D","eff_risk_relapse_PCR","eff_risk_relapse_LM","eff_risk_relapse_D"
1484,100,0,0.01538462,180,0.75,0,1,0,45,1,0,0.329149303516537,0.349873517051949,0.437027034818509,0.547470301423429,0.555694378692787,0.575257545339231,0.685442103314705,0.533515901210386,0.425886379675371,0.574949441891005,0.691218181818182,0.56662052949373,0.653733067729084,0.8002,0.699763240527528,0.786185251798561,0.92008,0.122593718338399,0.637755102040816,0.92
1485,100,0,0.01538462,180,0.75,0,1,0,45,1,0,0.500296725221021,0.329485508549145,0.65441904313505,0.528706039750735,0.73074748832717,0.516155649385649,0.756902569467732,0.575996929512642,0.45304022212599,0.669483851494114,0.722222222222222,0.598054199127744,0.748108589230084,0.775510204081633,0.726201633418128,0.820261437908497,0.935483870967742,0.132189707366297,0.728929384965831,0.925925925925926
1486,100,0,0.01538462,180,0.75,0,1,0,45,1,0,0.461990227807089,0.328839684117757,0.570420545914924,0.598081588503636,0.632472768283482,0.561701620643991,0.705731836428054,0.583635380481088,0.435837371042332,0.588066648627948,0.374374374374374,0.578381278724397,0.685151528969316,0.420473104683631,0.718043445197042,0.810195718929,0.713999713999714,0.115151515151515,0.658711217183771,0.714285714285714
