"param_id","eir_equil","sig_het","ff","trial_duration","trial_PQ_eff_stratum_1","trial_PQ_eff_stratum_2","trial_PQ_prop_stratum_1","trial_PQ_prop_stratum_2","trial_PQ_proph","is_LLIN_distributed","is_IRS_administered","eff_cph_recurrent_LM","eff_cph_recurrent_PCR","eff_cph_any_relapse_LM","eff_cph_any_relapse_PCR","eff_cph_relapse_LM_trial","eff_cph_relapse_PCR_trial","eff_cph_relapse_LM_all","eff_cph_relapse_PCR_all","eff_incid_recurrent_PCR","eff_incid_recurrent_LM","eff_incid_recurrent_D","eff_incid_any_relapse_PCR","eff_incid_any_relapse_LM","eff_incid_any_relapse_D","eff_incid_relapse_PCR","eff_incid_relapse_LM","eff_incid_relapse_D","eff_risk_relapse_PCR","eff_risk_relapse_LM","eff_risk_relapse_D"
306,1,0,0.01538462,180,0.75,0,1,0,28,1,0,0.596362377448497,0.670459613639048,0.650476493041752,0.719059775868761,0.694959545376657,0.741721874949326,0.749644464949857,0.78784646232819,0.643448133428376,0.625446014942733,0.626610737721849,0.679305586478582,0.659471457356299,0.671940848411437,0.70779651144948,0.690876672487326,0.702405107810513,0.643802647412756,0.656848306332842,0.65625
307,1,0,0.01538462,180,0.75,0,1,0,28,1,0,0.56702336555707,0.642498838062866,0.615198515627519,0.707457601437075,0.671949283808858,0.744523435697712,0.749318586425244,0.797736742751316,0.650652596500972,0.65553235908142,0.576388888888889,0.689604685212299,0.693450742982939,0.625,0.723096286972939,0.729425695677916,0.712,0.66627358490566,0.670694864048338,0.679611650485437
308,1,0,0.01538462,180,0.75,0,1,0,28,1,0,0.708005540167754,0.691570527706676,0.751437582645095,0.757158541190386,0.766674222733859,0.76775150948481,0.787082740986915,0.797324251017535,0.653936062709651,0.666682055209896,0.666332665330661,0.694138276553106,0.701318420443788,0.687186873747495,0.720078483103703,0.733435505697742,0.706602860894202,0.654073199527745,0.695402298850575,0.679611650485437
