"param_id","eir_equil","sig_het","ff","trial_duration","trial_PQ_eff_stratum_1","trial_PQ_eff_stratum_2","trial_PQ_prop_stratum_1","trial_PQ_prop_stratum_2","trial_PQ_proph","is_LLIN_distributed","is_IRS_administered","eff_cph_recurrent_LM","eff_cph_recurrent_PCR","eff_cph_any_relapse_LM","eff_cph_any_relapse_PCR","eff_cph_relapse_LM_trial","eff_cph_relapse_PCR_trial","eff_cph_relapse_LM_all","eff_cph_relapse_PCR_all","eff_incid_recurrent_PCR","eff_incid_recurrent_LM","eff_incid_recurrent_D","eff_incid_any_relapse_PCR","eff_incid_any_relapse_LM","eff_incid_any_relapse_D","eff_incid_relapse_PCR","eff_incid_relapse_LM","eff_incid_relapse_D","eff_risk_relapse_PCR","eff_risk_relapse_LM","eff_risk_relapse_D"
88,0.1,0,0.01538462,180,0.75,0,1,0,28,1,0,0.82019692211721,0.840385453009537,0.826417856966127,0.84306485870064,0.828038488849002,0.847440680626286,0.836901297620552,0.839042605672991,0.736778587443946,0.735820963541667,0.74683192261185,0.740937007874016,0.739516655780536,0.751658566221142,0.759636672325976,0.759435239973702,0.778173594132029,0.763661202185792,0.770114942528736,0.774703557312253
880,0.1,0,0.01538462,180,0.75,0,1,0,45,1,0,0.792554750903836,0.815842627972024,0.796851529402359,0.816862169139173,0.795800049783019,0.819115632933291,0.826843108466686,0.83332078196428,0.718434430077521,0.712822385399966,0.715678119433988,0.720396883517451,0.71381801114965,0.716697829905377,0.738654911068704,0.733321594379593,0.743545198090653,0.744186046511628,0.740687679083095,0.756238003838772
881,0.1,0,0.01538462,180,0.75,0,1,0,45,1,0,0.812023449023269,0.834964766199844,0.813319066790043,0.835613527570189,0.812839688839099,0.834832798328453,0.827105069237262,0.834350180982588,0.734285602098606,0.730451844879706,0.743486036692235,0.735472824816205,0.730571693188516,0.74437444604509,0.740681730946739,0.736908372703116,0.752453533966139,0.75,0.75070821529745,0.755381604696673
