"param_id","eir_equil","sig_het","ff","trial_duration","trial_PQ_eff_stratum_1","trial_PQ_eff_stratum_2","trial_PQ_prop_stratum_1","trial_PQ_prop_stratum_2","trial_PQ_proph","is_LLIN_distributed","is_IRS_administered","eff_cph_recurrent_LM","eff_cph_recurrent_PCR","eff_cph_any_relapse_LM","eff_cph_any_relapse_PCR","eff_cph_relapse_LM_trial","eff_cph_relapse_PCR_trial","eff_cph_relapse_LM_all","eff_cph_relapse_PCR_all","eff_incid_recurrent_PCR","eff_incid_recurrent_LM","eff_incid_recurrent_D","eff_incid_any_relapse_PCR","eff_incid_any_relapse_LM","eff_incid_any_relapse_D","eff_incid_relapse_PCR","eff_incid_relapse_LM","eff_incid_relapse_D","eff_risk_relapse_PCR","eff_risk_relapse_LM","eff_risk_relapse_D"
1413,100,0,0.01538462,180,0.75,0,1,0,45,1,0,0.398407170450895,0.361096821858268,0.552253998722,0.539224450746979,0.660650843304004,0.495601049186652,0.719339269505404,0.567018487701385,0.443775459528456,0.601829320566338,0.702528865461847,0.585204034354883,0.685461729385711,0.65720777848235,0.715064254828734,0.777234482831063,0.736313675755654,0.131445904954499,0.672169811320755,0.705882352941176
1414,100,0,0.01538462,180,0.75,0,1,0,45,1,0,0.400202523284091,0.375948603736141,0.504590809891017,0.598089442675014,0.570754604717026,0.581821743792577,0.706281210540998,0.572668350293362,0.439064550155651,0.631658595641647,0.75,0.573515911872705,0.703720930232558,0.893617021276596,0.701643225177552,0.820578231292517,0.861111111111111,0.151057401812689,0.679245283018868,0.827586206896552
1415,100,0,0.01538462,180,0.75,0,1,0,45,1,0,0.475134807344281,0.362040031103112,0.572409140233199,0.581284451320068,0.57288466192829,0.527481235987714,0.714168715660911,0.583289994931456,0.438457878218356,0.61185636579281,0.661425792761995,0.581114688581504,0.679978910439333,0.795713876733058,0.714606481020926,0.804401907262801,0.768999537536612,0.125252525252525,0.675544794188862,0.739130434782609
