"param_id","eir_equil","sig_het","ff","trial_duration","trial_PQ_eff_stratum_1","trial_PQ_eff_stratum_2","trial_PQ_prop_stratum_1","trial_PQ_prop_stratum_2","trial_PQ_proph","is_LLIN_distributed","is_IRS_administered","eff_cph_recurrent_LM","eff_cph_recurrent_PCR","eff_cph_any_relapse_LM","eff_cph_any_relapse_PCR","eff_cph_relapse_LM_trial","eff_cph_relapse_PCR_trial","eff_cph_relapse_LM_all","eff_cph_relapse_PCR_all","eff_incid_recurrent_PCR","eff_incid_recurrent_LM","eff_incid_recurrent_D","eff_incid_any_relapse_PCR","eff_incid_any_relapse_LM","eff_incid_any_relapse_D","eff_incid_relapse_PCR","eff_incid_relapse_LM","eff_incid_relapse_D","eff_risk_relapse_PCR","eff_risk_relapse_LM","eff_risk_relapse_D"
717,100,0,0.01538462,180,0.75,0,1,0,28,1,0,0.369336352569958,0.260515623219134,0.54034124183346,0.537138661681349,0.747629654429145,0.669702289087943,0.632403170805828,0.571158112769217,0.367260239124905,0.519369665134603,0.620689655172414,0.507571191803526,0.589384076114171,0.789473684210526,0.707618207719965,0.747564216120461,0.947368421052632,0.14040404040404,0.58495145631068,0.9375
718,100,0,0.01538462,180,0.75,0,1,0,28,1,0,0.341185012021563,0.23099141435938,0.417973835382686,0.5881437076687,0.500981537124077,0.633643116722691,0.682844877220125,0.542248619588407,0.368669118388663,0.522901069510138,0.350552957767386,0.517246034918289,0.61516204528545,0.38111517151951,0.716593766443984,0.784623823633834,0.410585877637628,0.120603015075377,0.644549763033175,0.375
719,100,0,0.01538462,180,0.75,0,1,0,28,1,0,0.315604347729368,0.248741077032845,0.485958852032194,0.551962923109417,0.705923245631246,0.6432086933626,0.722322534793269,0.548679489203144,0.364542606354056,0.546428571428571,0.698630136986301,0.512986515476555,0.62666076173605,0.857142857142857,0.713747645951036,0.791951404707669,0.935483870967742,0.136363636363636,0.671140939597315,0.931034482758621
