"param_id","eir_equil","sig_het","ff","trial_duration","trial_PQ_eff_stratum_1","trial_PQ_eff_stratum_2","trial_PQ_prop_stratum_1","trial_PQ_prop_stratum_2","trial_PQ_proph","is_LLIN_distributed","is_IRS_administered","eff_cph_recurrent_LM","eff_cph_recurrent_PCR","eff_cph_any_relapse_LM","eff_cph_any_relapse_PCR","eff_cph_relapse_LM_trial","eff_cph_relapse_PCR_trial","eff_cph_relapse_LM_all","eff_cph_relapse_PCR_all","eff_incid_recurrent_PCR","eff_incid_recurrent_LM","eff_incid_recurrent_D","eff_incid_any_relapse_PCR","eff_incid_any_relapse_LM","eff_incid_any_relapse_D","eff_incid_relapse_PCR","eff_incid_relapse_LM","eff_incid_relapse_D","eff_risk_relapse_PCR","eff_risk_relapse_LM","eff_risk_relapse_D"
303,1,0,0.01538462,180,0.75,0,1,0,28,1,0,0.650011324994259,0.707792151954814,0.710019635586985,0.757478211088875,0.758012592261067,0.774217692767563,0.786086131591844,0.803817245268218,0.665978164650339,0.680563075257174,0.587155963302752,0.70244055068836,0.714532871972318,0.676190476190476,0.730860837019394,0.744360902255639,0.76,0.665060240963855,0.702160493827161,0.764044943820225
304,1,0,0.01538462,180,0.75,0,1,0,28,1,0,0.709077958639224,0.740854927549476,0.771749523640032,0.792916713459427,0.802192290606548,0.81427320467008,0.804017221516805,0.822135847885029,0.693574958813839,0.699019607843137,0.726618705035971,0.73019584916691,0.736759307813319,0.795081967213115,0.751184085885696,0.762174405436014,0.824561403508772,0.681142857142857,0.710382513661202,0.813725490196078
305,1,0,0.01538462,180,0.75,0,1,0,28,1,0,0.649644827737659,0.681941432026401,0.698959272990288,0.7446966576135,0.747854753839553,0.770856037776686,0.799224863526543,0.819740388526788,0.676061743036339,0.667568149852655,0.561545016090471,0.721396273120411,0.716100281072032,0.59251286684915,0.754080514175526,0.751776698817197,0.689009397747262,0.697336561743341,0.723467862481315,0.685393258426966
