"param_id","eir_equil","sig_het","ff","trial_duration","trial_PQ_eff_stratum_1","trial_PQ_eff_stratum_2","trial_PQ_prop_stratum_1","trial_PQ_prop_stratum_2","trial_PQ_proph","is_LLIN_distributed","is_IRS_administered","eff_cph_recurrent_LM","eff_cph_recurrent_PCR","eff_cph_any_relapse_LM","eff_cph_any_relapse_PCR","eff_cph_relapse_LM_trial","eff_cph_relapse_PCR_trial","eff_cph_relapse_LM_all","eff_cph_relapse_PCR_all","eff_incid_recurrent_PCR","eff_incid_recurrent_LM","eff_incid_recurrent_D","eff_incid_any_relapse_PCR","eff_incid_any_relapse_LM","eff_incid_any_relapse_D","eff_incid_relapse_PCR","eff_incid_relapse_LM","eff_incid_relapse_D","eff_risk_relapse_PCR","eff_risk_relapse_LM","eff_risk_relapse_D"
1308,10,0,0.01538462,180,0.75,0,1,0,45,1,0,0.653357580442133,0.616179765726882,0.637291211897135,0.674523991770218,0.687267208148515,0.689810922245224,0.741240395850095,0.671738969658089,0.642436829352717,0.741046831955923,0.588235294117647,0.698355364279127,0.760577915376677,0.666666666666667,0.730411919368975,0.782258064516129,0.714285714285714,0.273737373737374,0.719444444444444,0.785714285714286
1309,10,0,0.01538462,180,0.75,0,1,0,45,1,0,0.627930289900089,0.590287352658418,0.666173994736555,0.638867301223381,0.702107899309057,0.662727963074008,0.743928914514267,0.695435543218788,0.649968305953753,0.756559280368804,0.624624624624625,0.703517208987668,0.778615603210455,0.733066399733066,0.737372751813185,0.797182803718751,0.768999768999769,0.290909090909091,0.7275,0.846153846153846
131,0.1,0,0.01538462,180,0.75,0,1,0,28,1,0,0.785386871277937,0.805587353680789,0.787443388615355,0.806108521470038,0.790771771011226,0.811659606726409,0.809342115746785,0.826473739421636,0.688124306326304,0.678010471204189,0.713407134071341,0.690117252931323,0.679841897233202,0.717632552404439,0.708333333333333,0.6979374584165,0.738154613466334,0.735019973368842,0.728571428571429,0.754420432220039
