"param_id","eir_equil","sig_het","ff","trial_duration","trial_PQ_eff_stratum_1","trial_PQ_eff_stratum_2","trial_PQ_prop_stratum_1","trial_PQ_prop_stratum_2","trial_PQ_proph","is_LLIN_distributed","is_IRS_administered","eff_cph_recurrent_LM","eff_cph_recurrent_PCR","eff_cph_any_relapse_LM","eff_cph_any_relapse_PCR","eff_cph_relapse_LM_trial","eff_cph_relapse_PCR_trial","eff_cph_relapse_LM_all","eff_cph_relapse_PCR_all","eff_incid_recurrent_PCR","eff_incid_recurrent_LM","eff_incid_recurrent_D","eff_incid_any_relapse_PCR","eff_incid_any_relapse_LM","eff_incid_any_relapse_D","eff_incid_relapse_PCR","eff_incid_relapse_LM","eff_incid_relapse_D","eff_risk_relapse_PCR","eff_risk_relapse_LM","eff_risk_relapse_D"
193,0.1,0,0.01538462,180,0.75,0,1,0,28,1,0,0.805155198259987,0.841356881814991,0.806894631474148,0.838422809746746,0.809694619703855,0.841458540033421,0.835334570518902,0.84725467690346,0.740327253218884,0.732700876095119,0.723931456548348,0.743371428571429,0.735583385777218,0.727706172839506,0.754962601626016,0.747341772151899,0.746166253101737,0.771084337349398,0.764872521246459,0.746450304259635
194,0.1,0,0.01538462,180,0.75,0,1,0,28,1,0,0.811306430241781,0.832472453650684,0.819601080982336,0.834581200590435,0.821237121196218,0.836480515202148,0.830777306860673,0.83417196755782,0.726580821216902,0.724371820564205,0.724873475765089,0.729303775730853,0.727063763103724,0.729311062533694,0.742387828683613,0.74219983674727,0.747211317612394,0.750332005312085,0.756643356643357,0.774011299435028
195,0.1,0,0.01538462,180,0.75,0,1,0,28,1,0,0.798274108617423,0.822092693541138,0.801706548353368,0.822109505219883,0.80578805682892,0.828050907925269,0.822959701754871,0.828893854087629,0.738170347003155,0.734669095324833,0.744158878504673,0.742071881606765,0.73947528981086,0.747356051703878,0.760892667375133,0.759975445058318,0.777122641509434,0.748655913978495,0.748603351955307,0.763005780346821
