"param_id","eir_equil","sig_het","ff","trial_duration","trial_PQ_eff_stratum_1","trial_PQ_eff_stratum_2","trial_PQ_prop_stratum_1","trial_PQ_prop_stratum_2","trial_PQ_proph","is_LLIN_distributed","is_IRS_administered","eff_cph_recurrent_LM","eff_cph_recurrent_PCR","eff_cph_any_relapse_LM","eff_cph_any_relapse_PCR","eff_cph_relapse_LM_trial","eff_cph_relapse_PCR_trial","eff_cph_relapse_LM_all","eff_cph_relapse_PCR_all","eff_incid_recurrent_PCR","eff_incid_recurrent_LM","eff_incid_recurrent_D","eff_incid_any_relapse_PCR","eff_incid_any_relapse_LM","eff_incid_any_relapse_D","eff_incid_relapse_PCR","eff_incid_relapse_LM","eff_incid_relapse_D","eff_risk_relapse_PCR","eff_risk_relapse_LM","eff_risk_relapse_D"
793,100,0,0.01538462,180,0.75,0,1,0,28,1,0,0.412691998948086,0.287570445557777,0.464918528218851,0.569449893759036,0.625861080670741,0.634261533035248,0.690033940851432,0.57412174591397,0.373416719652077,0.547995123437976,0.603968253968254,0.523075026154536,0.623217861975643,0.617787234042553,0.719859649122807,0.775098591549296,0.762380952380952,0.137826961770624,0.651972157772622,0.75
794,100,0,0.01538462,180,0.75,0,1,0,28,1,0,0.280130155893233,0.277277872501509,0.440704298991994,0.561612489158031,0.669142025655276,0.620760921182018,0.699667695792374,0.556266147254339,0.365653702147169,0.550495588682689,0.481288461538462,0.513654599339736,0.639615629259427,0.606454545454545,0.717376575843839,0.79518410041841,0.7003,0.137512639029323,0.666666666666667,0.684210526315789
795,100,0,0.01538462,180,0.75,0,1,0,28,1,0,0.345437363635363,0.253156465643901,0.480156954414403,0.500390564624815,0.649419396673684,0.611765588248584,0.736613124912241,0.595446917797325,0.375400934461422,0.56511205330103,0.607142857142857,0.520690039781388,0.645446507515473,0.595238095238095,0.719459133810831,0.795901639344262,0.727272727272727,0.13682092555332,0.691629955947137,0.714285714285714
