"param_id","eir_equil","sig_het","ff","trial_duration","trial_PQ_eff_stratum_1","trial_PQ_eff_stratum_2","trial_PQ_prop_stratum_1","trial_PQ_prop_stratum_2","trial_PQ_proph","is_LLIN_distributed","is_IRS_administered","eff_cph_recurrent_LM","eff_cph_recurrent_PCR","eff_cph_any_relapse_LM","eff_cph_any_relapse_PCR","eff_cph_relapse_LM_trial","eff_cph_relapse_PCR_trial","eff_cph_relapse_LM_all","eff_cph_relapse_PCR_all","eff_incid_recurrent_PCR","eff_incid_recurrent_LM","eff_incid_recurrent_D","eff_incid_any_relapse_PCR","eff_incid_any_relapse_LM","eff_incid_any_relapse_D","eff_incid_relapse_PCR","eff_incid_relapse_LM","eff_incid_relapse_D","eff_risk_relapse_PCR","eff_risk_relapse_LM","eff_risk_relapse_D"
496,10,0,0.01538462,180,0.75,0,1,0,28,1,0,0.659781938458469,0.55828294373492,0.747658037942072,0.611216644386804,0.747355554836863,0.662093600658169,0.766366553351528,0.691197596434974,0.628729549585942,0.732674196350999,0.76024,0.689108505058074,0.781234022556391,0.88012,0.743368230111428,0.795188658669575,0.9001,0.265656565656566,0.728900255754476,0.894736842105263
497,10,0,0.01538462,180,0.75,0,1,0,28,1,0,0.539903305163974,0.546899182030084,0.632197167831422,0.638082816609589,0.721480256095679,0.689104489187811,0.773096250709488,0.696733553815901,0.615955299907303,0.735449978440633,0.501001001001001,0.682600340135656,0.792550977944236,0.467734401067734,0.745611855032988,0.843263134929802,0.667334000667334,0.273373983739837,0.771498771498772,0.733333333333333
498,10,0,0.01538462,180,0.75,0,1,0,28,1,0,0.694375284273494,0.547419304114986,0.691897486184045,0.629166536600356,0.752268730657981,0.668110460541292,0.736519189282888,0.686375964782656,0.623472557818433,0.746594005449591,0.736842105263158,0.676651305683564,0.762886597938144,0.705882352941176,0.720257518299674,0.788277511961722,0.714285714285714,0.266666666666667,0.70958904109589,0.666666666666667
