"param_id","eir_equil","sig_het","ff","trial_duration","trial_PQ_eff_stratum_1","trial_PQ_eff_stratum_2","trial_PQ_prop_stratum_1","trial_PQ_prop_stratum_2","trial_PQ_proph","is_LLIN_distributed","is_IRS_administered","eff_cph_recurrent_LM","eff_cph_recurrent_PCR","eff_cph_any_relapse_LM","eff_cph_any_relapse_PCR","eff_cph_relapse_LM_trial","eff_cph_relapse_PCR_trial","eff_cph_relapse_LM_all","eff_cph_relapse_PCR_all","eff_incid_recurrent_PCR","eff_incid_recurrent_LM","eff_incid_recurrent_D","eff_incid_any_relapse_PCR","eff_incid_any_relapse_LM","eff_incid_any_relapse_D","eff_incid_relapse_PCR","eff_incid_relapse_LM","eff_incid_relapse_D","eff_risk_relapse_PCR","eff_risk_relapse_LM","eff_risk_relapse_D"
509,10,0,0.01538462,180,0.75,0,1,0,28,1,0,0.520382759913844,0.567310722117998,0.544529019392587,0.648257079673691,0.623561116165547,0.695085636829307,0.692921955236996,0.668425278987736,0.611987515885039,0.658224237194174,0.758136963582337,0.672921792952995,0.689137310766111,0.707748830995324,0.726866370800627,0.733180647008302,0.649298597194389,0.276876267748479,0.649616368286445,0.631578947368421
51,0.1,0,0.01538462,180,0.75,0,1,0,28,1,0,0.831468208058268,0.849532109797372,0.83342413306493,0.850998523719734,0.832476462054133,0.849477481233788,0.842002815061304,0.848677068482616,0.764878258161439,0.762290102215937,0.775759132053669,0.766432739434899,0.763590920112659,0.778000222444667,0.772139041600119,0.769028426923164,0.786445866156011,0.77762619372442,0.777618364418938,0.794625719769674
510,10,0,0.01538462,180,0.75,0,1,0,28,1,0,0.657214552269833,0.543730942083395,0.704049258011192,0.621197840326174,0.756759662706746,0.675852772687032,0.763884387599647,0.670079038771108,0.612327688278852,0.738199097600096,0.65035035035035,0.674093287205964,0.767632100965434,0.737105526579211,0.730309970374999,0.819582224122988,0.764941412000236,0.264705882352941,0.726600985221675,0.764705882352941
