"param_id","eir_equil","sig_het","ff","trial_duration","trial_PQ_eff_stratum_1","trial_PQ_eff_stratum_2","trial_PQ_prop_stratum_1","trial_PQ_prop_stratum_2","trial_PQ_proph","is_LLIN_distributed","is_IRS_administered","eff_cph_recurrent_LM","eff_cph_recurrent_PCR","eff_cph_any_relapse_LM","eff_cph_any_relapse_PCR","eff_cph_relapse_LM_trial","eff_cph_relapse_PCR_trial","eff_cph_relapse_LM_all","eff_cph_relapse_PCR_all","eff_incid_recurrent_PCR","eff_incid_recurrent_LM","eff_incid_recurrent_D","eff_incid_any_relapse_PCR","eff_incid_any_relapse_LM","eff_incid_any_relapse_D","eff_incid_relapse_PCR","eff_incid_relapse_LM","eff_incid_relapse_D","eff_risk_relapse_PCR","eff_risk_relapse_LM","eff_risk_relapse_D"
1502,100,0,0.01538462,180,0.75,0,1,0,45,1,0,0.394134676372832,0.354851106096292,0.484770825955247,0.574907105930959,0.645824148189911,0.54546302329171,0.713871076344039,0.57206470544834,0.431671548534696,0.616651762295455,0.528940705411294,0.572762868019695,0.687675957207207,0.617264323146676,0.703447714947475,0.785061134754386,0.721944166388611,0.132930513595166,0.679425837320574,0.705882352941176
1503,100,0,0.01538462,180,0.75,0,1,0,45,1,0,0.457140020305304,0.304066644282053,0.520406847678672,0.551928903050217,0.563130052883133,0.548567337172476,0.727082708622954,0.552976705359882,0.446479625150759,0.610212926716556,0.614999614999615,0.588320609667202,0.687363751333648,0.718468468468468,0.722674604191192,0.808758844903423,0.764470352705647,0.133937562940584,0.708428246013667,0.75
1504,100,0,0.01538462,180,0.75,0,1,0,45,1,0,0.468886922579895,0.313153703462427,0.640525036452971,0.599588470108454,0.77220748243653,0.598054548695612,0.758498345430484,0.564014738915544,0.445148168172807,0.609233857477417,0.694915254237288,0.588403041825095,0.710280373831776,0.815789473684211,0.714672968652255,0.82687338501292,0.782608695652174,0.128542510121457,0.73536299765808,0.761904761904762
