"param_id","eir_equil","sig_het","ff","trial_duration","trial_PQ_eff_stratum_1","trial_PQ_eff_stratum_2","trial_PQ_prop_stratum_1","trial_PQ_prop_stratum_2","trial_PQ_proph","is_LLIN_distributed","is_IRS_administered","eff_cph_recurrent_LM","eff_cph_recurrent_PCR","eff_cph_any_relapse_LM","eff_cph_any_relapse_PCR","eff_cph_relapse_LM_trial","eff_cph_relapse_PCR_trial","eff_cph_relapse_LM_all","eff_cph_relapse_PCR_all","eff_incid_recurrent_PCR","eff_incid_recurrent_LM","eff_incid_recurrent_D","eff_incid_any_relapse_PCR","eff_incid_any_relapse_LM","eff_incid_any_relapse_D","eff_incid_relapse_PCR","eff_incid_relapse_LM","eff_incid_relapse_D","eff_risk_relapse_PCR","eff_risk_relapse_LM","eff_risk_relapse_D"
769,100,0,0.01538462,180,0.75,0,1,0,28,1,0,0.337013456634659,0.262900455880375,0.460326268089564,0.540697634471903,0.586290881824355,0.631765701632879,0.710129103939242,0.564900548000272,0.364413885883331,0.509329523929361,0.393523889885033,0.515289679601877,0.598646074878282,0.46321213856284,0.721017563009072,0.766897812361124,0.64214142570856,0.124874118831823,0.658426966292135,0.642857142857143
77,0.1,0,0.01538462,180,0.75,0,1,0,28,1,0,0.763048039173023,0.801454455537087,0.772641723181772,0.806371812408776,0.771458265736831,0.805830766093853,0.804541351676545,0.811441400817216,0.648510170423309,0.643214285714286,0.676794117647059,0.652114238410596,0.646702857142857,0.679287822878229,0.661271365149834,0.655297124600639,0.690433333333333,0.724932249322493,0.726884779516358,0.717647058823529
770,100,0,0.01538462,180,0.75,0,1,0,28,1,0,0.438220519343516,0.233592929555578,0.495483606446168,0.52420731960575,0.682851168426549,0.580362634435979,0.735664880262106,0.542517008012455,0.364081904957405,0.567313713212273,0.590909090909091,0.512414496806621,0.636320531057373,0.705882352941176,0.711658948515391,0.819699499165276,0.76,0.130171543895055,0.7,0.76
