"param_id","eir_equil","sig_het","ff","trial_duration","trial_PQ_eff_stratum_1","trial_PQ_eff_stratum_2","trial_PQ_prop_stratum_1","trial_PQ_prop_stratum_2","trial_PQ_proph","is_LLIN_distributed","is_IRS_administered","eff_cph_recurrent_LM","eff_cph_recurrent_PCR","eff_cph_any_relapse_LM","eff_cph_any_relapse_PCR","eff_cph_relapse_LM_trial","eff_cph_relapse_PCR_trial","eff_cph_relapse_LM_all","eff_cph_relapse_PCR_all","eff_incid_recurrent_PCR","eff_incid_recurrent_LM","eff_incid_recurrent_D","eff_incid_any_relapse_PCR","eff_incid_any_relapse_LM","eff_incid_any_relapse_D","eff_incid_relapse_PCR","eff_incid_relapse_LM","eff_incid_relapse_D","eff_risk_relapse_PCR","eff_risk_relapse_LM","eff_risk_relapse_D"
428,10,0,0.01538462,180,0.75,0,1,0,28,1,0,0.489133696523258,0.547950279282831,0.588090750362425,0.631315868553194,0.621680450900829,0.658302972748132,0.689001256186268,0.664482277221656,0.596823983599668,0.637318477898188,0.738869304086695,0.661070280076383,0.693961477400968,0.82591286939113,0.715398121772624,0.731467994941049,0.833166499833166,0.253807106598985,0.654353562005277,0.833333333333333
429,10,0,0.01538462,180,0.75,0,1,0,28,1,0,0.659283023058343,0.567705690272173,0.686270816822342,0.665865015924841,0.71815658525755,0.699067564453721,0.752160107912525,0.694146843672152,0.629654705484089,0.720888888888889,0.862068965517241,0.688682801779386,0.75,0.846153846153846,0.74362100496386,0.789772727272727,0.85,0.261133603238866,0.744623655913978,0.842105263157895
43,0.1,0,0.01538462,180,0.75,0,1,0,28,1,0,0.807066317132755,0.846552633747301,0.813314745183412,0.84838835717179,0.814225084089492,0.84985210734075,0.845159867470011,0.850301656899134,0.734619101964146,0.7351891479129,0.74213997913571,0.73593989509911,0.736713502619606,0.744471232902641,0.760354499454202,0.762966793802659,0.777728648281141,0.772,0.772222222222222,0.780392156862745
