"param_id","eir_equil","sig_het","ff","trial_duration","trial_PQ_eff_stratum_1","trial_PQ_eff_stratum_2","trial_PQ_prop_stratum_1","trial_PQ_prop_stratum_2","trial_PQ_proph","is_LLIN_distributed","is_IRS_administered","eff_cph_recurrent_LM","eff_cph_recurrent_PCR","eff_cph_any_relapse_LM","eff_cph_any_relapse_PCR","eff_cph_relapse_LM_trial","eff_cph_relapse_PCR_trial","eff_cph_relapse_LM_all","eff_cph_relapse_PCR_all","eff_incid_recurrent_PCR","eff_incid_recurrent_LM","eff_incid_recurrent_D","eff_incid_any_relapse_PCR","eff_incid_any_relapse_LM","eff_incid_any_relapse_D","eff_incid_relapse_PCR","eff_incid_relapse_LM","eff_incid_relapse_D","eff_risk_relapse_PCR","eff_risk_relapse_LM","eff_risk_relapse_D"
1598,100,0,0.01538462,180,0.75,0,1,0,45,1,0,0.318179636921648,0.320971078965796,0.451500861819885,0.568473473263974,0.590396930063799,0.567475472011842,0.690802525904007,0.551575460672054,0.44001660342764,0.573798833819242,0.681478260869565,0.585064113114386,0.656461029759093,0.731975609756098,0.72190290478752,0.766757081545064,0.857285714285714,0.125,0.664351851851852,0.857142857142857
1599,100,0,0.01538462,180,0.75,0,1,0,45,1,0,0.453400648562992,0.339117500877341,0.532402738927111,0.547139683035843,0.72933023755886,0.495899361489086,0.739259381542959,0.523610035196098,0.441019285880257,0.613818630475016,0.666666666666667,0.580275229357798,0.694047069681587,0.725,0.715167487343089,0.808298755186722,0.789473684210526,0.117408906882591,0.69634703196347,0.789473684210526
16,0.1,0,0.01538462,180,0.75,0,1,0,28,1,0,0.819869541434616,0.835778657075511,0.822271617960427,0.833925168775135,0.821756749150499,0.834544756025934,0.827188879275023,0.829644075060689,0.729833706606943,0.735577792123951,0.761190237797247,0.730606741573034,0.735844458846403,0.759988679245283,0.73829014084507,0.742947368421053,0.768201765447667,0.747933884297521,0.752873563218391,0.774257425742574
