"param_id","eir_equil","sig_het","ff","trial_duration","trial_PQ_eff_stratum_1","trial_PQ_eff_stratum_2","trial_PQ_prop_stratum_1","trial_PQ_prop_stratum_2","trial_PQ_proph","is_LLIN_distributed","is_IRS_administered","eff_cph_recurrent_LM","eff_cph_recurrent_PCR","eff_cph_any_relapse_LM","eff_cph_any_relapse_PCR","eff_cph_relapse_LM_trial","eff_cph_relapse_PCR_trial","eff_cph_relapse_LM_all","eff_cph_relapse_PCR_all","eff_incid_recurrent_PCR","eff_incid_recurrent_LM","eff_incid_recurrent_D","eff_incid_any_relapse_PCR","eff_incid_any_relapse_LM","eff_incid_any_relapse_D","eff_incid_relapse_PCR","eff_incid_relapse_LM","eff_incid_relapse_D","eff_risk_relapse_PCR","eff_risk_relapse_LM","eff_risk_relapse_D"
1546,100,0,0.01538462,180,0.75,0,1,0,45,1,0,0.431495118516113,0.348703409445689,0.562020090725392,0.580412552359054,0.678626863181854,0.529484606663316,0.701477053997779,0.563368158243746,0.450070036928562,0.5895865237366,0.516666666666667,0.591107626833912,0.679747406405052,0.674418604651163,0.723547891183744,0.788142292490119,0.739130434782609,0.12374245472837,0.667415730337079,0.7
1547,100,0,0.01538462,180,0.75,0,1,0,45,1,0,0.49390396789252,0.328327160563565,0.575810028552079,0.552434032800881,0.769048930132503,0.524128565229077,0.757866147908713,0.520529023758015,0.433751815729404,0.639033343530132,0.695652173913043,0.571603474002372,0.722776769509982,0.828571428571429,0.699971933763682,0.83931484502447,0.954545454545455,0.121212121212121,0.730512249443207,0.954545454545455
1548,100,0,0.01538462,180,0.75,0,1,0,45,1,0,0.405864575690693,0.331884063099075,0.537335139779739,0.564493433725895,0.638482629630669,0.547557972766628,0.710347714313506,0.585384707716623,0.434852601304504,0.605691860465116,0.619428571428571,0.580363612417686,0.698810344827586,0.708625,0.719287020109689,0.804199332777314,0.821607142857143,0.153144016227181,0.66903073286052,0.807692307692308
