"param_id","eir_equil","sig_het","ff","trial_duration","trial_PQ_eff_stratum_1","trial_PQ_eff_stratum_2","trial_PQ_prop_stratum_1","trial_PQ_prop_stratum_2","trial_PQ_proph","is_LLIN_distributed","is_IRS_administered","eff_cph_recurrent_LM","eff_cph_recurrent_PCR","eff_cph_any_relapse_LM","eff_cph_any_relapse_PCR","eff_cph_relapse_LM_trial","eff_cph_relapse_PCR_trial","eff_cph_relapse_LM_all","eff_cph_relapse_PCR_all","eff_incid_recurrent_PCR","eff_incid_recurrent_LM","eff_incid_recurrent_D","eff_incid_any_relapse_PCR","eff_incid_any_relapse_LM","eff_incid_any_relapse_D","eff_incid_relapse_PCR","eff_incid_relapse_LM","eff_incid_relapse_D","eff_risk_relapse_PCR","eff_risk_relapse_LM","eff_risk_relapse_D"
347,1,0,0.01538462,180,0.75,0,1,0,28,1,0,0.651931497196439,0.702859201978289,0.700093602511083,0.740265815246867,0.713798002305404,0.754201324911407,0.775098515663883,0.800194952551171,0.681260457334077,0.690332326283988,0.577777777777778,0.714883442916916,0.718851570964247,0.632,0.740595354923127,0.744958481613286,0.6875,0.665871121718377,0.683526011560694,0.705882352941176
348,1,0,0.01538462,180,0.75,0,1,0,28,1,0,0.732223035148029,0.769235021642075,0.774439146244656,0.804697696188033,0.800461438184253,0.818774307591309,0.815076361581229,0.825088330703347,0.707832712689774,0.726962264150943,0.696608,0.737050272562084,0.749941834451902,0.723243697478992,0.760977690288714,0.776594495412844,0.764622641509434,0.678738317757009,0.716502115655853,0.777777777777778
349,1,0,0.01538462,180,0.75,0,1,0,28,1,0,0.725890995934421,0.689078196898544,0.74788853599979,0.725223425059122,0.805640027223864,0.76855221211584,0.782121424089371,0.796539086781185,0.635673047705865,0.639308855291577,0.713235294117647,0.673752012882448,0.675629290617849,0.723076923076923,0.708931698774081,0.71892567145534,0.741379310344828,0.65315852205006,0.692086330935252,0.707070707070707
