"param_id","eir_equil","sig_het","ff","trial_duration","trial_PQ_eff_stratum_1","trial_PQ_eff_stratum_2","trial_PQ_prop_stratum_1","trial_PQ_prop_stratum_2","trial_PQ_proph","is_LLIN_distributed","is_IRS_administered","eff_cph_recurrent_LM","eff_cph_recurrent_PCR","eff_cph_any_relapse_LM","eff_cph_any_relapse_PCR","eff_cph_relapse_LM_trial","eff_cph_relapse_PCR_trial","eff_cph_relapse_LM_all","eff_cph_relapse_PCR_all","eff_incid_recurrent_PCR","eff_incid_recurrent_LM","eff_incid_recurrent_D","eff_incid_any_relapse_PCR","eff_incid_any_relapse_LM","eff_incid_any_relapse_D","eff_incid_relapse_PCR","eff_incid_relapse_LM","eff_incid_relapse_D","eff_risk_relapse_PCR","eff_risk_relapse_LM","eff_risk_relapse_D"
1202,10,0,0.01538462,180,0.75,0,1,0,45,1,0,0.599681662318426,0.551524018475001,0.637017466993217,0.611823921756347,0.694309312727096,0.628645204002864,0.721673304739473,0.661526682536087,0.645298434943601,0.724157547268672,0.772271359533145,0.698339737522427,0.746715145436309,0.799598796389168,0.727672578125532,0.766728757701676,0.764233878104903,0.245436105476673,0.694029850746269,0.733333333333333
1203,10,0,0.01538462,180,0.75,0,1,0,45,1,0,0.607247416845504,0.612175618621602,0.680791805501339,0.66199783771754,0.696974361739812,0.689804598895975,0.73531375220307,0.670409715335762,0.647003206671984,0.715676954786345,0.68032032032032,0.700207124581445,0.755994768042961,0.818363818363818,0.730367435158501,0.774784860427178,0.857285857285857,0.252288911495422,0.697050938337802,0.85
1204,10,0,0.01538462,180,0.75,0,1,0,45,1,0,0.56857501451319,0.602728901953973,0.626966919299264,0.648819356052427,0.674554547900549,0.695404440084747,0.718775079954797,0.678729679396418,0.639026872619551,0.707503909643788,0.77441935483871,0.696660555511842,0.739973205741627,0.758862068965517,0.738087870619946,0.770122580645161,0.815,0.289070480081716,0.683246073298429,0.761904761904762
