"param_id","eir_equil","sig_het","ff","trial_duration","trial_PQ_eff_stratum_1","trial_PQ_eff_stratum_2","trial_PQ_prop_stratum_1","trial_PQ_prop_stratum_2","trial_PQ_proph","is_LLIN_distributed","is_IRS_administered","eff_cph_recurrent_LM","eff_cph_recurrent_PCR","eff_cph_any_relapse_LM","eff_cph_any_relapse_PCR","eff_cph_relapse_LM_trial","eff_cph_relapse_PCR_trial","eff_cph_relapse_LM_all","eff_cph_relapse_PCR_all","eff_incid_recurrent_PCR","eff_incid_recurrent_LM","eff_incid_recurrent_D","eff_incid_any_relapse_PCR","eff_incid_any_relapse_LM","eff_incid_any_relapse_D","eff_incid_relapse_PCR","eff_incid_relapse_LM","eff_incid_relapse_D","eff_risk_relapse_PCR","eff_risk_relapse_LM","eff_risk_relapse_D"
1035,1,0,0.01538462,180,0.75,0,1,0,45,1,0,0.651511641543673,0.723295073045758,0.702466228752237,0.763047211383488,0.719320189128098,0.769986398099371,0.796149623696389,0.818927987937542,0.709145170704982,0.703902205492874,0.656594094094094,0.742583788038333,0.736422298004219,0.7003003003003,0.756828869491516,0.749037872824281,0.703000297594892,0.677342823250296,0.710526315789474,0.709677419354839
1036,1,0,0.01538462,180,0.75,0,1,0,45,1,0,0.682496694901727,0.736543863029754,0.717257359177835,0.786869169774637,0.744988284881425,0.808329914668223,0.789767658562184,0.818710479382927,0.694612424409016,0.676019057702488,0.65,0.731378299120235,0.713881019830028,0.699115044247788,0.751105495893872,0.73680981595092,0.735849056603774,0.678240740740741,0.709537572254335,0.723404255319149
1037,1,0,0.01538462,180,0.75,0,1,0,45,1,0,0.659586934317191,0.708032828428961,0.696564466307865,0.749389060154925,0.717741167141805,0.767114790704654,0.776821940187549,0.797228674835947,0.67906805978369,0.662325743189436,0.687630580309555,0.704242287391685,0.685332897055005,0.706473096569078,0.718723891925541,0.698746063555683,0.719719438877755,0.662243667068757,0.692982456140351,0.712962962962963
