"param_id","eir_equil","sig_het","ff","trial_duration","trial_PQ_eff_stratum_1","trial_PQ_eff_stratum_2","trial_PQ_prop_stratum_1","trial_PQ_prop_stratum_2","trial_PQ_proph","is_LLIN_distributed","is_IRS_administered","eff_cph_recurrent_LM","eff_cph_recurrent_PCR","eff_cph_any_relapse_LM","eff_cph_any_relapse_PCR","eff_cph_relapse_LM_trial","eff_cph_relapse_PCR_trial","eff_cph_relapse_LM_all","eff_cph_relapse_PCR_all","eff_incid_recurrent_PCR","eff_incid_recurrent_LM","eff_incid_recurrent_D","eff_incid_any_relapse_PCR","eff_incid_any_relapse_LM","eff_incid_any_relapse_D","eff_incid_relapse_PCR","eff_incid_relapse_LM","eff_incid_relapse_D","eff_risk_relapse_PCR","eff_risk_relapse_LM","eff_risk_relapse_D"
839,0.1,0,0.01538462,180,0.75,0,1,0,45,1,0,0.801767462599952,0.817343697354496,0.809717542600063,0.821305478821281,0.810021992324794,0.822552735600463,0.834388620772747,0.836772956492683,0.711882799782963,0.71,0.731325301204819,0.714596949891067,0.713299874529486,0.73639661426844,0.726677577741408,0.725958516656191,0.752727272727273,0.742971887550201,0.747910863509749,0.747058823529412
84,0.1,0,0.01538462,180,0.75,0,1,0,28,1,0,0.800067296622863,0.831589563665985,0.803041373540893,0.836074944417318,0.80594863828191,0.838708825049761,0.830423478468354,0.841304305739307,0.70028818443804,0.686366689053056,0.70062893081761,0.701561596298439,0.68733153638814,0.700757575757576,0.71784472769409,0.704929101958136,0.716455696202532,0.759731543624161,0.758273381294964,0.748031496062992
840,0.1,0,0.01538462,180,0.75,0,1,0,45,1,0,0.795519157129702,0.821053413615172,0.80519755421595,0.827428434796716,0.807258452562396,0.827442967166799,0.824157090287728,0.834136608964219,0.727403031887088,0.719674545454545,0.731525951557093,0.732205235602094,0.724622950819672,0.738137413394919,0.741330357142857,0.734574040219378,0.75371875,0.745382585751979,0.740689655172414,0.749514563106796
