"param_id","eir_equil","sig_het","ff","trial_duration","trial_PQ_eff_stratum_1","trial_PQ_eff_stratum_2","trial_PQ_prop_stratum_1","trial_PQ_prop_stratum_2","trial_PQ_proph","is_LLIN_distributed","is_IRS_administered","eff_cph_recurrent_LM","eff_cph_recurrent_PCR","eff_cph_any_relapse_LM","eff_cph_any_relapse_PCR","eff_cph_relapse_LM_trial","eff_cph_relapse_PCR_trial","eff_cph_relapse_LM_all","eff_cph_relapse_PCR_all","eff_incid_recurrent_PCR","eff_incid_recurrent_LM","eff_incid_recurrent_D","eff_incid_any_relapse_PCR","eff_incid_any_relapse_LM","eff_incid_any_relapse_D","eff_incid_relapse_PCR","eff_incid_relapse_LM","eff_incid_relapse_D","eff_risk_relapse_PCR","eff_risk_relapse_LM","eff_risk_relapse_D"
1113,1,0,0.01538462,180,0.75,0,1,0,45,1,0,0.718744630796875,0.713724575764708,0.782710268152488,0.767906141329176,0.819680784983567,0.782011439489751,0.785445424791084,0.798168064840037,0.675841644753562,0.686465058972929,0.687630893304652,0.711699559954492,0.725442882175774,0.727668845315904,0.729301285721519,0.745468182046353,0.773967515903,0.657647058823529,0.693409742120344,0.785714285714286
1114,1,0,0.01538462,180,0.75,0,1,0,45,1,0,0.6922978000918,0.720022394103316,0.719611087034656,0.743777963730486,0.727659418111382,0.7557093644043,0.787941870052375,0.817141414488168,0.678760814959531,0.678884873515746,0.612903225806452,0.708955223880597,0.709302325581395,0.643478260869565,0.724876441515651,0.719038817005545,0.595959595959596,0.67906976744186,0.704384724186704,0.637362637362637
1115,1,0,0.01538462,180,0.75,0,1,0,45,1,0,0.621780563916712,0.703157587869787,0.66663231910653,0.733554488343262,0.68691407570567,0.752115489861119,0.754463297218237,0.794644786808565,0.681363147466742,0.67600217155266,0.599228346456693,0.714215892053973,0.704596633778294,0.627864406779661,0.730858165256994,0.714947435085497,0.673551401869159,0.655990510083037,0.668154761904762,0.66304347826087
