"param_id","eir_equil","sig_het","ff","trial_duration","trial_PQ_eff_stratum_1","trial_PQ_eff_stratum_2","trial_PQ_prop_stratum_1","trial_PQ_prop_stratum_2","trial_PQ_proph","is_LLIN_distributed","is_IRS_administered","eff_cph_recurrent_LM","eff_cph_recurrent_PCR","eff_cph_any_relapse_LM","eff_cph_any_relapse_PCR","eff_cph_relapse_LM_trial","eff_cph_relapse_PCR_trial","eff_cph_relapse_LM_all","eff_cph_relapse_PCR_all","eff_incid_recurrent_PCR","eff_incid_recurrent_LM","eff_incid_recurrent_D","eff_incid_any_relapse_PCR","eff_incid_any_relapse_LM","eff_incid_any_relapse_D","eff_incid_relapse_PCR","eff_incid_relapse_LM","eff_incid_relapse_D","eff_risk_relapse_PCR","eff_risk_relapse_LM","eff_risk_relapse_D"
1054,1,0,0.01538462,180,0.75,0,1,0,45,1,0,0.592926527501299,0.682917392144447,0.630422960351431,0.732103891959399,0.64679765176415,0.743986868763587,0.740216903242135,0.779781094446162,0.673251649928264,0.644788980716253,0.582034188034188,0.703570420374348,0.672052009456265,0.608261682242991,0.717566,0.677539164490862,0.643571428571429,0.632335329341317,0.647577092511013,0.709302325581395
1055,1,0,0.01538462,180,0.75,0,1,0,45,1,0,0.684309086845966,0.717381168051519,0.744083739932999,0.758757773292912,0.771301883544762,0.784079856085711,0.7858706048464,0.795290775427259,0.665980886185925,0.674026970954357,0.658089552238806,0.700829510229386,0.710767351471405,0.724682926829268,0.726693056021469,0.736826842420611,0.76615652173913,0.651135005973716,0.695402298850575,0.731958762886598
1056,1,0,0.01538462,180,0.75,0,1,0,45,1,0,0.763438151854479,0.735896022883396,0.778487231222238,0.765920107611009,0.795209682110475,0.7784887978123,0.783072229411354,0.805804149151647,0.70044875345788,0.702537504655724,0.761060103387084,0.730611178684748,0.73214241743233,0.791248746238716,0.752338648598858,0.748457836417264,0.812709155503895,0.668235294117647,0.693409742120344,0.824742268041237
