"param_id","eir_equil","sig_het","ff","trial_duration","trial_PQ_eff_stratum_1","trial_PQ_eff_stratum_2","trial_PQ_prop_stratum_1","trial_PQ_prop_stratum_2","trial_PQ_proph","is_LLIN_distributed","is_IRS_administered","eff_cph_recurrent_LM","eff_cph_recurrent_PCR","eff_cph_any_relapse_LM","eff_cph_any_relapse_PCR","eff_cph_relapse_LM_trial","eff_cph_relapse_PCR_trial","eff_cph_relapse_LM_all","eff_cph_relapse_PCR_all","eff_incid_recurrent_PCR","eff_incid_recurrent_LM","eff_incid_recurrent_D","eff_incid_any_relapse_PCR","eff_incid_any_relapse_LM","eff_incid_any_relapse_D","eff_incid_relapse_PCR","eff_incid_relapse_LM","eff_incid_relapse_D","eff_risk_relapse_PCR","eff_risk_relapse_LM","eff_risk_relapse_D"
1405,100,0,0.01538462,180,0.75,0,1,0,45,1,0,0.360455639650133,0.295812159143528,0.394017196628255,0.533075990617037,0.56718560819218,0.489724113228851,0.71167908774278,0.559190113308986,0.439138666200109,0.58323666563897,0.61251535328722,0.577770682369112,0.660046179315152,0.737832808474091,0.71677927912426,0.791018879864993,0.799799599198397,0.122718052738337,0.676674364896074,0.875
1406,100,0,0.01538462,180,0.75,0,1,0,45,1,0,0.422517324955114,0.342424796371282,0.553500660433212,0.576483952292135,0.721961360574983,0.579404434343526,0.759242777840383,0.565756479350718,0.43139535242404,0.607735532047293,0.678892857142857,0.578356905283846,0.679310248011231,0.718230769230769,0.719574184782609,0.808978844589097,0.769461538461538,0.134615384615385,0.710706150341686,0.75
1407,100,0,0.01538462,180,0.75,0,1,0,45,1,0,0.311044959299581,0.315627394913718,0.449018152623174,0.56936543097919,0.583491346478391,0.585067842656994,0.679316522738333,0.547815264164889,0.443847440769172,0.56969093315685,0.467733333333333,0.58895989214695,0.663556762092794,0.621448275862069,0.723149289734656,0.797480804387569,0.889111111111111,0.143724696356275,0.652068126520681,0.882352941176471
