"param_id","eir_equil","sig_het","ff","trial_duration","trial_PQ_eff_stratum_1","trial_PQ_eff_stratum_2","trial_PQ_prop_stratum_1","trial_PQ_prop_stratum_2","trial_PQ_proph","is_LLIN_distributed","is_IRS_administered","eff_cph_recurrent_LM","eff_cph_recurrent_PCR","eff_cph_any_relapse_LM","eff_cph_any_relapse_PCR","eff_cph_relapse_LM_trial","eff_cph_relapse_PCR_trial","eff_cph_relapse_LM_all","eff_cph_relapse_PCR_all","eff_incid_recurrent_PCR","eff_incid_recurrent_LM","eff_incid_recurrent_D","eff_incid_any_relapse_PCR","eff_incid_any_relapse_LM","eff_incid_any_relapse_D","eff_incid_relapse_PCR","eff_incid_relapse_LM","eff_incid_relapse_D","eff_risk_relapse_PCR","eff_risk_relapse_LM","eff_risk_relapse_D"
1543,100,0,0.01538462,180,0.75,0,1,0,45,1,0,0.463017473793368,0.294616916314314,0.590933642079952,0.525948832273536,0.607213249762358,0.503599757794504,0.701979659454505,0.531246902110339,0.445119082421093,0.572844075148223,0.594156656656657,0.587707537427157,0.662110470725253,0.714571714571715,0.717114333931718,0.796930436034657,0.869695782739261,0.108629441624365,0.66289592760181,0.869565217391304
1544,100,0,0.01538462,180,0.75,0,1,0,45,1,0,0.573667198361854,0.290475555581115,0.640499191440176,0.535921766567847,0.703818745848247,0.501293083470732,0.767696825244186,0.54323511615733,0.438736228367335,0.669452323252082,0.537999537999538,0.582972650360525,0.741215870248128,0.544999544999545,0.718255902001485,0.82678185673194,0.64964964964965,0.126262626262626,0.717777777777778,0.611111111111111
1545,100,0,0.01538462,180,0.75,0,1,0,45,1,0,0.492646805793567,0.385356031270797,0.535970928713199,0.566130542594164,0.646885030772927,0.570927562729984,0.751996282704922,0.58088271135808,0.424175296079664,0.597074448148167,0.576075227377833,0.574061280556303,0.68090243427202,0.627827082736902,0.717532673531773,0.827240688273098,0.799599198396794,0.155778894472362,0.706783369803063,0.789473684210526
