"param_id","eir_equil","sig_het","ff","trial_duration","trial_PQ_eff_stratum_1","trial_PQ_eff_stratum_2","trial_PQ_prop_stratum_1","trial_PQ_prop_stratum_2","trial_PQ_proph","is_LLIN_distributed","is_IRS_administered","eff_cph_recurrent_LM","eff_cph_recurrent_PCR","eff_cph_any_relapse_LM","eff_cph_any_relapse_PCR","eff_cph_relapse_LM_trial","eff_cph_relapse_PCR_trial","eff_cph_relapse_LM_all","eff_cph_relapse_PCR_all","eff_incid_recurrent_PCR","eff_incid_recurrent_LM","eff_incid_recurrent_D","eff_incid_any_relapse_PCR","eff_incid_any_relapse_LM","eff_incid_any_relapse_D","eff_incid_relapse_PCR","eff_incid_relapse_LM","eff_incid_relapse_D","eff_risk_relapse_PCR","eff_risk_relapse_LM","eff_risk_relapse_D"
1046,1,0,0.01538462,180,0.75,0,1,0,45,1,0,0.664003741402878,0.714376293572243,0.703199595066458,0.749076879206231,0.723515586582631,0.762087148211083,0.778777400184254,0.805502865761036,0.702359702359702,0.695999695999696,0.663598024253762,0.732847013181741,0.724657633504818,0.710236552341815,0.759785658880096,0.754951256105991,0.742862128183229,0.677725118483412,0.699570815450644,0.74468085106383
1047,1,0,0.01538462,180,0.75,0,1,0,45,1,0,0.677616553809126,0.721759239759038,0.702178566470933,0.765795722871701,0.727652172140166,0.775462797719059,0.781791296569308,0.799587380977539,0.700202797202797,0.717988433228181,0.74529197080292,0.731839241293532,0.743340998317442,0.75663779527559,0.752512967329067,0.762908536585366,0.785129310344828,0.67189384800965,0.703703703703704,0.761904761904762
1048,1,0,0.01538462,180,0.75,0,1,0,45,1,0,0.740994687193495,0.721513053740486,0.783879001921334,0.761000098464356,0.80597429640029,0.779099606416781,0.790927151502502,0.811867856951027,0.680768160311717,0.682720953326713,0.733812949640288,0.714285714285714,0.715572033898305,0.751937984496124,0.73581276050016,0.738081562320505,0.761061946902655,0.666277712952159,0.700699300699301,0.783018867924528
