"param_id","eir_equil","sig_het","ff","trial_duration","trial_PQ_eff_stratum_1","trial_PQ_eff_stratum_2","trial_PQ_prop_stratum_1","trial_PQ_prop_stratum_2","trial_PQ_proph","is_LLIN_distributed","is_IRS_administered","eff_cph_recurrent_LM","eff_cph_recurrent_PCR","eff_cph_any_relapse_LM","eff_cph_any_relapse_PCR","eff_cph_relapse_LM_trial","eff_cph_relapse_PCR_trial","eff_cph_relapse_LM_all","eff_cph_relapse_PCR_all","eff_incid_recurrent_PCR","eff_incid_recurrent_LM","eff_incid_recurrent_D","eff_incid_any_relapse_PCR","eff_incid_any_relapse_LM","eff_incid_any_relapse_D","eff_incid_relapse_PCR","eff_incid_relapse_LM","eff_incid_relapse_D","eff_risk_relapse_PCR","eff_risk_relapse_LM","eff_risk_relapse_D"
1121,1,0,0.01538462,180,0.75,0,1,0,45,1,0,0.720847496385872,0.724199344368597,0.757978254434566,0.762493319399373,0.772268372589241,0.76028264170753,0.783440546823334,0.790032394439099,0.693012776052247,0.717075068717811,0.759519038076152,0.720363898157688,0.747544140678235,0.809478111151881,0.729303951766646,0.751176119737954,0.830430090951133,0.649271844660194,0.6976401179941,0.818181818181818
1122,1,0,0.01538462,180,0.75,0,1,0,45,1,0,0.618024503370258,0.649971375834932,0.661253067122387,0.691314586656323,0.683752958563,0.715202705775776,0.72004215728745,0.75894714895596,0.619907160302133,0.602025568557594,0.616282949616283,0.653880355634742,0.638731869124026,0.66037466037466,0.67827452191594,0.666110851197402,0.669572485106466,0.614457831325301,0.626524390243902,0.666666666666667
1123,1,0,0.01538462,180,0.75,0,1,0,45,1,0,0.657506470467577,0.676764507479988,0.692610589797893,0.724162020025225,0.732638759554873,0.744668835027535,0.757146178599464,0.798788414283043,0.65388832466791,0.609262988066766,0.616282949616283,0.689591289233827,0.643218637632045,0.633562133562134,0.713266614900707,0.670763098644813,0.675866342533009,0.656542056074766,0.670014347202296,0.701030927835051
