"param_id","eir_equil","sig_het","ff","trial_duration","trial_PQ_eff_stratum_1","trial_PQ_eff_stratum_2","trial_PQ_prop_stratum_1","trial_PQ_prop_stratum_2","trial_PQ_proph","is_LLIN_distributed","is_IRS_administered","eff_cph_recurrent_LM","eff_cph_recurrent_PCR","eff_cph_any_relapse_LM","eff_cph_any_relapse_PCR","eff_cph_relapse_LM_trial","eff_cph_relapse_PCR_trial","eff_cph_relapse_LM_all","eff_cph_relapse_PCR_all","eff_incid_recurrent_PCR","eff_incid_recurrent_LM","eff_incid_recurrent_D","eff_incid_any_relapse_PCR","eff_incid_any_relapse_LM","eff_incid_any_relapse_D","eff_incid_relapse_PCR","eff_incid_relapse_LM","eff_incid_relapse_D","eff_risk_relapse_PCR","eff_risk_relapse_LM","eff_risk_relapse_D"
52,0.1,0,0.01538462,180,0.75,0,1,0,28,1,0,0.793143196145522,0.821037635963611,0.793971224688093,0.817225768354805,0.798396710082992,0.821193260292234,0.810057089742469,0.816300355264707,0.687040181097906,0.686762778505898,0.709001233045623,0.689772727272727,0.690131578947368,0.713226205191595,0.709308966304969,0.711360634081902,0.739454094292804,0.742339832869081,0.743440233236152,0.766599597585513
520,10,0,0.01538462,180,0.75,0,1,0,28,1,0,0.560578893526946,0.591146827400449,0.641790881854915,0.66142519136642,0.673358312403811,0.71152148605047,0.716247866132687,0.674115418635542,0.625741190158368,0.701829489063532,0.535249535249535,0.689151817553772,0.739265677334894,0.614999614999615,0.741187739769551,0.775801037630691,0.608303956130043,0.277439024390244,0.679586563307494,0.652173913043478
521,10,0,0.01538462,180,0.75,0,1,0,28,1,0,0.610821331664771,0.590918758991044,0.696592438847352,0.679778122386813,0.745115416267885,0.70656478042593,0.703454535987834,0.670263637414796,0.61430683658382,0.668153434433541,0.692307692307692,0.674449580819557,0.707414829659319,0.708333333333333,0.721563342318059,0.752601156069364,0.80952380952381,0.277157360406091,0.668463611859838,0.8
