"param_id","eir_equil","sig_het","ff","trial_duration","trial_PQ_eff_stratum_1","trial_PQ_eff_stratum_2","trial_PQ_prop_stratum_1","trial_PQ_prop_stratum_2","trial_PQ_proph","is_LLIN_distributed","is_IRS_administered","eff_cph_recurrent_LM","eff_cph_recurrent_PCR","eff_cph_any_relapse_LM","eff_cph_any_relapse_PCR","eff_cph_relapse_LM_trial","eff_cph_relapse_PCR_trial","eff_cph_relapse_LM_all","eff_cph_relapse_PCR_all","eff_incid_recurrent_PCR","eff_incid_recurrent_LM","eff_incid_recurrent_D","eff_incid_any_relapse_PCR","eff_incid_any_relapse_LM","eff_incid_any_relapse_D","eff_incid_relapse_PCR","eff_incid_relapse_LM","eff_incid_relapse_D","eff_risk_relapse_PCR","eff_risk_relapse_LM","eff_risk_relapse_D"
1487,100,0,0.01538462,180,0.75,0,1,0,45,1,0,0.381772451449288,0.35131275078235,0.580370328017419,0.570205412739313,0.551627380899126,0.572045568580696,0.722300018356972,0.59768775330536,0.445303165120122,0.628434504792332,0.54,0.586883766404693,0.715307582260372,0.633333333333333,0.723311996696263,0.797556719022688,0.642857142857143,0.150201612903226,0.670428893905192,0.642857142857143
1488,100,0,0.01538462,180,0.75,0,1,0,45,1,0,0.42899196449209,0.373435965861045,0.605315650611158,0.616960917733051,0.693631958199165,0.577106049197471,0.739333505482131,0.613402896118704,0.451798452727821,0.627998785302156,0.671875,0.590777563436712,0.699773242630386,0.666666666666667,0.722513436401035,0.820047355958958,0.739130434782609,0.154233870967742,0.694954128440367,0.727272727272727
1489,100,0,0.01538462,180,0.75,0,1,0,45,1,0,0.359933689369906,0.312448969198763,0.426100344996486,0.491698765437353,0.548730041508147,0.46610256601485,0.700068176763003,0.542175224420146,0.432360334479044,0.617316784869976,0.65,0.575688853611521,0.708117443868739,0.684210526315789,0.715133328786742,0.807632398753894,0.952380952380952,0.12374245472837,0.665924276169265,0.95
