"param_id","eir_equil","sig_het","ff","trial_duration","trial_PQ_eff_stratum_1","trial_PQ_eff_stratum_2","trial_PQ_prop_stratum_1","trial_PQ_prop_stratum_2","trial_PQ_proph","is_LLIN_distributed","is_IRS_administered","eff_cph_recurrent_LM","eff_cph_recurrent_PCR","eff_cph_any_relapse_LM","eff_cph_any_relapse_PCR","eff_cph_relapse_LM_trial","eff_cph_relapse_PCR_trial","eff_cph_relapse_LM_all","eff_cph_relapse_PCR_all","eff_incid_recurrent_PCR","eff_incid_recurrent_LM","eff_incid_recurrent_D","eff_incid_any_relapse_PCR","eff_incid_any_relapse_LM","eff_incid_any_relapse_D","eff_incid_relapse_PCR","eff_incid_relapse_LM","eff_incid_relapse_D","eff_risk_relapse_PCR","eff_risk_relapse_LM","eff_risk_relapse_D"
1249,10,0,0.01538462,180,0.75,0,1,0,45,1,0,0.414512068828776,0.569274278926667,0.560914823216923,0.664105599186564,0.623434914718287,0.68122708502358,0.700477415698818,0.705063981571379,0.657159572993748,0.721873653849756,-0.202404809619238,0.713856339072913,0.760700262313244,-0.25250501002004,0.753152274332964,0.790521810170864,-0.127254509018036,0.32092555331992,0.707042253521127,0
125,0.1,0,0.01538462,180,0.75,0,1,0,28,1,0,0.806106373295037,0.829373482610441,0.805144107672692,0.831111809051085,0.80463978988635,0.832161356254287,0.836519821456179,0.843840827507826,0.747567991046447,0.745122142390594,0.765024579560155,0.749519371139809,0.746737049180328,0.765405194805195,0.763157835400226,0.762474687705457,0.788934725848564,0.763411279229711,0.764192139737991,0.771894093686354
1250,10,0,0.01538462,180,0.75,0,1,0,45,1,0,0.685945057395719,0.663427777877279,0.749101100181511,0.690329067251709,0.808348792421821,0.701760248132519,0.764467982633863,0.691652601766204,0.658907059812299,0.758358766233766,0.75025,0.713289029535865,0.789684210526316,0.7003,0.752178398276172,0.819457831325301,0.706176470588235,0.28774062816616,0.72680412371134,0.6875
