"param_id","eir_equil","sig_het","ff","trial_duration","trial_PQ_eff_stratum_1","trial_PQ_eff_stratum_2","trial_PQ_prop_stratum_1","trial_PQ_prop_stratum_2","trial_PQ_proph","is_LLIN_distributed","is_IRS_administered","eff_cph_recurrent_LM","eff_cph_recurrent_PCR","eff_cph_any_relapse_LM","eff_cph_any_relapse_PCR","eff_cph_relapse_LM_trial","eff_cph_relapse_PCR_trial","eff_cph_relapse_LM_all","eff_cph_relapse_PCR_all","eff_incid_recurrent_PCR","eff_incid_recurrent_LM","eff_incid_recurrent_D","eff_incid_any_relapse_PCR","eff_incid_any_relapse_LM","eff_incid_any_relapse_D","eff_incid_relapse_PCR","eff_incid_relapse_LM","eff_incid_relapse_D","eff_risk_relapse_PCR","eff_risk_relapse_LM","eff_risk_relapse_D"
188,0.1,0,0.01538462,180,0.75,0,1,0,28,1,0,0.814042134043658,0.821841642215079,0.812930529961959,0.82390065103885,0.812785505007348,0.823562036734316,0.838499994018195,0.839060784327473,0.725568181818182,0.733550488599348,0.747736093143596,0.726598173515982,0.734119187950229,0.749024707412224,0.737931034482759,0.746701846965699,0.77023498694517,0.758855585831063,0.765957446808511,0.784114052953157
189,0.1,0,0.01538462,180,0.75,0,1,0,28,1,0,0.813382909736163,0.840232757507333,0.812042396626602,0.837439901215293,0.81451557478919,0.840163457904495,0.836186884118933,0.842983627585602,0.727100168601272,0.718959797493829,0.71628069787579,0.727958685252085,0.719640745281771,0.715582741413,0.73760709957029,0.73037233129887,0.730833683745703,0.768918918918919,0.771428571428571,0.767716535433071
19,0.1,0,0.01538462,180,0.75,0,1,0,28,1,0,0.742679540876436,0.783672696450959,0.748666850045767,0.788905631625012,0.748152175374385,0.787310265381911,0.787317378413703,0.790068279399159,0.679911699779249,0.676377454084864,0.64975845410628,0.681641708264004,0.677070063694267,0.650426309378806,0.69200670765791,0.688503532434168,0.66789667896679,0.711325966850829,0.715714285714286,0.692464358452138
