"param_id","eir_equil","sig_het","ff","trial_duration","trial_PQ_eff_stratum_1","trial_PQ_eff_stratum_2","trial_PQ_prop_stratum_1","trial_PQ_prop_stratum_2","trial_PQ_proph","is_LLIN_distributed","is_IRS_administered","eff_cph_recurrent_LM","eff_cph_recurrent_PCR","eff_cph_any_relapse_LM","eff_cph_any_relapse_PCR","eff_cph_relapse_LM_trial","eff_cph_relapse_PCR_trial","eff_cph_relapse_LM_all","eff_cph_relapse_PCR_all","eff_incid_recurrent_PCR","eff_incid_recurrent_LM","eff_incid_recurrent_D","eff_incid_any_relapse_PCR","eff_incid_any_relapse_LM","eff_incid_any_relapse_D","eff_incid_relapse_PCR","eff_incid_relapse_LM","eff_incid_relapse_D","eff_risk_relapse_PCR","eff_risk_relapse_LM","eff_risk_relapse_D"
482,10,0,0.01538462,180,0.75,0,1,0,28,1,0,0.596228027759938,0.580385244881599,0.61139703676394,0.688439914628989,0.604123443191554,0.71109086518969,0.724903236517593,0.684479692830466,0.635123318673971,0.714915978437913,0.828055595357501,0.695357575802054,0.737010073282047,0.856712996131251,0.744716483352782,0.766588459120501,0.866265463055834,0.298885511651469,0.708010335917313,0.84
483,10,0,0.01538462,180,0.75,0,1,0,28,1,0,0.609270983188723,0.572245127396466,0.654637784300601,0.641715696104256,0.604234483515691,0.667032647455123,0.735227554401205,0.668484374886489,0.62396029915426,0.725506756756757,0.7,0.681264637002342,0.757746478873239,0.684210526315789,0.735428417942519,0.791304347826087,0.6875,0.256565656565657,0.714285714285714,0.6875
484,10,0,0.01538462,180,0.75,0,1,0,28,1,0,0.504564360182813,0.573922999889912,0.464248690043591,0.642221626741232,0.459129387879989,0.658147611165021,0.698707464243526,0.665981509524795,0.623381282842639,0.741274918959481,0.561623246492986,0.684490087441319,0.775802832357551,0.614613843070757,0.737477666584864,0.800505989354274,0.665998663994656,0.262096774193548,0.697674418604651,0.666666666666667
