"param_id","eir_equil","sig_het","ff","trial_duration","trial_PQ_eff_stratum_1","trial_PQ_eff_stratum_2","trial_PQ_prop_stratum_1","trial_PQ_prop_stratum_2","trial_PQ_proph","is_LLIN_distributed","is_IRS_administered","eff_cph_recurrent_LM","eff_cph_recurrent_PCR","eff_cph_any_relapse_LM","eff_cph_any_relapse_PCR","eff_cph_relapse_LM_trial","eff_cph_relapse_PCR_trial","eff_cph_relapse_LM_all","eff_cph_relapse_PCR_all","eff_incid_recurrent_PCR","eff_incid_recurrent_LM","eff_incid_recurrent_D","eff_incid_any_relapse_PCR","eff_incid_any_relapse_LM","eff_incid_any_relapse_D","eff_incid_relapse_PCR","eff_incid_relapse_LM","eff_incid_relapse_D","eff_risk_relapse_PCR","eff_risk_relapse_LM","eff_risk_relapse_D"
271,1,0,0.01538462,180,0.75,0,1,0,28,1,0,0.755778368589736,0.748219154158847,0.786485900270651,0.789490809056043,0.793923883638463,0.799881891791355,0.785932689110866,0.795255829415225,0.695542472666106,0.703433922996878,0.791946308724832,0.734657574859176,0.740576496674058,0.794117647058823,0.75823111684958,0.757575757575758,0.816,0.660933660933661,0.714710252600297,0.839285714285714
272,1,0,0.01538462,180,0.75,0,1,0,28,1,0,0.684742437436237,0.740586088821686,0.722995722227904,0.773237586001984,0.75061285932747,0.798764279336545,0.789776323854652,0.813368949982738,0.682006413994169,0.694225739491438,0.573801526717557,0.72039510381159,0.730093922651934,0.610926829268293,0.742989621694007,0.754612038140644,0.658921052631579,0.683589138134593,0.71304347826087,0.673076923076923
273,1,0,0.01538462,180,0.75,0,1,0,28,1,0,0.693197569450962,0.695645656576801,0.719313338009344,0.727757961573281,0.762959398319622,0.758065350127977,0.780578871467903,0.802316697533599,0.683562360048394,0.673829665874825,0.570569710850272,0.717963610487291,0.70133135938739,0.606049706250107,0.744311602496911,0.732000186653988,0.660034354423132,0.667074663402693,0.699386503067485,0.65979381443299
