"param_id","eir_equil","sig_het","ff","trial_duration","trial_PQ_eff_stratum_1","trial_PQ_eff_stratum_2","trial_PQ_prop_stratum_1","trial_PQ_prop_stratum_2","trial_PQ_proph","is_LLIN_distributed","is_IRS_administered","eff_cph_recurrent_LM","eff_cph_recurrent_PCR","eff_cph_any_relapse_LM","eff_cph_any_relapse_PCR","eff_cph_relapse_LM_trial","eff_cph_relapse_PCR_trial","eff_cph_relapse_LM_all","eff_cph_relapse_PCR_all","eff_incid_recurrent_PCR","eff_incid_recurrent_LM","eff_incid_recurrent_D","eff_incid_any_relapse_PCR","eff_incid_any_relapse_LM","eff_incid_any_relapse_D","eff_incid_relapse_PCR","eff_incid_relapse_LM","eff_incid_relapse_D","eff_risk_relapse_PCR","eff_risk_relapse_LM","eff_risk_relapse_D"
1062,1,0,0.01538462,180,0.75,0,1,0,45,1,0,0.689002627734727,0.703644260024239,0.718820527303895,0.741247750756881,0.755341894655364,0.74366708139189,0.763741985371624,0.791278252364454,0.658458230079721,0.657343212574118,0.676367773140266,0.68694063877073,0.682293117467349,0.685168724545866,0.698509303944745,0.689429538929528,0.683894103997469,0.64344746162928,0.666666666666667,0.65
1063,1,0,0.01538462,180,0.75,0,1,0,45,1,0,0.673057901745314,0.728397160729918,0.713859715546735,0.758413214028973,0.757262172992774,0.77996432092168,0.78190998323567,0.802771953497864,0.669006024096386,0.674273841236015,0.72415671641791,0.699873857404022,0.707238283455675,0.758306451612903,0.718340706503797,0.727266871165644,0.815310924369748,0.661520190023753,0.698670605612999,0.805555555555556
1064,1,0,0.01538462,180,0.75,0,1,0,45,1,0,0.614421908483614,0.636677556166147,0.659677828493312,0.678334843213025,0.716383147559706,0.701172728199426,0.729003839193593,0.761621645597708,0.667334000667334,0.660453628395717,0.652870261565914,0.694873893618663,0.683034505910686,0.691675415252651,0.71518174018174,0.707504227528499,0.75700918309614,0.606674612634088,0.632592592592593,0.735294117647059
