"param_id","eir_equil","sig_het","ff","trial_duration","trial_PQ_eff_stratum_1","trial_PQ_eff_stratum_2","trial_PQ_prop_stratum_1","trial_PQ_prop_stratum_2","trial_PQ_proph","is_LLIN_distributed","is_IRS_administered","eff_cph_recurrent_LM","eff_cph_recurrent_PCR","eff_cph_any_relapse_LM","eff_cph_any_relapse_PCR","eff_cph_relapse_LM_trial","eff_cph_relapse_PCR_trial","eff_cph_relapse_LM_all","eff_cph_relapse_PCR_all","eff_incid_recurrent_PCR","eff_incid_recurrent_LM","eff_incid_recurrent_D","eff_incid_any_relapse_PCR","eff_incid_any_relapse_LM","eff_incid_any_relapse_D","eff_incid_relapse_PCR","eff_incid_relapse_LM","eff_incid_relapse_D","eff_risk_relapse_PCR","eff_risk_relapse_LM","eff_risk_relapse_D"
582,10,0,0.01538462,180,0.75,0,1,0,28,1,0,0.563552332034569,0.581600880842835,0.629600007015259,0.675687133033394,0.64786707342945,0.710881717604074,0.709175581650204,0.710048333656124,0.629501666203832,0.749235580828595,0.8335,0.69525952785064,0.781326975476839,0.8126875,0.754690490933215,0.821424923391216,0.827758620689655,0.267477203647416,0.681818181818182,0.814814814814815
583,10,0,0.01538462,180,0.75,0,1,0,28,1,0,0.434889439138281,0.574732886182371,0.492945696022964,0.654224081226989,0.565663519162118,0.680959106985715,0.698821319096578,0.66479327235674,0.62067297422946,0.698701228608558,0.774419580871194,0.679730390841502,0.733286116304984,0.8002002002002,0.730075230164788,0.786391142762633,0.789684421263369,0.258130081300813,0.670212765957447,0.789473684210526
584,10,0,0.01538462,180,0.75,0,1,0,28,1,0,0.625798030658995,0.577812333810651,0.689449595232846,0.658462624363824,0.709427775225681,0.703006031688725,0.740821776309913,0.715173359914517,0.626321974148061,0.724165988608625,0.434782608695652,0.689578029777058,0.76289592760181,0.523809523809524,0.748770675011176,0.799794661190965,0.444444444444444,0.293401015228426,0.713216957605985,0.588235294117647
