"param_id","eir_equil","sig_het","ff","trial_duration","trial_PQ_eff_stratum_1","trial_PQ_eff_stratum_2","trial_PQ_prop_stratum_1","trial_PQ_prop_stratum_2","trial_PQ_proph","is_LLIN_distributed","is_IRS_administered","eff_cph_recurrent_LM","eff_cph_recurrent_PCR","eff_cph_any_relapse_LM","eff_cph_any_relapse_PCR","eff_cph_relapse_LM_trial","eff_cph_relapse_PCR_trial","eff_cph_relapse_LM_all","eff_cph_relapse_PCR_all","eff_incid_recurrent_PCR","eff_incid_recurrent_LM","eff_incid_recurrent_D","eff_incid_any_relapse_PCR","eff_incid_any_relapse_LM","eff_incid_any_relapse_D","eff_incid_relapse_PCR","eff_incid_relapse_LM","eff_incid_relapse_D","eff_risk_relapse_PCR","eff_risk_relapse_LM","eff_risk_relapse_D"
185,0.1,0,0.01538462,180,0.75,0,1,0,28,1,0,0.791916397295187,0.818171434729115,0.798191672350556,0.82023328805052,0.80439398611282,0.827025863736247,0.817325776839112,0.823228590745876,0.714050493962678,0.713119899560578,0.688279301745636,0.718767198679141,0.717884130982368,0.695,0.739250275633958,0.740226986128625,0.729662077596996,0.745945945945946,0.748587570621469,0.755769230769231
186,0.1,0,0.01538462,180,0.75,0,1,0,28,1,0,0.798323281863853,0.806807943205944,0.801973328173378,0.811773319274908,0.803306356554226,0.814344919159182,0.801008211455126,0.812272540049709,0.686008676789588,0.681443951868271,0.690972222222222,0.688078388677191,0.684043229497775,0.693830034924331,0.71319520174482,0.711012094207511,0.733100233100233,0.724,0.722925457102672,0.743639921722113
187,0.1,0,0.01538462,180,0.75,0,1,0,28,1,0,0.816155185018566,0.825341890101899,0.819617580748345,0.831559606343639,0.820057560535993,0.831281812864858,0.825503027930529,0.832217046570379,0.713036328420944,0.717741183503059,0.742230762872965,0.715574028918167,0.719611805113664,0.742786464625545,0.733203409259747,0.739391565478522,0.772117739859675,0.745308310991957,0.745762711864407,0.775894538606403
