"param_id","eir_equil","sig_het","ff","trial_duration","trial_PQ_eff_stratum_1","trial_PQ_eff_stratum_2","trial_PQ_prop_stratum_1","trial_PQ_prop_stratum_2","trial_PQ_proph","is_LLIN_distributed","is_IRS_administered","eff_cph_recurrent_LM","eff_cph_recurrent_PCR","eff_cph_any_relapse_LM","eff_cph_any_relapse_PCR","eff_cph_relapse_LM_trial","eff_cph_relapse_PCR_trial","eff_cph_relapse_LM_all","eff_cph_relapse_PCR_all","eff_incid_recurrent_PCR","eff_incid_recurrent_LM","eff_incid_recurrent_D","eff_incid_any_relapse_PCR","eff_incid_any_relapse_LM","eff_incid_any_relapse_D","eff_incid_relapse_PCR","eff_incid_relapse_LM","eff_incid_relapse_D","eff_risk_relapse_PCR","eff_risk_relapse_LM","eff_risk_relapse_D"
1210,10,0,0.01538462,180,0.75,0,1,0,45,1,0,0.603659535485977,0.571953856207256,0.662496554518303,0.636628143630719,0.681236320249776,0.651624655662764,0.732625448528684,0.671310971794793,0.632569077013521,0.703042925046854,0.823352764529235,0.689847421259251,0.733648588610421,0.843593593593594,0.728014721615014,0.774247605722203,0.861930896413655,0.281533804238143,0.721448467966574,0.857142857142857
1211,10,0,0.01538462,180,0.75,0,1,0,45,1,0,0.596902444960579,0.632978884883683,0.610420740144169,0.682028891264612,0.658675984870101,0.699853500086195,0.726333984581714,0.684230894490302,0.646813947914953,0.717883418222977,0.650700700700701,0.69696016223794,0.744103077436411,0.667334000667334,0.728050154121049,0.775610728501521,0.688125625625626,0.269776876267748,0.69250645994832,0.6875
1212,10,0,0.01538462,180,0.75,0,1,0,45,1,0,0.60691316543776,0.586412880694931,0.619296270178249,0.637530340745397,0.624255486558542,0.636573076420848,0.75428294388604,0.6789161641117,0.644347335776713,0.756159728122345,0.68,0.698851117406358,0.77892756349953,0.708333333333333,0.729181951577403,0.80952380952381,0.631578947368421,0.290485829959514,0.7375,0.631578947368421
