"param_id","eir_equil","sig_het","ff","trial_duration","trial_PQ_eff_stratum_1","trial_PQ_eff_stratum_2","trial_PQ_prop_stratum_1","trial_PQ_prop_stratum_2","trial_PQ_proph","is_LLIN_distributed","is_IRS_administered","eff_cph_recurrent_LM","eff_cph_recurrent_PCR","eff_cph_any_relapse_LM","eff_cph_any_relapse_PCR","eff_cph_relapse_LM_trial","eff_cph_relapse_PCR_trial","eff_cph_relapse_LM_all","eff_cph_relapse_PCR_all","eff_incid_recurrent_PCR","eff_incid_recurrent_LM","eff_incid_recurrent_D","eff_incid_any_relapse_PCR","eff_incid_any_relapse_LM","eff_incid_any_relapse_D","eff_incid_relapse_PCR","eff_incid_relapse_LM","eff_incid_relapse_D","eff_risk_relapse_PCR","eff_risk_relapse_LM","eff_risk_relapse_D"
1181,1,0,0.01538462,180,0.75,0,1,0,45,1,0,0.735432182978467,0.744814912876049,0.752024326455068,0.773103229697796,0.782174114147771,0.786875974854538,0.788585780891371,0.796683358764064,0.677112479015109,0.695871097683787,0.728682170542636,0.707055671330753,0.721627408993576,0.732758620689655,0.733033129623673,0.749272833042467,0.733333333333333,0.658823529411765,0.701244813278008,0.76530612244898
1182,1,0,0.01538462,180,0.75,0,1,0,45,1,0,0.741144906977159,0.739272794274741,0.761448136449733,0.774741323937135,0.774816911387717,0.790321744112042,0.811678809969993,0.822988205527333,0.708813286900616,0.716129032258064,0.720588235294118,0.7375,0.744591029023747,0.752,0.753618724976902,0.762313860252005,0.76271186440678,0.691577698695136,0.722772277227723,0.773584905660377
1183,1,0,0.01538462,180,0.75,0,1,0,45,1,0,0.691538910534154,0.722328144276351,0.723737295443979,0.758615937147848,0.771630062441142,0.771283012824031,0.762766169691192,0.788557406916528,0.672511312217195,0.65979381443299,0.62987012987013,0.70487877880874,0.696886947023484,0.666666666666667,0.72830310880829,0.723442136498516,0.728571428571429,0.636792452830189,0.666182873730043,0.698275862068966
