"param_id","eir_equil","sig_het","ff","trial_duration","trial_PQ_eff_stratum_1","trial_PQ_eff_stratum_2","trial_PQ_prop_stratum_1","trial_PQ_prop_stratum_2","trial_PQ_proph","is_LLIN_distributed","is_IRS_administered","eff_cph_recurrent_LM","eff_cph_recurrent_PCR","eff_cph_any_relapse_LM","eff_cph_any_relapse_PCR","eff_cph_relapse_LM_trial","eff_cph_relapse_PCR_trial","eff_cph_relapse_LM_all","eff_cph_relapse_PCR_all","eff_incid_recurrent_PCR","eff_incid_recurrent_LM","eff_incid_recurrent_D","eff_incid_any_relapse_PCR","eff_incid_any_relapse_LM","eff_incid_any_relapse_D","eff_incid_relapse_PCR","eff_incid_relapse_LM","eff_incid_relapse_D","eff_risk_relapse_PCR","eff_risk_relapse_LM","eff_risk_relapse_D"
458,10,0,0.01538462,180,0.75,0,1,0,28,1,0,0.465388196542211,0.544580225434506,0.527569750572837,0.630006242500744,0.605526534313192,0.666014702354096,0.716849131101009,0.675044846860764,0.628439520164191,0.683070022658941,0.863772863772864,0.688776096952148,0.725725725725726,0.863772863772864,0.73892423456713,0.765281485188893,0.823706059000177,0.274111675126904,0.690666666666667,0.823529411764706
459,10,0,0.01538462,180,0.75,0,1,0,28,1,0,0.635797924874787,0.603358134737704,0.689926166668942,0.670871323440986,0.756542189364712,0.710933775553073,0.756789903973667,0.695839527203124,0.627418473441007,0.728288477305,0.777555333110889,0.689017563893433,0.760421866601153,0.791458124791458,0.739882149647672,0.792931175373153,0.817999817999818,0.268020304568528,0.716019417475728,0.8
46,0.1,0,0.01538462,180,0.75,0,1,0,28,1,0,0.814709603897521,0.846932766420171,0.819681779669478,0.85010667541868,0.821745561330634,0.85117822426987,0.853524828715701,0.860138710023952,0.73955701754386,0.73760025220681,0.743611044417767,0.742664462809917,0.740229259024699,0.748998796630566,0.756720221606648,0.753996178343949,0.767093107617896,0.783532536520584,0.783216783216783,0.765503875968992
