"param_id","eir_equil","sig_het","ff","trial_duration","trial_PQ_eff_stratum_1","trial_PQ_eff_stratum_2","trial_PQ_prop_stratum_1","trial_PQ_prop_stratum_2","trial_PQ_proph","is_LLIN_distributed","is_IRS_administered","eff_cph_recurrent_LM","eff_cph_recurrent_PCR","eff_cph_any_relapse_LM","eff_cph_any_relapse_PCR","eff_cph_relapse_LM_trial","eff_cph_relapse_PCR_trial","eff_cph_relapse_LM_all","eff_cph_relapse_PCR_all","eff_incid_recurrent_PCR","eff_incid_recurrent_LM","eff_incid_recurrent_D","eff_incid_any_relapse_PCR","eff_incid_any_relapse_LM","eff_incid_any_relapse_D","eff_incid_relapse_PCR","eff_incid_relapse_LM","eff_incid_relapse_D","eff_risk_relapse_PCR","eff_risk_relapse_LM","eff_risk_relapse_D"
371,1,0,0.01538462,180,0.75,0,1,0,28,1,0,0.710845183496944,0.708546684683653,0.737998509978202,0.756610729420332,0.779962956026024,0.783917683521096,0.798117749123706,0.812722157109324,0.686634812286689,0.693771578947368,0.721488372093023,0.720596246973366,0.723432265317594,0.746409836065574,0.751799479166667,0.758006016847172,0.786142857142857,0.68208778173191,0.714701601164483,0.8
372,1,0,0.01538462,180,0.75,0,1,0,28,1,0,0.671780217723268,0.708814411203618,0.734029277661328,0.747625348545025,0.779274797230335,0.779821921579033,0.778761033190881,0.794428200400643,0.649848942598187,0.639908256880734,0.625,0.683732987686325,0.671393341553638,0.663157894736842,0.722589627567003,0.709271523178808,0.681818181818182,0.664206642066421,0.701219512195122,0.674698795180723
373,1,0,0.01538462,180,0.75,0,1,0,28,1,0,0.645884139462676,0.711914210417939,0.689087656930601,0.739317631522272,0.728869394531537,0.76328148063251,0.779826055004368,0.813795474615091,0.67852975495916,0.659737417943107,0.511811023622047,0.710534542044389,0.696135831381733,0.56198347107438,0.750761937013207,0.741357234314981,0.631578947368421,0.674528301886792,0.697744360902256,0.607843137254902
