"param_id","eir_equil","sig_het","ff","trial_duration","trial_PQ_eff_stratum_1","trial_PQ_eff_stratum_2","trial_PQ_prop_stratum_1","trial_PQ_prop_stratum_2","trial_PQ_proph","is_LLIN_distributed","is_IRS_administered","eff_cph_recurrent_LM","eff_cph_recurrent_PCR","eff_cph_any_relapse_LM","eff_cph_any_relapse_PCR","eff_cph_relapse_LM_trial","eff_cph_relapse_PCR_trial","eff_cph_relapse_LM_all","eff_cph_relapse_PCR_all","eff_incid_recurrent_PCR","eff_incid_recurrent_LM","eff_incid_recurrent_D","eff_incid_any_relapse_PCR","eff_incid_any_relapse_LM","eff_incid_any_relapse_D","eff_incid_relapse_PCR","eff_incid_relapse_LM","eff_incid_relapse_D","eff_risk_relapse_PCR","eff_risk_relapse_LM","eff_risk_relapse_D"
609,100,0,0.01538462,180,0.75,0,1,0,28,1,0,0.351214880293551,0.259323155307461,0.540327928786783,0.550978217414562,0.613585188685441,0.636758206064107,0.744035383321584,0.618182009716778,0.38801143534554,0.577665083925446,0.726726179631991,0.53364026795379,0.653424496050925,0.79370505717317,0.728278073351075,0.821655348530251,0.874749498997996,0.148484848484848,0.700228832951945,0.827586206896552
61,0.1,0,0.01538462,180,0.75,0,1,0,28,1,0,0.799905209910767,0.830656414409343,0.805218658738473,0.830688885194369,0.808142587833037,0.832556234661065,0.827308011018596,0.836586758172816,0.703465258476932,0.694170365535248,0.663480845442536,0.706536789297659,0.696440078585462,0.667441644562334,0.728563025210084,0.722463462804477,0.704840909090909,0.754054054054054,0.75,0.739130434782609
610,100,0,0.01538462,180,0.75,0,1,0,28,1,0,0.324114912829596,0.193553254579595,0.422116699570241,0.540422717105645,0.519647142986625,0.563574659060027,0.734330408052615,0.553783574518339,0.366150309546536,0.566628943483543,0.537999537999538,0.518877769153781,0.652149958898425,0.562062062062062,0.712954838066853,0.807657207493675,0.785499785499785,0.134944612286002,0.700223713646532,0.785714285714286
