"param_id","eir_equil","sig_het","ff","trial_duration","trial_PQ_eff_stratum_1","trial_PQ_eff_stratum_2","trial_PQ_prop_stratum_1","trial_PQ_prop_stratum_2","trial_PQ_proph","is_LLIN_distributed","is_IRS_administered","eff_cph_recurrent_LM","eff_cph_recurrent_PCR","eff_cph_any_relapse_LM","eff_cph_any_relapse_PCR","eff_cph_relapse_LM_trial","eff_cph_relapse_PCR_trial","eff_cph_relapse_LM_all","eff_cph_relapse_PCR_all","eff_incid_recurrent_PCR","eff_incid_recurrent_LM","eff_incid_recurrent_D","eff_incid_any_relapse_PCR","eff_incid_any_relapse_LM","eff_incid_any_relapse_D","eff_incid_relapse_PCR","eff_incid_relapse_LM","eff_incid_relapse_D","eff_risk_relapse_PCR","eff_risk_relapse_LM","eff_risk_relapse_D"
1551,100,0,0.01538462,180,0.75,0,1,0,45,1,0,0.442118576488485,0.349132079018765,0.487068180156972,0.520547277535979,0.563952707935729,0.474983020725301,0.732740898772736,0.585835671213441,0.43799146986398,0.58470450273729,0.602543720190779,0.581274673224774,0.674896548438312,0.710821933044155,0.71849651182111,0.814416549445262,0.821249821249821,0.141414141414141,0.680272108843537,0.821428571428571
1552,100,0,0.01538462,180,0.75,0,1,0,45,1,0,0.382362837953492,0.369498463048325,0.519263306653697,0.569476408718288,0.657780331450483,0.557367335259264,0.693813632452633,0.580652415433478,0.450012771392082,0.598979917118266,0.63768115942029,0.585923908932758,0.655850540806293,0.681818181818182,0.725692558392178,0.798360655737705,0.772727272727273,0.148335015136226,0.674259681093394,0.761904761904762
1553,100,0,0.01538462,180,0.75,0,1,0,45,1,0,0.463794392710965,0.353068585652004,0.602184239928178,0.6052600510838,0.793377452426288,0.589715591501955,0.751745773909699,0.577418866669744,0.438739145710987,0.608655897592197,0.738461538461539,0.581844465861072,0.698876404494382,0.851063829787234,0.722608868562338,0.820368885324779,0.933333333333333,0.138972809667674,0.694444444444444,0.933333333333333
