"param_id","eir_equil","sig_het","ff","trial_duration","trial_PQ_eff_stratum_1","trial_PQ_eff_stratum_2","trial_PQ_prop_stratum_1","trial_PQ_prop_stratum_2","trial_PQ_proph","is_LLIN_distributed","is_IRS_administered","eff_cph_recurrent_LM","eff_cph_recurrent_PCR","eff_cph_any_relapse_LM","eff_cph_any_relapse_PCR","eff_cph_relapse_LM_trial","eff_cph_relapse_PCR_trial","eff_cph_relapse_LM_all","eff_cph_relapse_PCR_all","eff_incid_recurrent_PCR","eff_incid_recurrent_LM","eff_incid_recurrent_D","eff_incid_any_relapse_PCR","eff_incid_any_relapse_LM","eff_incid_any_relapse_D","eff_incid_relapse_PCR","eff_incid_relapse_LM","eff_incid_relapse_D","eff_risk_relapse_PCR","eff_risk_relapse_LM","eff_risk_relapse_D"
1521,100,0,0.01538462,180,0.75,0,1,0,45,1,0,0.408615974446186,0.35729218907191,0.552411050962073,0.544147649016429,0.675107211336004,0.482650798714255,0.732461962660969,0.549187792816791,0.428881623056879,0.603471427412741,0.771199771199771,0.566711629263819,0.6964706642126,0.789262947157684,0.70231896024503,0.815227413793722,0.888777666555444,0.13030303030303,0.696969696969697,0.882352941176471
1522,100,0,0.01538462,180,0.75,0,1,0,45,1,0,0.473019268931097,0.327558127570603,0.553437644635494,0.536666276881443,0.672244150538883,0.520227347299606,0.72540039712811,0.552083554743075,0.442320487230667,0.618787878787879,0.593220338983051,0.585614761815101,0.693822739480752,0.648648648648649,0.712979271101477,0.821316614420063,0.807692307692308,0.108080808080808,0.676339285714286,0.807692307692308
1523,100,0,0.01538462,180,0.75,0,1,0,45,1,0,0.470499735806397,0.353450944925836,0.554677220606849,0.600000596370154,0.674075016588251,0.589269373504961,0.724669058544619,0.589626847323437,0.446575866572283,0.631626568079303,0.6996996996997,0.593036767757957,0.712537816627036,0.777555333110889,0.730352970505448,0.851383197808964,0.958291624958292,0.131445904954499,0.706935123042506,0.954545454545455
