"param_id","eir_equil","sig_het","ff","trial_duration","trial_PQ_eff_stratum_1","trial_PQ_eff_stratum_2","trial_PQ_prop_stratum_1","trial_PQ_prop_stratum_2","trial_PQ_proph","is_LLIN_distributed","is_IRS_administered","eff_cph_recurrent_LM","eff_cph_recurrent_PCR","eff_cph_any_relapse_LM","eff_cph_any_relapse_PCR","eff_cph_relapse_LM_trial","eff_cph_relapse_PCR_trial","eff_cph_relapse_LM_all","eff_cph_relapse_PCR_all","eff_incid_recurrent_PCR","eff_incid_recurrent_LM","eff_incid_recurrent_D","eff_incid_any_relapse_PCR","eff_incid_any_relapse_LM","eff_incid_any_relapse_D","eff_incid_relapse_PCR","eff_incid_relapse_LM","eff_incid_relapse_D","eff_risk_relapse_PCR","eff_risk_relapse_LM","eff_risk_relapse_D"
877,0.1,0,0.01538462,180,0.75,0,1,0,45,1,0,0.806966972330451,0.816946763250125,0.806638158224363,0.814433217026084,0.806930601357793,0.817061545574733,0.814911067992817,0.822541865350212,0.714564931956236,0.722769897075901,0.733789144138121,0.716997450708499,0.724935564209706,0.736769338699375,0.731397116274888,0.737538449314637,0.751878245195378,0.736842105263158,0.736248236953456,0.752399232245681
878,0.1,0,0.01538462,180,0.75,0,1,0,45,1,0,0.802629957112517,0.825338970468082,0.806185763999563,0.826161690289978,0.805083681167503,0.82696735490628,0.827915261263163,0.834810115136656,0.716417910447761,0.711254019292604,0.723150357995227,0.716897506925208,0.71216999356085,0.724014336917563,0.7271714922049,0.723445595854922,0.74065138721351,0.7543391188251,0.754901960784314,0.758620689655172
879,0.1,0,0.01538462,180,0.75,0,1,0,45,1,0,0.819017668362197,0.846184293822552,0.828321753318001,0.849584833537116,0.828732883563301,0.850855964411939,0.841794104940763,0.848216150426723,0.731487479131886,0.729315789473684,0.735595505617977,0.733488255033557,0.732166340508806,0.739609022556391,0.741104225352113,0.738763469119579,0.750882278481013,0.762872628726287,0.762857142857143,0.764583333333333
