"param_id","eir_equil","sig_het","ff","trial_duration","trial_PQ_eff_stratum_1","trial_PQ_eff_stratum_2","trial_PQ_prop_stratum_1","trial_PQ_prop_stratum_2","trial_PQ_proph","is_LLIN_distributed","is_IRS_administered","eff_cph_recurrent_LM","eff_cph_recurrent_PCR","eff_cph_any_relapse_LM","eff_cph_any_relapse_PCR","eff_cph_relapse_LM_trial","eff_cph_relapse_PCR_trial","eff_cph_relapse_LM_all","eff_cph_relapse_PCR_all","eff_incid_recurrent_PCR","eff_incid_recurrent_LM","eff_incid_recurrent_D","eff_incid_any_relapse_PCR","eff_incid_any_relapse_LM","eff_incid_any_relapse_D","eff_incid_relapse_PCR","eff_incid_relapse_LM","eff_incid_relapse_D","eff_risk_relapse_PCR","eff_risk_relapse_LM","eff_risk_relapse_D"
1295,10,0,0.01538462,180,0.75,0,1,0,45,1,0,0.530328389502771,0.611284396800418,0.572062841489303,0.6561613266878,0.608990149576778,0.681246585377136,0.742862953754685,0.676874019570999,0.652332410720313,0.759623609923011,0.904761904761905,0.70253402511467,0.79773156899811,0.95,0.73526878015162,0.826508620689655,0.941176470588235,0.255040322580645,0.732323232323232,0.9375
1296,10,0,0.01538462,180,0.75,0,1,0,45,1,0,0.711300263083169,0.618365655377966,0.758472261384108,0.675643767547115,0.776122052656569,0.71091549320259,0.744342315796117,0.686675715032671,0.660108954153266,0.75931419909666,0.849699398797595,0.712594068592593,0.795087360462012,0.837512863564968,0.747753346414083,0.832639416764564,0.906062124248497,0.291750503018109,0.733333333333333,0.903225806451613
1297,10,0,0.01538462,180,0.75,0,1,0,45,1,0,0.690445365589662,0.60561597547717,0.736484087344201,0.662082944574867,0.743722998292234,0.671468963764601,0.76591453577753,0.675852629428894,0.63790872881782,0.720244261728978,0.738869304086695,0.695611248298743,0.762490636650099,0.683894420736526,0.730851108803865,0.798043657692781,0.624624624624625,0.257113821138211,0.726582278481013,0.625
