"param_id","eir_equil","sig_het","ff","trial_duration","trial_PQ_eff_stratum_1","trial_PQ_eff_stratum_2","trial_PQ_prop_stratum_1","trial_PQ_prop_stratum_2","trial_PQ_proph","is_LLIN_distributed","is_IRS_administered","eff_cph_recurrent_LM","eff_cph_recurrent_PCR","eff_cph_any_relapse_LM","eff_cph_any_relapse_PCR","eff_cph_relapse_LM_trial","eff_cph_relapse_PCR_trial","eff_cph_relapse_LM_all","eff_cph_relapse_PCR_all","eff_incid_recurrent_PCR","eff_incid_recurrent_LM","eff_incid_recurrent_D","eff_incid_any_relapse_PCR","eff_incid_any_relapse_LM","eff_incid_any_relapse_D","eff_incid_relapse_PCR","eff_incid_relapse_LM","eff_incid_relapse_D","eff_risk_relapse_PCR","eff_risk_relapse_LM","eff_risk_relapse_D"
18,0.1,0,0.01538462,180,0.75,0,1,0,28,1,0,0.769611735817938,0.811168247933643,0.771473819418744,0.811786528861392,0.772393663575383,0.812447395948918,0.819900704360807,0.828576520477328,0.704901005823187,0.70706469165659,0.698029545454545,0.705552310143388,0.70696,0.69882252559727,0.71685242408098,0.719429787234042,0.717500570125428,0.743823146944083,0.740189445196211,0.725897920604915
180,0.1,0,0.01538462,180,0.75,0,1,0,28,1,0,0.817410467320442,0.814533808975075,0.823936721244487,0.817926934577174,0.824863478753951,0.821110367649691,0.826498511618076,0.827877578274821,0.723060344827586,0.725124378109453,0.749090909090909,0.72520325203252,0.727954971857411,0.750608272506083,0.73841961852861,0.743396226415094,0.768098159509202,0.741978609625668,0.746870653685675,0.77
181,0.1,0,0.01538462,180,0.75,0,1,0,28,1,0,0.768530441706097,0.813384770576086,0.772953307422907,0.812342343384332,0.776729195915643,0.81463187110195,0.808915650249885,0.815940429214364,0.692179700499168,0.689456869009585,0.689655172413793,0.695821727019499,0.693838254172015,0.692583732057416,0.707399103139013,0.706640876853643,0.707228915662651,0.729766803840878,0.728715728715729,0.738522954091816
