"param_id","eir_equil","sig_het","ff","trial_duration","trial_PQ_eff_stratum_1","trial_PQ_eff_stratum_2","trial_PQ_prop_stratum_1","trial_PQ_prop_stratum_2","trial_PQ_proph","is_LLIN_distributed","is_IRS_administered","eff_cph_recurrent_LM","eff_cph_recurrent_PCR","eff_cph_any_relapse_LM","eff_cph_any_relapse_PCR","eff_cph_relapse_LM_trial","eff_cph_relapse_PCR_trial","eff_cph_relapse_LM_all","eff_cph_relapse_PCR_all","eff_incid_recurrent_PCR","eff_incid_recurrent_LM","eff_incid_recurrent_D","eff_incid_any_relapse_PCR","eff_incid_any_relapse_LM","eff_incid_any_relapse_D","eff_incid_relapse_PCR","eff_incid_relapse_LM","eff_incid_relapse_D","eff_risk_relapse_PCR","eff_risk_relapse_LM","eff_risk_relapse_D"
796,100,0,0.01538462,180,0.75,0,1,0,28,1,0,0.359910383437477,0.241695179054874,0.445672321956475,0.533865908848169,0.537097257182655,0.610354699234443,0.69596546588523,0.578139878588582,0.380797648470183,0.530406272687306,0.683227531328797,0.528912198359539,0.61188524647381,0.683894420736526,0.725562623759723,0.777370731727578,0.685399685399685,0.141414141414141,0.646258503401361,0.633333333333333
797,100,0,0.01538462,180,0.75,0,1,0,28,1,0,0.358215320199259,0.200128208199165,0.513899483353046,0.568406989656504,0.755126157983353,0.634893906739283,0.717593076760167,0.557514786454643,0.364282195545645,0.534334078569147,0.657894736842105,0.515066814718383,0.601927710843373,0.755102040816326,0.725943138326955,0.767540152155537,0.911764705882353,0.130171543895055,0.679287305122494,0.892857142857143
798,100,0,0.01538462,180,0.75,0,1,0,28,1,0,0.355979583360878,0.210286337183147,0.446395258084238,0.568209996114639,0.597966076130358,0.602879308156194,0.710906276183058,0.600448442170979,0.379254539017853,0.539806431470496,0.563636363636364,0.52849145441738,0.612933025404157,0.621621621621622,0.730306088126472,0.771474878444084,0.722222222222222,0.14040404040404,0.654185022026432,0.6875
