"param_id","eir_equil","sig_het","ff","trial_duration","trial_PQ_eff_stratum_1","trial_PQ_eff_stratum_2","trial_PQ_prop_stratum_1","trial_PQ_prop_stratum_2","trial_PQ_proph","is_LLIN_distributed","is_IRS_administered","eff_cph_recurrent_LM","eff_cph_recurrent_PCR","eff_cph_any_relapse_LM","eff_cph_any_relapse_PCR","eff_cph_relapse_LM_trial","eff_cph_relapse_PCR_trial","eff_cph_relapse_LM_all","eff_cph_relapse_PCR_all","eff_incid_recurrent_PCR","eff_incid_recurrent_LM","eff_incid_recurrent_D","eff_incid_any_relapse_PCR","eff_incid_any_relapse_LM","eff_incid_any_relapse_D","eff_incid_relapse_PCR","eff_incid_relapse_LM","eff_incid_relapse_D","eff_risk_relapse_PCR","eff_risk_relapse_LM","eff_risk_relapse_D"
133,0.1,0,0.01538462,180,0.75,0,1,0,28,1,0,0.843812090450088,0.851823571560611,0.847053593763829,0.852044445973553,0.846591929390158,0.852020905788654,0.853936106088094,0.855753611107778,0.752227226730689,0.754966156255334,0.76874172452047,0.752372669868038,0.755736353088953,0.769949091007126,0.767122480254627,0.770767516906926,0.792073363526144,0.778514588859416,0.78236914600551,0.789868667917448
1330,10,0,0.01538462,180,0.75,0,1,0,45,1,0,0.624397797602584,0.595816661801417,0.655781462516169,0.633865745431333,0.695440294587117,0.654445301885452,0.744869854527782,0.655379757278316,0.635180737542942,0.768049988314305,0.73049973049973,0.689942253803718,0.80836035257804,0.708041374708041,0.727678100230642,0.843151094511269,0.738869304086695,0.258847320525784,0.717333333333333,0.7
1331,10,0,0.01538462,180,0.75,0,1,0,45,1,0,0.569688533040416,0.599410545807168,0.670626853943017,0.658832080709546,0.660886233502541,0.692416203868184,0.748464004842086,0.68742937673335,0.646093001374955,0.759421248746612,0.72028028028028,0.702145816319045,0.79813460076618,0.826261043652348,0.740465522112745,0.828835300818059,0.8335001668335,0.297679112008073,0.726130653266332,0.833333333333333
