"param_id","eir_equil","sig_het","ff","trial_duration","trial_PQ_eff_stratum_1","trial_PQ_eff_stratum_2","trial_PQ_prop_stratum_1","trial_PQ_prop_stratum_2","trial_PQ_proph","is_LLIN_distributed","is_IRS_administered","eff_cph_recurrent_LM","eff_cph_recurrent_PCR","eff_cph_any_relapse_LM","eff_cph_any_relapse_PCR","eff_cph_relapse_LM_trial","eff_cph_relapse_PCR_trial","eff_cph_relapse_LM_all","eff_cph_relapse_PCR_all","eff_incid_recurrent_PCR","eff_incid_recurrent_LM","eff_incid_recurrent_D","eff_incid_any_relapse_PCR","eff_incid_any_relapse_LM","eff_incid_any_relapse_D","eff_incid_relapse_PCR","eff_incid_relapse_LM","eff_incid_relapse_D","eff_risk_relapse_PCR","eff_risk_relapse_LM","eff_risk_relapse_D"
1351,10,0,0.01538462,180,0.75,0,1,0,45,1,0,0.680471852125365,0.639488071465096,0.697036266242077,0.695163906275116,0.701680011908139,0.69559703709275,0.75385114416085,0.670398625526589,0.656266392589971,0.748516737909316,0.894631367999156,0.709448128435164,0.766524785107405,0.94438877755511,0.745476769141119,0.794613060317526,0.933266533066132,0.263902932254803,0.72568578553616,0.933333333333333
1352,10,0,0.01538462,180,0.75,0,1,0,45,1,0,0.576621083547944,0.641641553134053,0.679217019181631,0.673879155683628,0.692560368497122,0.688828882813615,0.741905254634108,0.687646816200506,0.660099526935116,0.742863209863436,0.777332442663104,0.713713140566848,0.771472770101607,0.768768305842454,0.74749568678386,0.79689107945621,0.772271816359993,0.290485829959514,0.72264631043257,0.736842105263158
1353,10,0,0.01538462,180,0.75,0,1,0,45,1,0,0.665158480198503,0.637524487452677,0.687613850925264,0.684589712872766,0.701724796693617,0.702128981474601,0.720195137740136,0.699952138528229,0.659482441471572,0.717060631229236,0.727545454545454,0.713646713977168,0.750941828254848,0.667,0.747282281489305,0.754574675324675,0.706176470588235,0.309547738693467,0.68922305764411,0.705882352941176
