"param_id","eir_equil","sig_het","ff","trial_duration","trial_PQ_eff_stratum_1","trial_PQ_eff_stratum_2","trial_PQ_prop_stratum_1","trial_PQ_prop_stratum_2","trial_PQ_proph","is_LLIN_distributed","is_IRS_administered","eff_cph_recurrent_LM","eff_cph_recurrent_PCR","eff_cph_any_relapse_LM","eff_cph_any_relapse_PCR","eff_cph_relapse_LM_trial","eff_cph_relapse_PCR_trial","eff_cph_relapse_LM_all","eff_cph_relapse_PCR_all","eff_incid_recurrent_PCR","eff_incid_recurrent_LM","eff_incid_recurrent_D","eff_incid_any_relapse_PCR","eff_incid_any_relapse_LM","eff_incid_any_relapse_D","eff_incid_relapse_PCR","eff_incid_relapse_LM","eff_incid_relapse_D","eff_risk_relapse_PCR","eff_risk_relapse_LM","eff_risk_relapse_D"
1305,10,0,0.01538462,180,0.75,0,1,0,45,1,0,0.559943523302623,0.588831074933958,0.651911286115688,0.677282944620209,0.666511655518886,0.685737093440905,0.747408667050996,0.676521546208771,0.64103685103473,0.708182564189631,0.789895158316211,0.698250328722906,0.750747774533701,0.76517694164753,0.735093115554668,0.784307263590578,0.933466800133467,0.275967413441955,0.727979274611399,0.928571428571429
1306,10,0,0.01538462,180,0.75,0,1,0,45,1,0,0.613966246101082,0.60437027362689,0.664701114304636,0.661692064661557,0.655788980282986,0.68163972813437,0.759479722296892,0.694795623487929,0.662620371626204,0.753030303030303,0.7,0.714231899344534,0.772995780590717,0.722222222222222,0.744053282588011,0.792563600782779,0.714285714285714,0.27547931382442,0.724056603773585,0.714285714285714
1307,10,0,0.01538462,180,0.75,0,1,0,45,1,0,0.533056812836248,0.628977860999579,0.590965285660885,0.673868905778912,0.654569186902029,0.681732188514961,0.750182856879683,0.667119307677271,0.652922169148637,0.75134168157424,0.833333333333333,0.702537593984962,0.780078895463511,0.851851851851852,0.732165206508135,0.804469273743017,0.952380952380952,0.258847320525784,0.725388601036269,0.95
