"param_id","eir_equil","sig_het","ff","trial_duration","trial_PQ_eff_stratum_1","trial_PQ_eff_stratum_2","trial_PQ_prop_stratum_1","trial_PQ_prop_stratum_2","trial_PQ_proph","is_LLIN_distributed","is_IRS_administered","eff_cph_recurrent_LM","eff_cph_recurrent_PCR","eff_cph_any_relapse_LM","eff_cph_any_relapse_PCR","eff_cph_relapse_LM_trial","eff_cph_relapse_PCR_trial","eff_cph_relapse_LM_all","eff_cph_relapse_PCR_all","eff_incid_recurrent_PCR","eff_incid_recurrent_LM","eff_incid_recurrent_D","eff_incid_any_relapse_PCR","eff_incid_any_relapse_LM","eff_incid_any_relapse_D","eff_incid_relapse_PCR","eff_incid_relapse_LM","eff_incid_relapse_D","eff_risk_relapse_PCR","eff_risk_relapse_LM","eff_risk_relapse_D"
741,100,0,0.01538462,180,0.75,0,1,0,28,1,0,0.323157832138329,0.253808255415564,0.463369307130878,0.518916011485021,0.67627981326174,0.586003362737844,0.724497973859602,0.571259071259767,0.36019672713197,0.539054842930313,0.498495486459378,0.513697159540071,0.617360106760319,0.665663657639585,0.720010465359612,0.780776929945956,0.863226041761649,0.141708542713568,0.684684684684685,0.863636363636364
742,100,0,0.01538462,180,0.75,0,1,0,28,1,0,0.424499562788539,0.255157830643887,0.566990662412907,0.600769889255708,0.774340823559281,0.664931887643178,0.724011199059564,0.54482658043991,0.367796261008395,0.575365205843293,0.459016393442623,0.51626510602721,0.653827160493827,0.634146341463415,0.725824026150913,0.810787671232877,0.736842105263158,0.129518072289157,0.680365296803653,0.722222222222222
743,100,0,0.01538462,180,0.75,0,1,0,28,1,0,0.262380899936586,0.227561926986446,0.392817921819034,0.52989125895519,0.554192561863544,0.637748336578487,0.66168038903684,0.551146522433946,0.37594098923862,0.463753035032952,0.574074074074074,0.519576403907823,0.551148225469729,0.682926829268293,0.719440745672437,0.739371534195933,0.863636363636364,0.115810674723061,0.630695443645084,0.863636363636364
