"param_id","eir_equil","sig_het","ff","trial_duration","trial_PQ_eff_stratum_1","trial_PQ_eff_stratum_2","trial_PQ_prop_stratum_1","trial_PQ_prop_stratum_2","trial_PQ_proph","is_LLIN_distributed","is_IRS_administered","eff_cph_recurrent_LM","eff_cph_recurrent_PCR","eff_cph_any_relapse_LM","eff_cph_any_relapse_PCR","eff_cph_relapse_LM_trial","eff_cph_relapse_PCR_trial","eff_cph_relapse_LM_all","eff_cph_relapse_PCR_all","eff_incid_recurrent_PCR","eff_incid_recurrent_LM","eff_incid_recurrent_D","eff_incid_any_relapse_PCR","eff_incid_any_relapse_LM","eff_incid_any_relapse_D","eff_incid_relapse_PCR","eff_incid_relapse_LM","eff_incid_relapse_D","eff_risk_relapse_PCR","eff_risk_relapse_LM","eff_risk_relapse_D"
1346,10,0,0.01538462,180,0.75,0,1,0,45,1,0,0.625171925855358,0.628456460992509,0.662216043204161,0.649915936603782,0.702270800289911,0.673760202546738,0.73649458760968,0.685599832293764,0.639156925201644,0.751512075455737,0.67967967967968,0.695126994783995,0.780695983227629,0.6996996996997,0.725910002943068,0.801792943385864,0.74974974974975,0.278506559031282,0.706493506493507,0.714285714285714
1347,10,0,0.01538462,180,0.75,0,1,0,45,1,0,0.537477863109872,0.578131735071077,0.596334690732964,0.634708919581966,0.631306878154066,0.654449238380878,0.679480891472182,0.666650821065861,0.634272439235193,0.69564128256513,0.578525471996625,0.691483865651909,0.733569509709073,0.562061623246493,0.730589836227167,0.75985753637017,0.599599198396794,0.263157894736842,0.663013698630137,0.571428571428571
1348,10,0,0.01538462,180,0.75,0,1,0,45,1,0,0.607812689006238,0.591209838191818,0.702013634601171,0.658096306439782,0.729440031810734,0.695098261133141,0.690993743542121,0.677549097753079,0.651401933228217,0.707885304659498,0.764705882352941,0.707140682095006,0.740556660039762,0.764705882352941,0.743064037689757,0.764439411098528,0.764705882352941,0.279635258358663,0.670184696569921,0.764705882352941
