"param_id","eir_equil","sig_het","ff","trial_duration","trial_PQ_eff_stratum_1","trial_PQ_eff_stratum_2","trial_PQ_prop_stratum_1","trial_PQ_prop_stratum_2","trial_PQ_proph","is_LLIN_distributed","is_IRS_administered","eff_cph_recurrent_LM","eff_cph_recurrent_PCR","eff_cph_any_relapse_LM","eff_cph_any_relapse_PCR","eff_cph_relapse_LM_trial","eff_cph_relapse_PCR_trial","eff_cph_relapse_LM_all","eff_cph_relapse_PCR_all","eff_incid_recurrent_PCR","eff_incid_recurrent_LM","eff_incid_recurrent_D","eff_incid_any_relapse_PCR","eff_incid_any_relapse_LM","eff_incid_any_relapse_D","eff_incid_relapse_PCR","eff_incid_relapse_LM","eff_incid_relapse_D","eff_risk_relapse_PCR","eff_risk_relapse_LM","eff_risk_relapse_D"
1019,1,0,0.01538462,180,0.75,0,1,0,45,1,0,0.7066415785069,0.723490219290978,0.727479588793354,0.748761990029751,0.760709600952333,0.771665897228462,0.78670527150253,0.817782054221726,0.710266207991532,0.700648083623693,0.701086614173228,0.741478224220287,0.726243228890069,0.698577586206897,0.764389645776567,0.757956571428571,0.708256637168142,0.679223744292237,0.702664796633941,0.692307692307692
102,0.1,0,0.01538462,180,0.75,0,1,0,28,1,0,0.793294242077374,0.822416477303316,0.792712492161659,0.822956755857239,0.792113757353636,0.824495592438969,0.829478731725042,0.840148493856585,0.713504647348278,0.710375556970083,0.715144230769231,0.717032967032967,0.712548015364917,0.717575757575758,0.728476821192053,0.723650385604113,0.734223300970874,0.764075067024129,0.758474576271186,0.739043824701195
1020,1,0,0.01538462,180,0.75,0,1,0,45,1,0,0.610162296204771,0.657755889378084,0.65813400375099,0.701849016379148,0.68979172471721,0.726296200214587,0.757993661476111,0.789221075229775,0.667840761348532,0.663086390765182,0.677616101768755,0.702926544874802,0.697420392469026,0.706961091995311,0.71995957270971,0.710392571977811,0.736314734732623,0.647836538461538,0.670713201820941,0.703703703703704
