"param_id","eir_equil","sig_het","ff","trial_duration","trial_PQ_eff_stratum_1","trial_PQ_eff_stratum_2","trial_PQ_prop_stratum_1","trial_PQ_prop_stratum_2","trial_PQ_proph","is_LLIN_distributed","is_IRS_administered","eff_cph_recurrent_LM","eff_cph_recurrent_PCR","eff_cph_any_relapse_LM","eff_cph_any_relapse_PCR","eff_cph_relapse_LM_trial","eff_cph_relapse_PCR_trial","eff_cph_relapse_LM_all","eff_cph_relapse_PCR_all","eff_incid_recurrent_PCR","eff_incid_recurrent_LM","eff_incid_recurrent_D","eff_incid_any_relapse_PCR","eff_incid_any_relapse_LM","eff_incid_any_relapse_D","eff_incid_relapse_PCR","eff_incid_relapse_LM","eff_incid_relapse_D","eff_risk_relapse_PCR","eff_risk_relapse_LM","eff_risk_relapse_D"
1095,1,0,0.01538462,180,0.75,0,1,0,45,1,0,0.628053301828377,0.71005097441876,0.688789452740859,0.757684889249385,0.700048902750241,0.76572867189247,0.769125465706901,0.797652483942433,0.671029668411867,0.681411269088994,0.67479674796748,0.707114259316292,0.716284275321768,0.690265486725664,0.724286662242867,0.728710462287105,0.701923076923077,0.663484486873508,0.687315634218289,0.698924731182796
1096,1,0,0.01538462,180,0.75,0,1,0,45,1,0,0.675861459742455,0.733991889585231,0.694495900972571,0.76511265267417,0.732327740053119,0.788822118533174,0.796164184234731,0.816787274170947,0.704935914916826,0.727093596059113,0.743243243243243,0.733197556008147,0.748295752490823,0.75886524822695,0.752042740414833,0.764338444065872,0.795454545454545,0.684898929845422,0.707317073170732,0.773913043478261
1097,1,0,0.01538462,180,0.75,0,1,0,45,1,0,0.615327338203554,0.690679651668453,0.686082281433011,0.736022591226585,0.707204059665526,0.754398399395947,0.740691257486755,0.773937943423208,0.654849832728966,0.66531766733889,0.686264777173868,0.686885430444085,0.701213855060009,0.734779026814425,0.709968032548678,0.725040768467998,0.790685924019257,0.627797408716137,0.655882352941176,0.77319587628866
