"param_id","eir_equil","sig_het","ff","trial_duration","trial_PQ_eff_stratum_1","trial_PQ_eff_stratum_2","trial_PQ_prop_stratum_1","trial_PQ_prop_stratum_2","trial_PQ_proph","is_LLIN_distributed","is_IRS_administered","eff_cph_recurrent_LM","eff_cph_recurrent_PCR","eff_cph_any_relapse_LM","eff_cph_any_relapse_PCR","eff_cph_relapse_LM_trial","eff_cph_relapse_PCR_trial","eff_cph_relapse_LM_all","eff_cph_relapse_PCR_all","eff_incid_recurrent_PCR","eff_incid_recurrent_LM","eff_incid_recurrent_D","eff_incid_any_relapse_PCR","eff_incid_any_relapse_LM","eff_incid_any_relapse_D","eff_incid_relapse_PCR","eff_incid_relapse_LM","eff_incid_relapse_D","eff_risk_relapse_PCR","eff_risk_relapse_LM","eff_risk_relapse_D"
222,1,0,0.01538462,180,0.75,0,1,0,28,1,0,0.65973488566999,0.673719765986229,0.693450823012938,0.719867019854586,0.715861480749243,0.736765134105887,0.748195982316102,0.775551541400804,0.625782475875011,0.649904573503894,0.766683977210293,0.656912329269519,0.675545894033289,0.775775775775776,0.683595714779273,0.704353993810444,0.7997997997998,0.64406779661017,0.66973886328725,0.785714285714286
223,1,0,0.01538462,180,0.75,0,1,0,28,1,0,0.694929802896045,0.717342772572112,0.749864521528142,0.750390458236378,0.791777811593259,0.775768419735472,0.778366579448979,0.808676968709435,0.661979752530934,0.654680063458488,0.559055118110236,0.698084979054458,0.690970274817723,0.647058823529412,0.725743855109961,0.718712029161604,0.710280373831776,0.651190476190476,0.677083333333333,0.705263157894737
224,1,0,0.01538462,180,0.75,0,1,0,28,1,0,0.678436814459427,0.709243453693478,0.733803842717406,0.766234167856127,0.747725285262994,0.777275888775633,0.768236690431733,0.7944521728498,0.653950267709902,0.634821005571141,0.74442527634017,0.689218809097413,0.679380357931249,0.767209069534651,0.723702622253347,0.72120829083652,0.784267025646336,0.651079136690647,0.677130044843049,0.785046728971963
