"param_id","eir_equil","sig_het","ff","trial_duration","trial_PQ_eff_stratum_1","trial_PQ_eff_stratum_2","trial_PQ_prop_stratum_1","trial_PQ_prop_stratum_2","trial_PQ_proph","is_LLIN_distributed","is_IRS_administered","eff_cph_recurrent_LM","eff_cph_recurrent_PCR","eff_cph_any_relapse_LM","eff_cph_any_relapse_PCR","eff_cph_relapse_LM_trial","eff_cph_relapse_PCR_trial","eff_cph_relapse_LM_all","eff_cph_relapse_PCR_all","eff_incid_recurrent_PCR","eff_incid_recurrent_LM","eff_incid_recurrent_D","eff_incid_any_relapse_PCR","eff_incid_any_relapse_LM","eff_incid_any_relapse_D","eff_incid_relapse_PCR","eff_incid_relapse_LM","eff_incid_relapse_D","eff_risk_relapse_PCR","eff_risk_relapse_LM","eff_risk_relapse_D"
1146,1,0,0.01538462,180,0.75,0,1,0,45,1,0,0.724323682577739,0.749891901579275,0.763590708647925,0.791137266819591,0.780379214500986,0.812179150597434,0.812088253084736,0.828512894337943,0.729624478442281,0.738241308793456,0.740112994350282,0.759703703703704,0.763676148796499,0.775147928994083,0.775536343259686,0.785334121821407,0.79746835443038,0.700824499411072,0.735849056603774,0.8203125
1147,1,0,0.01538462,180,0.75,0,1,0,45,1,0,0.655804118878018,0.70058064048795,0.681489041435649,0.717071175184134,0.712082987326639,0.742388608462994,0.76755573158823,0.787022042742981,0.676386506575186,0.667199148029819,0.513513513513514,0.707837755413236,0.699602498580352,0.545454545454545,0.731274638633377,0.726658476658477,0.571428571428571,0.648809523809524,0.681096681096681,0.6
1148,1,0,0.01538462,180,0.75,0,1,0,45,1,0,0.61443671503283,0.675881677556919,0.633873112984004,0.697997613447327,0.647384098513086,0.716034870138694,0.76382867633277,0.778449933230034,0.652161627578412,0.652400835073069,0.619047619047619,0.680922050348802,0.682300390843104,0.646017699115044,0.70506454816286,0.706886045094455,0.683168316831683,0.635831381733021,0.67965367965368,0.681318681318681
