"param_id","eir_equil","sig_het","ff","trial_duration","trial_PQ_eff_stratum_1","trial_PQ_eff_stratum_2","trial_PQ_prop_stratum_1","trial_PQ_prop_stratum_2","trial_PQ_proph","is_LLIN_distributed","is_IRS_administered","eff_cph_recurrent_LM","eff_cph_recurrent_PCR","eff_cph_any_relapse_LM","eff_cph_any_relapse_PCR","eff_cph_relapse_LM_trial","eff_cph_relapse_PCR_trial","eff_cph_relapse_LM_all","eff_cph_relapse_PCR_all","eff_incid_recurrent_PCR","eff_incid_recurrent_LM","eff_incid_recurrent_D","eff_incid_any_relapse_PCR","eff_incid_any_relapse_LM","eff_incid_any_relapse_D","eff_incid_relapse_PCR","eff_incid_relapse_LM","eff_incid_relapse_D","eff_risk_relapse_PCR","eff_risk_relapse_LM","eff_risk_relapse_D"
1451,100,0,0.01538462,180,0.75,0,1,0,45,1,0,0.50622501208971,0.360806929162706,0.538532429967809,0.537784603836588,0.662691864650444,0.525369002323387,0.737741380084026,0.578643721095452,0.443274550421612,0.625350407559988,0.696362421813324,0.585869364374769,0.70017420912332,0.72166555332888,0.725027982885981,0.771914315286774,0.799599198396794,0.133603238866397,0.689655172413793,0.8
1452,100,0,0.01538462,180,0.75,0,1,0,45,1,0,0.503847646835131,0.293651714950271,0.62667159033021,0.531243192930695,0.793184517892109,0.505938058738025,0.749526650468155,0.558203147558736,0.440371738154984,0.63419847728781,0.759519038076152,0.583511386669218,0.712067813788497,0.785284855425136,0.71932263285508,0.815216853460006,0.896344412963859,0.120845921450151,0.702586206896552,0.88
1453,100,0,0.01538462,180,0.75,0,1,0,45,1,0,0.560687315464415,0.37942954049689,0.660743166087866,0.574766901634383,0.673604753549834,0.57224034576403,0.722256643212901,0.615480440757453,0.44242214655961,0.634107243650047,0.63,0.584444398728259,0.701233644859813,0.738357142857143,0.719895225910713,0.817853012048193,0.7669,0.132796780684105,0.68677494199536,0.75
