"param_id","eir_equil","sig_het","ff","trial_duration","trial_PQ_eff_stratum_1","trial_PQ_eff_stratum_2","trial_PQ_prop_stratum_1","trial_PQ_prop_stratum_2","trial_PQ_proph","is_LLIN_distributed","is_IRS_administered","eff_cph_recurrent_LM","eff_cph_recurrent_PCR","eff_cph_any_relapse_LM","eff_cph_any_relapse_PCR","eff_cph_relapse_LM_trial","eff_cph_relapse_PCR_trial","eff_cph_relapse_LM_all","eff_cph_relapse_PCR_all","eff_incid_recurrent_PCR","eff_incid_recurrent_LM","eff_incid_recurrent_D","eff_incid_any_relapse_PCR","eff_incid_any_relapse_LM","eff_incid_any_relapse_D","eff_incid_relapse_PCR","eff_incid_relapse_LM","eff_incid_relapse_D","eff_risk_relapse_PCR","eff_risk_relapse_LM","eff_risk_relapse_D"
150,0.1,0,0.01538462,180,0.75,0,1,0,28,1,0,0.783393459143886,0.808554648440693,0.784773292801778,0.808506075940307,0.790981279390171,0.812423467191518,0.812895946857552,0.815718321852394,0.714545230045697,0.715177503295565,0.693621443630756,0.716035576080968,0.717094277670554,0.697834177672114,0.727898961019238,0.728044098400883,0.71364370532109,0.735172413793103,0.74025974025974,0.736
1500,100,0,0.01538462,180,0.75,0,1,0,45,1,0,0.295916614871619,0.324945155715015,0.360542379855794,0.571838960040671,0.542270662518084,0.540140063126416,0.754648834527345,0.58404440257488,0.441210205694186,0.602486452024227,0.565217391304348,0.584337575552802,0.683285849952517,0.545454545454545,0.727229857181353,0.823376623376623,0.8,0.150451354062187,0.727482678983834,0.777777777777778
1501,100,0,0.01538462,180,0.75,0,1,0,45,1,0,0.294507186607951,0.320978411117952,0.412857150887501,0.568654730242989,0.580238737805766,0.579754946000715,0.736382117334081,0.583695055013262,0.442074972379949,0.632050431320504,0.641509433962264,0.584221427226511,0.708414872798435,0.6875,0.724690012263251,0.8261253309797,0.846153846153846,0.143001007049345,0.71889400921659,0.833333333333333
