"param_id","eir_equil","sig_het","ff","trial_duration","trial_PQ_eff_stratum_1","trial_PQ_eff_stratum_2","trial_PQ_prop_stratum_1","trial_PQ_prop_stratum_2","trial_PQ_proph","is_LLIN_distributed","is_IRS_administered","eff_cph_recurrent_LM","eff_cph_recurrent_PCR","eff_cph_any_relapse_LM","eff_cph_any_relapse_PCR","eff_cph_relapse_LM_trial","eff_cph_relapse_PCR_trial","eff_cph_relapse_LM_all","eff_cph_relapse_PCR_all","eff_incid_recurrent_PCR","eff_incid_recurrent_LM","eff_incid_recurrent_D","eff_incid_any_relapse_PCR","eff_incid_any_relapse_LM","eff_incid_any_relapse_D","eff_incid_relapse_PCR","eff_incid_relapse_LM","eff_incid_relapse_D","eff_risk_relapse_PCR","eff_risk_relapse_LM","eff_risk_relapse_D"
1470,100,0,0.01538462,180,0.75,0,1,0,45,1,0,0.343631526036928,0.310391346766344,0.49433407761231,0.534150167500928,0.679869323770172,0.543808927939157,0.715203348088794,0.570607874352894,0.449429342465834,0.581897608165972,0.581252056351509,0.591411831869367,0.66215404429963,0.63757301837718,0.724924102948444,0.775799447431869,0.792688825927717,0.138104838709677,0.681922196796339,0.793103448275862
1471,100,0,0.01538462,180,0.75,0,1,0,45,1,0,0.414760188479571,0.321398497603575,0.607488755448784,0.547054344719145,0.750314230825136,0.545723754543353,0.775967925538102,0.551620905889415,0.437116445273052,0.61878453038674,0.372549019607843,0.574640873395901,0.717054263565891,0.580645161290323,0.704487135030168,0.820779220779221,0.772727272727273,0.128179043743642,0.734411085450347,0.75
1472,100,0,0.01538462,180,0.75,0,1,0,45,1,0,0.292123122466374,0.352321034744604,0.382094402256874,0.546201681286894,0.693767549960923,0.551799026288289,0.764136280207205,0.574465410042073,0.430966137264554,0.594227504244482,0.346153846153846,0.573378187239573,0.677948717948718,0.560975609756098,0.720218953130346,0.829963235294118,0.892857142857143,0.138104838709677,0.736453201970443,0.88
