"param_id","eir_equil","sig_het","ff","trial_duration","trial_PQ_eff_stratum_1","trial_PQ_eff_stratum_2","trial_PQ_prop_stratum_1","trial_PQ_prop_stratum_2","trial_PQ_proph","is_LLIN_distributed","is_IRS_administered","eff_cph_recurrent_LM","eff_cph_recurrent_PCR","eff_cph_any_relapse_LM","eff_cph_any_relapse_PCR","eff_cph_relapse_LM_trial","eff_cph_relapse_PCR_trial","eff_cph_relapse_LM_all","eff_cph_relapse_PCR_all","eff_incid_recurrent_PCR","eff_incid_recurrent_LM","eff_incid_recurrent_D","eff_incid_any_relapse_PCR","eff_incid_any_relapse_LM","eff_incid_any_relapse_D","eff_incid_relapse_PCR","eff_incid_relapse_LM","eff_incid_relapse_D","eff_risk_relapse_PCR","eff_risk_relapse_LM","eff_risk_relapse_D"
1251,10,0,0.01538462,180,0.75,0,1,0,45,1,0,0.504763394465207,0.632720532071577,0.548058267934168,0.689199021252581,0.597412365014493,0.702558252308069,0.718398473163637,0.713579114396607,0.658389741433677,0.667,0.852,0.712322907729506,0.691437020810515,0.809714285714286,0.74735370205174,0.715272727272727,0.8002,0.281947261663286,0.699186991869919,0.8
1252,10,0,0.01538462,180,0.75,0,1,0,45,1,0,0.606795224265229,0.587579587857816,0.665589684120382,0.668396225800666,0.63939142125668,0.665590801347186,0.733167467560763,0.677320110555613,0.642251943141237,0.716587677725119,0.846153846153846,0.697524135783245,0.752380952380952,0.96,0.728989528327217,0.76593137254902,0.95,0.281818181818182,0.711538461538462,0.947368421052632
1253,10,0,0.01538462,180,0.75,0,1,0,45,1,0,0.605034779409397,0.627087127390755,0.701175458842595,0.669140516447469,0.718538022090863,0.696616084049994,0.737051323141328,0.664826612043871,0.658461538461538,0.740755371900826,0.762142857142857,0.708997248337537,0.79561743119266,0.737105263157895,0.736650516282764,0.812218045112782,0.764941176470588,0.261088709677419,0.708860759493671,0.75
