"param_id","eir_equil","sig_het","ff","trial_duration","trial_PQ_eff_stratum_1","trial_PQ_eff_stratum_2","trial_PQ_prop_stratum_1","trial_PQ_prop_stratum_2","trial_PQ_proph","is_LLIN_distributed","is_IRS_administered","eff_cph_recurrent_LM","eff_cph_recurrent_PCR","eff_cph_any_relapse_LM","eff_cph_any_relapse_PCR","eff_cph_relapse_LM_trial","eff_cph_relapse_PCR_trial","eff_cph_relapse_LM_all","eff_cph_relapse_PCR_all","eff_incid_recurrent_PCR","eff_incid_recurrent_LM","eff_incid_recurrent_D","eff_incid_any_relapse_PCR","eff_incid_any_relapse_LM","eff_incid_any_relapse_D","eff_incid_relapse_PCR","eff_incid_relapse_LM","eff_incid_relapse_D","eff_risk_relapse_PCR","eff_risk_relapse_LM","eff_risk_relapse_D"
143,0.1,0,0.01538462,180,0.75,0,1,0,28,1,0,0.808564793619295,0.83333093650797,0.811329153802023,0.835766396964016,0.810862240601757,0.837383001025683,0.819330404136145,0.827031876498181,0.712301440222449,0.703788868233313,0.738579701196524,0.714807216457382,0.705765561999659,0.740913811007269,0.720632932988145,0.708837664194807,0.74558203062876,0.753052917232022,0.753561253561254,0.749510763209393
1430,100,0,0.01538462,180,0.75,0,1,0,45,1,0,0.511881492979103,0.33251196023668,0.535702756536247,0.591086868902986,0.643771279691679,0.562538200029837,0.728837150516238,0.554065679179202,0.441968705644939,0.625568620307091,0.680875319764209,0.581912210412097,0.700714059664819,0.74444211653514,0.710790752216571,0.815346863047033,0.821607321607322,0.134808853118712,0.689189189189189,0.807692307692308
1431,100,0,0.01538462,180,0.75,0,1,0,45,1,0,0.364951145987608,0.328802020819868,0.306789429883089,0.560170062836452,0.444220774551398,0.562440373819469,0.705950516074008,0.55805727865484,0.434938454407334,0.583475609756098,0.306816326530612,0.579260517614867,0.663901567091087,0.112,0.719846688944964,0.790083544303797,0.2674,0.130040322580645,0.667447306791569,0.461538461538462
