"param_id","eir_equil","sig_het","ff","trial_duration","trial_PQ_eff_stratum_1","trial_PQ_eff_stratum_2","trial_PQ_prop_stratum_1","trial_PQ_prop_stratum_2","trial_PQ_proph","is_LLIN_distributed","is_IRS_administered","eff_cph_recurrent_LM","eff_cph_recurrent_PCR","eff_cph_any_relapse_LM","eff_cph_any_relapse_PCR","eff_cph_relapse_LM_trial","eff_cph_relapse_PCR_trial","eff_cph_relapse_LM_all","eff_cph_relapse_PCR_all","eff_incid_recurrent_PCR","eff_incid_recurrent_LM","eff_incid_recurrent_D","eff_incid_any_relapse_PCR","eff_incid_any_relapse_LM","eff_incid_any_relapse_D","eff_incid_relapse_PCR","eff_incid_relapse_LM","eff_incid_relapse_D","eff_risk_relapse_PCR","eff_risk_relapse_LM","eff_risk_relapse_D"
1532,100,0,0.01538462,180,0.75,0,1,0,45,1,0,0.458750041097188,0.242077576278211,0.609282611840191,0.556550947500628,0.646133017831889,0.556613441896851,0.727756787677654,0.531225433721291,0.420330126621773,0.532752760120442,0.540142857142857,0.568976002742544,0.616113489298158,0.585780487804878,0.709589031681671,0.764743481917578,0.571857142857143,0.14098690835851,0.689655172413793,0.65
1533,100,0,0.01538462,180,0.75,0,1,0,45,1,0,0.411524501139381,0.307800949555743,0.542765621837733,0.553292352525817,0.751533680813737,0.484506504036118,0.744762093678102,0.531518579013927,0.432710919799076,0.574748993932532,0.483858858858859,0.576066020751568,0.664214996246246,0.510148446318659,0.709880288728003,0.777748259968555,0.785499785499785,0.126518218623482,0.7096018735363,0.88
1534,100,0,0.01538462,180,0.75,0,1,0,45,1,0,0.389382534130535,0.348315699347722,0.532649952848088,0.596694829576623,0.654549903549909,0.582582712267203,0.721090557102603,0.594956019894722,0.45244625705138,0.555599146421536,0.735558823529412,0.597728857110937,0.6566534416826,0.82018,0.732988041348558,0.788967632027257,0.84016,0.13595166163142,0.68019093078759,0.833333333333333
