"param_id","eir_equil","sig_het","ff","trial_duration","trial_PQ_eff_stratum_1","trial_PQ_eff_stratum_2","trial_PQ_prop_stratum_1","trial_PQ_prop_stratum_2","trial_PQ_proph","is_LLIN_distributed","is_IRS_administered","eff_cph_recurrent_LM","eff_cph_recurrent_PCR","eff_cph_any_relapse_LM","eff_cph_any_relapse_PCR","eff_cph_relapse_LM_trial","eff_cph_relapse_PCR_trial","eff_cph_relapse_LM_all","eff_cph_relapse_PCR_all","eff_incid_recurrent_PCR","eff_incid_recurrent_LM","eff_incid_recurrent_D","eff_incid_any_relapse_PCR","eff_incid_any_relapse_LM","eff_incid_any_relapse_D","eff_incid_relapse_PCR","eff_incid_relapse_LM","eff_incid_relapse_D","eff_risk_relapse_PCR","eff_risk_relapse_LM","eff_risk_relapse_D"
677,100,0,0.01538462,180,0.75,0,1,0,28,1,0,0.350019479207425,0.205359584367042,0.445128940175249,0.519803081493224,0.530147935758634,0.597726547671383,0.688122017500785,0.569264356771683,0.361567304973654,0.563042906357657,0.554464285714286,0.512706299032676,0.626924670433145,0.629314285714286,0.720551836957263,0.758343245539507,0.667333333333333,0.141993957703928,0.660550458715596,0.666666666666667
678,100,0,0.01538462,180,0.75,0,1,0,28,1,0,0.417186099696109,0.252546649870419,0.500277805241411,0.583691032483883,0.586503986338739,0.675838718424098,0.727660036120422,0.56204098446811,0.369248579461434,0.540901489160831,0.695898430075645,0.521726992158125,0.63691530533888,0.697811018565736,0.716739943901814,0.801518256453879,0.861930896413655,0.143289606458123,0.683720930232558,0.833333333333333
679,100,0,0.01538462,180,0.75,0,1,0,28,1,0,0.453271911834531,0.238754542677505,0.567178614189641,0.516345396647031,0.651604509080175,0.603282031215193,0.708663957473323,0.575541157874811,0.374521723607792,0.520086061711596,0.643711508118288,0.527126855382643,0.61226433245898,0.717108412760587,0.726191193906875,0.767997163830497,0.705587940882058,0.148484848484848,0.677570093457944,0.6875
