"param_id","eir_equil","sig_het","ff","trial_duration","trial_PQ_eff_stratum_1","trial_PQ_eff_stratum_2","trial_PQ_prop_stratum_1","trial_PQ_prop_stratum_2","trial_PQ_proph","is_LLIN_distributed","is_IRS_administered","eff_cph_recurrent_LM","eff_cph_recurrent_PCR","eff_cph_any_relapse_LM","eff_cph_any_relapse_PCR","eff_cph_relapse_LM_trial","eff_cph_relapse_PCR_trial","eff_cph_relapse_LM_all","eff_cph_relapse_PCR_all","eff_incid_recurrent_PCR","eff_incid_recurrent_LM","eff_incid_recurrent_D","eff_incid_any_relapse_PCR","eff_incid_any_relapse_LM","eff_incid_any_relapse_D","eff_incid_relapse_PCR","eff_incid_relapse_LM","eff_incid_relapse_D","eff_risk_relapse_PCR","eff_risk_relapse_LM","eff_risk_relapse_D"
177,0.1,0,0.01538462,180,0.75,0,1,0,28,1,0,0.791838668382553,0.816930476867254,0.793802356530992,0.817795356040784,0.793191967666197,0.817327448079933,0.823857951636263,0.822159286973614,0.732380080137378,0.737105263157895,0.739670089858793,0.733179207352096,0.738372638436482,0.741571428571429,0.735744680851064,0.740637964774951,0.743813144329897,0.743767313019391,0.755043227665706,0.746887966804979
178,0.1,0,0.01538462,180,0.75,0,1,0,28,1,0,0.830415719565748,0.848311285584987,0.83666735645434,0.853263844415822,0.839452963201616,0.855074844711914,0.844208957657763,0.855559064846108,0.78015354767184,0.777284793814433,0.796522699386503,0.781904522613065,0.779727626459144,0.799705445544554,0.786009019165727,0.783451866404715,0.804951188986233,0.789115646258503,0.785302593659942,0.799603174603175
179,0.1,0,0.01538462,180,0.75,0,1,0,28,1,0,0.798530437457382,0.824664277637894,0.80539006272922,0.82890629856697,0.807486333634732,0.831997555123881,0.826456038051226,0.827181240805006,0.719321066838797,0.715737093877797,0.74399906461885,0.721375073703841,0.718263373783879,0.746361930793068,0.738985410052517,0.736639047158692,0.769738526041047,0.739541160593792,0.749648382559775,0.770712909441233
