"param_id","eir_equil","sig_het","ff","trial_duration","trial_PQ_eff_stratum_1","trial_PQ_eff_stratum_2","trial_PQ_prop_stratum_1","trial_PQ_prop_stratum_2","trial_PQ_proph","is_LLIN_distributed","is_IRS_administered","eff_cph_recurrent_LM","eff_cph_recurrent_PCR","eff_cph_any_relapse_LM","eff_cph_any_relapse_PCR","eff_cph_relapse_LM_trial","eff_cph_relapse_PCR_trial","eff_cph_relapse_LM_all","eff_cph_relapse_PCR_all","eff_incid_recurrent_PCR","eff_incid_recurrent_LM","eff_incid_recurrent_D","eff_incid_any_relapse_PCR","eff_incid_any_relapse_LM","eff_incid_any_relapse_D","eff_incid_relapse_PCR","eff_incid_relapse_LM","eff_incid_relapse_D","eff_risk_relapse_PCR","eff_risk_relapse_LM","eff_risk_relapse_D"
436,10,0,0.01538462,180,0.75,0,1,0,28,1,0,0.461558857219193,0.59434272584193,0.511191042261712,0.669073790367712,0.565417324110469,0.710497649293796,0.678194182963136,0.7024207627392,0.629985484205433,0.670319634703196,0.666666666666667,0.691890239241764,0.713855421686747,0.666666666666667,0.746052516793161,0.763392857142857,0.769230769230769,0.293172690763052,0.668508287292818,0.769230769230769
437,10,0,0.01538462,180,0.75,0,1,0,28,1,0,0.550660891132686,0.584166655754941,0.580473715720167,0.666850411058891,0.608822867120836,0.688496375065974,0.723261892695922,0.677021200728203,0.610291559929416,0.714390494754322,0.738869042432691,0.675138828051592,0.749495952391104,0.736578419997891,0.727768492122247,0.789202109627771,0.823352587527997,0.290650406504065,0.703412073490814,0.823529411764706
438,10,0,0.01538462,180,0.75,0,1,0,28,1,0,0.615218745024645,0.578908044194629,0.671856018795393,0.642710117531879,0.695957333019076,0.688694102707675,0.761632981358791,0.678322455313915,0.63280313166669,0.724831214192916,0.807499807499807,0.687859077242324,0.76842514155947,0.908999908999909,0.740231028574587,0.7997997997998,0.894631473578842,0.276036400404449,0.73989898989899,0.882352941176471
