"param_id","eir_equil","sig_het","ff","trial_duration","trial_PQ_eff_stratum_1","trial_PQ_eff_stratum_2","trial_PQ_prop_stratum_1","trial_PQ_prop_stratum_2","trial_PQ_proph","is_LLIN_distributed","is_IRS_administered","eff_cph_recurrent_LM","eff_cph_recurrent_PCR","eff_cph_any_relapse_LM","eff_cph_any_relapse_PCR","eff_cph_relapse_LM_trial","eff_cph_relapse_PCR_trial","eff_cph_relapse_LM_all","eff_cph_relapse_PCR_all","eff_incid_recurrent_PCR","eff_incid_recurrent_LM","eff_incid_recurrent_D","eff_incid_any_relapse_PCR","eff_incid_any_relapse_LM","eff_incid_any_relapse_D","eff_incid_relapse_PCR","eff_incid_relapse_LM","eff_incid_relapse_D","eff_risk_relapse_PCR","eff_risk_relapse_LM","eff_risk_relapse_D"
1387,10,0,0.01538462,180,0.75,0,1,0,45,1,0,0.590086926909736,0.609288676708447,0.607648712509759,0.644989031269519,0.655587996272897,0.648521299278487,0.733977086706609,0.684867673532394,0.638947665397094,0.723424270931326,0.631578947368421,0.693447922415832,0.755741127348643,0.6,0.729539295392954,0.783075089392134,0.769230769230769,0.263581488933602,0.71608040201005,0.769230769230769
1388,10,0,0.01538462,180,0.75,0,1,0,45,1,0,0.632174268197557,0.629443814528723,0.704092806796561,0.675182164051522,0.725826125958795,0.694164262270339,0.740264050622441,0.677103988408216,0.667273174733388,0.770384219554031,0.785928571428571,0.719823124100856,0.798297142857143,0.852,0.749902883947186,0.824411572052402,0.875125,0.286876907426246,0.72192513368984,0.869565217391304
1389,10,0,0.01538462,180,0.75,0,1,0,45,1,0,0.609335777809108,0.602985168264034,0.654057952243975,0.661758792600676,0.726737074943307,0.685409084575043,0.722305264000468,0.670502038294905,0.651890482398957,0.724849527085125,0.75,0.705492496381504,0.746666666666667,0.761904761904762,0.738095238095238,0.786480686695279,0.722222222222222,0.251515151515151,0.69250645994832,0.722222222222222
