"param_id","eir_equil","sig_het","ff","trial_duration","trial_PQ_eff_stratum_1","trial_PQ_eff_stratum_2","trial_PQ_prop_stratum_1","trial_PQ_prop_stratum_2","trial_PQ_proph","is_LLIN_distributed","is_IRS_administered","eff_cph_recurrent_LM","eff_cph_recurrent_PCR","eff_cph_any_relapse_LM","eff_cph_any_relapse_PCR","eff_cph_relapse_LM_trial","eff_cph_relapse_PCR_trial","eff_cph_relapse_LM_all","eff_cph_relapse_PCR_all","eff_incid_recurrent_PCR","eff_incid_recurrent_LM","eff_incid_recurrent_D","eff_incid_any_relapse_PCR","eff_incid_any_relapse_LM","eff_incid_any_relapse_D","eff_incid_relapse_PCR","eff_incid_relapse_LM","eff_incid_relapse_D","eff_risk_relapse_PCR","eff_risk_relapse_LM","eff_risk_relapse_D"
1427,100,0,0.01538462,180,0.75,0,1,0,45,1,0,0.423495580996496,0.381123330636985,0.553181157609122,0.571873358769783,0.665480924527002,0.602731160461512,0.739563747731084,0.570952033773422,0.451485958142744,0.63,0.590163934426229,0.595369432248865,0.713022113022113,0.805555555555556,0.72417094017094,0.820375335120643,0.95,0.147887323943662,0.696897374701671,0.947368421052632
1428,100,0,0.01538462,180,0.75,0,1,0,45,1,0,0.417924852678614,0.36802580193465,0.531813464395753,0.584119232186518,0.624344372077206,0.574468133547178,0.707389138046469,0.596637958977667,0.436928274443105,0.616032627051857,0.555110220440882,0.580504169119865,0.674720950280449,0.523332379043802,0.715113106387663,0.760167744154409,0.768999537536612,0.144590495449949,0.648058252427185,0.769230769230769
1429,100,0,0.01538462,180,0.75,0,1,0,45,1,0,0.386226441448526,0.368404126631071,0.53264110880788,0.574920323063509,0.674299039804067,0.57321243171674,0.713358855254468,0.591904788152047,0.454495737678174,0.607511318934165,0.730644083866658,0.594824555015528,0.697466800384292,0.758136963582337,0.726291683131126,0.814977677176896,0.740221183106955,0.13824419778002,0.668161434977578,0.681818181818182
