"param_id","eir_equil","sig_het","ff","trial_duration","trial_PQ_eff_stratum_1","trial_PQ_eff_stratum_2","trial_PQ_prop_stratum_1","trial_PQ_prop_stratum_2","trial_PQ_proph","is_LLIN_distributed","is_IRS_administered","eff_cph_recurrent_LM","eff_cph_recurrent_PCR","eff_cph_any_relapse_LM","eff_cph_any_relapse_PCR","eff_cph_relapse_LM_trial","eff_cph_relapse_PCR_trial","eff_cph_relapse_LM_all","eff_cph_relapse_PCR_all","eff_incid_recurrent_PCR","eff_incid_recurrent_LM","eff_incid_recurrent_D","eff_incid_any_relapse_PCR","eff_incid_any_relapse_LM","eff_incid_any_relapse_D","eff_incid_relapse_PCR","eff_incid_relapse_LM","eff_incid_relapse_D","eff_risk_relapse_PCR","eff_risk_relapse_LM","eff_risk_relapse_D"
469,10,0,0.01538462,180,0.75,0,1,0,28,1,0,0.654425928339609,0.540501128054025,0.69407712086968,0.621009070306856,0.735584996806431,0.671811195696557,0.753333384089498,0.672744714884955,0.619438500145422,0.740450607502631,0.74974974974975,0.676125996858563,0.77191213353575,0.777555333110889,0.72882974055307,0.814861883827401,0.941117588176412,0.285136501516684,0.732673267326733,0.941176470588235
47,0.1,0,0.01538462,180,0.75,0,1,0,28,1,0,0.797757961583809,0.828519663283122,0.801423688110635,0.829799636791826,0.800412230413782,0.831225540437294,0.819787010914534,0.831871864818832,0.722559168443497,0.7294375,0.717242105263158,0.723362078200321,0.729950123152709,0.717929411764706,0.736285483870968,0.741755102040816,0.733442739079103,0.746010638297872,0.739130434782609,0.7421875
470,10,0,0.01538462,180,0.75,0,1,0,28,1,0,0.543454793468568,0.53973763732108,0.644120838222231,0.619531785796491,0.624543378328741,0.658300517586498,0.68059334838795,0.665747623256293,0.615375526135684,0.693877961095306,0.590088447159661,0.675526965393258,0.735926788630354,0.73631420577522,0.726429177584649,0.754024027448978,0.642140707837799,0.276659959758551,0.658854166666667,0.642857142857143
