"param_id","eir_equil","sig_het","ff","trial_duration","trial_PQ_eff_stratum_1","trial_PQ_eff_stratum_2","trial_PQ_prop_stratum_1","trial_PQ_prop_stratum_2","trial_PQ_proph","is_LLIN_distributed","is_IRS_administered","eff_cph_recurrent_LM","eff_cph_recurrent_PCR","eff_cph_any_relapse_LM","eff_cph_any_relapse_PCR","eff_cph_relapse_LM_trial","eff_cph_relapse_PCR_trial","eff_cph_relapse_LM_all","eff_cph_relapse_PCR_all","eff_incid_recurrent_PCR","eff_incid_recurrent_LM","eff_incid_recurrent_D","eff_incid_any_relapse_PCR","eff_incid_any_relapse_LM","eff_incid_any_relapse_D","eff_incid_relapse_PCR","eff_incid_relapse_LM","eff_incid_relapse_D","eff_risk_relapse_PCR","eff_risk_relapse_LM","eff_risk_relapse_D"
825,0.1,0,0.01538462,180,0.75,0,1,0,45,1,0,0.782646569386576,0.815621859904281,0.782722147676738,0.815255417329836,0.782155098090873,0.814969872028953,0.808702437513899,0.818243074008466,0.724607348055728,0.720818940187841,0.750853071378026,0.72507534217053,0.7215384215402,0.75278853247805,0.738142165424011,0.736194886027947,0.771220879132242,0.74929178470255,0.75,0.75583864118896
826,0.1,0,0.01538462,180,0.75,0,1,0,45,1,0,0.820060097627531,0.845902811448786,0.817240306321076,0.842170351074914,0.817240306321076,0.843156022420103,0.846183947455803,0.846984201649536,0.746546080508474,0.751003621001811,0.729231435643564,0.744652614727855,0.749034671532847,0.727545454545454,0.756797752808989,0.76289749847468,0.740584269662921,0.76241610738255,0.769874476987448,0.763052208835341
827,0.1,0,0.01538462,180,0.75,0,1,0,45,1,0,0.769281791179384,0.797247683363564,0.771804377108228,0.798523340299089,0.769892003502411,0.796688152235684,0.789232940524539,0.798609343058569,0.665871521238753,0.658288766202435,0.641123926474245,0.666244804078043,0.659134199816614,0.643214643214643,0.683299691267819,0.67489755895553,0.667000333667,0.704359673024523,0.703862660944206,0.696498054474708
