"param_id","eir_equil","sig_het","ff","trial_duration","trial_PQ_eff_stratum_1","trial_PQ_eff_stratum_2","trial_PQ_prop_stratum_1","trial_PQ_prop_stratum_2","trial_PQ_proph","is_LLIN_distributed","is_IRS_administered","eff_cph_recurrent_LM","eff_cph_recurrent_PCR","eff_cph_any_relapse_LM","eff_cph_any_relapse_PCR","eff_cph_relapse_LM_trial","eff_cph_relapse_PCR_trial","eff_cph_relapse_LM_all","eff_cph_relapse_PCR_all","eff_incid_recurrent_PCR","eff_incid_recurrent_LM","eff_incid_recurrent_D","eff_incid_any_relapse_PCR","eff_incid_any_relapse_LM","eff_incid_any_relapse_D","eff_incid_relapse_PCR","eff_incid_relapse_LM","eff_incid_relapse_D","eff_risk_relapse_PCR","eff_risk_relapse_LM","eff_risk_relapse_D"
72,0.1,0,0.01538462,180,0.75,0,1,0,28,1,0,0.80902385347346,0.831513931302808,0.81335489186375,0.836161487208028,0.814450155497769,0.839368313942662,0.837284237342178,0.846526884367839,0.747729243786356,0.744273889227024,0.738009768009768,0.751295430393199,0.74668501529052,0.74039754601227,0.765050829320492,0.762176108374384,0.757276543209876,0.768918918918919,0.765536723163842,0.755381604696673
720,100,0,0.01538462,180,0.75,0,1,0,28,1,0,0.350719329171269,0.201892835299533,0.541198686683193,0.498480707480352,0.591023276769345,0.579765125424525,0.68625747471994,0.543378352606604,0.373001639680262,0.551638065522621,0.573770491803279,0.517352185089974,0.633663366336634,0.720930232558139,0.718228279386712,0.781637717121588,0.826086956521739,0.13953488372093,0.660421545667447,0.80952380952381
721,100,0,0.01538462,180,0.75,0,1,0,28,1,0,0.249069458049316,0.233986378262661,0.483443967791649,0.546455962577359,0.683825167981611,0.599834389866386,0.726647765601495,0.57862874655785,0.378418480902556,0.536085825747724,0.492063492063492,0.526958560193587,0.652070442646359,0.6,0.722944017413781,0.81953642384106,0.821428571428571,0.126135216952573,0.689095127610209,0.782608695652174
