"param_id","eir_equil","sig_het","ff","trial_duration","trial_PQ_eff_stratum_1","trial_PQ_eff_stratum_2","trial_PQ_prop_stratum_1","trial_PQ_prop_stratum_2","trial_PQ_proph","is_LLIN_distributed","is_IRS_administered","eff_cph_recurrent_LM","eff_cph_recurrent_PCR","eff_cph_any_relapse_LM","eff_cph_any_relapse_PCR","eff_cph_relapse_LM_trial","eff_cph_relapse_PCR_trial","eff_cph_relapse_LM_all","eff_cph_relapse_PCR_all","eff_incid_recurrent_PCR","eff_incid_recurrent_LM","eff_incid_recurrent_D","eff_incid_any_relapse_PCR","eff_incid_any_relapse_LM","eff_incid_any_relapse_D","eff_incid_relapse_PCR","eff_incid_relapse_LM","eff_incid_relapse_D","eff_risk_relapse_PCR","eff_risk_relapse_LM","eff_risk_relapse_D"
160,0.1,0,0.01538462,180,0.75,0,1,0,28,1,0,0.805704816952439,0.825147784047814,0.810903161987917,0.829606822870718,0.814694112075746,0.833381057716571,0.817504887422223,0.828463857440072,0.718337302219502,0.708553470577519,0.737405303881305,0.721213314700868,0.711617559610275,0.74185871743487,0.730560539375949,0.722150620944491,0.75144419765038,0.751625487646294,0.749658002735978,0.765027322404372
161,0.1,0,0.01538462,180,0.75,0,1,0,28,1,0,0.783275837883416,0.808784433936427,0.791813359653434,0.812458409241329,0.791245026827905,0.813192797914295,0.796732155264312,0.807806972966751,0.700055648302727,0.696153846153846,0.6875,0.702506963788301,0.698973042362003,0.693627450980392,0.718365061590146,0.716312056737589,0.716748768472906,0.727910238429172,0.724035608308605,0.740740740740741
162,0.1,0,0.01538462,180,0.75,0,1,0,28,1,0,0.783113879425702,0.809006788763088,0.783516379108376,0.808649460017883,0.785826537949065,0.810249218174513,0.808062528260618,0.812599367124742,0.716905362928935,0.711412358211842,0.697691614990958,0.71760192671782,0.711317968776217,0.698543865457518,0.728242191666299,0.721039523063573,0.713887987491887,0.727027027027027,0.733905579399142,0.718367346938775
