"param_id","eir_equil","sig_het","ff","trial_duration","trial_PQ_eff_stratum_1","trial_PQ_eff_stratum_2","trial_PQ_prop_stratum_1","trial_PQ_prop_stratum_2","trial_PQ_proph","is_LLIN_distributed","is_IRS_administered","eff_cph_recurrent_LM","eff_cph_recurrent_PCR","eff_cph_any_relapse_LM","eff_cph_any_relapse_PCR","eff_cph_relapse_LM_trial","eff_cph_relapse_PCR_trial","eff_cph_relapse_LM_all","eff_cph_relapse_PCR_all","eff_incid_recurrent_PCR","eff_incid_recurrent_LM","eff_incid_recurrent_D","eff_incid_any_relapse_PCR","eff_incid_any_relapse_LM","eff_incid_any_relapse_D","eff_incid_relapse_PCR","eff_incid_relapse_LM","eff_incid_relapse_D","eff_risk_relapse_PCR","eff_risk_relapse_LM","eff_risk_relapse_D"
217,1,0,0.01538462,180,0.75,0,1,0,28,1,0,0.594941090838353,0.68914624620538,0.627782081522104,0.718564636682278,0.652451404611641,0.747343042216929,0.759427937143516,0.789860173507605,0.665449810881583,0.657876712328767,0.659914893617021,0.699185873605948,0.691036971830986,0.667,0.724402217741935,0.707421965317919,0.707189655172414,0.652694610778443,0.680534918276374,0.693877551020408
218,1,0,0.01538462,180,0.75,0,1,0,28,1,0,0.654904119250832,0.669585540024388,0.692411496340925,0.719351155469101,0.70028179542469,0.728623185381348,0.760221604079657,0.785273282260804,0.661916030534351,0.656883110195675,0.724685039370079,0.696791053737616,0.695386885245902,0.739756302521008,0.729444194274686,0.727810385064177,0.719906542056075,0.641239570917759,0.669577874818049,0.774509803921569
219,1,0,0.01538462,180,0.75,0,1,0,28,1,0,0.632743850625166,0.675782608049445,0.681211419491039,0.735234288359371,0.729008642030103,0.769185961319151,0.767432235019661,0.800913428095182,0.666719076612047,0.656723390056723,0.625579778251534,0.703132233252715,0.693140433881175,0.691358024691358,0.736051137920297,0.733678632761201,0.740812240812241,0.668257756563246,0.685157421289355,0.695652173913043
