"param_id","eir_equil","sig_het","ff","trial_duration","trial_PQ_eff_stratum_1","trial_PQ_eff_stratum_2","trial_PQ_prop_stratum_1","trial_PQ_prop_stratum_2","trial_PQ_proph","is_LLIN_distributed","is_IRS_administered","eff_cph_recurrent_LM","eff_cph_recurrent_PCR","eff_cph_any_relapse_LM","eff_cph_any_relapse_PCR","eff_cph_relapse_LM_trial","eff_cph_relapse_PCR_trial","eff_cph_relapse_LM_all","eff_cph_relapse_PCR_all","eff_incid_recurrent_PCR","eff_incid_recurrent_LM","eff_incid_recurrent_D","eff_incid_any_relapse_PCR","eff_incid_any_relapse_LM","eff_incid_any_relapse_D","eff_incid_relapse_PCR","eff_incid_relapse_LM","eff_incid_relapse_D","eff_risk_relapse_PCR","eff_risk_relapse_LM","eff_risk_relapse_D"
1010,1,0,0.01538462,180,0.75,0,1,0,45,1,0,0.724032985138473,0.723395094131417,0.769753565557133,0.763839538942205,0.778127006582491,0.780296528648935,0.77755851675691,0.800184774636666,0.68563840539023,0.696304304304304,0.752321167883212,0.716351602276131,0.720645299145299,0.804902255639098,0.731081752779595,0.728665110851809,0.794063492063492,0.660264105642257,0.680351906158358,0.782608695652174
1011,1,0,0.01538462,180,0.75,0,1,0,45,1,0,0.732151189759245,0.735421468309857,0.757449166358037,0.752208465788382,0.765958046900141,0.759542047716394,0.790017905855368,0.806711537857321,0.689991780045351,0.694881364829396,0.753987012987013,0.714840461025174,0.720660864682762,0.766220689655172,0.735309734513274,0.740339066339066,0.754470149253731,0.664691943127962,0.703056768558952,0.761061946902655
1012,1,0,0.01538462,180,0.75,0,1,0,45,1,0,0.676565188907657,0.695803290222504,0.708551997606975,0.743129179557414,0.743873118969227,0.753414769237448,0.76305137880541,0.780528396494929,0.679451287793953,0.678296562339661,0.711864406779661,0.711453092630956,0.71319520174482,0.727272727272727,0.729385546004457,0.734162226169331,0.786407766990291,0.633569739952719,0.672316384180791,0.795918367346939
