"param_id","eir_equil","sig_het","ff","trial_duration","trial_PQ_eff_stratum_1","trial_PQ_eff_stratum_2","trial_PQ_prop_stratum_1","trial_PQ_prop_stratum_2","trial_PQ_proph","is_LLIN_distributed","is_IRS_administered","eff_cph_recurrent_LM","eff_cph_recurrent_PCR","eff_cph_any_relapse_LM","eff_cph_any_relapse_PCR","eff_cph_relapse_LM_trial","eff_cph_relapse_PCR_trial","eff_cph_relapse_LM_all","eff_cph_relapse_PCR_all","eff_incid_recurrent_PCR","eff_incid_recurrent_LM","eff_incid_recurrent_D","eff_incid_any_relapse_PCR","eff_incid_any_relapse_LM","eff_incid_any_relapse_D","eff_incid_relapse_PCR","eff_incid_relapse_LM","eff_incid_relapse_D","eff_risk_relapse_PCR","eff_risk_relapse_LM","eff_risk_relapse_D"
366,1,0,0.01538462,180,0.75,0,1,0,28,1,0,0.635780835322984,0.718568629791324,0.675703174745286,0.757111194982196,0.727546307009517,0.773898443541212,0.75519383501779,0.786118285825525,0.672808378103637,0.66701187453985,0.701089978867757,0.706273437616721,0.693895208118403,0.717274526434832,0.737778781058963,0.734870005140275,0.773967515903,0.651331719128329,0.66965620328849,0.756756756756757
367,1,0,0.01538462,180,0.75,0,1,0,28,1,0,0.593827838783889,0.647144180277151,0.660937307119406,0.713177179620554,0.725617245941964,0.758230515564493,0.774750086414079,0.793808868308193,0.622864111002692,0.628828404025858,0.570569710850272,0.665791787973594,0.670932774640189,0.662962288212789,0.707167814754758,0.707012809814157,0.705292938818814,0.658273381294964,0.681222707423581,0.734042553191489
368,1,0,0.01538462,180,0.75,0,1,0,28,1,0,0.696660743983057,0.704849334657724,0.741157736161684,0.75008597922143,0.763301316741163,0.782134098152045,0.772119566385879,0.804272740316484,0.657128392760577,0.662607849742353,0.6835545222642,0.696349711701262,0.703449192665992,0.721575880516278,0.72595657019123,0.736446890918436,0.726999726999727,0.670276774969916,0.682634730538922,0.705357142857143
