"param_id","eir_equil","sig_het","ff","trial_duration","trial_PQ_eff_stratum_1","trial_PQ_eff_stratum_2","trial_PQ_prop_stratum_1","trial_PQ_prop_stratum_2","trial_PQ_proph","is_LLIN_distributed","is_IRS_administered","eff_cph_recurrent_LM","eff_cph_recurrent_PCR","eff_cph_any_relapse_LM","eff_cph_any_relapse_PCR","eff_cph_relapse_LM_trial","eff_cph_relapse_PCR_trial","eff_cph_relapse_LM_all","eff_cph_relapse_PCR_all","eff_incid_recurrent_PCR","eff_incid_recurrent_LM","eff_incid_recurrent_D","eff_incid_any_relapse_PCR","eff_incid_any_relapse_LM","eff_incid_any_relapse_D","eff_incid_relapse_PCR","eff_incid_relapse_LM","eff_incid_relapse_D","eff_risk_relapse_PCR","eff_risk_relapse_LM","eff_risk_relapse_D"
874,0.1,0,0.01538462,180,0.75,0,1,0,45,1,0,0.768993102035301,0.795005552925973,0.773140130092134,0.796868873193276,0.777855046191736,0.801567402515741,0.804649027609656,0.81150837492549,0.698405180247999,0.698343953555577,0.742350623129212,0.703939937762668,0.703085848839968,0.747197074825437,0.719646342184635,0.718394414822986,0.763427230911893,0.722908093278464,0.726346433770015,0.727459016393443
875,0.1,0,0.01538462,180,0.75,0,1,0,45,1,0,0.812879062978534,0.81846135017752,0.816426204536533,0.820438328967901,0.819473016421006,0.823486129015705,0.816037016839309,0.821063557351006,0.707416886543536,0.70578636089318,0.744020408163265,0.709882352941177,0.708599757428745,0.748543280182232,0.72321382636656,0.722636363636364,0.767862427745665,0.740939597315436,0.742657342657343,0.759398496240602
876,0.1,0,0.01538462,180,0.75,0,1,0,45,1,0,0.800131521922618,0.818176811780693,0.804631776452507,0.822642417896281,0.809027398949819,0.827956888215233,0.831053050847842,0.836376985212623,0.727921202856603,0.727382678908711,0.711959098686788,0.732494300216148,0.731639091014091,0.712931322126724,0.759384253637127,0.762200722830644,0.757748510635347,0.746701846965699,0.750346740638003,0.746666666666667
