"param_id","eir_equil","sig_het","ff","trial_duration","trial_PQ_eff_stratum_1","trial_PQ_eff_stratum_2","trial_PQ_prop_stratum_1","trial_PQ_prop_stratum_2","trial_PQ_proph","is_LLIN_distributed","is_IRS_administered","eff_cph_recurrent_LM","eff_cph_recurrent_PCR","eff_cph_any_relapse_LM","eff_cph_any_relapse_PCR","eff_cph_relapse_LM_trial","eff_cph_relapse_PCR_trial","eff_cph_relapse_LM_all","eff_cph_relapse_PCR_all","eff_incid_recurrent_PCR","eff_incid_recurrent_LM","eff_incid_recurrent_D","eff_incid_any_relapse_PCR","eff_incid_any_relapse_LM","eff_incid_any_relapse_D","eff_incid_relapse_PCR","eff_incid_relapse_LM","eff_incid_relapse_D","eff_risk_relapse_PCR","eff_risk_relapse_LM","eff_risk_relapse_D"
68,0.1,0,0.01538462,180,0.75,0,1,0,28,1,0,0.801224436445586,0.827396643135549,0.805870134266008,0.830037744643326,0.806884205322912,0.831952290395867,0.835295122725584,0.84407104119045,0.729371428571429,0.720155900621118,0.717217552533993,0.735121679064825,0.725165938864629,0.721813118811881,0.750383058071391,0.740422236102436,0.74343300248139,0.763227513227513,0.761173184357542,0.748502994011976
680,100,0,0.01538462,180,0.75,0,1,0,28,1,0,0.296451769792885,0.247081647874999,0.417147233238629,0.552291515158091,0.552188226485558,0.612125787250608,0.71884689377524,0.593543260337521,0.385014026325237,0.538727503013217,0.500500500500501,0.530488055187505,0.617526097526097,0.553079395184658,0.735457653551473,0.800034253522626,0.579368842526737,0.143724696356275,0.68287037037037,0.555555555555556
681,100,0,0.01538462,180,0.75,0,1,0,28,1,0,0.278771450634453,0.27403898951636,0.487006833265245,0.577743540628175,0.673151023015802,0.661444793947608,0.69840833523127,0.601969660017939,0.372782301275765,0.483409813945644,0.571857571857572,0.514342143284769,0.582600227669308,0.678893178893179,0.723715387650915,0.790739375009038,0.857285857285857,0.121334681496461,0.642533936651584,0.848484848484849
