"param_id","eir_equil","sig_het","ff","trial_duration","trial_PQ_eff_stratum_1","trial_PQ_eff_stratum_2","trial_PQ_prop_stratum_1","trial_PQ_prop_stratum_2","trial_PQ_proph","is_LLIN_distributed","is_IRS_administered","eff_cph_recurrent_LM","eff_cph_recurrent_PCR","eff_cph_any_relapse_LM","eff_cph_any_relapse_PCR","eff_cph_relapse_LM_trial","eff_cph_relapse_PCR_trial","eff_cph_relapse_LM_all","eff_cph_relapse_PCR_all","eff_incid_recurrent_PCR","eff_incid_recurrent_LM","eff_incid_recurrent_D","eff_incid_any_relapse_PCR","eff_incid_any_relapse_LM","eff_incid_any_relapse_D","eff_incid_relapse_PCR","eff_incid_relapse_LM","eff_incid_relapse_D","eff_risk_relapse_PCR","eff_risk_relapse_LM","eff_risk_relapse_D"
1595,100,0,0.01538462,180,0.75,0,1,0,45,1,0,0.388265207398794,0.340686554214458,0.481015098792055,0.561423598564026,0.61941749836288,0.584530272497799,0.698423092229846,0.567730669102092,0.435457522261338,0.587772103415257,0.628533333333333,0.584438056803472,0.678802008608321,0.7015,0.729160629269302,0.802861394557823,0.905238095238095,0.139817629179331,0.659770114942529,0.882352941176471
1596,100,0,0.01538462,180,0.75,0,1,0,45,1,0,0.276013913231257,0.374857420746208,0.442469715091588,0.573137135284782,0.693570063292935,0.575618870836365,0.702991200888266,0.609841592365173,0.451100123755823,0.579492317969272,0.639173696229669,0.590899682373103,0.647351589406358,0.585792274203579,0.730684063918994,0.776991958600746,0.817999635634906,0.140120967741935,0.673563218390805,0.838709677419355
1597,100,0,0.01538462,180,0.75,0,1,0,45,1,0,0.502106115107006,0.367516811985985,0.560056454245397,0.572413484441743,0.644175640504681,0.564162273093211,0.73857647647834,0.590873528090358,0.454340673247279,0.646433990895296,0.617647058823529,0.596420731480448,0.72323879231473,0.673469387755102,0.7247433819557,0.817292006525285,0.774193548387097,0.154618473895582,0.71244635193133,0.758620689655172
