"param_id","eir_equil","sig_het","ff","trial_duration","trial_PQ_eff_stratum_1","trial_PQ_eff_stratum_2","trial_PQ_prop_stratum_1","trial_PQ_prop_stratum_2","trial_PQ_proph","is_LLIN_distributed","is_IRS_administered","eff_cph_recurrent_LM","eff_cph_recurrent_PCR","eff_cph_any_relapse_LM","eff_cph_any_relapse_PCR","eff_cph_relapse_LM_trial","eff_cph_relapse_PCR_trial","eff_cph_relapse_LM_all","eff_cph_relapse_PCR_all","eff_incid_recurrent_PCR","eff_incid_recurrent_LM","eff_incid_recurrent_D","eff_incid_any_relapse_PCR","eff_incid_any_relapse_LM","eff_incid_any_relapse_D","eff_incid_relapse_PCR","eff_incid_relapse_LM","eff_incid_relapse_D","eff_risk_relapse_PCR","eff_risk_relapse_LM","eff_risk_relapse_D"
1184,1,0,0.01538462,180,0.75,0,1,0,45,1,0,0.678570594029998,0.718268989546505,0.711299920713694,0.743466218796971,0.74305489796225,0.756071810991585,0.762538131701899,0.795815608725702,0.685790386576725,0.663889494470112,0.641917982306076,0.712170996766057,0.692429551841112,0.691999383382149,0.724315254426776,0.703698559346295,0.706127852034344,0.650887573964497,0.669139465875371,0.703296703296703
1185,1,0,0.01538462,180,0.75,0,1,0,45,1,0,0.688271264054328,0.705469222264337,0.740370153816951,0.735255450805287,0.741882921908458,0.750987002661993,0.78526479041143,0.793175730282186,0.675575852861171,0.655039655039655,0.62552480538092,0.709462694186549,0.687391417532876,0.658573301984155,0.732705334233024,0.708215056222195,0.660817842636024,0.637220259128386,0.685028248587571,0.712962962962963
1186,1,0,0.01538462,180,0.75,0,1,0,45,1,0,0.652769037962247,0.709917171429411,0.691866106887765,0.742942695712602,0.697233181088413,0.758420214229535,0.755388457019171,0.778311230269619,0.658647157190635,0.665642893530311,0.735978571428571,0.685123803827751,0.689418719211823,0.748343511450382,0.707924967658473,0.707118100890208,0.768826446280992,0.636038186157518,0.665697674418605,0.742574257425743
