"param_id","eir_equil","sig_het","ff","trial_duration","trial_PQ_eff_stratum_1","trial_PQ_eff_stratum_2","trial_PQ_prop_stratum_1","trial_PQ_prop_stratum_2","trial_PQ_proph","is_LLIN_distributed","is_IRS_administered","eff_cph_recurrent_LM","eff_cph_recurrent_PCR","eff_cph_any_relapse_LM","eff_cph_any_relapse_PCR","eff_cph_relapse_LM_trial","eff_cph_relapse_PCR_trial","eff_cph_relapse_LM_all","eff_cph_relapse_PCR_all","eff_incid_recurrent_PCR","eff_incid_recurrent_LM","eff_incid_recurrent_D","eff_incid_any_relapse_PCR","eff_incid_any_relapse_LM","eff_incid_any_relapse_D","eff_incid_relapse_PCR","eff_incid_relapse_LM","eff_incid_relapse_D","eff_risk_relapse_PCR","eff_risk_relapse_LM","eff_risk_relapse_D"
500,10,0,0.01538462,180,0.75,0,1,0,28,1,0,0.582557461602864,0.581630410149709,0.635676513991618,0.642345994779751,0.722932252147031,0.692173283896102,0.760134301038745,0.690779615708445,0.623458571829431,0.766406342188219,0.777555333110889,0.683044159479983,0.797641307075269,0.738869304086695,0.736806143852168,0.839920892552471,0.841947210368263,0.25933400605449,0.753731343283582,0.842105263157895
501,10,0,0.01538462,180,0.75,0,1,0,28,1,0,0.60439191258465,0.588665314502735,0.670941319223903,0.678519145280147,0.723796069757819,0.700863688930135,0.711016008292194,0.692231527180436,0.621179993101069,0.697861063464837,0.786142857142857,0.683332821143208,0.738120229007634,0.857428571428571,0.735764105272423,0.767243124312431,0.909272727272727,0.267676767676768,0.693931398416887,0.909090909090909
502,10,0,0.01538462,180,0.75,0,1,0,28,1,0,0.662205286244179,0.580263317686321,0.691737931592718,0.662354062170338,0.717102734622754,0.68044940985817,0.718341022268932,0.679734523387678,0.625448784516093,0.692025985191195,0.944277276273264,0.685239307989987,0.721386381366321,1,0.732289419047209,0.746608245790002,1,0.287158746208291,0.696,1
