"param_id","eir_equil","sig_het","ff","trial_duration","trial_PQ_eff_stratum_1","trial_PQ_eff_stratum_2","trial_PQ_prop_stratum_1","trial_PQ_prop_stratum_2","trial_PQ_proph","is_LLIN_distributed","is_IRS_administered","eff_cph_recurrent_LM","eff_cph_recurrent_PCR","eff_cph_any_relapse_LM","eff_cph_any_relapse_PCR","eff_cph_relapse_LM_trial","eff_cph_relapse_PCR_trial","eff_cph_relapse_LM_all","eff_cph_relapse_PCR_all","eff_incid_recurrent_PCR","eff_incid_recurrent_LM","eff_incid_recurrent_D","eff_incid_any_relapse_PCR","eff_incid_any_relapse_LM","eff_incid_any_relapse_D","eff_incid_relapse_PCR","eff_incid_relapse_LM","eff_incid_relapse_D","eff_risk_relapse_PCR","eff_risk_relapse_LM","eff_risk_relapse_D"
409,10,0,0.01538462,180,0.75,0,1,0,28,1,0,0.616154774178731,0.595857230636862,0.641540348632085,0.67625296664865,0.743748132961705,0.675458403033611,0.753370794855866,0.704436168390321,0.63100764609503,0.738782051282051,0.384615384615385,0.695056400938754,0.76010781671159,0.416666666666667,0.738425320428983,0.786377708978328,0.4,0.283400809716599,0.718274111675127,0.6
41,0.1,0,0.01538462,180,0.75,0,1,0,28,1,0,0.820404519250366,0.845353625787499,0.824626649255154,0.845793379209285,0.829463715696215,0.850790621735415,0.845893344148935,0.853171820119927,0.724982428115016,0.720207168894289,0.735489361702128,0.728370192307692,0.723952525867316,0.738103202846975,0.742332079527136,0.738488073394495,0.756196428571429,0.7762982689747,0.774687065368567,0.776264591439689
410,10,0,0.01538462,180,0.75,0,1,0,28,1,0,0.647291596830239,0.55158592796585,0.697583890247994,0.63905379667776,0.757208234523208,0.671890448889326,0.716059624159371,0.679947034542218,0.619665670019027,0.74234693877551,0.863636363636364,0.675918244211479,0.767397521448999,0.9,0.731821329639889,0.810195227765727,1,0.24217961654894,0.694677871148459,1
