"param_id","eir_equil","sig_het","ff","trial_duration","trial_PQ_eff_stratum_1","trial_PQ_eff_stratum_2","trial_PQ_prop_stratum_1","trial_PQ_prop_stratum_2","trial_PQ_proph","is_LLIN_distributed","is_IRS_administered","eff_cph_recurrent_LM","eff_cph_recurrent_PCR","eff_cph_any_relapse_LM","eff_cph_any_relapse_PCR","eff_cph_relapse_LM_trial","eff_cph_relapse_PCR_trial","eff_cph_relapse_LM_all","eff_cph_relapse_PCR_all","eff_incid_recurrent_PCR","eff_incid_recurrent_LM","eff_incid_recurrent_D","eff_incid_any_relapse_PCR","eff_incid_any_relapse_LM","eff_incid_any_relapse_D","eff_incid_relapse_PCR","eff_incid_relapse_LM","eff_incid_relapse_D","eff_risk_relapse_PCR","eff_risk_relapse_LM","eff_risk_relapse_D"
1457,100,0,0.01538462,180,0.75,0,1,0,45,1,0,0.184548472389737,0.344919030834959,0.277994131048888,0.463235824074204,0.492772927762181,0.432810866243721,0.612703333969566,0.569722486916882,0.438278595696489,0.456447187928669,0.528571428571429,0.580868143303107,0.571573604060914,0.543478260869565,0.714806808970548,0.722376973073352,0.758620689655172,0.133668341708543,0.586374695863747,0.681818181818182
1458,100,0,0.01538462,180,0.75,0,1,0,45,1,0,0.383949510435413,0.340088427375623,0.438556942222272,0.547413485420084,0.534916951897958,0.521674037479454,0.690402148086344,0.58897677540553,0.449785279762259,0.579120905158169,0.566700969506581,0.592882082036955,0.66014169548141,0.624248496993988,0.728376847308793,0.784766637055285,0.814443702219253,0.147887323943662,0.652561247216036,0.8
1459,100,0,0.01538462,180,0.75,0,1,0,45,1,0,0.334786259372773,0.350507568385243,0.348296630697936,0.536833458737898,0.584362443555763,0.509484192771838,0.658369633133935,0.555395868426669,0.429580650341148,0.57916064099433,0.542125458792125,0.569443469394053,0.651106820450556,0.54046046046046,0.709475832902045,0.744537020680812,0.758862310586448,0.140830800405269,0.617021276595745,0.758620689655172
