"param_id","eir_equil","sig_het","ff","trial_duration","trial_PQ_eff_stratum_1","trial_PQ_eff_stratum_2","trial_PQ_prop_stratum_1","trial_PQ_prop_stratum_2","trial_PQ_proph","is_LLIN_distributed","is_IRS_administered","eff_cph_recurrent_LM","eff_cph_recurrent_PCR","eff_cph_any_relapse_LM","eff_cph_any_relapse_PCR","eff_cph_relapse_LM_trial","eff_cph_relapse_PCR_trial","eff_cph_relapse_LM_all","eff_cph_relapse_PCR_all","eff_incid_recurrent_PCR","eff_incid_recurrent_LM","eff_incid_recurrent_D","eff_incid_any_relapse_PCR","eff_incid_any_relapse_LM","eff_incid_any_relapse_D","eff_incid_relapse_PCR","eff_incid_relapse_LM","eff_incid_relapse_D","eff_risk_relapse_PCR","eff_risk_relapse_LM","eff_risk_relapse_D"
328,1,0,0.01538462,180,0.75,0,1,0,28,1,0,0.628044414819794,0.675866332443734,0.701388712544721,0.731154508503701,0.725262298492531,0.755784183852714,0.765757429438296,0.785064293638003,0.642960946745562,0.655739130434783,0.540605839416058,0.683197725837018,0.692659574468085,0.589558139534884,0.722116447823082,0.732410714285714,0.621068965517241,0.641025641025641,0.677469135802469,0.637254901960784
329,1,0,0.01538462,180,0.75,0,1,0,28,1,0,0.650626835800732,0.71351078209091,0.692934251295198,0.75839259466296,0.734726657014835,0.781770966068339,0.784302984727107,0.804320929308433,0.671557741659538,0.674411764705882,0.620214876033058,0.710518778625954,0.709123076923077,0.673054545454545,0.744619031830239,0.74618648310388,0.735558823529412,0.670702179176755,0.701908957415565,0.719101123595506
33,0.1,0,0.01538462,180,0.75,0,1,0,28,1,0,0.820915673851356,0.839048360814897,0.826283230689575,0.840570154627804,0.826771644798986,0.840358366060604,0.835385159858191,0.845631641243195,0.735694822888283,0.733921815889029,0.745498199279712,0.738082191780822,0.736207989854153,0.746070133010883,0.746681415929204,0.745198463508323,0.758873929008568,0.769129287598945,0.764951321279555,0.766409266409266
