"param_id","eir_equil","sig_het","ff","trial_duration","trial_PQ_eff_stratum_1","trial_PQ_eff_stratum_2","trial_PQ_prop_stratum_1","trial_PQ_prop_stratum_2","trial_PQ_proph","is_LLIN_distributed","is_IRS_administered","eff_cph_recurrent_LM","eff_cph_recurrent_PCR","eff_cph_any_relapse_LM","eff_cph_any_relapse_PCR","eff_cph_relapse_LM_trial","eff_cph_relapse_PCR_trial","eff_cph_relapse_LM_all","eff_cph_relapse_PCR_all","eff_incid_recurrent_PCR","eff_incid_recurrent_LM","eff_incid_recurrent_D","eff_incid_any_relapse_PCR","eff_incid_any_relapse_LM","eff_incid_any_relapse_D","eff_incid_relapse_PCR","eff_incid_relapse_LM","eff_incid_relapse_D","eff_risk_relapse_PCR","eff_risk_relapse_LM","eff_risk_relapse_D"
1565,100,0,0.01538462,180,0.75,0,1,0,45,1,0,0.506902340426295,0.379833184515103,0.624053475747903,0.573733003477854,0.742677943972232,0.549589835564993,0.684171747154466,0.555882976599835,0.452065478615071,0.619388702290076,0.435913043478261,0.587308373500729,0.694285844333182,0.639021276595745,0.713008598334926,0.785108064516129,0.7505,0.118541033434651,0.634883720930232,0.75
1566,100,0,0.01538462,180,0.75,0,1,0,45,1,0,0.448799840182757,0.351211831543466,0.59023943340332,0.539203037864506,0.684979730712061,0.525421693994455,0.732874365311887,0.539643123376853,0.437042913886653,0.62137211508062,0.633088235294118,0.578844611145132,0.700925081433225,0.67506976744186,0.710538277020081,0.795096618357488,0.739652173913043,0.122345803842265,0.687927107061503,0.7
1567,100,0,0.01538462,180,0.75,0,1,0,45,1,0,0.454843192577011,0.338035324768845,0.576946078535175,0.642504650752553,0.654244055907911,0.637954699950874,0.7347893055031,0.589179486305509,0.442672336501268,0.610971113274911,0.667333333333333,0.590231130833741,0.695500729927007,0.686342857142857,0.723607082970018,0.807823140495868,0.667333333333333,0.138663967611336,0.696035242290749,0.722222222222222
