"param_id","eir_equil","sig_het","ff","trial_duration","trial_PQ_eff_stratum_1","trial_PQ_eff_stratum_2","trial_PQ_prop_stratum_1","trial_PQ_prop_stratum_2","trial_PQ_proph","is_LLIN_distributed","is_IRS_administered","eff_cph_recurrent_LM","eff_cph_recurrent_PCR","eff_cph_any_relapse_LM","eff_cph_any_relapse_PCR","eff_cph_relapse_LM_trial","eff_cph_relapse_PCR_trial","eff_cph_relapse_LM_all","eff_cph_relapse_PCR_all","eff_incid_recurrent_PCR","eff_incid_recurrent_LM","eff_incid_recurrent_D","eff_incid_any_relapse_PCR","eff_incid_any_relapse_LM","eff_incid_any_relapse_D","eff_incid_relapse_PCR","eff_incid_relapse_LM","eff_incid_relapse_D","eff_risk_relapse_PCR","eff_risk_relapse_LM","eff_risk_relapse_D"
528,10,0,0.01538462,180,0.75,0,1,0,28,1,0,0.613357492585672,0.574890114923691,0.6781303963525,0.665376941997886,0.713364155356192,0.699159046397055,0.754263480191824,0.673985969023402,0.615560077003461,0.73322016332769,0.608303956130043,0.676829527575796,0.753612961160131,0.64964964964965,0.726247527865537,0.769681185610389,0.562062062062062,0.254323499491353,0.71566265060241,0.533333333333333
529,10,0,0.01538462,180,0.75,0,1,0,28,1,0,0.571622498830069,0.598354940521834,0.580807961056287,0.695488239630743,0.599788430779638,0.742046562063677,0.723767604375962,0.691477867475168,0.630810279455133,0.760539629005059,0.653846153846154,0.693963500233973,0.783707865168539,0.666666666666667,0.751338807568726,0.79582875960483,0.666666666666667,0.289023162134945,0.718015665796345,0.5625
53,0.1,0,0.01538462,180,0.75,0,1,0,28,1,0,0.797650448295463,0.825399277434562,0.797571479582985,0.826880396857306,0.79982534916483,0.829336492269345,0.823251919125447,0.835662124521387,0.731988709677419,0.726700372208437,0.743114285714286,0.733671883432272,0.728620560747664,0.744616541353383,0.745236028214867,0.740698432601881,0.766565326633166,0.760752688172043,0.756028368794326,0.766871165644172
