"param_id","eir_equil","sig_het","ff","trial_duration","trial_PQ_eff_stratum_1","trial_PQ_eff_stratum_2","trial_PQ_prop_stratum_1","trial_PQ_prop_stratum_2","trial_PQ_proph","is_LLIN_distributed","is_IRS_administered","eff_cph_recurrent_LM","eff_cph_recurrent_PCR","eff_cph_any_relapse_LM","eff_cph_any_relapse_PCR","eff_cph_relapse_LM_trial","eff_cph_relapse_PCR_trial","eff_cph_relapse_LM_all","eff_cph_relapse_PCR_all","eff_incid_recurrent_PCR","eff_incid_recurrent_LM","eff_incid_recurrent_D","eff_incid_any_relapse_PCR","eff_incid_any_relapse_LM","eff_incid_any_relapse_D","eff_incid_relapse_PCR","eff_incid_relapse_LM","eff_incid_relapse_D","eff_risk_relapse_PCR","eff_risk_relapse_LM","eff_risk_relapse_D"
296,1,0,0.01538462,180,0.75,0,1,0,28,1,0,0.66304804569361,0.656991226694245,0.718162687787117,0.709080873827022,0.763416249233892,0.742173610616857,0.768553596415451,0.782073518286952,0.623909985935302,0.641369047619048,0.67479674796748,0.66507319988049,0.683823529411765,0.738738738738739,0.706129032258064,0.727895037079293,0.769230769230769,0.637767220902613,0.678726483357453,0.747252747252747
297,1,0,0.01538462,180,0.75,0,1,0,28,1,0,0.657269371078093,0.718234806318617,0.704012416829224,0.746337543152302,0.726483891075449,0.757825874684801,0.776403522487713,0.801810382125391,0.682985487022049,0.680609415416451,0.6004,0.714698398576513,0.709861386138614,0.647893442622951,0.742173113506658,0.737755150088287,0.686754237288136,0.658049353701528,0.687319884726225,0.692307692307692
298,1,0,0.01538462,180,0.75,0,1,0,28,1,0,0.665104521148828,0.699403946985821,0.711630472867852,0.76069139303851,0.770809109099065,0.788492079232617,0.779070845206711,0.816305273977253,0.653228859304562,0.622669709166232,0.694701903807615,0.693915793101537,0.667113860442086,0.721181493421626,0.733665061078397,0.711810327603848,0.776251532190595,0.676470588235294,0.683139534883721,0.768421052631579
