"param_id","eir_equil","sig_het","ff","trial_duration","trial_PQ_eff_stratum_1","trial_PQ_eff_stratum_2","trial_PQ_prop_stratum_1","trial_PQ_prop_stratum_2","trial_PQ_proph","is_LLIN_distributed","is_IRS_administered","eff_cph_recurrent_LM","eff_cph_recurrent_PCR","eff_cph_any_relapse_LM","eff_cph_any_relapse_PCR","eff_cph_relapse_LM_trial","eff_cph_relapse_PCR_trial","eff_cph_relapse_LM_all","eff_cph_relapse_PCR_all","eff_incid_recurrent_PCR","eff_incid_recurrent_LM","eff_incid_recurrent_D","eff_incid_any_relapse_PCR","eff_incid_any_relapse_LM","eff_incid_any_relapse_D","eff_incid_relapse_PCR","eff_incid_relapse_LM","eff_incid_relapse_D","eff_risk_relapse_PCR","eff_risk_relapse_LM","eff_risk_relapse_D"
571,10,0,0.01538462,180,0.75,0,1,0,28,1,0,0.429946976856823,0.555581071476528,0.552844777010262,0.663829696384738,0.611407390698091,0.716100529680864,0.677504609411607,0.684208750873961,0.621434385028221,0.660176441443773,0.651825389910255,0.689480966283095,0.707957161808527,0.699699398797595,0.75646086212741,0.750311859674405,0.777555110220441,0.279471544715447,0.660477453580902,0.764705882352941
572,10,0,0.01538462,180,0.75,0,1,0,28,1,0,0.565887333208433,0.560101501988407,0.675777553623016,0.637916505752307,0.729311074007145,0.671373062598455,0.731428724536587,0.688143784508344,0.607753915992418,0.68868754879486,0.839839679358717,0.669909418590401,0.733187135831046,0.874874749498998,0.723745419676315,0.762670757743094,0.894631367999156,0.273003033367037,0.71039603960396,0.894736842105263
573,10,0,0.01538462,180,0.75,0,1,0,28,1,0,0.517417313352722,0.546423548737352,0.593766563518723,0.628226167285048,0.612159366241599,0.67030619023504,0.72120001647803,0.69364569481754,0.63307546145494,0.72522159548751,0.782608695652174,0.690521219456842,0.752697841726619,0.75,0.736072179397337,0.788223140495868,0.8,0.252270433905146,0.695431472081218,0.777777777777778
