"param_id","eir_equil","sig_het","ff","trial_duration","trial_PQ_eff_stratum_1","trial_PQ_eff_stratum_2","trial_PQ_prop_stratum_1","trial_PQ_prop_stratum_2","trial_PQ_proph","is_LLIN_distributed","is_IRS_administered","eff_cph_recurrent_LM","eff_cph_recurrent_PCR","eff_cph_any_relapse_LM","eff_cph_any_relapse_PCR","eff_cph_relapse_LM_trial","eff_cph_relapse_PCR_trial","eff_cph_relapse_LM_all","eff_cph_relapse_PCR_all","eff_incid_recurrent_PCR","eff_incid_recurrent_LM","eff_incid_recurrent_D","eff_incid_any_relapse_PCR","eff_incid_any_relapse_LM","eff_incid_any_relapse_D","eff_incid_relapse_PCR","eff_incid_relapse_LM","eff_incid_relapse_D","eff_risk_relapse_PCR","eff_risk_relapse_LM","eff_risk_relapse_D"
896,0.1,0,0.01538462,180,0.75,0,1,0,45,1,0,0.812360860222109,0.827397466219124,0.814166498424952,0.827748777970529,0.814586595282301,0.831345704705939,0.82815871346872,0.834787003294844,0.734242789798345,0.735958869085804,0.745944775184541,0.734965900379434,0.736349051417545,0.74680562915857,0.743110733906619,0.744090824492835,0.758051890753313,0.752659574468085,0.753138075313807,0.759541984732824
897,0.1,0,0.01538462,180,0.75,0,1,0,45,1,0,0.752044519778937,0.802469051763155,0.752613361122982,0.806754928469396,0.750645565098252,0.807847719885086,0.796825583689277,0.810937746115557,0.684387302927719,0.676189240248866,0.693434488023666,0.685875470388173,0.67747995991984,0.694364806167359,0.692925627014841,0.684472653666856,0.698554750897704,0.720488466757123,0.71304347826087,0.689300411522634
898,0.1,0,0.01538462,180,0.75,0,1,0,45,1,0,0.773997413029001,0.804524793539786,0.781012463736858,0.806154779002191,0.781846897808167,0.810586559001193,0.8075057379775,0.813360190681911,0.698624622313059,0.694369433848392,0.706667220451265,0.701837302924433,0.698300534014515,0.71018561117046,0.710458076441291,0.707883770125901,0.71668369163749,0.728378378378378,0.732294617563739,0.716632443531828
