"param_id","eir_equil","sig_het","ff","trial_duration","trial_PQ_eff_stratum_1","trial_PQ_eff_stratum_2","trial_PQ_prop_stratum_1","trial_PQ_prop_stratum_2","trial_PQ_proph","is_LLIN_distributed","is_IRS_administered","eff_cph_recurrent_LM","eff_cph_recurrent_PCR","eff_cph_any_relapse_LM","eff_cph_any_relapse_PCR","eff_cph_relapse_LM_trial","eff_cph_relapse_PCR_trial","eff_cph_relapse_LM_all","eff_cph_relapse_PCR_all","eff_incid_recurrent_PCR","eff_incid_recurrent_LM","eff_incid_recurrent_D","eff_incid_any_relapse_PCR","eff_incid_any_relapse_LM","eff_incid_any_relapse_D","eff_incid_relapse_PCR","eff_incid_relapse_LM","eff_incid_relapse_D","eff_risk_relapse_PCR","eff_risk_relapse_LM","eff_risk_relapse_D"
655,100,0,0.01538462,180,0.75,0,1,0,28,1,0,0.312288388148864,0.230844554794474,0.473313742582508,0.545269387313434,0.569518889149143,0.620835633172368,0.70180863372574,0.575076785032194,0.380936571326685,0.551556119758314,0.609999219217656,0.535132950238727,0.630549399634925,0.619619238476954,0.727663155015283,0.774902445436017,0.805360721442886,0.126518218623482,0.651162790697674,0.787878787878788
656,100,0,0.01538462,180,0.75,0,1,0,28,1,0,0.356920618107917,0.284422967778199,0.537434009638481,0.550397583552249,0.608015928086113,0.616208006072145,0.727379502563217,0.554424956539572,0.367211781206171,0.554715358148264,0.596557692307692,0.521798806837738,0.644953103448276,0.667,0.71591551869553,0.773875,0.545909090909091,0.133064516129032,0.677200902934537,0.545454545454545
657,100,0,0.01538462,180,0.75,0,1,0,28,1,0,0.328735516682996,0.251866511698011,0.350898194974965,0.505670660488793,0.689005386764124,0.61858234188444,0.713933888105819,0.568026768290358,0.362340145324116,0.573143042093792,0.507704425737213,0.506388517795362,0.643936173616539,0.610721832944055,0.719327573584131,0.80572677941099,0.894631473578842,0.130171543895055,0.669584245076586,0.882352941176471
