"param_id","eir_equil","sig_het","ff","trial_duration","trial_PQ_eff_stratum_1","trial_PQ_eff_stratum_2","trial_PQ_prop_stratum_1","trial_PQ_prop_stratum_2","trial_PQ_proph","is_LLIN_distributed","is_IRS_administered","eff_cph_recurrent_LM","eff_cph_recurrent_PCR","eff_cph_any_relapse_LM","eff_cph_any_relapse_PCR","eff_cph_relapse_LM_trial","eff_cph_relapse_PCR_trial","eff_cph_relapse_LM_all","eff_cph_relapse_PCR_all","eff_incid_recurrent_PCR","eff_incid_recurrent_LM","eff_incid_recurrent_D","eff_incid_any_relapse_PCR","eff_incid_any_relapse_LM","eff_incid_any_relapse_D","eff_incid_relapse_PCR","eff_incid_relapse_LM","eff_incid_relapse_D","eff_risk_relapse_PCR","eff_risk_relapse_LM","eff_risk_relapse_D"
1138,1,0,0.01538462,180,0.75,0,1,0,45,1,0,0.577079575982395,0.664745643534773,0.627749053440838,0.712401066155442,0.64252017945853,0.724721147704303,0.730129372905337,0.778064608037542,0.654857515129119,0.633994494496706,0.542849019499443,0.687666580303571,0.668694579313161,0.545763340441493,0.703225476919073,0.689165624698498,0.614292418540024,0.645355850422195,0.648690292758089,0.608247422680412
1139,1,0,0.01538462,180,0.75,0,1,0,45,1,0,0.694081594788773,0.686760636148285,0.732884941987997,0.736397488651405,0.743354524314257,0.751797961239828,0.775139339324774,0.794949850155944,0.659907300115875,0.674775251189847,0.698412698412698,0.694435905318168,0.703661971830986,0.745762711864407,0.708789386401327,0.722557297949337,0.747747747747748,0.65,0.681096681096681,0.732673267326733
114,0.1,0,0.01538462,180,0.75,0,1,0,28,1,0,0.805911058866618,0.822097576437986,0.807231863030112,0.823727508708355,0.805963712505593,0.823218246784499,0.826859117712779,0.84002400047231,0.712520150456744,0.705103969754253,0.732034104750305,0.71644204851752,0.708149084017688,0.737484737484738,0.728462377317339,0.722044728434505,0.755555555555556,0.764075067024129,0.75886524822695,0.774
