"param_id","eir_equil","sig_het","ff","trial_duration","trial_PQ_eff_stratum_1","trial_PQ_eff_stratum_2","trial_PQ_prop_stratum_1","trial_PQ_prop_stratum_2","trial_PQ_proph","is_LLIN_distributed","is_IRS_administered","eff_cph_recurrent_LM","eff_cph_recurrent_PCR","eff_cph_any_relapse_LM","eff_cph_any_relapse_PCR","eff_cph_relapse_LM_trial","eff_cph_relapse_PCR_trial","eff_cph_relapse_LM_all","eff_cph_relapse_PCR_all","eff_incid_recurrent_PCR","eff_incid_recurrent_LM","eff_incid_recurrent_D","eff_incid_any_relapse_PCR","eff_incid_any_relapse_LM","eff_incid_any_relapse_D","eff_incid_relapse_PCR","eff_incid_relapse_LM","eff_incid_relapse_D","eff_risk_relapse_PCR","eff_risk_relapse_LM","eff_risk_relapse_D"
1005,1,0,0.01538462,180,0.75,0,1,0,45,1,0,0.691080756170442,0.727835708076179,0.727825850880264,0.767072643259916,0.763120978341823,0.785402180051031,0.775782728602748,0.801218342452943,0.673307248870518,0.661691686630138,0.753105470256925,0.708270238000358,0.69354030275137,0.789691655611997,0.730694506783679,0.715047465206818,0.797557811047822,0.658508158508158,0.686781609195402,0.808080808080808
1006,1,0,0.01538462,180,0.75,0,1,0,45,1,0,0.66571585518973,0.678144441879629,0.718558501677994,0.730808058039296,0.741008811514342,0.744855927025666,0.775294301441267,0.811721283205903,0.664835164835165,0.643979057591623,0.639705882352941,0.703034017775054,0.685082872928177,0.715384615384615,0.725033288948069,0.704600484261501,0.735042735042735,0.677725118483412,0.688790560471976,0.712871287128713
1007,1,0,0.01538462,180,0.75,0,1,0,45,1,0,0.632689069289024,0.6938761837178,0.710313497972211,0.740081667737539,0.762869250392852,0.762206802332344,0.77779440250303,0.788957410085696,0.682826397627842,0.692235647291827,0.661078401235881,0.713577011832998,0.726802222732771,0.728542101423457,0.737321429086889,0.74974974974975,0.763399763399763,0.644230769230769,0.680473372781065,0.726315789473684
