"param_id","eir_equil","sig_het","ff","trial_duration","trial_PQ_eff_stratum_1","trial_PQ_eff_stratum_2","trial_PQ_prop_stratum_1","trial_PQ_prop_stratum_2","trial_PQ_proph","is_LLIN_distributed","is_IRS_administered","eff_cph_recurrent_LM","eff_cph_recurrent_PCR","eff_cph_any_relapse_LM","eff_cph_any_relapse_PCR","eff_cph_relapse_LM_trial","eff_cph_relapse_PCR_trial","eff_cph_relapse_LM_all","eff_cph_relapse_PCR_all","eff_incid_recurrent_PCR","eff_incid_recurrent_LM","eff_incid_recurrent_D","eff_incid_any_relapse_PCR","eff_incid_any_relapse_LM","eff_incid_any_relapse_D","eff_incid_relapse_PCR","eff_incid_relapse_LM","eff_incid_relapse_D","eff_risk_relapse_PCR","eff_risk_relapse_LM","eff_risk_relapse_D"
788,100,0,0.01538462,180,0.75,0,1,0,28,1,0,0.314997479930186,0.277386868174645,0.478842167801305,0.524774200340458,0.582145741935124,0.595569596470022,0.715301895408881,0.604818342972223,0.375253462603878,0.554370772176133,0.466051724137931,0.525701359516616,0.62898342018001,0.674744186046512,0.723510461956522,0.774056325823224,0.88012,0.13953488372093,0.678657074340528,0.869565217391304
789,100,0,0.01538462,180,0.75,0,1,0,28,1,0,0.398910847977178,0.256209930950954,0.5956839050241,0.547924714100435,0.679653213968239,0.578710892706341,0.683822251151551,0.542720190051363,0.382889105619758,0.561156177428187,0.7003003003003,0.53268557174601,0.648170877912641,0.823706059000177,0.716372523943502,0.768016585678074,0.958375041708375,0.135627530364372,0.652777777777778,0.956521739130435
79,0.1,0,0.01538462,180,0.75,0,1,0,28,1,0,0.817075935096523,0.840937916642495,0.825487498641306,0.846563321234627,0.825181812380133,0.848636023546071,0.847969025669085,0.85251699682297,0.753207212055974,0.75476261682243,0.755911838790932,0.758227937195452,0.759013157894737,0.760695817490494,0.774735294117647,0.774642722117202,0.780551724137931,0.77023498694517,0.777008310249307,0.787109375
