"param_id","eir_equil","sig_het","ff","trial_duration","trial_PQ_eff_stratum_1","trial_PQ_eff_stratum_2","trial_PQ_prop_stratum_1","trial_PQ_prop_stratum_2","trial_PQ_proph","is_LLIN_distributed","is_IRS_administered","eff_cph_recurrent_LM","eff_cph_recurrent_PCR","eff_cph_any_relapse_LM","eff_cph_any_relapse_PCR","eff_cph_relapse_LM_trial","eff_cph_relapse_PCR_trial","eff_cph_relapse_LM_all","eff_cph_relapse_PCR_all","eff_incid_recurrent_PCR","eff_incid_recurrent_LM","eff_incid_recurrent_D","eff_incid_any_relapse_PCR","eff_incid_any_relapse_LM","eff_incid_any_relapse_D","eff_incid_relapse_PCR","eff_incid_relapse_LM","eff_incid_relapse_D","eff_risk_relapse_PCR","eff_risk_relapse_LM","eff_risk_relapse_D"
1424,100,0,0.01538462,180,0.75,0,1,0,45,1,0,0.370483505151071,0.379300088727153,0.578934610411194,0.577856638445521,0.607176671867436,0.586895110251284,0.73805672763305,0.59209209504554,0.439007020042731,0.578792822185971,0.64,0.584423417649942,0.67992240543162,0.709677419354839,0.729278794402583,0.820224719101124,0.7,0.148073022312373,0.688524590163934,0.7
1425,100,0,0.01538462,180,0.75,0,1,0,45,1,0,0.459562745099843,0.375947738841673,0.599743197909322,0.560836136394312,0.706505818296888,0.55627203599142,0.738613620123568,0.59011187947866,0.443442231394403,0.617036775181841,0.735029146793853,0.586119209224494,0.696220284455578,0.814629444259074,0.726275300111044,0.825879519366109,0.888777666555444,0.140830800405269,0.701559020044543,0.882352941176471
1426,100,0,0.01538462,180,0.75,0,1,0,45,1,0,0.419975002529045,0.297329391372008,0.535933529927062,0.504875358053067,0.565372848231158,0.515994582885113,0.750000979024384,0.540123709576153,0.428140158943131,0.618129218900675,0.555555555555556,0.573061971186828,0.691204588910134,0.688888888888889,0.719343992314554,0.794117647058824,0.7,0.134343434343434,0.7152466367713,0.7
