"param_id","eir_equil","sig_het","ff","trial_duration","trial_PQ_eff_stratum_1","trial_PQ_eff_stratum_2","trial_PQ_prop_stratum_1","trial_PQ_prop_stratum_2","trial_PQ_proph","is_LLIN_distributed","is_IRS_administered","eff_cph_recurrent_LM","eff_cph_recurrent_PCR","eff_cph_any_relapse_LM","eff_cph_any_relapse_PCR","eff_cph_relapse_LM_trial","eff_cph_relapse_PCR_trial","eff_cph_relapse_LM_all","eff_cph_relapse_PCR_all","eff_incid_recurrent_PCR","eff_incid_recurrent_LM","eff_incid_recurrent_D","eff_incid_any_relapse_PCR","eff_incid_any_relapse_LM","eff_incid_any_relapse_D","eff_incid_relapse_PCR","eff_incid_relapse_LM","eff_incid_relapse_D","eff_risk_relapse_PCR","eff_risk_relapse_LM","eff_risk_relapse_D"
1584,100,0,0.01538462,180,0.75,0,1,0,45,1,0,0.48621498399823,0.324203254666604,0.580787662337203,0.540406479503947,0.660564292581706,0.543442179156675,0.753896270193255,0.539154004131484,0.425022712524335,0.611614111770215,0.701754385964912,0.572360093590579,0.6840888066605,0.725,0.719093359132057,0.803384367445608,0.590909090909091,0.135162601626016,0.708520179372197,0.590909090909091
1585,100,0,0.01538462,180,0.75,0,1,0,45,1,0,0.312487256778219,0.344813281296278,0.535601514716624,0.538906679871941,0.596037082921948,0.505852492197423,0.737155377294201,0.581491547189013,0.433839995062463,0.53110295517094,0.542563387644855,0.578317816750673,0.64038061651523,0.627827082736902,0.712432667325504,0.775981772904561,0.610331774660432,0.134207870837538,0.698630136986301,0.611111111111111
1586,100,0,0.01538462,180,0.75,0,1,0,45,1,0,0.386835078398074,0.337594306170377,0.538280823855505,0.550315687111691,0.613158031775927,0.531367383380793,0.764076305010162,0.560662598842809,0.427780171023414,0.647038616240376,0.654827241034138,0.572036080638682,0.721944166388611,0.721944166388611,0.712083217237856,0.816191390118258,0.841947210368263,0.143289606458123,0.714596949891068,0.833333333333333
