"param_id","eir_equil","sig_het","ff","trial_duration","trial_PQ_eff_stratum_1","trial_PQ_eff_stratum_2","trial_PQ_prop_stratum_1","trial_PQ_prop_stratum_2","trial_PQ_proph","is_LLIN_distributed","is_IRS_administered","eff_cph_recurrent_LM","eff_cph_recurrent_PCR","eff_cph_any_relapse_LM","eff_cph_any_relapse_PCR","eff_cph_relapse_LM_trial","eff_cph_relapse_PCR_trial","eff_cph_relapse_LM_all","eff_cph_relapse_PCR_all","eff_incid_recurrent_PCR","eff_incid_recurrent_LM","eff_incid_recurrent_D","eff_incid_any_relapse_PCR","eff_incid_any_relapse_LM","eff_incid_any_relapse_D","eff_incid_relapse_PCR","eff_incid_relapse_LM","eff_incid_relapse_D","eff_risk_relapse_PCR","eff_risk_relapse_LM","eff_risk_relapse_D"
1535,100,0,0.01538462,180,0.75,0,1,0,45,1,0,0.393051504136077,0.345231230424096,0.576789153742413,0.612394329955959,0.647258917666194,0.624532986177218,0.75261866358476,0.588019216024201,0.449933449370329,0.640655737704918,0.566037735849057,0.593021934310717,0.708537782139352,0.825,0.738682569802114,0.803786574870912,0.842105263157895,0.161616161616162,0.721153846153846,0.842105263157895
1536,100,0,0.01538462,180,0.75,0,1,0,45,1,0,0.43791497795168,0.41102514631855,0.515376786179066,0.578439728610121,0.706964543491686,0.599850980571062,0.734624964103761,0.582952902020165,0.442766530988403,0.618474013157895,0.691485294117647,0.582602332979852,0.67855676747645,0.790906976744186,0.712792659413304,0.801623330365093,0.92008,0.108409321175279,0.699284009546539,0.894736842105263
1537,100,0,0.01538462,180,0.75,0,1,0,45,1,0,0.397703338989996,0.341804611205578,0.45601768745109,0.571756511268364,0.604756677672702,0.596031713774905,0.715364331683149,0.54716189379113,0.43298237851465,0.577295321637427,0.42278947368421,0.577535988211735,0.678744444444444,0.55946511627907,0.722454365485699,0.799918872758326,0.778444444444444,0.123092573753815,0.675115207373272,0.727272727272727
