"param_id","eir_equil","sig_het","ff","trial_duration","trial_PQ_eff_stratum_1","trial_PQ_eff_stratum_2","trial_PQ_prop_stratum_1","trial_PQ_prop_stratum_2","trial_PQ_proph","is_LLIN_distributed","is_IRS_administered","eff_cph_recurrent_LM","eff_cph_recurrent_PCR","eff_cph_any_relapse_LM","eff_cph_any_relapse_PCR","eff_cph_relapse_LM_trial","eff_cph_relapse_PCR_trial","eff_cph_relapse_LM_all","eff_cph_relapse_PCR_all","eff_incid_recurrent_PCR","eff_incid_recurrent_LM","eff_incid_recurrent_D","eff_incid_any_relapse_PCR","eff_incid_any_relapse_LM","eff_incid_any_relapse_D","eff_incid_relapse_PCR","eff_incid_relapse_LM","eff_incid_relapse_D","eff_risk_relapse_PCR","eff_risk_relapse_LM","eff_risk_relapse_D"
1316,10,0,0.01538462,180,0.75,0,1,0,45,1,0,0.562001620477127,0.611531015109357,0.620346310393554,0.671678794681321,0.664170416376101,0.686000244372531,0.741267503975798,0.694060669459909,0.651884837034307,0.714450667800965,0.72028028028028,0.705621956005745,0.747218740682793,0.76024024024024,0.738582151705511,0.762634535361808,0.762143095476429,0.292260692464358,0.709844559585492,0.761904761904762
1317,10,0,0.01538462,180,0.75,0,1,0,45,1,0,0.586195794887175,0.639524745383859,0.628254257708475,0.696052972281529,0.642758758264474,0.689105244786383,0.706867158489931,0.674283032432212,0.647531252182415,0.739602169981917,0.739130434782609,0.699126773740839,0.778,0.80952380952381,0.733249618799892,0.796766743648961,0.789473684210526,0.276209677419355,0.7,0.789473684210526
1318,10,0,0.01538462,180,0.75,0,1,0,45,1,0,0.66449826349193,0.639050143862817,0.711032567543777,0.699174158796312,0.726061045457436,0.710805506578612,0.783229772020926,0.692199742335476,0.660010649627263,0.776276276276276,0.5625,0.712454619545084,0.810041841004184,0.6875,0.744764175038311,0.839805825242719,0.769230769230769,0.242914979757085,0.755868544600939,0.75
