"param_id","eir_equil","sig_het","ff","trial_duration","trial_PQ_eff_stratum_1","trial_PQ_eff_stratum_2","trial_PQ_prop_stratum_1","trial_PQ_prop_stratum_2","trial_PQ_proph","is_LLIN_distributed","is_IRS_administered","eff_cph_recurrent_LM","eff_cph_recurrent_PCR","eff_cph_any_relapse_LM","eff_cph_any_relapse_PCR","eff_cph_relapse_LM_trial","eff_cph_relapse_PCR_trial","eff_cph_relapse_LM_all","eff_cph_relapse_PCR_all","eff_incid_recurrent_PCR","eff_incid_recurrent_LM","eff_incid_recurrent_D","eff_incid_any_relapse_PCR","eff_incid_any_relapse_LM","eff_incid_any_relapse_D","eff_incid_relapse_PCR","eff_incid_relapse_LM","eff_incid_relapse_D","eff_risk_relapse_PCR","eff_risk_relapse_LM","eff_risk_relapse_D"
736,100,0,0.01538462,180,0.75,0,1,0,28,1,0,0.250438057459984,0.268990446014519,0.35961093527956,0.469925114590201,0.655434910595572,0.54003316129362,0.72397048472928,0.597321747377386,0.375635555328445,0.510919717010151,0.428571428571429,0.5239651416122,0.584835876098012,0.454545454545454,0.733355459674743,0.784602784602785,0.888888888888889,0.145161290322581,0.687772925764192,0.882352941176471
737,100,0,0.01538462,180,0.75,0,1,0,28,1,0,0.222461195768234,0.231353970123594,0.43410862474321,0.543996790649296,0.572255506671533,0.62080247536874,0.684658616022612,0.579377339735259,0.373904444001416,0.547914683340804,0.586888061837962,0.52315273495661,0.627996418368652,0.767208836277206,0.725041135936351,0.784412575150301,0.896448068550895,0.146316851664985,0.656398104265403,0.888888888888889
738,100,0,0.01538462,180,0.75,0,1,0,28,1,0,0.292536073143281,0.209869098222997,0.56594546894362,0.556795876915327,0.654963521823194,0.625795114875308,0.724953497798967,0.55878048889093,0.364687621265037,0.493894165535957,0.490909090909091,0.517863257618993,0.611631345490389,0.738095238095238,0.724581461821151,0.786086956521739,0.75,0.140830800405269,0.678815489749431,0.736842105263158
