"param_id","eir_equil","sig_het","ff","trial_duration","trial_PQ_eff_stratum_1","trial_PQ_eff_stratum_2","trial_PQ_prop_stratum_1","trial_PQ_prop_stratum_2","trial_PQ_proph","is_LLIN_distributed","is_IRS_administered","eff_cph_recurrent_LM","eff_cph_recurrent_PCR","eff_cph_any_relapse_LM","eff_cph_any_relapse_PCR","eff_cph_relapse_LM_trial","eff_cph_relapse_PCR_trial","eff_cph_relapse_LM_all","eff_cph_relapse_PCR_all","eff_incid_recurrent_PCR","eff_incid_recurrent_LM","eff_incid_recurrent_D","eff_incid_any_relapse_PCR","eff_incid_any_relapse_LM","eff_incid_any_relapse_D","eff_incid_relapse_PCR","eff_incid_relapse_LM","eff_incid_relapse_D","eff_risk_relapse_PCR","eff_risk_relapse_LM","eff_risk_relapse_D"
890,0.1,0,0.01538462,180,0.75,0,1,0,45,1,0,0.81177275553478,0.820758980816647,0.809071211381042,0.818036564788439,0.809504192379265,0.818894815604585,0.816280422155781,0.820443942295552,0.729161417322835,0.731801169590643,0.723707189542484,0.72906384180791,0.7318772845953,0.723565045992116,0.73954297097325,0.743216819973719,0.746146437994723,0.742155525238745,0.746438746438746,0.748466257668712
891,0.1,0,0.01538462,180,0.75,0,1,0,45,1,0,0.752033171016255,0.793317273006025,0.759549348497088,0.797316300727749,0.760260751009681,0.797040042949475,0.795832662827261,0.809519514501363,0.674528825923248,0.661181657218645,0.644214355926068,0.675322549536386,0.661818980784498,0.645788275321954,0.688950595218565,0.676864072600249,0.669502618655161,0.720214190093708,0.713881019830028,0.698795180722892
892,0.1,0,0.01538462,180,0.75,0,1,0,45,1,0,0.797808380068557,0.831079123458079,0.793729874774563,0.827614979482484,0.797531808774325,0.830173806148844,0.828786862497242,0.834780638466593,0.721944166388611,0.722590807862126,0.723774407318711,0.723511561166578,0.723749723749724,0.724214009928296,0.732158462317193,0.733894573868447,0.735293701917579,0.755586592178771,0.753265602322206,0.744376278118609
