"param_id","eir_equil","sig_het","ff","trial_duration","trial_PQ_eff_stratum_1","trial_PQ_eff_stratum_2","trial_PQ_prop_stratum_1","trial_PQ_prop_stratum_2","trial_PQ_proph","is_LLIN_distributed","is_IRS_administered","eff_cph_recurrent_LM","eff_cph_recurrent_PCR","eff_cph_any_relapse_LM","eff_cph_any_relapse_PCR","eff_cph_relapse_LM_trial","eff_cph_relapse_PCR_trial","eff_cph_relapse_LM_all","eff_cph_relapse_PCR_all","eff_incid_recurrent_PCR","eff_incid_recurrent_LM","eff_incid_recurrent_D","eff_incid_any_relapse_PCR","eff_incid_any_relapse_LM","eff_incid_any_relapse_D","eff_incid_relapse_PCR","eff_incid_relapse_LM","eff_incid_relapse_D","eff_risk_relapse_PCR","eff_risk_relapse_LM","eff_risk_relapse_D"
411,10,0,0.01538462,180,0.75,0,1,0,28,1,0,0.640030308252179,0.580391904505144,0.67491560884335,0.658822767237992,0.664726850434421,0.692551324047029,0.742019672444232,0.685081017464636,0.621661512510543,0.72644098810613,0.95,0.679277864992151,0.769703172978506,1,0.728588224654065,0.804906542056075,1,0.276036400404449,0.72845953002611,1
412,10,0,0.01538462,180,0.75,0,1,0,28,1,0,0.460377402452844,0.546797713224541,0.593934610387364,0.629469063428447,0.719406249889056,0.675908336923183,0.665145498671904,0.664860741836848,0.617335986594051,0.676,0.815,0.676707322761194,0.715140578265204,0.84016,0.724386280947733,0.752248,0.869695652173913,0.256072874493927,0.633879781420765,0.869565217391304
413,10,0,0.01538462,180,0.75,0,1,0,28,1,0,0.577817741502881,0.564547329233526,0.588910377731775,0.659654341721887,0.585535588612742,0.701138171651739,0.7083371503371,0.687605772981708,0.62441639924367,0.735496202489012,0.646705175055994,0.689872667322643,0.761568311160308,0.749749498997996,0.748516303991298,0.800030777490315,0.812312124248497,0.277047522750253,0.703389830508475,0.8125
