"param_id","eir_equil","sig_het","ff","trial_duration","trial_PQ_eff_stratum_1","trial_PQ_eff_stratum_2","trial_PQ_prop_stratum_1","trial_PQ_prop_stratum_2","trial_PQ_proph","is_LLIN_distributed","is_IRS_administered","eff_cph_recurrent_LM","eff_cph_recurrent_PCR","eff_cph_any_relapse_LM","eff_cph_any_relapse_PCR","eff_cph_relapse_LM_trial","eff_cph_relapse_PCR_trial","eff_cph_relapse_LM_all","eff_cph_relapse_PCR_all","eff_incid_recurrent_PCR","eff_incid_recurrent_LM","eff_incid_recurrent_D","eff_incid_any_relapse_PCR","eff_incid_any_relapse_LM","eff_incid_any_relapse_D","eff_incid_relapse_PCR","eff_incid_relapse_LM","eff_incid_relapse_D","eff_risk_relapse_PCR","eff_risk_relapse_LM","eff_risk_relapse_D"
622,100,0,0.01538462,180,0.75,0,1,0,28,1,0,0.375826595165911,0.228185938760578,0.4416507195692,0.552106130628501,0.620772600464974,0.623949595642981,0.6794644901587,0.576962863605849,0.361318948894754,0.501851804875574,0.524472674161883,0.507989251243764,0.595774367910001,0.498997995991984,0.71815796829861,0.787609406847884,0.736314734732623,0.136916835699797,0.635491606714628,0.722222222222222
623,100,0,0.01538462,180,0.75,0,1,0,28,1,0,0.38014730895108,0.296011547217323,0.458981916154829,0.560297125226194,0.606096172521304,0.62743895645015,0.713215966809986,0.602045574773855,0.381135683196216,0.566758325695081,0.640625,0.523362746193082,0.63322445170322,0.675675675675676,0.725038608742362,0.788445199660153,0.75,0.137096774193548,0.659863945578231,0.625
624,100,0,0.01538462,180,0.75,0,1,0,28,1,0,0.394917685349603,0.240779977566758,0.541234181652328,0.557067800015875,0.691955354174488,0.633128215503155,0.74339250133346,0.592707019680031,0.376472399722843,0.589624106865486,0.517241379310345,0.520616014869324,0.671745152354571,0.545454545454545,0.726473594548552,0.837000814995925,0.833333333333333,0.145748987854251,0.707373271889401,0.833333333333333
