"param_id","eir_equil","sig_het","ff","trial_duration","trial_PQ_eff_stratum_1","trial_PQ_eff_stratum_2","trial_PQ_prop_stratum_1","trial_PQ_prop_stratum_2","trial_PQ_proph","is_LLIN_distributed","is_IRS_administered","eff_cph_recurrent_LM","eff_cph_recurrent_PCR","eff_cph_any_relapse_LM","eff_cph_any_relapse_PCR","eff_cph_relapse_LM_trial","eff_cph_relapse_PCR_trial","eff_cph_relapse_LM_all","eff_cph_relapse_PCR_all","eff_incid_recurrent_PCR","eff_incid_recurrent_LM","eff_incid_recurrent_D","eff_incid_any_relapse_PCR","eff_incid_any_relapse_LM","eff_incid_any_relapse_D","eff_incid_relapse_PCR","eff_incid_relapse_LM","eff_incid_relapse_D","eff_risk_relapse_PCR","eff_risk_relapse_LM","eff_risk_relapse_D"
903,0.1,0,0.01538462,180,0.75,0,1,0,45,1,0,0.829085924026628,0.838273208430308,0.829682112313243,0.840227937648945,0.829682112313243,0.840227937648945,0.828959736015886,0.834972094122763,0.750262329485834,0.744941753525445,0.770975056689342,0.752631578947368,0.747232472324723,0.773348519362187,0.768703898840885,0.765394088669951,0.799315849486887,0.76241610738255,0.763636363636364,0.778611632270169
904,0.1,0,0.01538462,180,0.75,0,1,0,45,1,0,0.814208852664891,0.832501347684268,0.815420427527348,0.831730988594477,0.814844993823283,0.831254737227869,0.821135177455249,0.831213681828471,0.734366648850882,0.73250773993808,0.757094211123723,0.73469387755102,0.733374766935985,0.756849315068493,0.751757706868578,0.752035065748278,0.784156142365098,0.762162162162162,0.757446808510638,0.784883720930233
905,0.1,0,0.01538462,180,0.75,0,1,0,45,1,0,0.812345089217102,0.833518002900136,0.817288461763984,0.836594020374664,0.817521280555443,0.838933609283323,0.837262743032028,0.844832637728171,0.711418194821825,0.703163486878291,0.693099385584355,0.713629535325177,0.705094020376081,0.694291559966681,0.728656584761615,0.720538550024236,0.715107956777342,0.758441558441558,0.759233926128591,0.767148014440433
