"param_id","eir_equil","sig_het","ff","trial_duration","trial_PQ_eff_stratum_1","trial_PQ_eff_stratum_2","trial_PQ_prop_stratum_1","trial_PQ_prop_stratum_2","trial_PQ_proph","is_LLIN_distributed","is_IRS_administered","eff_cph_recurrent_LM","eff_cph_recurrent_PCR","eff_cph_any_relapse_LM","eff_cph_any_relapse_PCR","eff_cph_relapse_LM_trial","eff_cph_relapse_PCR_trial","eff_cph_relapse_LM_all","eff_cph_relapse_PCR_all","eff_incid_recurrent_PCR","eff_incid_recurrent_LM","eff_incid_recurrent_D","eff_incid_any_relapse_PCR","eff_incid_any_relapse_LM","eff_incid_any_relapse_D","eff_incid_relapse_PCR","eff_incid_relapse_LM","eff_incid_relapse_D","eff_risk_relapse_PCR","eff_risk_relapse_LM","eff_risk_relapse_D"
269,1,0,0.01538462,180,0.75,0,1,0,28,1,0,0.674574186305054,0.712213080925262,0.711394499832532,0.752422322495217,0.749490144718135,0.794330117537716,0.793588704356955,0.818307726382007,0.665401634336963,0.661797213880547,0.615250385520656,0.702789550282796,0.691673846548498,0.607800392985578,0.739462099319196,0.734519162233619,0.639705279049541,0.685512367491166,0.707492795389049,0.6875
27,0.1,0,0.01538462,180,0.75,0,1,0,28,1,0,0.794015591826655,0.825724933441202,0.796887582162016,0.827491253386322,0.797796592629285,0.829219526083285,0.822138095380081,0.828757357618379,0.70183372684794,0.697946637737214,0.722639725152288,0.703493447785685,0.699840537447375,0.724109986405068,0.716368916139952,0.712688942240393,0.747727525505303,0.750681198910082,0.751783166904422,0.741344195519348
270,1,0,0.01538462,180,0.75,0,1,0,28,1,0,0.614996044806389,0.665005299965688,0.649223753140321,0.706616418743509,0.672261585791597,0.724467823949571,0.750031936888656,0.78694800343478,0.63273157738976,0.612582781456954,0.504504504504505,0.671172587236718,0.647607934655776,0.551401869158878,0.700543847722638,0.670063694267516,0.578947368421053,0.639150943396226,0.650997150997151,0.616279069767442
