"param_id","eir_equil","sig_het","ff","trial_duration","trial_PQ_eff_stratum_1","trial_PQ_eff_stratum_2","trial_PQ_prop_stratum_1","trial_PQ_prop_stratum_2","trial_PQ_proph","is_LLIN_distributed","is_IRS_administered","eff_cph_recurrent_LM","eff_cph_recurrent_PCR","eff_cph_any_relapse_LM","eff_cph_any_relapse_PCR","eff_cph_relapse_LM_trial","eff_cph_relapse_PCR_trial","eff_cph_relapse_LM_all","eff_cph_relapse_PCR_all","eff_incid_recurrent_PCR","eff_incid_recurrent_LM","eff_incid_recurrent_D","eff_incid_any_relapse_PCR","eff_incid_any_relapse_LM","eff_incid_any_relapse_D","eff_incid_relapse_PCR","eff_incid_relapse_LM","eff_incid_relapse_D","eff_risk_relapse_PCR","eff_risk_relapse_LM","eff_risk_relapse_D"
625,100,0,0.01538462,180,0.75,0,1,0,28,1,0,0.289700271529461,0.241000876470126,0.444553935344168,0.548348503981839,0.423955784133636,0.600860057823186,0.721008900119569,0.586945437704145,0.396551723265167,0.608612960518193,0.490718278662588,0.535027636262803,0.679749358857575,0.528940233407992,0.726471177568906,0.790742170768995,0.764470116703996,0.137373737373737,0.682432432432432,0.733333333333333
626,100,0,0.01538462,180,0.75,0,1,0,28,1,0,0.430927450252445,0.214697614297584,0.539081994631672,0.539864425479177,0.689440024059791,0.633847534456238,0.728917998175808,0.553556891120462,0.365995023661999,0.558605986426256,0.653439611852365,0.520084525739538,0.635888271908468,0.68413496051687,0.727089382915684,0.803121681977037,0.919597989949749,0.139369277721261,0.690531177829099,0.916666666666667
627,100,0,0.01538462,180,0.75,0,1,0,28,1,0,0.47899873737239,0.282399616586875,0.620973167341517,0.539304285434785,0.695341250350492,0.611538683834189,0.717267742885771,0.591037942658409,0.374616068028938,0.552337063857801,0.581818181818182,0.521946278511405,0.64150024354603,0.731707317073171,0.72251167196698,0.813148788927336,0.857142857142857,0.125881168177241,0.661290322580645,0.857142857142857
