"param_id","eir_equil","sig_het","ff","trial_duration","trial_PQ_eff_stratum_1","trial_PQ_eff_stratum_2","trial_PQ_prop_stratum_1","trial_PQ_prop_stratum_2","trial_PQ_proph","is_LLIN_distributed","is_IRS_administered","eff_cph_recurrent_LM","eff_cph_recurrent_PCR","eff_cph_any_relapse_LM","eff_cph_any_relapse_PCR","eff_cph_relapse_LM_trial","eff_cph_relapse_PCR_trial","eff_cph_relapse_LM_all","eff_cph_relapse_PCR_all","eff_incid_recurrent_PCR","eff_incid_recurrent_LM","eff_incid_recurrent_D","eff_incid_any_relapse_PCR","eff_incid_any_relapse_LM","eff_incid_any_relapse_D","eff_incid_relapse_PCR","eff_incid_relapse_LM","eff_incid_relapse_D","eff_risk_relapse_PCR","eff_risk_relapse_LM","eff_risk_relapse_D"
674,100,0,0.01538462,180,0.75,0,1,0,28,1,0,0.385592790795514,0.222982829203607,0.520811840576063,0.551145303628071,0.640801426156003,0.631358482709989,0.714919447997799,0.567119044862788,0.363027607815772,0.566275704826058,0.580225386677,0.515520251089287,0.658206439486287,0.707024097268,0.715980136228465,0.765741561941907,0.74974974974975,0.137512639029323,0.673611111111111,0.782608695652174
675,100,0,0.01538462,180,0.75,0,1,0,28,1,0,0.396811477462977,0.242633723065236,0.513695756611723,0.571142660181167,0.680781913061293,0.664706306856594,0.703022768689973,0.573887740147067,0.378883708131976,0.542624138888251,0.617656365362304,0.52528339723807,0.636756412962724,0.635634906175988,0.719370714217551,0.798461480950547,0.768768305842454,0.147623862487361,0.65083135391924,0.714285714285714
676,100,0,0.01538462,180,0.75,0,1,0,28,1,0,0.292183470183377,0.189042771570679,0.534138815039169,0.519316526662567,0.637001107738345,0.599818778721764,0.69569503515613,0.581048053002489,0.3755328246782,0.549339775352569,0.608235686667059,0.523860965891591,0.621226141936201,0.706176765000294,0.726581878156815,0.792447257281534,0.809714476381143,0.141557128412538,0.655172413793103,0.789473684210526
