"param_id","eir_equil","sig_het","ff","trial_duration","trial_PQ_eff_stratum_1","trial_PQ_eff_stratum_2","trial_PQ_prop_stratum_1","trial_PQ_prop_stratum_2","trial_PQ_proph","is_LLIN_distributed","is_IRS_administered","eff_cph_recurrent_LM","eff_cph_recurrent_PCR","eff_cph_any_relapse_LM","eff_cph_any_relapse_PCR","eff_cph_relapse_LM_trial","eff_cph_relapse_PCR_trial","eff_cph_relapse_LM_all","eff_cph_relapse_PCR_all","eff_incid_recurrent_PCR","eff_incid_recurrent_LM","eff_incid_recurrent_D","eff_incid_any_relapse_PCR","eff_incid_any_relapse_LM","eff_incid_any_relapse_D","eff_incid_relapse_PCR","eff_incid_relapse_LM","eff_incid_relapse_D","eff_risk_relapse_PCR","eff_risk_relapse_LM","eff_risk_relapse_D"
109,0.1,0,0.01538462,180,0.75,0,1,0,28,1,0,0.795833337637247,0.821372315611654,0.796687456862316,0.823734645209939,0.80203358590804,0.826429044855711,0.819274217677838,0.822581160114514,0.710466814159292,0.701276221498371,0.735085501858736,0.713697829716194,0.70298231827112,0.734097014925373,0.723967923466517,0.714476790450928,0.748372180451128,0.741891891891892,0.745786516853933,0.741682974559687
1090,1,0,0.01538462,180,0.75,0,1,0,45,1,0,0.62287496455579,0.674155182696679,0.687803583134804,0.705427584243074,0.712834718652879,0.723878433523168,0.747755581546654,0.779146314573456,0.657950467804073,0.649101538461538,0.684810126582278,0.689924528301887,0.684983498349835,0.705879194630872,0.710119402985075,0.703448444173276,0.728363636363636,0.623798076923077,0.644736842105263,0.760683760683761
1091,1,0,0.01538462,180,0.75,0,1,0,45,1,0,0.615659738091628,0.668658578485793,0.656858963231143,0.710578378332566,0.695226372529364,0.724072327522598,0.734468798416072,0.799030347844796,0.66383103549428,0.617498597868761,0.608333333333333,0.688632104934416,0.646144650328751,0.625,0.70911528150134,0.664092664092664,0.607843137254902,0.667832167832168,0.658646616541353,0.662921348314607
