"param_id","eir_equil","sig_het","ff","trial_duration","trial_PQ_eff_stratum_1","trial_PQ_eff_stratum_2","trial_PQ_prop_stratum_1","trial_PQ_prop_stratum_2","trial_PQ_proph","is_LLIN_distributed","is_IRS_administered","eff_cph_recurrent_LM","eff_cph_recurrent_PCR","eff_cph_any_relapse_LM","eff_cph_any_relapse_PCR","eff_cph_relapse_LM_trial","eff_cph_relapse_PCR_trial","eff_cph_relapse_LM_all","eff_cph_relapse_PCR_all","eff_incid_recurrent_PCR","eff_incid_recurrent_LM","eff_incid_recurrent_D","eff_incid_any_relapse_PCR","eff_incid_any_relapse_LM","eff_incid_any_relapse_D","eff_incid_relapse_PCR","eff_incid_relapse_LM","eff_incid_relapse_D","eff_risk_relapse_PCR","eff_risk_relapse_LM","eff_risk_relapse_D"
1135,1,0,0.01538462,180,0.75,0,1,0,45,1,0,0.696019756918588,0.699361111915563,0.721780810894936,0.728271860338964,0.737074907386262,0.743093279606141,0.747243184839777,0.766321505320078,0.64704217378998,0.658097686375321,0.686567164179104,0.677904876580373,0.688632619439868,0.744186046511628,0.694362984685565,0.701859628074385,0.767241379310345,0.619500594530321,0.657670454545455,0.775510204081633
1136,1,0,0.01538462,180,0.75,0,1,0,45,1,0,0.723002893324693,0.710739935385136,0.7790977910562,0.755276840390999,0.79005365600054,0.78008568587607,0.781350470490926,0.801914260738853,0.681078515962036,0.700710688591984,0.679709923664122,0.717000607902736,0.737994002181025,0.7225,0.739874386653582,0.754538188277087,0.718230769230769,0.668257756563246,0.694814814814815,0.745283018867924
1137,1,0,0.01538462,180,0.75,0,1,0,45,1,0,0.746049374953346,0.735860393966571,0.784218562419943,0.770113834829857,0.786873416984485,0.797145765630981,0.808246373812454,0.827199007264039,0.702585068438727,0.720778662894431,0.753177835369616,0.736019205045754,0.754000284785847,0.782391086738913,0.757069831001043,0.770127479559231,0.804682731512,0.698598130841122,0.733142037302726,0.81651376146789
