"param_id","eir_equil","sig_het","ff","trial_duration","trial_PQ_eff_stratum_1","trial_PQ_eff_stratum_2","trial_PQ_prop_stratum_1","trial_PQ_prop_stratum_2","trial_PQ_proph","is_LLIN_distributed","is_IRS_administered","eff_cph_recurrent_LM","eff_cph_recurrent_PCR","eff_cph_any_relapse_LM","eff_cph_any_relapse_PCR","eff_cph_relapse_LM_trial","eff_cph_relapse_PCR_trial","eff_cph_relapse_LM_all","eff_cph_relapse_PCR_all","eff_incid_recurrent_PCR","eff_incid_recurrent_LM","eff_incid_recurrent_D","eff_incid_any_relapse_PCR","eff_incid_any_relapse_LM","eff_incid_any_relapse_D","eff_incid_relapse_PCR","eff_incid_relapse_LM","eff_incid_relapse_D","eff_risk_relapse_PCR","eff_risk_relapse_LM","eff_risk_relapse_D"
1208,10,0,0.01538462,180,0.75,0,1,0,45,1,0,0.428428070437966,0.614088986899421,0.461900467706833,0.660247654283822,0.523857899855528,0.675093646174154,0.711443896005054,0.67338445096244,0.653445694416036,0.701533333333333,0.727545454545454,0.701580672077676,0.726275862068966,0.742193548387097,0.732962124510231,0.752947084233261,0.778,0.266194331983806,0.672371638141809,0.777777777777778
1209,10,0,0.01538462,180,0.75,0,1,0,45,1,0,0.69296814063304,0.610700010669706,0.75719947858919,0.6872233692808,0.80612592534635,0.714270180525996,0.775461237771231,0.698780609975483,0.657557744118109,0.786076398979625,0.852793970441029,0.711765678988837,0.820448250941525,0.870838580516,0.744483171350937,0.842685528371214,0.930965448206827,0.284848484848485,0.760975609756098,0.931034482758621
121,0.1,0,0.01538462,180,0.75,0,1,0,28,1,0,0.765183615015581,0.802867355107585,0.766445735010342,0.8016518935139,0.765119671012864,0.802572781654456,0.799132060290328,0.808010720381395,0.694795149004759,0.680338219371372,0.658672183075829,0.694545786730155,0.679970831437111,0.660820348707751,0.720743600278799,0.708471536948731,0.701088298516618,0.738095238095238,0.739705882352941,0.726513569937369
