"param_id","eir_equil","sig_het","ff","trial_duration","trial_PQ_eff_stratum_1","trial_PQ_eff_stratum_2","trial_PQ_prop_stratum_1","trial_PQ_prop_stratum_2","trial_PQ_proph","is_LLIN_distributed","is_IRS_administered","eff_cph_recurrent_LM","eff_cph_recurrent_PCR","eff_cph_any_relapse_LM","eff_cph_any_relapse_PCR","eff_cph_relapse_LM_trial","eff_cph_relapse_PCR_trial","eff_cph_relapse_LM_all","eff_cph_relapse_PCR_all","eff_incid_recurrent_PCR","eff_incid_recurrent_LM","eff_incid_recurrent_D","eff_incid_any_relapse_PCR","eff_incid_any_relapse_LM","eff_incid_any_relapse_D","eff_incid_relapse_PCR","eff_incid_relapse_LM","eff_incid_relapse_D","eff_risk_relapse_PCR","eff_risk_relapse_LM","eff_risk_relapse_D"
422,10,0,0.01538462,180,0.75,0,1,0,28,1,0,0.556946193589412,0.53832835043066,0.605933911278017,0.628253917737287,0.667992081942276,0.645026925926159,0.726579705795849,0.645448130510859,0.621717382242601,0.701244813278008,0.523809523809524,0.682722837450631,0.743778801843318,0.6,0.730813798021214,0.796505652620761,0.705882352941176,0.258847320525784,0.71039603960396,0.823529411764706
423,10,0,0.01538462,180,0.75,0,1,0,28,1,0,0.623974177492057,0.55021287273245,0.673025135285108,0.653666282343513,0.698886356131705,0.721796407916317,0.702766484548818,0.677477421425634,0.606641215875531,0.677150786308973,0.473684210526316,0.676851703727404,0.719424460431655,0.647058823529412,0.73664471276985,0.755269320843091,0.764705882352941,0.298067141403866,0.695054945054945,0.764705882352941
424,10,0,0.01538462,180,0.75,0,1,0,28,1,0,0.566531316640802,0.558894896473191,0.581768413673263,0.64405916287589,0.602250183835807,0.686980469503051,0.795957482039598,0.693279998830835,0.627682477949858,0.761702127659574,0.642857142857143,0.692870341854019,0.804490177736202,0.692307692307692,0.750132485426603,0.843617021276596,0.727272727272727,0.28150406504065,0.772616136919315,0.818181818181818
