"param_id","eir_equil","sig_het","ff","trial_duration","trial_PQ_eff_stratum_1","trial_PQ_eff_stratum_2","trial_PQ_prop_stratum_1","trial_PQ_prop_stratum_2","trial_PQ_proph","is_LLIN_distributed","is_IRS_administered","eff_cph_recurrent_LM","eff_cph_recurrent_PCR","eff_cph_any_relapse_LM","eff_cph_any_relapse_PCR","eff_cph_relapse_LM_trial","eff_cph_relapse_PCR_trial","eff_cph_relapse_LM_all","eff_cph_relapse_PCR_all","eff_incid_recurrent_PCR","eff_incid_recurrent_LM","eff_incid_recurrent_D","eff_incid_any_relapse_PCR","eff_incid_any_relapse_LM","eff_incid_any_relapse_D","eff_incid_relapse_PCR","eff_incid_relapse_LM","eff_incid_relapse_D","eff_risk_relapse_PCR","eff_risk_relapse_LM","eff_risk_relapse_D"
817,0.1,0,0.01538462,180,0.75,0,1,0,45,1,0,0.805610982981053,0.832594558030598,0.811022409041439,0.83573898138618,0.811693145562087,0.836400729493796,0.842238660471652,0.843612774529704,0.721372031662269,0.724222086638194,0.733788395904437,0.725344644750795,0.728220858895706,0.735697940503433,0.743850267379679,0.748143564356436,0.764705882352941,0.756544502617801,0.765193370165746,0.764478764478765
818,0.1,0,0.01538462,180,0.75,0,1,0,45,1,0,0.816112860766772,0.834205949493132,0.826019194754266,0.838958148272871,0.826400372214973,0.83988552072055,0.829301520684787,0.833058119705334,0.746760259179266,0.744936708860759,0.728662420382166,0.750677506775068,0.749206349206349,0.734955185659411,0.762397820163488,0.761327377153797,0.751608751608752,0.753138075313807,0.756168359941945,0.753684210526316
819,0.1,0,0.01538462,180,0.75,0,1,0,45,1,0,0.731493936457892,0.796038167894585,0.743676663484402,0.798483319650263,0.744266845495716,0.799942318101278,0.796161577747118,0.806932139297546,0.646818535707425,0.648094546159062,0.623992996686724,0.649305608604648,0.649895669401521,0.627386990460101,0.666620413910773,0.666781686479651,0.644020431975263,0.71978021978022,0.714697406340058,0.675510204081633
