"param_id","eir_equil","sig_het","ff","trial_duration","trial_PQ_eff_stratum_1","trial_PQ_eff_stratum_2","trial_PQ_prop_stratum_1","trial_PQ_prop_stratum_2","trial_PQ_proph","is_LLIN_distributed","is_IRS_administered","eff_cph_recurrent_LM","eff_cph_recurrent_PCR","eff_cph_any_relapse_LM","eff_cph_any_relapse_PCR","eff_cph_relapse_LM_trial","eff_cph_relapse_PCR_trial","eff_cph_relapse_LM_all","eff_cph_relapse_PCR_all","eff_incid_recurrent_PCR","eff_incid_recurrent_LM","eff_incid_recurrent_D","eff_incid_any_relapse_PCR","eff_incid_any_relapse_LM","eff_incid_any_relapse_D","eff_incid_relapse_PCR","eff_incid_relapse_LM","eff_incid_relapse_D","eff_risk_relapse_PCR","eff_risk_relapse_LM","eff_risk_relapse_D"
863,0.1,0,0.01538462,180,0.75,0,1,0,45,1,0,0.789144973721519,0.815351772553663,0.791039480153958,0.814159979609009,0.790792670062789,0.81567261925568,0.813243534094938,0.822167284558823,0.71759371865248,0.719354942999062,0.743048700372807,0.717685753875216,0.719815345044984,0.744172909873953,0.724137005638346,0.727769693244416,0.7534484426219,0.734042553191489,0.734177215189873,0.740384615384615
864,0.1,0,0.01538462,180,0.75,0,1,0,45,1,0,0.822905480987305,0.829506870241718,0.827352457334881,0.833944334566251,0.829249320387349,0.835310539529928,0.830621327314823,0.838666766786379,0.752604166666667,0.742700729927007,0.740825688073395,0.75418410041841,0.742665036674817,0.740484429065744,0.760926803580832,0.750769230769231,0.755787037037037,0.769333333333333,0.769230769230769,0.772639691714836
865,0.1,0,0.01538462,180,0.75,0,1,0,45,1,0,0.815285974281124,0.832563096824179,0.815659109782516,0.833507807971431,0.814137976411048,0.833839193478815,0.831579436223033,0.835450943610202,0.714285714285714,0.710683477106835,0.693266832917706,0.715189873417722,0.711705685618729,0.69433962264151,0.7356188262638,0.734776725304465,0.732824427480916,0.76510989010989,0.771014492753623,0.757455268389662
