"param_id","eir_equil","sig_het","ff","trial_duration","trial_PQ_eff_stratum_1","trial_PQ_eff_stratum_2","trial_PQ_prop_stratum_1","trial_PQ_prop_stratum_2","trial_PQ_proph","is_LLIN_distributed","is_IRS_administered","eff_cph_recurrent_LM","eff_cph_recurrent_PCR","eff_cph_any_relapse_LM","eff_cph_any_relapse_PCR","eff_cph_relapse_LM_trial","eff_cph_relapse_PCR_trial","eff_cph_relapse_LM_all","eff_cph_relapse_PCR_all","eff_incid_recurrent_PCR","eff_incid_recurrent_LM","eff_incid_recurrent_D","eff_incid_any_relapse_PCR","eff_incid_any_relapse_LM","eff_incid_any_relapse_D","eff_incid_relapse_PCR","eff_incid_relapse_LM","eff_incid_relapse_D","eff_risk_relapse_PCR","eff_risk_relapse_LM","eff_risk_relapse_D"
110,0.1,0,0.01538462,180,0.75,0,1,0,28,1,0,0.803073404233202,0.830672138772196,0.803023056886396,0.827828361098829,0.806281104882446,0.83175009906041,0.821174713225853,0.830198043153081,0.711293269230769,0.711718925671455,0.737043478260869,0.715335832886985,0.715823308270677,0.740825471698113,0.732669532509403,0.734395348837209,0.760287234042553,0.738191632928475,0.739255014326648,0.76171875
1100,1,0,0.01538462,180,0.75,0,1,0,45,1,0,0.683841558565859,0.697680209235118,0.713093710987126,0.72181330570166,0.735244836920086,0.745156280600576,0.766122717203616,0.791411821306215,0.671594996855487,0.661745298974278,0.688878067256446,0.7045437382077,0.698066102117875,0.74974974974975,0.725935744123467,0.719670860610458,0.755661172984008,0.647550776583035,0.674521354933726,0.764705882352941
1101,1,0,0.01538462,180,0.75,0,1,0,45,1,0,0.70689205265922,0.737804824252791,0.728402884617769,0.758930506729943,0.741287459536992,0.779801487413349,0.776631029624943,0.796182451883653,0.698063405301995,0.689123,0.732080536912752,0.723550522648084,0.709469930814263,0.771885714285714,0.737188143525741,0.722968965517241,0.76048,0.652532391048292,0.678470254957507,0.763636363636364
