"param_id","eir_equil","sig_het","ff","trial_duration","trial_PQ_eff_stratum_1","trial_PQ_eff_stratum_2","trial_PQ_prop_stratum_1","trial_PQ_prop_stratum_2","trial_PQ_proph","is_LLIN_distributed","is_IRS_administered","eff_cph_recurrent_LM","eff_cph_recurrent_PCR","eff_cph_any_relapse_LM","eff_cph_any_relapse_PCR","eff_cph_relapse_LM_trial","eff_cph_relapse_PCR_trial","eff_cph_relapse_LM_all","eff_cph_relapse_PCR_all","eff_incid_recurrent_PCR","eff_incid_recurrent_LM","eff_incid_recurrent_D","eff_incid_any_relapse_PCR","eff_incid_any_relapse_LM","eff_incid_any_relapse_D","eff_incid_relapse_PCR","eff_incid_relapse_LM","eff_incid_relapse_D","eff_risk_relapse_PCR","eff_risk_relapse_LM","eff_risk_relapse_D"
663,100,0,0.01538462,180,0.75,0,1,0,28,1,0,0.336632459936414,0.256549235276059,0.457704841844579,0.533432187510166,0.629923781926292,0.63776020791492,0.698837882973551,0.563467326689269,0.349399777022998,0.472676752083977,0.352941176470588,0.501722817764165,0.577082374597331,0.375,0.708140998741083,0.766638584667228,0.6,0.130831643002028,0.635746606334842,0.565217391304348
664,100,0,0.01538462,180,0.75,0,1,0,28,1,0,0.30270520183963,0.24904036294307,0.486903803543152,0.581463559525643,0.632464670748533,0.638818485314878,0.731771510341507,0.583241405718114,0.36692312477578,0.561020687781251,0.603051327189258,0.518344713120061,0.64910433882485,0.804682731512,0.722094999930733,0.798936867902385,0.961499961499962,0.142857142857143,0.703196347031964,0.954545454545455
665,100,0,0.01538462,180,0.75,0,1,0,28,1,0,0.234750588209179,0.217156292040833,0.366282947939893,0.543613402788031,0.517392925323566,0.655280107834431,0.693467996809059,0.563645983993529,0.371495419309373,0.489179886685552,0.413630434782609,0.524841955459825,0.581752,0.457685714285714,0.729340057835307,0.786330206378987,0.76024,0.132725430597771,0.6725,0.75
