"param_id","eir_equil","sig_het","ff","trial_duration","trial_PQ_eff_stratum_1","trial_PQ_eff_stratum_2","trial_PQ_prop_stratum_1","trial_PQ_prop_stratum_2","trial_PQ_proph","is_LLIN_distributed","is_IRS_administered","eff_cph_recurrent_LM","eff_cph_recurrent_PCR","eff_cph_any_relapse_LM","eff_cph_any_relapse_PCR","eff_cph_relapse_LM_trial","eff_cph_relapse_PCR_trial","eff_cph_relapse_LM_all","eff_cph_relapse_PCR_all","eff_incid_recurrent_PCR","eff_incid_recurrent_LM","eff_incid_recurrent_D","eff_incid_any_relapse_PCR","eff_incid_any_relapse_LM","eff_incid_any_relapse_D","eff_incid_relapse_PCR","eff_incid_relapse_LM","eff_incid_relapse_D","eff_risk_relapse_PCR","eff_risk_relapse_LM","eff_risk_relapse_D"
866,0.1,0,0.01538462,180,0.75,0,1,0,45,1,0,0.797121509007846,0.8361894562665,0.800627304844169,0.837755331902385,0.800167333800161,0.837822461524751,0.839214755303231,0.841844961905936,0.727321237993596,0.7243947858473,0.737841043890866,0.728295819935691,0.725856697819315,0.739595719381688,0.742995689655172,0.740438871473354,0.7610513739546,0.755905511811024,0.763013698630137,0.772277227722772
867,0.1,0,0.01538462,180,0.75,0,1,0,45,1,0,0.767601715689198,0.805192512835763,0.774784018417923,0.8066311811673,0.775486716984582,0.807569667396905,0.80655742858357,0.82271520104422,0.695813800657174,0.679420578778135,0.67036788874842,0.696790889132821,0.680526112185687,0.673330798479088,0.71142447629548,0.69699805573558,0.694573248407643,0.74421768707483,0.736690647482014,0.732534930139721
868,0.1,0,0.01538462,180,0.75,0,1,0,45,1,0,0.780458144720117,0.808346409158912,0.784114414897438,0.810162551281951,0.787518664863329,0.811214079961685,0.811186441626047,0.822395175886918,0.715995647442873,0.718513853904282,0.714285714285714,0.718340611353712,0.720151610865445,0.716455696202532,0.728469555677455,0.729987293519695,0.730279898218829,0.74390243902439,0.738636363636364,0.743380855397149
