"param_id","eir_equil","sig_het","ff","trial_duration","trial_PQ_eff_stratum_1","trial_PQ_eff_stratum_2","trial_PQ_prop_stratum_1","trial_PQ_prop_stratum_2","trial_PQ_proph","is_LLIN_distributed","is_IRS_administered","eff_cph_recurrent_LM","eff_cph_recurrent_PCR","eff_cph_any_relapse_LM","eff_cph_any_relapse_PCR","eff_cph_relapse_LM_trial","eff_cph_relapse_PCR_trial","eff_cph_relapse_LM_all","eff_cph_relapse_PCR_all","eff_incid_recurrent_PCR","eff_incid_recurrent_LM","eff_incid_recurrent_D","eff_incid_any_relapse_PCR","eff_incid_any_relapse_LM","eff_incid_any_relapse_D","eff_incid_relapse_PCR","eff_incid_relapse_LM","eff_incid_relapse_D","eff_risk_relapse_PCR","eff_risk_relapse_LM","eff_risk_relapse_D"
1119,1,0,0.01538462,180,0.75,0,1,0,45,1,0,0.596829804157424,0.696167907181512,0.639698793773358,0.733262338437524,0.667596512825293,0.744620350572246,0.745457748877261,0.778256328072582,0.665683422761932,0.63,0.467745901639344,0.693168566286743,0.665071800810654,0.491736842105263,0.706555842479019,0.686576113861386,0.52825,0.655980271270037,0.666153846153846,0.541666666666667
112,0.1,0,0.01538462,180,0.75,0,1,0,28,1,0,0.817766078276876,0.824047918085945,0.821690286718208,0.826155552853867,0.824151201521342,0.827918392302932,0.834615598363619,0.831960354463343,0.7342175066313,0.743684534812076,0.757327080890973,0.736562001064396,0.746600741656366,0.759717314487632,0.741434689507495,0.752019888129273,0.764218009478673,0.748998664886515,0.759103641456583,0.775665399239544
1120,1,0,0.01538462,180,0.75,0,1,0,45,1,0,0.692473680438955,0.721800965838678,0.724676716165045,0.755327634788675,0.738072633933691,0.76930322727417,0.76367466909461,0.802253729697917,0.698469803929467,0.675896378744751,0.67709612773935,0.726945254415919,0.70808831706448,0.715232188514961,0.747814572443857,0.732399214418844,0.721943887775551,0.672189349112426,0.687687687687688,0.702127659574468
