"param_id","eir_equil","sig_het","ff","trial_duration","trial_PQ_eff_stratum_1","trial_PQ_eff_stratum_2","trial_PQ_prop_stratum_1","trial_PQ_prop_stratum_2","trial_PQ_proph","is_LLIN_distributed","is_IRS_administered","eff_cph_recurrent_LM","eff_cph_recurrent_PCR","eff_cph_any_relapse_LM","eff_cph_any_relapse_PCR","eff_cph_relapse_LM_trial","eff_cph_relapse_PCR_trial","eff_cph_relapse_LM_all","eff_cph_relapse_PCR_all","eff_incid_recurrent_PCR","eff_incid_recurrent_LM","eff_incid_recurrent_D","eff_incid_any_relapse_PCR","eff_incid_any_relapse_LM","eff_incid_any_relapse_D","eff_incid_relapse_PCR","eff_incid_relapse_LM","eff_incid_relapse_D","eff_risk_relapse_PCR","eff_risk_relapse_LM","eff_risk_relapse_D"
317,1,0,0.01538462,180,0.75,0,1,0,28,1,0,0.618175370623148,0.675493715343057,0.67184911851033,0.727611768673652,0.686909404844337,0.733052843260004,0.725069901296499,0.774807520017598,0.657961198689715,0.641984297904261,0.63757301837718,0.689362827403615,0.674674023371418,0.673589603449323,0.709028805112809,0.691194122610146,0.677616101768755,0.64277035236938,0.633181126331811,0.718446601941748
318,1,0,0.01538462,180,0.75,0,1,0,28,1,0,0.714198707380497,0.688312962654882,0.724539212488494,0.725772760826403,0.757030462421194,0.750576207430073,0.772314393984822,0.784865820668013,0.664617104527669,0.66284523189161,0.727272727272727,0.701186943620178,0.693628808864266,0.731884057971015,0.736035748483881,0.725679758308157,0.748031496062992,0.638452237001209,0.672489082969432,0.738738738738739
319,1,0,0.01538462,180,0.75,0,1,0,28,1,0,0.714816031988916,0.725444573580118,0.747351218369894,0.771869596357459,0.77486160655793,0.792666007429309,0.7735191388635,0.802405163632698,0.681631575958606,0.660989509364961,0.659432159432159,0.711981544174344,0.689567253203617,0.686264777173868,0.738387938644678,0.715168844875958,0.734211275495679,0.669082125603865,0.68107302533532,0.74468085106383
