"param_id","eir_equil","sig_het","ff","trial_duration","trial_PQ_eff_stratum_1","trial_PQ_eff_stratum_2","trial_PQ_prop_stratum_1","trial_PQ_prop_stratum_2","trial_PQ_proph","is_LLIN_distributed","is_IRS_administered","eff_cph_recurrent_LM","eff_cph_recurrent_PCR","eff_cph_any_relapse_LM","eff_cph_any_relapse_PCR","eff_cph_relapse_LM_trial","eff_cph_relapse_PCR_trial","eff_cph_relapse_LM_all","eff_cph_relapse_PCR_all","eff_incid_recurrent_PCR","eff_incid_recurrent_LM","eff_incid_recurrent_D","eff_incid_any_relapse_PCR","eff_incid_any_relapse_LM","eff_incid_any_relapse_D","eff_incid_relapse_PCR","eff_incid_relapse_LM","eff_incid_relapse_D","eff_risk_relapse_PCR","eff_risk_relapse_LM","eff_risk_relapse_D"
844,0.1,0,0.01538462,180,0.75,0,1,0,45,1,0,0.767731119821065,0.794536076181907,0.766287063549204,0.789079259098791,0.765262090436719,0.790671360767263,0.805816862365752,0.809917679819679,0.679083244397012,0.673557538461538,0.659431818181818,0.680942028985507,0.676066831683168,0.662191335740072,0.688454791553871,0.685084269662921,0.675082524271845,0.716577540106952,0.722689075630252,0.715686274509804
845,0.1,0,0.01538462,180,0.75,0,1,0,45,1,0,0.799152155985817,0.817525434981672,0.803366449448156,0.818508387179785,0.804996314872395,0.820958808343741,0.815070924067962,0.825932649760514,0.717904406209404,0.70836508149941,0.727317538726153,0.718726991454264,0.708690726654798,0.728700663280103,0.736796838246114,0.728419896487123,0.75150794822926,0.735723771580345,0.73249299719888,0.741682974559687
846,0.1,0,0.01538462,180,0.75,0,1,0,45,1,0,0.793337366279194,0.821909148950728,0.794565968070906,0.821527648687219,0.793490783759305,0.82173590109067,0.826039825369651,0.829483940587383,0.687132352941176,0.678266917293233,0.686096774193548,0.686137931034483,0.677275188916877,0.685032490974729,0.698757993384785,0.691932741116751,0.706105326876513,0.741333333333333,0.743093922651934,0.738721804511278
