"param_id","eir_equil","sig_het","ff","trial_duration","trial_PQ_eff_stratum_1","trial_PQ_eff_stratum_2","trial_PQ_prop_stratum_1","trial_PQ_prop_stratum_2","trial_PQ_proph","is_LLIN_distributed","is_IRS_administered","eff_cph_recurrent_LM","eff_cph_recurrent_PCR","eff_cph_any_relapse_LM","eff_cph_any_relapse_PCR","eff_cph_relapse_LM_trial","eff_cph_relapse_PCR_trial","eff_cph_relapse_LM_all","eff_cph_relapse_PCR_all","eff_incid_recurrent_PCR","eff_incid_recurrent_LM","eff_incid_recurrent_D","eff_incid_any_relapse_PCR","eff_incid_any_relapse_LM","eff_incid_any_relapse_D","eff_incid_relapse_PCR","eff_incid_relapse_LM","eff_incid_relapse_D","eff_risk_relapse_PCR","eff_risk_relapse_LM","eff_risk_relapse_D"
377,1,0,0.01538462,180,0.75,0,1,0,28,1,0,0.632677958586835,0.67394970253039,0.691927641589952,0.730888851497898,0.712731488054115,0.760865803781055,0.791677723877402,0.800161612394082,0.665322580645161,0.688679245283019,0.586776859504132,0.705918429929469,0.729910714285714,0.652173913043478,0.734375,0.75379017586416,0.679245283018868,0.661904761904762,0.713662790697674,0.7
378,1,0,0.01538462,180,0.75,0,1,0,28,1,0,0.633008746183013,0.692139320088387,0.669231832718153,0.734945286641189,0.697600687118552,0.744963253077748,0.754485888394119,0.778279350899013,0.64652738565782,0.629023746701847,0.623076923076923,0.680036188178528,0.66536312849162,0.631147540983607,0.704708960104644,0.690909090909091,0.669724770642202,0.629453681710214,0.655714285714286,0.693877551020408
379,1,0,0.01538462,180,0.75,0,1,0,28,1,0,0.683658587664896,0.706250862290051,0.708231138893899,0.736835859764369,0.73070423908141,0.746958624973122,0.746566880302612,0.789151356435357,0.670349538977368,0.65595935828877,0.597302325581395,0.700687555953447,0.682965753424658,0.619025423728814,0.723514360313316,0.695295497780596,0.602438775510204,0.631079478054567,0.647676161919041,0.615384615384615
