"param_id","eir_equil","sig_het","ff","trial_duration","trial_PQ_eff_stratum_1","trial_PQ_eff_stratum_2","trial_PQ_prop_stratum_1","trial_PQ_prop_stratum_2","trial_PQ_proph","is_LLIN_distributed","is_IRS_administered","eff_cph_recurrent_LM","eff_cph_recurrent_PCR","eff_cph_any_relapse_LM","eff_cph_any_relapse_PCR","eff_cph_relapse_LM_trial","eff_cph_relapse_PCR_trial","eff_cph_relapse_LM_all","eff_cph_relapse_PCR_all","eff_incid_recurrent_PCR","eff_incid_recurrent_LM","eff_incid_recurrent_D","eff_incid_any_relapse_PCR","eff_incid_any_relapse_LM","eff_incid_any_relapse_D","eff_incid_relapse_PCR","eff_incid_relapse_LM","eff_incid_relapse_D","eff_risk_relapse_PCR","eff_risk_relapse_LM","eff_risk_relapse_D"
1373,10,0,0.01538462,180,0.75,0,1,0,45,1,0,0.623491720025278,0.636377500907535,0.684995066705305,0.675611265115935,0.695168259824564,0.677050602898707,0.731221456396001,0.70443089635061,0.649491191653127,0.705621428989127,0.852000148296445,0.704155432705786,0.738842827278201,0.884730884730885,0.741102233100811,0.76712523334145,0.91675008341675,0.303733602421796,0.716180371352785,0.909090909090909
1374,10,0,0.01538462,180,0.75,0,1,0,45,1,0,0.680090081078528,0.587356222742623,0.703614908658025,0.635200234257102,0.761756505663965,0.667615497399072,0.765258347674579,0.69254764223011,0.655569089186629,0.758215962441315,0.846153846153846,0.706593157616494,0.779310344827586,0.833333333333333,0.740150586587288,0.810483870967742,0.869565217391304,0.265861027190332,0.732673267326733,0.863636363636364
1375,10,0,0.01538462,180,0.75,0,1,0,45,1,0,0.596428840177311,0.615838160721,0.622800357508575,0.669964650031209,0.60873802737872,0.677874820682747,0.776256957392912,0.654009997366368,0.647422343983941,0.797307478026593,0.791457915831663,0.698917976468159,0.810123008447835,0.78239086869391,0.732101052667735,0.832459410346116,0.749749498997996,0.262411347517731,0.754950495049505,0.736842105263158
