"param_id","eir_equil","sig_het","ff","trial_duration","trial_PQ_eff_stratum_1","trial_PQ_eff_stratum_2","trial_PQ_prop_stratum_1","trial_PQ_prop_stratum_2","trial_PQ_proph","is_LLIN_distributed","is_IRS_administered","eff_cph_recurrent_LM","eff_cph_recurrent_PCR","eff_cph_any_relapse_LM","eff_cph_any_relapse_PCR","eff_cph_relapse_LM_trial","eff_cph_relapse_PCR_trial","eff_cph_relapse_LM_all","eff_cph_relapse_PCR_all","eff_incid_recurrent_PCR","eff_incid_recurrent_LM","eff_incid_recurrent_D","eff_incid_any_relapse_PCR","eff_incid_any_relapse_LM","eff_incid_any_relapse_D","eff_incid_relapse_PCR","eff_incid_relapse_LM","eff_incid_relapse_D","eff_risk_relapse_PCR","eff_risk_relapse_LM","eff_risk_relapse_D"
1365,10,0,0.01538462,180,0.75,0,1,0,45,1,0,0.565320365477708,0.561688298646763,0.599308835127791,0.653668763221806,0.643309581620118,0.689668708002027,0.703488062052314,0.649328557047755,0.63366241502558,0.692667889908257,0.715142857142857,0.68979296146675,0.723393292682927,0.762619047619048,0.729323673215397,0.75075,0.8006,0.245667686034658,0.668463611859838,0.789473684210526
1366,10,0,0.01538462,180,0.75,0,1,0,45,1,0,0.599519210223668,0.588235617729841,0.620480546927632,0.661462150569565,0.664039548930321,0.686928095744036,0.737893922960315,0.702868744092125,0.653367269725528,0.73356401384083,0.736842105263158,0.707177252923641,0.75647171620326,0.705882352941176,0.744035087719298,0.77801724137931,0.692307692307692,0.294949494949495,0.72020725388601,0.666666666666667
1367,10,0,0.01538462,180,0.75,0,1,0,45,1,0,0.536379424949186,0.568183595023668,0.584967573776632,0.633640981961911,0.604220911154203,0.657148736410097,0.659379779989648,0.639395463307532,0.633372171706492,0.72252063213345,0.637454545454545,0.687350285580158,0.740760508308895,0.6012,0.718861153330353,0.776872270742358,0.626125,0.283975659229209,0.653846153846154,0.625
