"param_id","eir_equil","sig_het","ff","trial_duration","trial_PQ_eff_stratum_1","trial_PQ_eff_stratum_2","trial_PQ_prop_stratum_1","trial_PQ_prop_stratum_2","trial_PQ_proph","is_LLIN_distributed","is_IRS_administered","eff_cph_recurrent_LM","eff_cph_recurrent_PCR","eff_cph_any_relapse_LM","eff_cph_any_relapse_PCR","eff_cph_relapse_LM_trial","eff_cph_relapse_PCR_trial","eff_cph_relapse_LM_all","eff_cph_relapse_PCR_all","eff_incid_recurrent_PCR","eff_incid_recurrent_LM","eff_incid_recurrent_D","eff_incid_any_relapse_PCR","eff_incid_any_relapse_LM","eff_incid_any_relapse_D","eff_incid_relapse_PCR","eff_incid_relapse_LM","eff_incid_relapse_D","eff_risk_relapse_PCR","eff_risk_relapse_LM","eff_risk_relapse_D"
855,0.1,0,0.01538462,180,0.75,0,1,0,45,1,0,0.782916375739151,0.798272163145847,0.787288948251577,0.802898040254056,0.788066104338399,0.805751343673463,0.801396442056058,0.804938092547281,0.679299837045084,0.682896466212027,0.678766784452297,0.680254634678299,0.683774253731343,0.678428402366864,0.690381239714756,0.694107075767063,0.690047732696897,0.714092140921409,0.718706047819972,0.707602339181287
856,0.1,0,0.01538462,180,0.75,0,1,0,45,1,0,0.827641217043999,0.84652098187212,0.828545013037487,0.845526234756213,0.827578439583366,0.846943393289271,0.843897419441068,0.851590854700583,0.777680724693126,0.775525199254013,0.808922222715326,0.778749920072701,0.777046805133023,0.810154982568776,0.781599781599782,0.779819215144232,0.814400308837886,0.784636488340192,0.783236994219653,0.804573804573805
857,0.1,0,0.01538462,180,0.75,0,1,0,45,1,0,0.833132205914928,0.837184228667966,0.834177932957039,0.838863302860721,0.835589711076692,0.84058472189683,0.843501765693607,0.8438558994051,0.751731246070869,0.752268116469484,0.755421682340075,0.752140248356465,0.752895574702428,0.754824421491088,0.768835647162643,0.77042414988564,0.786192096155196,0.759408602150538,0.767085076708508,0.782868525896414
