"param_id","eir_equil","sig_het","ff","trial_duration","trial_PQ_eff_stratum_1","trial_PQ_eff_stratum_2","trial_PQ_prop_stratum_1","trial_PQ_prop_stratum_2","trial_PQ_proph","is_LLIN_distributed","is_IRS_administered","eff_cph_recurrent_LM","eff_cph_recurrent_PCR","eff_cph_any_relapse_LM","eff_cph_any_relapse_PCR","eff_cph_relapse_LM_trial","eff_cph_relapse_PCR_trial","eff_cph_relapse_LM_all","eff_cph_relapse_PCR_all","eff_incid_recurrent_PCR","eff_incid_recurrent_LM","eff_incid_recurrent_D","eff_incid_any_relapse_PCR","eff_incid_any_relapse_LM","eff_incid_any_relapse_D","eff_incid_relapse_PCR","eff_incid_relapse_LM","eff_incid_relapse_D","eff_risk_relapse_PCR","eff_risk_relapse_LM","eff_risk_relapse_D"
1402,100,0,0.01538462,180,0.75,0,1,0,45,1,0,0.263670652714412,0.338312516464045,0.517297809395239,0.531749622856692,0.626268665692088,0.549078613235615,0.726421860671379,0.581147259226569,0.450053217664815,0.623659217877095,0.565387096774194,0.594308943089431,0.71296662094193,0.58619512195122,0.736688570290721,0.820216172938351,0.727818181818182,0.125127161749746,0.688888888888889,0.666666666666667
1403,100,0,0.01538462,180,0.75,0,1,0,45,1,0,0.354833320195845,0.362898392116659,0.471517845725342,0.584569716643861,0.695795520219748,0.6094238885495,0.729128699248926,0.602678116995087,0.437851671816743,0.594418775316765,0.719719438877755,0.583585897165656,0.683817416492373,0.805360721442886,0.736732060254792,0.798088484661631,0.90466647580876,0.143434343434343,0.670854271356784,0.9
1404,100,0,0.01538462,180,0.75,0,1,0,45,1,0,0.403346812239611,0.315277344969933,0.513769449625951,0.527140110621029,0.670425470808769,0.51621916507911,0.713012103805627,0.54213248805806,0.435650713431383,0.60857867834612,0.489285203570918,0.574634419963433,0.700700700700701,0.390695042868956,0.713284266129795,0.817116321970691,0.785499785499785,0.120323559150657,0.670644391408115,0.769230769230769
