"param_id","eir_equil","sig_het","ff","trial_duration","trial_PQ_eff_stratum_1","trial_PQ_eff_stratum_2","trial_PQ_prop_stratum_1","trial_PQ_prop_stratum_2","trial_PQ_proph","is_LLIN_distributed","is_IRS_administered","eff_cph_recurrent_LM","eff_cph_recurrent_PCR","eff_cph_any_relapse_LM","eff_cph_any_relapse_PCR","eff_cph_relapse_LM_trial","eff_cph_relapse_PCR_trial","eff_cph_relapse_LM_all","eff_cph_relapse_PCR_all","eff_incid_recurrent_PCR","eff_incid_recurrent_LM","eff_incid_recurrent_D","eff_incid_any_relapse_PCR","eff_incid_any_relapse_LM","eff_incid_any_relapse_D","eff_incid_relapse_PCR","eff_incid_relapse_LM","eff_incid_relapse_D","eff_risk_relapse_PCR","eff_risk_relapse_LM","eff_risk_relapse_D"
1340,10,0,0.01538462,180,0.75,0,1,0,45,1,0,0.471679526671302,0.575529079924815,0.603573869060107,0.6208755282982,0.652563021057536,0.650622617194163,0.735682644885186,0.675334672068921,0.649138649624896,0.717699115044248,0.851851851851852,0.700759925558313,0.765702891326022,0.88,0.729043789097408,0.793669402110199,0.894736842105263,0.25050505050505,0.712401055408971,0.888888888888889
1341,10,0,0.01538462,180,0.75,0,1,0,45,1,0,0.6975465167629,0.623738217609996,0.731806717652822,0.653750021296457,0.760775398960206,0.689130591457352,0.757151974887649,0.707481349366873,0.659647337962321,0.767189523696661,1,0.713436550758574,0.791916458583125,1,0.750417198580323,0.805568642281556,1,0.289023162134945,0.734848484848485,1
1342,10,0,0.01538462,180,0.75,0,1,0,45,1,0,0.640863830956978,0.62657405570074,0.664520353137752,0.681405997402314,0.677202406064493,0.677229775195055,0.770302415257326,0.695793215271689,0.650077499015564,0.746113849320262,0.884384152921227,0.702931504033709,0.78782191248168,0.863363089815996,0.734703803298307,0.803235072065155,0.954454363271999,0.294236602628918,0.751269035532995,0.952380952380952
