"param_id","eir_equil","sig_het","ff","trial_duration","trial_PQ_eff_stratum_1","trial_PQ_eff_stratum_2","trial_PQ_prop_stratum_1","trial_PQ_prop_stratum_2","trial_PQ_proph","is_LLIN_distributed","is_IRS_administered","eff_cph_recurrent_LM","eff_cph_recurrent_PCR","eff_cph_any_relapse_LM","eff_cph_any_relapse_PCR","eff_cph_relapse_LM_trial","eff_cph_relapse_PCR_trial","eff_cph_relapse_LM_all","eff_cph_relapse_PCR_all","eff_incid_recurrent_PCR","eff_incid_recurrent_LM","eff_incid_recurrent_D","eff_incid_any_relapse_PCR","eff_incid_any_relapse_LM","eff_incid_any_relapse_D","eff_incid_relapse_PCR","eff_incid_relapse_LM","eff_incid_relapse_D","eff_risk_relapse_PCR","eff_risk_relapse_LM","eff_risk_relapse_D"
1319,10,0,0.01538462,180,0.75,0,1,0,45,1,0,0.647969816315228,0.576895534458889,0.703172507631675,0.657499061164153,0.725520935099706,0.671331699614168,0.717969417100146,0.680027817132018,0.656736484574016,0.75116495806151,0.96551724137931,0.715364050951407,0.789855072463768,0.962962962962963,0.756040177359515,0.81145584725537,0.954545454545455,0.311359026369168,0.7,0.954545454545455
132,0.1,0,0.01538462,180,0.75,0,1,0,28,1,0,0.800867774436499,0.840477061730206,0.800567194864992,0.837211152571539,0.802780400311106,0.840159636483955,0.835756510786848,0.840892084457728,0.734100749600482,0.731195369824653,0.717758379646074,0.733317817279066,0.730765248006627,0.716403077747616,0.746506765945211,0.743607673123092,0.734109109109109,0.765706806282722,0.765027322404372,0.749521988527725
1320,10,0,0.01538462,180,0.75,0,1,0,45,1,0,0.543345773018833,0.557478144333576,0.584565303465353,0.627170333586094,0.603350904703371,0.656222397797707,0.72608231742794,0.682393423833183,0.641156218619997,0.733447979363715,0.888888888888889,0.698250379483902,0.777033492822967,0.88,0.733314972918388,0.805494505494506,0.869565217391304,0.28774062816616,0.695090439276486,0.863636363636364
