"param_id","eir_equil","sig_het","ff","trial_duration","trial_PQ_eff_stratum_1","trial_PQ_eff_stratum_2","trial_PQ_prop_stratum_1","trial_PQ_prop_stratum_2","trial_PQ_proph","is_LLIN_distributed","is_IRS_administered","eff_cph_recurrent_LM","eff_cph_recurrent_PCR","eff_cph_any_relapse_LM","eff_cph_any_relapse_PCR","eff_cph_relapse_LM_trial","eff_cph_relapse_PCR_trial","eff_cph_relapse_LM_all","eff_cph_relapse_PCR_all","eff_incid_recurrent_PCR","eff_incid_recurrent_LM","eff_incid_recurrent_D","eff_incid_any_relapse_PCR","eff_incid_any_relapse_LM","eff_incid_any_relapse_D","eff_incid_relapse_PCR","eff_incid_relapse_LM","eff_incid_relapse_D","eff_risk_relapse_PCR","eff_risk_relapse_LM","eff_risk_relapse_D"
1492,100,0,0.01538462,180,0.75,0,1,0,45,1,0,0.388277925049438,0.30150793211325,0.527337708923884,0.530662381922197,0.700239876317562,0.492683713641766,0.721287636579345,0.560157335308564,0.428065357447799,0.603906614785992,0.667333333333333,0.569724550898204,0.681851992409867,0.724689655172414,0.716305959901126,0.789763530391341,0.928714285714286,0.132663316582915,0.672897196261682,0.923076923076923
1493,100,0,0.01538462,180,0.75,0,1,0,45,1,0,0.274667810060328,0.309968151792265,0.510263061330832,0.563771077104797,0.692858458152568,0.527908753988326,0.679161326228452,0.550471169824211,0.432452550754815,0.54681695966908,0.519711538461539,0.573642920201129,0.630727685325265,0.647411764705882,0.716153561896941,0.746744736842105,0.643214285714286,0.127291242362525,0.641646489104116,0.785714285714286
1494,100,0,0.01538462,180,0.75,0,1,0,45,1,0,0.294230501252771,0.369929555305204,0.387143151878467,0.56779211265693,0.58004125286026,0.55630633069406,0.715637809683908,0.565924842440601,0.449905142798544,0.551637768817204,0.493079365079365,0.586230105900151,0.627673175745118,0.535813953488372,0.725126544467074,0.763536936936937,0.654538461538462,0.118661257606491,0.675925925925926,0.75
