"param_id","eir_equil","sig_het","ff","trial_duration","trial_PQ_eff_stratum_1","trial_PQ_eff_stratum_2","trial_PQ_prop_stratum_1","trial_PQ_prop_stratum_2","trial_PQ_proph","is_LLIN_distributed","is_IRS_administered","eff_cph_recurrent_LM","eff_cph_recurrent_PCR","eff_cph_any_relapse_LM","eff_cph_any_relapse_PCR","eff_cph_relapse_LM_trial","eff_cph_relapse_PCR_trial","eff_cph_relapse_LM_all","eff_cph_relapse_PCR_all","eff_incid_recurrent_PCR","eff_incid_recurrent_LM","eff_incid_recurrent_D","eff_incid_any_relapse_PCR","eff_incid_any_relapse_LM","eff_incid_any_relapse_D","eff_incid_relapse_PCR","eff_incid_relapse_LM","eff_incid_relapse_D","eff_risk_relapse_PCR","eff_risk_relapse_LM","eff_risk_relapse_D"
752,100,0,0.01538462,180,0.75,0,1,0,28,1,0,0.256601877717636,0.190622584644287,0.414722639413774,0.565539035605601,0.665174422622491,0.623487767749565,0.725061093884806,0.564260215200727,0.364056896965122,0.580054286765877,0.491520354141118,0.514300496957637,0.673909638319747,0.645123580494322,0.716536999155928,0.834421824910468,0.896344412963859,0.145307769929364,0.674074074074074,0.896551724137931
753,100,0,0.01538462,180,0.75,0,1,0,28,1,0,0.365705490082866,0.206953841574922,0.408960841335048,0.532186431623491,0.641251171139579,0.609951202642487,0.685086666510574,0.570861912930027,0.367545454545455,0.52156517571885,0.596894736842105,0.51276828900776,0.603764265668849,0.63925,0.714290208602297,0.777383822363204,0.682136363636364,0.130784708249497,0.641083521444695,0.681818181818182
754,100,0,0.01538462,180,0.75,0,1,0,28,1,0,0.304082754182049,0.277994920561235,0.487641566675558,0.577115876543153,0.628207521015941,0.657620404244721,0.712959204459986,0.575489297595584,0.367616262122323,0.530458293344891,0.67967967967968,0.521533394708577,0.624139643519489,0.75975975975976,0.727862022496967,0.801225981101315,0.83983983983984,0.141987829614604,0.678571428571429,0.80952380952381
