"param_id","eir_equil","sig_het","ff","trial_duration","trial_PQ_eff_stratum_1","trial_PQ_eff_stratum_2","trial_PQ_prop_stratum_1","trial_PQ_prop_stratum_2","trial_PQ_proph","is_LLIN_distributed","is_IRS_administered","eff_cph_recurrent_LM","eff_cph_recurrent_PCR","eff_cph_any_relapse_LM","eff_cph_any_relapse_PCR","eff_cph_relapse_LM_trial","eff_cph_relapse_PCR_trial","eff_cph_relapse_LM_all","eff_cph_relapse_PCR_all","eff_incid_recurrent_PCR","eff_incid_recurrent_LM","eff_incid_recurrent_D","eff_incid_any_relapse_PCR","eff_incid_any_relapse_LM","eff_incid_any_relapse_D","eff_incid_relapse_PCR","eff_incid_relapse_LM","eff_incid_relapse_D","eff_risk_relapse_PCR","eff_risk_relapse_LM","eff_risk_relapse_D"
136,0.1,0,0.01538462,180,0.75,0,1,0,28,1,0,0.812457846859716,0.816966324230743,0.816241413844463,0.817755974550807,0.818030947128452,0.821033074697079,0.824938666531818,0.828107846451627,0.719621251972646,0.728102189781022,0.744827586206897,0.721545791424034,0.730440097799511,0.746543778801843,0.734116390816871,0.743526510480888,0.762456546929316,0.738064516129032,0.744594594594595,0.767578125
1360,10,0,0.01538462,180,0.75,0,1,0,45,1,0,0.605506237977814,0.5811185181234,0.63659189879253,0.661377833570362,0.665924904197047,0.659846321447343,0.724157330419666,0.678544615984853,0.64688622528075,0.734777246801295,0.799799599198397,0.702743590938586,0.759797798273411,0.759759519038076,0.738857515507752,0.776105957844027,0.738869042432691,0.252032520325203,0.693506493506494,0.739130434782609
1361,10,0,0.01538462,180,0.75,0,1,0,45,1,0,0.644933502883534,0.589060350534712,0.716822095577367,0.639179790511092,0.754356931458588,0.658264680844112,0.702831085266597,0.676592034075682,0.648883800880088,0.697666958808063,0.446111111111111,0.70326746583187,0.7225146484375,0.52144,0.734882106366256,0.725711187214612,0.739913043478261,0.262411347517731,0.666666666666667,0.739130434782609
