"param_id","eir_equil","sig_het","ff","trial_duration","trial_PQ_eff_stratum_1","trial_PQ_eff_stratum_2","trial_PQ_prop_stratum_1","trial_PQ_prop_stratum_2","trial_PQ_proph","is_LLIN_distributed","is_IRS_administered","eff_cph_recurrent_LM","eff_cph_recurrent_PCR","eff_cph_any_relapse_LM","eff_cph_any_relapse_PCR","eff_cph_relapse_LM_trial","eff_cph_relapse_PCR_trial","eff_cph_relapse_LM_all","eff_cph_relapse_PCR_all","eff_incid_recurrent_PCR","eff_incid_recurrent_LM","eff_incid_recurrent_D","eff_incid_any_relapse_PCR","eff_incid_any_relapse_LM","eff_incid_any_relapse_D","eff_incid_relapse_PCR","eff_incid_relapse_LM","eff_incid_relapse_D","eff_risk_relapse_PCR","eff_risk_relapse_LM","eff_risk_relapse_D"
1421,100,0,0.01538462,180,0.75,0,1,0,45,1,0,0.466414575393073,0.378851511579093,0.533733537738455,0.581298210589307,0.679209511081356,0.59917256390461,0.741735538577472,0.570831751555919,0.44095405028654,0.61533122229259,0.724913043478261,0.581508714638314,0.677573933649289,0.804117647058824,0.716726277877822,0.801403614457831,0.892964285714286,0.136226034308779,0.705188679245283,0.88
1422,100,0,0.01538462,180,0.75,0,1,0,45,1,0,0.56126326492236,0.352178012898406,0.71587078897352,0.559445483082536,0.806429029248641,0.54935393294314,0.762325283272197,0.549686800703516,0.444696364658963,0.684104809976247,0.787098360655738,0.584535584044513,0.738608179419525,0.809714285714286,0.714464468215575,0.820369085173502,1,0.129423660262892,0.709382151029748,1
1423,100,0,0.01538462,180,0.75,0,1,0,45,1,0,0.425421270692707,0.378947761775205,0.601055358958491,0.581711869132505,0.678784013149505,0.563799956464544,0.749341272086304,0.583914585924979,0.451551072700684,0.651147406758379,0.562062062062062,0.590878347084252,0.734168130394546,0.823352764529235,0.725183868748888,0.819096204638373,0.721944166388611,0.149043303121853,0.71021377672209,0.705882352941176
