"param_id","eir_equil","sig_het","ff","trial_duration","trial_PQ_eff_stratum_1","trial_PQ_eff_stratum_2","trial_PQ_prop_stratum_1","trial_PQ_prop_stratum_2","trial_PQ_proph","is_LLIN_distributed","is_IRS_administered","eff_cph_recurrent_LM","eff_cph_recurrent_PCR","eff_cph_any_relapse_LM","eff_cph_any_relapse_PCR","eff_cph_relapse_LM_trial","eff_cph_relapse_PCR_trial","eff_cph_relapse_LM_all","eff_cph_relapse_PCR_all","eff_incid_recurrent_PCR","eff_incid_recurrent_LM","eff_incid_recurrent_D","eff_incid_any_relapse_PCR","eff_incid_any_relapse_LM","eff_incid_any_relapse_D","eff_incid_relapse_PCR","eff_incid_relapse_LM","eff_incid_relapse_D","eff_risk_relapse_PCR","eff_risk_relapse_LM","eff_risk_relapse_D"
747,100,0,0.01538462,180,0.75,0,1,0,28,1,0,0.425706995331261,0.22857858697963,0.569934280655362,0.568690834985483,0.737332493123168,0.643175520535525,0.704467005685443,0.566966015063003,0.362209196454727,0.538580112981869,0.553124105353564,0.511272135759263,0.622589190208905,0.657551945997258,0.711279712054608,0.797891276487116,0.86193075806786,0.141260162601626,0.650124069478908,0.862068965517241
748,100,0,0.01538462,180,0.75,0,1,0,28,1,0,0.434600385474272,0.268554387794834,0.528229856466467,0.57078892908838,0.69610887450204,0.660487867185741,0.717793289880976,0.581790320903845,0.368478064632605,0.57444733420026,0.684210526315789,0.520045688178184,0.641695416461311,0.685185185185185,0.729553712209502,0.80364900086881,0.757575757575758,0.149646107178969,0.671462829736211,0.724137931034483
749,100,0,0.01538462,180,0.75,0,1,0,28,1,0,0.395345707177777,0.246166642379975,0.591686520681204,0.561611534686969,0.712441739008356,0.670320063172786,0.69740299549834,0.5736952615615,0.370571791613723,0.519023462270133,0.5625,0.521272618513534,0.622098421541319,0.708333333333333,0.724119314347415,0.775543041029767,0.730769230769231,0.15625,0.654545454545455,0.65
