"param_id","eir_equil","sig_het","ff","trial_duration","trial_PQ_eff_stratum_1","trial_PQ_eff_stratum_2","trial_PQ_prop_stratum_1","trial_PQ_prop_stratum_2","trial_PQ_proph","is_LLIN_distributed","is_IRS_administered","eff_cph_recurrent_LM","eff_cph_recurrent_PCR","eff_cph_any_relapse_LM","eff_cph_any_relapse_PCR","eff_cph_relapse_LM_trial","eff_cph_relapse_PCR_trial","eff_cph_relapse_LM_all","eff_cph_relapse_PCR_all","eff_incid_recurrent_PCR","eff_incid_recurrent_LM","eff_incid_recurrent_D","eff_incid_any_relapse_PCR","eff_incid_any_relapse_LM","eff_incid_any_relapse_D","eff_incid_relapse_PCR","eff_incid_relapse_LM","eff_incid_relapse_D","eff_risk_relapse_PCR","eff_risk_relapse_LM","eff_risk_relapse_D"
730,100,0,0.01538462,180,0.75,0,1,0,28,1,0,0.363315169160669,0.229620002824989,0.43267467653709,0.54175183477951,0.64490410825007,0.614647669638738,0.708038950800163,0.542493469109958,0.37806974774821,0.579701492537313,0.60655737704918,0.518503118503118,0.643048128342246,0.575,0.706310844849888,0.795094936708861,0.681818181818182,0.119838872104733,0.668903803131991,0.65
731,100,0,0.01538462,180,0.75,0,1,0,28,1,0,0.459579710437633,0.243502904222403,0.59922517226551,0.5421057923175,0.701870931111255,0.650547394547356,0.746266526344941,0.563545291083955,0.364298505922122,0.571116335877863,0.515636363636364,0.515494087325652,0.657330308529946,0.628279069767442,0.719503680981595,0.800855619360131,0.821607142857143,0.135490394337715,0.703463203463203,0.821428571428571
732,100,0,0.01538462,180,0.75,0,1,0,28,1,0,0.409492836283008,0.311259437577044,0.483283568890504,0.567776438854796,0.633336020209464,0.631935532012635,0.732221814048864,0.581454686756288,0.369661794310153,0.574467039169311,0.425655163360081,0.519385295165265,0.638852703897159,0.474474474474474,0.726925233440002,0.812056954914098,0.5995995995996,0.142137096774194,0.685968819599109,0.583333333333333
