"param_id","eir_equil","sig_het","ff","trial_duration","trial_PQ_eff_stratum_1","trial_PQ_eff_stratum_2","trial_PQ_prop_stratum_1","trial_PQ_prop_stratum_2","trial_PQ_proph","is_LLIN_distributed","is_IRS_administered","eff_cph_recurrent_LM","eff_cph_recurrent_PCR","eff_cph_any_relapse_LM","eff_cph_any_relapse_PCR","eff_cph_relapse_LM_trial","eff_cph_relapse_PCR_trial","eff_cph_relapse_LM_all","eff_cph_relapse_PCR_all","eff_incid_recurrent_PCR","eff_incid_recurrent_LM","eff_incid_recurrent_D","eff_incid_any_relapse_PCR","eff_incid_any_relapse_LM","eff_incid_any_relapse_D","eff_incid_relapse_PCR","eff_incid_relapse_LM","eff_incid_relapse_D","eff_risk_relapse_PCR","eff_risk_relapse_LM","eff_risk_relapse_D"
903,0.1,0,0.01538462,180,1,0,0.75,0.25,45,1,0,0.795170435775163,0.833393191457342,0.798114242997103,0.832988047573928,0.799112055765528,0.833609931948393,0.823748624824409,0.839208086042187,0.719906822710561,0.709802347334481,0.729021521521521,0.719948203050696,0.710322620354983,0.730408845162944,0.727596577540586,0.719888515966947,0.742316649559343,0.759890859481583,0.750728862973761,0.752083333333333
904,0.1,0,0.01538462,180,1,0,0.75,0.25,45,1,0,0.843438585814643,0.850081430132556,0.847705097572837,0.852081729649696,0.851856167710377,0.854986771393351,0.848726312275993,0.857093697694197,0.745483597883598,0.737237023139462,0.752910628019324,0.749044031830239,0.740494987468672,0.757438935912938,0.765082890541977,0.758326223337516,0.786142857142857,0.772,0.772532188841202,0.801603206412826
905,0.1,0,0.01538462,180,1,0,0.75,0.25,45,1,0,0.843824316808954,0.842003779905954,0.844550738934285,0.840999254628297,0.844123886782077,0.843362730869584,0.837142406509682,0.841251214554249,0.755669648142766,0.758443306830404,0.768018307995133,0.757185602674528,0.760508171723125,0.769268686614437,0.7698785742264,0.773866482251964,0.785082632223822,0.762295081967213,0.765714285714286,0.786792452830189
