"param_id","eir_equil","sig_het","ff","trial_duration","trial_PQ_eff_stratum_1","trial_PQ_eff_stratum_2","trial_PQ_prop_stratum_1","trial_PQ_prop_stratum_2","trial_PQ_proph","is_LLIN_distributed","is_IRS_administered","eff_cph_recurrent_LM","eff_cph_recurrent_PCR","eff_cph_any_relapse_LM","eff_cph_any_relapse_PCR","eff_cph_relapse_LM_trial","eff_cph_relapse_PCR_trial","eff_cph_relapse_LM_all","eff_cph_relapse_PCR_all","eff_incid_recurrent_PCR","eff_incid_recurrent_LM","eff_incid_recurrent_D","eff_incid_any_relapse_PCR","eff_incid_any_relapse_LM","eff_incid_any_relapse_D","eff_incid_relapse_PCR","eff_incid_relapse_LM","eff_incid_relapse_D","eff_risk_relapse_PCR","eff_risk_relapse_LM","eff_risk_relapse_D"
1319,10,0,0.01538462,180,1,0,0.75,0.25,45,1,0,0.592724777661958,0.731357242806417,0.641366050021703,0.795718499113356,0.692929517741663,0.840496259307483,0.832548170970432,0.91776380836557,0.694310794834854,0.768470103809743,0.768999768999769,0.747016433909638,0.80580392951527,0.791458124791458,0.781883389439757,0.82793604415226,0.84984984984985,0.761088709677419,0.820448877805486,0.85
132,0.1,0,0.01538462,180,1,0,0.75,0.25,28,1,0,0.790317466003726,0.803362004491046,0.799971460186356,0.808518279337543,0.800573965991778,0.8092790379701,0.802164358257542,0.812632787581922,0.657144564598748,0.648856478405316,0.65319689119171,0.662245573957738,0.654781854569713,0.658750977835724,0.678851894374283,0.671469798657718,0.684043307086614,0.718918918918919,0.716524216524216,0.731707317073171
1320,10,0,0.01538462,180,1,0,0.75,0.25,45,1,0,0.597580968192857,0.701009783399423,0.65250873544799,0.78175899520988,0.673313426684728,0.813354772170969,0.796029940187675,0.908553780283456,0.669552789050141,0.761976149914821,0.742451612903226,0.725303575530204,0.803625475285171,0.741259259259259,0.761303818678896,0.823381663113006,0.731307692307692,0.760406091370558,0.805555555555556,0.730769230769231
