"param_id","eir_equil","sig_het","ff","trial_duration","trial_PQ_eff_stratum_1","trial_PQ_eff_stratum_2","trial_PQ_prop_stratum_1","trial_PQ_prop_stratum_2","trial_PQ_proph","is_LLIN_distributed","is_IRS_administered","eff_cph_recurrent_LM","eff_cph_recurrent_PCR","eff_cph_any_relapse_LM","eff_cph_any_relapse_PCR","eff_cph_relapse_LM_trial","eff_cph_relapse_PCR_trial","eff_cph_relapse_LM_all","eff_cph_relapse_PCR_all","eff_incid_recurrent_PCR","eff_incid_recurrent_LM","eff_incid_recurrent_D","eff_incid_any_relapse_PCR","eff_incid_any_relapse_LM","eff_incid_any_relapse_D","eff_incid_relapse_PCR","eff_incid_relapse_LM","eff_incid_relapse_D","eff_risk_relapse_PCR","eff_risk_relapse_LM","eff_risk_relapse_D"
582,10,0,0.01538462,180,1,0,0.75,0.25,28,1,0,0.578431159696855,0.669516465726222,0.684657066159414,0.769583793826214,0.740341841324461,0.83468818292645,0.814745014360605,0.918573235841332,0.673589625413438,0.729757305514881,0.863499863499864,0.736256800561062,0.771771771771772,0.856999856999857,0.7931427248976,0.792266610966725,0.894631473578842,0.768378650553877,0.813333333333333,0.888888888888889
583,10,0,0.01538462,180,1,0,0.75,0.25,28,1,0,0.586858646431801,0.675235153094435,0.6484875122675,0.780497700943528,0.708079019708444,0.854748411342282,0.838262943910821,0.929785925297894,0.680886197880831,0.748117154811715,0.476190476190476,0.740212977859496,0.781368821292776,0.444444444444444,0.800721132706007,0.813800657174151,0.6875,0.784056508577195,0.816537467700258,0.666666666666667
584,10,0,0.01538462,180,1,0,0.75,0.25,28,1,0,0.553390943124216,0.666437564922064,0.663617664282183,0.764280014998313,0.678507871755422,0.832000303108644,0.79917657490171,0.914865592971222,0.653184757188059,0.718498659517426,0.823529411764706,0.719504738612045,0.754735792622134,0.866666666666667,0.78169877408056,0.789896670493685,0.857142857142857,0.761616161616162,0.803191489361702,0.857142857142857
