"param_id","eir_equil","sig_het","ff","trial_duration","trial_PQ_eff_stratum_1","trial_PQ_eff_stratum_2","trial_PQ_prop_stratum_1","trial_PQ_prop_stratum_2","trial_PQ_proph","is_LLIN_distributed","is_IRS_administered","eff_cph_recurrent_LM","eff_cph_recurrent_PCR","eff_cph_any_relapse_LM","eff_cph_any_relapse_PCR","eff_cph_relapse_LM_trial","eff_cph_relapse_PCR_trial","eff_cph_relapse_LM_all","eff_cph_relapse_PCR_all","eff_incid_recurrent_PCR","eff_incid_recurrent_LM","eff_incid_recurrent_D","eff_incid_any_relapse_PCR","eff_incid_any_relapse_LM","eff_incid_any_relapse_D","eff_incid_relapse_PCR","eff_incid_relapse_LM","eff_incid_relapse_D","eff_risk_relapse_PCR","eff_risk_relapse_LM","eff_risk_relapse_D"
1479,100,0,0.01538462,180,1,0,0.75,0.25,45,1,0,0.413694590485641,0.391278875853741,0.544867711985621,0.636344775414658,0.684940067023941,0.730382727193322,0.846360443723928,0.919525850347588,0.454972170210583,0.624402676011469,0.459016393442623,0.610330050372152,0.701035781544256,0.565217391304348,0.775262732417138,0.853497942386831,0.896551724137931,0.776315789473684,0.833333333333333,0.892857142857143
148,0.1,0,0.01538462,180,1,0,0.75,0.25,28,1,0,0.826297950536859,0.853012497926895,0.832727575431837,0.855647776268106,0.835036881930015,0.858497191999111,0.846841998146352,0.854722168178274,0.754756871035941,0.742751388032079,0.739077669902913,0.757688229056204,0.746130030959752,0.743620899149453,0.76968085106383,0.759006211180124,0.760048721071864,0.779100529100529,0.778242677824268,0.781312127236581
1480,100,0,0.01538462,180,1,0,0.75,0.25,45,1,0,0.400926842347943,0.370054240703472,0.433198774989955,0.635403226331848,0.609879962791868,0.701606077270265,0.789891133483426,0.905644593297008,0.447365738056199,0.539791971434726,0.506716871927257,0.59489465216296,0.623565670168142,0.623871614844534,0.759859829688693,0.756474664167174,0.736050256031252,0.745216515609265,0.786542923433875,0.722222222222222
