"param_id","eir_equil","sig_het","ff","trial_duration","trial_PQ_eff_stratum_1","trial_PQ_eff_stratum_2","trial_PQ_prop_stratum_1","trial_PQ_prop_stratum_2","trial_PQ_proph","is_LLIN_distributed","is_IRS_administered","eff_cph_recurrent_LM","eff_cph_recurrent_PCR","eff_cph_any_relapse_LM","eff_cph_any_relapse_PCR","eff_cph_relapse_LM_trial","eff_cph_relapse_PCR_trial","eff_cph_relapse_LM_all","eff_cph_relapse_PCR_all","eff_incid_recurrent_PCR","eff_incid_recurrent_LM","eff_incid_recurrent_D","eff_incid_any_relapse_PCR","eff_incid_any_relapse_LM","eff_incid_any_relapse_D","eff_incid_relapse_PCR","eff_incid_relapse_LM","eff_incid_relapse_D","eff_risk_relapse_PCR","eff_risk_relapse_LM","eff_risk_relapse_D"
352,1,0,0.01538462,180,1,0,0.75,0.25,28,1,0,0.752849760611996,0.741962942228022,0.787813999105869,0.790880878608204,0.833185465399581,0.825127044357311,0.82298065121873,0.848958193837549,0.674206492335437,0.70084,0.751926174496644,0.711478978007762,0.733638856476079,0.773948905109489,0.747965165376495,0.764380801017165,0.870358778625954,0.743712574850299,0.75,0.87037037037037
353,1,0,0.01538462,180,1,0,0.75,0.25,28,1,0,0.709404751658493,0.752200859057538,0.766073529261924,0.801678598629042,0.779790497659514,0.830241998253344,0.822139164089341,0.857158357574221,0.68243018920543,0.683680831108867,0.732530120481928,0.719180150681883,0.71836869772082,0.790738493542515,0.751414881427728,0.747780596068484,0.804290332059947,0.760580411124547,0.753731343283582,0.792452830188679
354,1,0,0.01538462,180,1,0,0.75,0.25,28,1,0,0.640767141457107,0.689559853113549,0.691255006716393,0.737799272483933,0.734686662445521,0.765235359135433,0.810434650563234,0.840932907298081,0.657226890780467,0.639703978214958,0.572299572299572,0.688604710037656,0.68136990384566,0.620980203504475,0.723403243828352,0.719006475763233,0.721370855391474,0.733096085409253,0.737068965517241,0.732558139534884
