"param_id","eir_equil","sig_het","ff","trial_duration","trial_PQ_eff_stratum_1","trial_PQ_eff_stratum_2","trial_PQ_prop_stratum_1","trial_PQ_prop_stratum_2","trial_PQ_proph","is_LLIN_distributed","is_IRS_administered","eff_cph_recurrent_LM","eff_cph_recurrent_PCR","eff_cph_any_relapse_LM","eff_cph_any_relapse_PCR","eff_cph_relapse_LM_trial","eff_cph_relapse_PCR_trial","eff_cph_relapse_LM_all","eff_cph_relapse_PCR_all","eff_incid_recurrent_PCR","eff_incid_recurrent_LM","eff_incid_recurrent_D","eff_incid_any_relapse_PCR","eff_incid_any_relapse_LM","eff_incid_any_relapse_D","eff_incid_relapse_PCR","eff_incid_relapse_LM","eff_incid_relapse_D","eff_risk_relapse_PCR","eff_risk_relapse_LM","eff_risk_relapse_D"
774,100,0,0.01538462,180,1,0,0.75,0.25,28,1,0,0.449615004412506,0.318260426976627,0.565796392245284,0.634267870776061,0.809984081791359,0.789450160398985,0.843465589774361,0.917095438960386,0.393978985318789,0.565259551360786,0.736314734732623,0.54868919956339,0.668226400394882,0.736314734732623,0.773259537852119,0.821655348530251,0.888666221331552,0.760364004044489,0.824833702882483,0.888888888888889
775,100,0,0.01538462,180,1,0,0.75,0.25,28,1,0,0.288661643415413,0.242265990521973,0.384390088013911,0.608706859672034,0.748185452123753,0.763777838773876,0.80570304738938,0.908519717672295,0.377188014827018,0.564952844539093,0.559322033898305,0.537994151824707,0.640055376095985,0.631578947368421,0.763258611262985,0.795180722891566,0.761904761904762,0.755040322580645,0.798206278026906,0.8
776,100,0,0.01538462,180,1,0,0.75,0.25,28,1,0,0.361124064613159,0.340107992152906,0.485984511244525,0.656847874642057,0.70527023649662,0.812800699034042,0.835815995302673,0.915700969730707,0.397925101214575,0.55858310626703,0.431372549019608,0.551776915036583,0.64920993227991,0.641025641025641,0.774926686217009,0.807692307692308,0.722222222222222,0.754812563323202,0.808463251670379,0.705882352941176
