"param_id","eir_equil","sig_het","ff","trial_duration","trial_PQ_eff_stratum_1","trial_PQ_eff_stratum_2","trial_PQ_prop_stratum_1","trial_PQ_prop_stratum_2","trial_PQ_proph","is_LLIN_distributed","is_IRS_administered","eff_cph_recurrent_LM","eff_cph_recurrent_PCR","eff_cph_any_relapse_LM","eff_cph_any_relapse_PCR","eff_cph_relapse_LM_trial","eff_cph_relapse_PCR_trial","eff_cph_relapse_LM_all","eff_cph_relapse_PCR_all","eff_incid_recurrent_PCR","eff_incid_recurrent_LM","eff_incid_recurrent_D","eff_incid_any_relapse_PCR","eff_incid_any_relapse_LM","eff_incid_any_relapse_D","eff_incid_relapse_PCR","eff_incid_relapse_LM","eff_incid_relapse_D","eff_risk_relapse_PCR","eff_risk_relapse_LM","eff_risk_relapse_D"
593,10,0,0.01538462,180,1,0,0.75,0.25,28,1,0,0.441247688491145,0.645566006979665,0.483315731922935,0.757186290537853,0.538302262160815,0.818585372188457,0.737029409568853,0.906591751632391,0.640058868876586,0.660731021555764,0.4375,0.702419984387197,0.693581780538302,0.357142857142857,0.758132449144189,0.730083234244947,0.181818181818182,0.753036437246964,0.728323699421965,0.181818181818182
594,10,0,0.01538462,180,1,0,0.75,0.25,28,1,0,0.473296022733076,0.646886256253996,0.567472867695169,0.741475776778796,0.643991032986412,0.811308546054538,0.758813219314545,0.908835333082899,0.646367886699775,0.643930718580017,0.576075227377833,0.711106114064833,0.688198148562987,0.58249832999332,0.774021400918317,0.737652929850474,0.599198396793587,0.755825734549139,0.756446991404012,0.611111111111111
595,10,0,0.01538462,180,1,0,0.75,0.25,28,1,0,0.662771409330171,0.678958553959221,0.716268397875165,0.776699387774102,0.779442266556234,0.848848928446941,0.792599541699036,0.914525337259301,0.662890495933368,0.718249718249718,0.740481221962703,0.723082621813843,0.747262172709489,0.761666428333095,0.774578289924471,0.77655220045299,0.856999856999857,0.768378650553877,0.784974093264249,0.842105263157895
