"param_id","eir_equil","sig_het","ff","trial_duration","trial_PQ_eff_stratum_1","trial_PQ_eff_stratum_2","trial_PQ_prop_stratum_1","trial_PQ_prop_stratum_2","trial_PQ_proph","is_LLIN_distributed","is_IRS_administered","eff_cph_recurrent_LM","eff_cph_recurrent_PCR","eff_cph_any_relapse_LM","eff_cph_any_relapse_PCR","eff_cph_relapse_LM_trial","eff_cph_relapse_PCR_trial","eff_cph_relapse_LM_all","eff_cph_relapse_PCR_all","eff_incid_recurrent_PCR","eff_incid_recurrent_LM","eff_incid_recurrent_D","eff_incid_any_relapse_PCR","eff_incid_any_relapse_LM","eff_incid_any_relapse_D","eff_incid_relapse_PCR","eff_incid_relapse_LM","eff_incid_relapse_D","eff_risk_relapse_PCR","eff_risk_relapse_LM","eff_risk_relapse_D"
509,10,0,0.01538462,180,1,0,0.75,0.25,28,1,0,0.650418326564839,0.667846378920719,0.687397881466463,0.753747656210391,0.77129444969151,0.829018583453669,0.827808902154476,0.90872109055005,0.642682368997993,0.766226599943498,0.707748830995324,0.70647131730076,0.798303902356884,0.695042258429903,0.767562927766915,0.833350912351018,0.76142761713904,0.748230535894843,0.816176470588235,0.761904761904762
51,0.1,0,0.01538462,180,1,0,0.75,0.25,28,1,0,0.784852941906511,0.826189927340181,0.791553637302817,0.827468783607425,0.792349816478876,0.830437005632014,0.830347381213019,0.837898438313054,0.718316300651095,0.720273881095524,0.723428757968426,0.720189208369938,0.721997694673356,0.725587538713791,0.728721919582514,0.729560857202136,0.739501808634373,0.753585397653194,0.75515818431912,0.739047619047619
510,10,0,0.01538462,180,1,0,0.75,0.25,28,1,0,0.535371586558013,0.622912872488977,0.535329980555944,0.733798214209357,0.658899664209494,0.815455618203693,0.789300708660542,0.899231672709844,0.639480891270625,0.727232558139535,0.625375,0.705176024990238,0.757154432793136,0.571857142857143,0.759917741935484,0.793087378640777,0.545909090909091,0.742362525458248,0.781491002570694,0.5
