"param_id","eir_equil","sig_het","ff","trial_duration","trial_PQ_eff_stratum_1","trial_PQ_eff_stratum_2","trial_PQ_prop_stratum_1","trial_PQ_prop_stratum_2","trial_PQ_proph","is_LLIN_distributed","is_IRS_administered","eff_cph_recurrent_LM","eff_cph_recurrent_PCR","eff_cph_any_relapse_LM","eff_cph_any_relapse_PCR","eff_cph_relapse_LM_trial","eff_cph_relapse_PCR_trial","eff_cph_relapse_LM_all","eff_cph_relapse_PCR_all","eff_incid_recurrent_PCR","eff_incid_recurrent_LM","eff_incid_recurrent_D","eff_incid_any_relapse_PCR","eff_incid_any_relapse_LM","eff_incid_any_relapse_D","eff_incid_relapse_PCR","eff_incid_relapse_LM","eff_incid_relapse_D","eff_risk_relapse_PCR","eff_risk_relapse_LM","eff_risk_relapse_D"
171,0.1,0,0.01538462,180,1,0,0.75,0.25,28,1,0,0.810902035265769,0.835312725513569,0.819133350142001,0.838214651205236,0.821523858166989,0.841987352826494,0.843802723725324,0.846454056251524,0.744700255811367,0.745091385431604,0.762810763980355,0.749187485357698,0.749335416002083,0.767565450291655,0.757721396610285,0.759284729241811,0.779044927280221,0.766710353866317,0.773351648351648,0.784883720930233
172,0.1,0,0.01538462,180,1,0,0.75,0.25,28,1,0,0.791396244725745,0.817936167722926,0.801162487248336,0.823232419160262,0.803393761658956,0.826741355602197,0.82431311586926,0.83244172515786,0.691128622349708,0.688549469817045,0.686235629153043,0.694453737296311,0.691951318367071,0.689465888298336,0.718722230600888,0.717666101433637,0.724960534276099,0.749009247027741,0.747222222222222,0.741312741312741
173,0.1,0,0.01538462,180,1,0,0.75,0.25,28,1,0,0.808935495412569,0.827733875593482,0.818710823797023,0.834053922770527,0.819566979221166,0.835363408769566,0.833359396560332,0.838825863816421,0.728800821982949,0.729464943115335,0.738607650082774,0.733118549699079,0.734088200526505,0.744192956704937,0.739167676542158,0.741280860627695,0.752301022626909,0.757180156657963,0.759183673469388,0.755834829443447
