"param_id","eir_equil","sig_het","ff","trial_duration","trial_PQ_eff_stratum_1","trial_PQ_eff_stratum_2","trial_PQ_prop_stratum_1","trial_PQ_prop_stratum_2","trial_PQ_proph","is_LLIN_distributed","is_IRS_administered","eff_cph_recurrent_LM","eff_cph_recurrent_PCR","eff_cph_any_relapse_LM","eff_cph_any_relapse_PCR","eff_cph_relapse_LM_trial","eff_cph_relapse_PCR_trial","eff_cph_relapse_LM_all","eff_cph_relapse_PCR_all","eff_incid_recurrent_PCR","eff_incid_recurrent_LM","eff_incid_recurrent_D","eff_incid_any_relapse_PCR","eff_incid_any_relapse_LM","eff_incid_any_relapse_D","eff_incid_relapse_PCR","eff_incid_relapse_LM","eff_incid_relapse_D","eff_risk_relapse_PCR","eff_risk_relapse_LM","eff_risk_relapse_D"
747,100,0,0.01538462,180,1,0,0.75,0.25,28,1,0,0.311650031523126,0.256369003306749,0.426070679847933,0.616983245311016,0.645636734032802,0.765817630675907,0.827265137301816,0.913928706793541,0.377958056711188,0.515234297842994,0.418773612321999,0.542366794275191,0.58227948049831,0.604255418208907,0.765775967401088,0.771685818197446,0.833166499833166,0.758064516129032,0.810502283105023,0.833333333333333
748,100,0,0.01538462,180,1,0,0.75,0.25,28,1,0,0.328354459915407,0.24901634717538,0.535286350358543,0.656474277201354,0.715000066774843,0.766737077368935,0.813982967932065,0.91304220087866,0.380471819619479,0.546562979658912,0.714648065948003,0.543161729063683,0.631924101324883,0.780371485943775,0.77032623049709,0.819162550773592,0.849397590361446,0.75882946518668,0.793503480278422,0.833333333333333
749,100,0,0.01538462,180,1,0,0.75,0.25,28,1,0,0.317932153221491,0.224562120763364,0.368893835058712,0.643285578474061,0.587583218434052,0.760929353368328,0.802366703299122,0.908379875265617,0.388397388344088,0.542125,0.757385714285714,0.546397158856026,0.631398309298856,0.775734693877551,0.773430992736077,0.82931222896791,0.928642857142857,0.761375126390293,0.807317073170732,0.916666666666667
