"param_id","eir_equil","sig_het","ff","trial_duration","trial_PQ_eff_stratum_1","trial_PQ_eff_stratum_2","trial_PQ_prop_stratum_1","trial_PQ_prop_stratum_2","trial_PQ_proph","is_LLIN_distributed","is_IRS_administered","eff_cph_recurrent_LM","eff_cph_recurrent_PCR","eff_cph_any_relapse_LM","eff_cph_any_relapse_PCR","eff_cph_relapse_LM_trial","eff_cph_relapse_PCR_trial","eff_cph_relapse_LM_all","eff_cph_relapse_PCR_all","eff_incid_recurrent_PCR","eff_incid_recurrent_LM","eff_incid_recurrent_D","eff_incid_any_relapse_PCR","eff_incid_any_relapse_LM","eff_incid_any_relapse_D","eff_incid_relapse_PCR","eff_incid_relapse_LM","eff_incid_relapse_D","eff_risk_relapse_PCR","eff_risk_relapse_LM","eff_risk_relapse_D"
1305,10,0,0.01538462,180,1,0,0.75,0.25,45,1,0,0.567022294707655,0.683819571615389,0.628209769523845,0.765147575351058,0.693847992643845,0.80428565696024,0.789291356380863,0.905872543110896,0.665103124784438,0.695916594265856,0.875,0.722162740899358,0.715676728334956,0.863636363636364,0.760150837498904,0.73589164785553,0.888888888888889,0.73991935483871,0.760309278350515,0.888888888888889
1306,10,0,0.01538462,180,1,0,0.75,0.25,45,1,0,0.595517207721042,0.685591627831383,0.637754753996123,0.754003497558664,0.670302788774508,0.817427795087939,0.771881886319789,0.907195320462323,0.659791517318214,0.741361224237937,0.630741852964075,0.718490476699432,0.774300025001615,0.693231693231693,0.76020593828813,0.801655623877846,0.69656613134874,0.746435845213849,0.753807106598985,0.631578947368421
1307,10,0,0.01538462,180,1,0,0.75,0.25,45,1,0,0.595983554049955,0.701650610587908,0.660185494723067,0.772167347109352,0.6993297856876,0.831491372396087,0.798771450147304,0.91509262401286,0.671562826313957,0.723039215686274,0.315789473684211,0.731276513690706,0.753649635036496,0.588235294117647,0.774942406521354,0.766980146290491,0.705882352941176,0.755060728744939,0.771653543307087,0.705882352941176
