"param_id","eir_equil","sig_het","ff","trial_duration","trial_PQ_eff_stratum_1","trial_PQ_eff_stratum_2","trial_PQ_prop_stratum_1","trial_PQ_prop_stratum_2","trial_PQ_proph","is_LLIN_distributed","is_IRS_administered","eff_cph_recurrent_LM","eff_cph_recurrent_PCR","eff_cph_any_relapse_LM","eff_cph_any_relapse_PCR","eff_cph_relapse_LM_trial","eff_cph_relapse_PCR_trial","eff_cph_relapse_LM_all","eff_cph_relapse_PCR_all","eff_incid_recurrent_PCR","eff_incid_recurrent_LM","eff_incid_recurrent_D","eff_incid_any_relapse_PCR","eff_incid_any_relapse_LM","eff_incid_any_relapse_D","eff_incid_relapse_PCR","eff_incid_relapse_LM","eff_incid_relapse_D","eff_risk_relapse_PCR","eff_risk_relapse_LM","eff_risk_relapse_D"
552,10,0,0.01538462,180,1,0,0.75,0.25,28,1,0,0.662985665204198,0.670105194440186,0.746913465302435,0.763828238348916,0.797273563882182,0.828943547249821,0.826394733869398,0.914622154887322,0.647147315558601,0.732338944443791,0.80625767664361,0.707762723957927,0.770230960509919,0.856999713713141,0.766269811947306,0.80601567160016,0.874874749498998,0.760322255790534,0.809895833333333,0.869565217391304
553,10,0,0.01538462,180,1,0,0.75,0.25,28,1,0,0.583832658056399,0.648269738052057,0.673097707248739,0.752742982144629,0.742280737412315,0.828390084511944,0.791190996372454,0.911717706105452,0.637339564300773,0.695985494106981,0.727818181818182,0.705425134734047,0.736415322580645,0.7505,0.769802548914019,0.774124711316397,0.789894736842105,0.753036437246964,0.77720207253886,0.789473684210526
554,10,0,0.01538462,180,1,0,0.75,0.25,28,1,0,0.496708431769147,0.652975455269543,0.551056758627034,0.750512822218448,0.678515125402887,0.81763233743599,0.824730092092518,0.911945187714482,0.636023593727521,0.72231985940246,0.523809523809524,0.701666397023135,0.756169792694965,0.619047619047619,0.764034431137725,0.810901001112347,0.714285714285714,0.757884028484232,0.82,0.857142857142857
