"param_id","eir_equil","sig_het","ff","trial_duration","trial_PQ_eff_stratum_1","trial_PQ_eff_stratum_2","trial_PQ_prop_stratum_1","trial_PQ_prop_stratum_2","trial_PQ_proph","is_LLIN_distributed","is_IRS_administered","eff_cph_recurrent_LM","eff_cph_recurrent_PCR","eff_cph_any_relapse_LM","eff_cph_any_relapse_PCR","eff_cph_relapse_LM_trial","eff_cph_relapse_PCR_trial","eff_cph_relapse_LM_all","eff_cph_relapse_PCR_all","eff_incid_recurrent_PCR","eff_incid_recurrent_LM","eff_incid_recurrent_D","eff_incid_any_relapse_PCR","eff_incid_any_relapse_LM","eff_incid_any_relapse_D","eff_incid_relapse_PCR","eff_incid_relapse_LM","eff_incid_relapse_D","eff_risk_relapse_PCR","eff_risk_relapse_LM","eff_risk_relapse_D"
1340,10,0,0.01538462,180,1,0,0.75,0.25,45,1,0,0.597076144075428,0.689527366057203,0.644973484435832,0.760384365148656,0.682764521962452,0.810526508576485,0.808745154626892,0.902634994010544,0.662062356896527,0.764242894797349,0.651127294928263,0.721135456057614,0.792127311301936,0.761188326885418,0.758262804391871,0.819479738469936,0.788840204825001,0.741641337386018,0.804020100502513,0.764705882352941
1341,10,0,0.01538462,180,1,0,0.75,0.25,45,1,0,0.508742875401397,0.694614983568565,0.560375937358986,0.773611201916212,0.594013105427099,0.815806177695639,0.781173404913146,0.906768847553816,0.670566270759729,0.725900463567342,0.884731000462463,0.725574768644181,0.763046016130934,0.958375083500334,0.762887566658438,0.783246406884661,0.952428666857525,0.745711402623612,0.778625954198473,0.947368421052632
1342,10,0,0.01538462,180,1,0,0.75,0.25,45,1,0,0.506019380180509,0.683187542590028,0.560236189282998,0.739088835751214,0.555247409683696,0.78898473413723,0.781662812966517,0.900996145742514,0.65053221594746,0.730794624411646,0.74974974974975,0.70836167495181,0.767842960331223,0.791458124791458,0.744883898981664,0.786365022888675,0.772499772499772,0.739837398373984,0.777173913043478,0.789473684210526
