"param_id","eir_equil","sig_het","ff","trial_duration","trial_PQ_eff_stratum_1","trial_PQ_eff_stratum_2","trial_PQ_prop_stratum_1","trial_PQ_prop_stratum_2","trial_PQ_proph","is_LLIN_distributed","is_IRS_administered","eff_cph_recurrent_LM","eff_cph_recurrent_PCR","eff_cph_any_relapse_LM","eff_cph_any_relapse_PCR","eff_cph_relapse_LM_trial","eff_cph_relapse_PCR_trial","eff_cph_relapse_LM_all","eff_cph_relapse_PCR_all","eff_incid_recurrent_PCR","eff_incid_recurrent_LM","eff_incid_recurrent_D","eff_incid_any_relapse_PCR","eff_incid_any_relapse_LM","eff_incid_any_relapse_D","eff_incid_relapse_PCR","eff_incid_relapse_LM","eff_incid_relapse_D","eff_risk_relapse_PCR","eff_risk_relapse_LM","eff_risk_relapse_D"
1346,10,0,0.01538462,180,1,0,0.75,0.25,45,1,0,0.663566678179508,0.716828402372617,0.735630441717252,0.796093479987053,0.768329776373562,0.834890194644791,0.818657851894978,0.912236155161489,0.669889019988895,0.755027826086957,0.931103448275862,0.726450498492928,0.788002906976744,0.926,0.766372823218997,0.812275824175824,0.92008,0.742914979757085,0.798449612403101,0.92
1347,10,0,0.01538462,180,1,0,0.75,0.25,45,1,0,0.595202192828307,0.67794228753808,0.682515800681267,0.762439848348947,0.71800943731052,0.798593620281081,0.805389109699696,0.905533298940613,0.668917470413321,0.726725631439774,0.719438314944834,0.725666020478816,0.766759943696636,0.749498495486459,0.757795899019321,0.785626219633111,0.832998996990973,0.754048582995951,0.793269230769231,0.833333333333333
1348,10,0,0.01538462,180,1,0,0.75,0.25,45,1,0,0.603991416333637,0.697564749111494,0.7083236536921,0.778573715270142,0.713773581276753,0.830969926700447,0.799773388267867,0.913238693106121,0.652159470752089,0.717190353143841,0.727818181818182,0.714790963948631,0.762158878504673,0.706470588235294,0.762049293286219,0.794281183932347,0.916833333333333,0.750252780586451,0.779487179487179,0.909090909090909
