"param_id","eir_equil","sig_het","ff","trial_duration","trial_PQ_eff_stratum_1","trial_PQ_eff_stratum_2","trial_PQ_prop_stratum_1","trial_PQ_prop_stratum_2","trial_PQ_proph","is_LLIN_distributed","is_IRS_administered","eff_cph_recurrent_LM","eff_cph_recurrent_PCR","eff_cph_any_relapse_LM","eff_cph_any_relapse_PCR","eff_cph_relapse_LM_trial","eff_cph_relapse_PCR_trial","eff_cph_relapse_LM_all","eff_cph_relapse_PCR_all","eff_incid_recurrent_PCR","eff_incid_recurrent_LM","eff_incid_recurrent_D","eff_incid_any_relapse_PCR","eff_incid_any_relapse_LM","eff_incid_any_relapse_D","eff_incid_relapse_PCR","eff_incid_relapse_LM","eff_incid_relapse_D","eff_risk_relapse_PCR","eff_risk_relapse_LM","eff_risk_relapse_D"
1424,100,0,0.01538462,180,1,0,0.75,0.25,45,1,0,0.369549748666301,0.393983282441501,0.482611879894443,0.628361190634984,0.616212476740998,0.699957170094574,0.7806917036041,0.903646665749196,0.447425137554198,0.585987261146497,0.467741935483871,0.597966279113238,0.654362416107383,0.666666666666667,0.745247666416843,0.757215619694397,0.708333333333333,0.739614994934144,0.751724137931034,0.708333333333333
1425,100,0,0.01538462,180,1,0,0.75,0.25,45,1,0,0.413042179959307,0.435194163988049,0.489487030443414,0.615897346508936,0.569213717730201,0.711748188291369,0.791652156835864,0.907308630021506,0.451298553851925,0.626910210723752,0.588921432608807,0.589714177749947,0.695949870756005,0.684554293772731,0.736432173341893,0.806089271750452,0.749498997995992,0.735146022155086,0.757437070938215,0.708333333333333
1426,100,0,0.01538462,180,1,0,0.75,0.25,45,1,0,0.457371604574041,0.363278425139243,0.553278360550935,0.634237446259376,0.694867708842281,0.711902998610802,0.812271408812784,0.903052282842775,0.450994427117951,0.613448056086679,0.717948717948718,0.600127910913811,0.701729780271155,0.75,0.739189464394814,0.806451612903226,0.818181818181818,0.722054380664653,0.795402298850575,0.785714285714286
