"param_id","eir_equil","sig_het","ff","trial_duration","trial_PQ_eff_stratum_1","trial_PQ_eff_stratum_2","trial_PQ_prop_stratum_1","trial_PQ_prop_stratum_2","trial_PQ_proph","is_LLIN_distributed","is_IRS_administered","eff_cph_recurrent_LM","eff_cph_recurrent_PCR","eff_cph_any_relapse_LM","eff_cph_any_relapse_PCR","eff_cph_relapse_LM_trial","eff_cph_relapse_PCR_trial","eff_cph_relapse_LM_all","eff_cph_relapse_PCR_all","eff_incid_recurrent_PCR","eff_incid_recurrent_LM","eff_incid_recurrent_D","eff_incid_any_relapse_PCR","eff_incid_any_relapse_LM","eff_incid_any_relapse_D","eff_incid_relapse_PCR","eff_incid_relapse_LM","eff_incid_relapse_D","eff_risk_relapse_PCR","eff_risk_relapse_LM","eff_risk_relapse_D"
439,10,0,0.01538462,180,1,0,0.75,0.25,28,1,0,0.551236031499532,0.597319592393929,0.635442546102904,0.744066137184467,0.688796838330726,0.835388460964666,0.806366665348349,0.924490811556388,0.659840654166987,0.748064944527081,0.750250501002004,0.732998900222375,0.788038686067788,0.875125250501002,0.801841429038418,0.815843778736859,0.857286000572574,0.78150406504065,0.79950495049505,0.857142857142857
44,0.1,0,0.01538462,180,1,0,0.75,0.25,28,1,0,0.82007078390067,0.83016559868353,0.831927851679862,0.836809701572623,0.837097408869357,0.841205953527937,0.833061776199447,0.836926006376131,0.694484918664621,0.700557536253273,0.684510530494952,0.701542121676508,0.70759589998067,0.695248485135952,0.719180156978831,0.725326498109926,0.720733332694096,0.750330250990753,0.751025991792066,0.75381679389313
440,10,0,0.01538462,180,1,0,0.75,0.25,28,1,0,0.598095100752223,0.641108670818638,0.677560865329708,0.779763473081456,0.691310439340087,0.840843092134605,0.808421898861265,0.92376260993233,0.668910564638,0.725388601036269,0.5,0.732982295482296,0.762271414821944,0.5625,0.786303051560856,0.793598233995585,0.642857142857143,0.775427995971803,0.802030456852792,0.642857142857143
