"param_id","eir_equil","sig_het","ff","trial_duration","trial_PQ_eff_stratum_1","trial_PQ_eff_stratum_2","trial_PQ_prop_stratum_1","trial_PQ_prop_stratum_2","trial_PQ_proph","is_LLIN_distributed","is_IRS_administered","eff_cph_recurrent_LM","eff_cph_recurrent_PCR","eff_cph_any_relapse_LM","eff_cph_any_relapse_PCR","eff_cph_relapse_LM_trial","eff_cph_relapse_PCR_trial","eff_cph_relapse_LM_all","eff_cph_relapse_PCR_all","eff_incid_recurrent_PCR","eff_incid_recurrent_LM","eff_incid_recurrent_D","eff_incid_any_relapse_PCR","eff_incid_any_relapse_LM","eff_incid_any_relapse_D","eff_incid_relapse_PCR","eff_incid_relapse_LM","eff_incid_relapse_D","eff_risk_relapse_PCR","eff_risk_relapse_LM","eff_risk_relapse_D"
477,10,0,0.01538462,180,1,0,0.75,0.25,28,1,0,0.609014594373064,0.651269362851943,0.641675791057971,0.762184191561811,0.713012119447378,0.826090254373497,0.786941821792821,0.911137230373702,0.648679033164699,0.717571297148114,0.761904761904762,0.713462137737613,0.753367875647668,0.9,0.769485458612975,0.805780346820809,0.933333333333333,0.757852077001013,0.785353535353535,0.933333333333333
478,10,0,0.01538462,180,1,0,0.75,0.25,28,1,0,0.613313450008243,0.676321864312331,0.66394391122699,0.772249575662554,0.738766113198545,0.839378160698302,0.79112139014118,0.916721059325567,0.65561682264378,0.703073979648196,0.736050256031252,0.719197953998599,0.737259587527523,0.811935807422267,0.783341448322097,0.783133183333785,0.874623871614845,0.758585858585859,0.780051150895141,0.866666666666667
479,10,0,0.01538462,180,1,0,0.75,0.25,28,1,0,0.499994367135004,0.654761862199227,0.543413155062199,0.742762662465087,0.622749310469708,0.815514697439359,0.794799837259103,0.913726836120262,0.637700441145578,0.70242214532872,0.733333333333333,0.700979240109675,0.730731707317073,0.714285714285714,0.762140733399405,0.772321428571429,0.75,0.750253807106599,0.774611398963731,0.75
