"param_id","eir_equil","sig_het","ff","trial_duration","trial_PQ_eff_stratum_1","trial_PQ_eff_stratum_2","trial_PQ_prop_stratum_1","trial_PQ_prop_stratum_2","trial_PQ_proph","is_LLIN_distributed","is_IRS_administered","eff_cph_recurrent_LM","eff_cph_recurrent_PCR","eff_cph_any_relapse_LM","eff_cph_any_relapse_PCR","eff_cph_relapse_LM_trial","eff_cph_relapse_PCR_trial","eff_cph_relapse_LM_all","eff_cph_relapse_PCR_all","eff_incid_recurrent_PCR","eff_incid_recurrent_LM","eff_incid_recurrent_D","eff_incid_any_relapse_PCR","eff_incid_any_relapse_LM","eff_incid_any_relapse_D","eff_incid_relapse_PCR","eff_incid_relapse_LM","eff_incid_relapse_D","eff_risk_relapse_PCR","eff_risk_relapse_LM","eff_risk_relapse_D"
339,1,0,0.01538462,180,1,0,0.75,0.25,28,1,0,0.660268615577489,0.75172672786992,0.687400834791941,0.788871408906727,0.71734128757792,0.809040092806644,0.825331639383597,0.863959865974372,0.690645436451521,0.689421573736321,0.608695652173913,0.723835450695705,0.719220055710306,0.644859813084112,0.754339993449066,0.741857659831122,0.673469387755102,0.76463700234192,0.762662807525326,0.730337078651685
34,0.1,0,0.01538462,180,1,0,0.75,0.25,28,1,0,0.78479963271978,0.800213006045011,0.788979718770922,0.800599874502214,0.791646815362164,0.804368482414942,0.809688992245076,0.817329486462192,0.704308494007295,0.69721778584392,0.739986301369863,0.705931106471816,0.699271350696548,0.743407534246575,0.719754210526316,0.715528658536585,0.762852064220183,0.736423841059603,0.737206085753804,0.754681647940075
340,1,0,0.01538462,180,1,0,0.75,0.25,28,1,0,0.648383517495333,0.720591128760357,0.69749484750912,0.774746192956125,0.728622994458074,0.793572053096015,0.813213308928757,0.845823010465185,0.664685490877498,0.662062602965404,0.659071428571429,0.69706748844376,0.693341204250295,0.672741379310345,0.723695154777927,0.723639922978177,0.688385321100917,0.733572281959379,0.744011976047904,0.673913043478261
