"param_id","eir_equil","sig_het","ff","trial_duration","trial_PQ_eff_stratum_1","trial_PQ_eff_stratum_2","trial_PQ_prop_stratum_1","trial_PQ_prop_stratum_2","trial_PQ_proph","is_LLIN_distributed","is_IRS_administered","eff_cph_recurrent_LM","eff_cph_recurrent_PCR","eff_cph_any_relapse_LM","eff_cph_any_relapse_PCR","eff_cph_relapse_LM_trial","eff_cph_relapse_PCR_trial","eff_cph_relapse_LM_all","eff_cph_relapse_PCR_all","eff_incid_recurrent_PCR","eff_incid_recurrent_LM","eff_incid_recurrent_D","eff_incid_any_relapse_PCR","eff_incid_any_relapse_LM","eff_incid_any_relapse_D","eff_incid_relapse_PCR","eff_incid_relapse_LM","eff_incid_relapse_D","eff_risk_relapse_PCR","eff_risk_relapse_LM","eff_risk_relapse_D"
1581,100,0,0.01538462,180,1,0,0.75,0.25,45,1,0,0.423042017535396,0.450051649870768,0.551359835283394,0.639615730233449,0.642103095090983,0.722396279675692,0.792710521571924,0.905518788451931,0.449971267023092,0.616128243109996,0.652430207985764,0.594936458327711,0.696502620479229,0.777555333110889,0.745280995280995,0.806967260181255,0.772499772499772,0.738647830474268,0.76605504587156,0.772727272727273
1582,100,0,0.01538462,180,1,0,0.75,0.25,45,1,0,0.486660636632145,0.38597674212581,0.568184413805848,0.621412102780916,0.683773851373727,0.702175516016463,0.807134084395873,0.905500473244897,0.45357872216805,0.629938342762221,0.654481376546196,0.598785325441325,0.706172661389504,0.717383484918555,0.752220711537227,0.819424124322264,0.904571046855616,0.751263902932255,0.797385620915033,0.9
1583,100,0,0.01538462,180,1,0,0.75,0.25,45,1,0,0.339957667108078,0.392782804703362,0.580328527742689,0.657076875471539,0.688396158682362,0.723458886286414,0.815978946583696,0.909116119007203,0.445011962944344,0.602755360819877,0.523554323554324,0.599878650932657,0.713216833469998,0.556000444889334,0.763224925749608,0.83704852393377,0.785928785928786,0.741902834008097,0.787528868360277,0.714285714285714
