"param_id","eir_equil","sig_het","ff","trial_duration","trial_PQ_eff_stratum_1","trial_PQ_eff_stratum_2","trial_PQ_prop_stratum_1","trial_PQ_prop_stratum_2","trial_PQ_proph","is_LLIN_distributed","is_IRS_administered","eff_cph_recurrent_LM","eff_cph_recurrent_PCR","eff_cph_any_relapse_LM","eff_cph_any_relapse_PCR","eff_cph_relapse_LM_trial","eff_cph_relapse_PCR_trial","eff_cph_relapse_LM_all","eff_cph_relapse_PCR_all","eff_incid_recurrent_PCR","eff_incid_recurrent_LM","eff_incid_recurrent_D","eff_incid_any_relapse_PCR","eff_incid_any_relapse_LM","eff_incid_any_relapse_D","eff_incid_relapse_PCR","eff_incid_relapse_LM","eff_incid_relapse_D","eff_risk_relapse_PCR","eff_risk_relapse_LM","eff_risk_relapse_D"
228,1,0,0.01538462,180,1,0,0.75,0.25,28,1,0,0.707856808332932,0.736342849647356,0.756598555663763,0.783419516091459,0.794797757988474,0.811808174288748,0.830555077980872,0.871142039389677,0.68289051402115,0.674479943455199,0.689858116677235,0.721195597388003,0.705914094164677,0.727753872633391,0.752169517229758,0.737350511101708,0.75684556407448,0.768779342723005,0.752906976744186,0.782608695652174
229,1,0,0.01538462,180,1,0,0.75,0.25,28,1,0,0.692403230902174,0.724755158910749,0.749025790189168,0.792468301218653,0.792036824354793,0.81917483850067,0.835149113781688,0.858374285743854,0.681603070539729,0.6903717241832,0.81040894909508,0.725566573325935,0.736010132939958,0.832168168168168,0.761423044302291,0.777262458833456,0.889000111222333,0.759462759462759,0.773413897280967,0.868686868686869
23,0.1,0,0.01538462,180,1,0,0.75,0.25,28,1,0,0.796132760828766,0.817581755608915,0.804482780230172,0.823039196632356,0.80690370022978,0.825738658641076,0.815472274431306,0.821191513823908,0.706373411894884,0.708114061055238,0.724950924950925,0.709625780056188,0.711242026212862,0.728136991157824,0.720728010924089,0.723653523653524,0.747319679523069,0.740027510316369,0.741702741702742,0.745263157894737
