"param_id","eir_equil","sig_het","ff","trial_duration","trial_PQ_eff_stratum_1","trial_PQ_eff_stratum_2","trial_PQ_prop_stratum_1","trial_PQ_prop_stratum_2","trial_PQ_proph","is_LLIN_distributed","is_IRS_administered","eff_cph_recurrent_LM","eff_cph_recurrent_PCR","eff_cph_any_relapse_LM","eff_cph_any_relapse_PCR","eff_cph_relapse_LM_trial","eff_cph_relapse_PCR_trial","eff_cph_relapse_LM_all","eff_cph_relapse_PCR_all","eff_incid_recurrent_PCR","eff_incid_recurrent_LM","eff_incid_recurrent_D","eff_incid_any_relapse_PCR","eff_incid_any_relapse_LM","eff_incid_any_relapse_D","eff_incid_relapse_PCR","eff_incid_relapse_LM","eff_incid_relapse_D","eff_risk_relapse_PCR","eff_risk_relapse_LM","eff_risk_relapse_D"
793,100,0,0.01538462,180,1,0,0.75,0.25,28,1,0,0.397274952570014,0.235272538993978,0.466400711442768,0.596277915183434,0.459971685772885,0.714140448186565,0.776386847192732,0.898089945108681,0.379327424078927,0.577663699936427,0.821607142857143,0.531227631127871,0.645192638623327,0.939454545454545,0.741468451111264,0.788624685138539,0.889,0.734756097560976,0.759725400457666,0.882352941176471
794,100,0,0.01538462,180,1,0,0.75,0.25,28,1,0,0.393601951736908,0.245087887205177,0.53647267109049,0.644150402102376,0.604558642496306,0.768075960829041,0.791459712825207,0.910562488988399,0.371652819791701,0.49743793436415,0.627865153288882,0.538063440878098,0.585005872808292,0.676324973622271,0.759416718929216,0.771348167574583,0.667334000667334,0.759634888438134,0.770171149144254,0.666666666666667
795,100,0,0.01538462,180,1,0,0.75,0.25,28,1,0,0.407474956905395,0.286691611645587,0.510204230914123,0.609222420058507,0.754535594890411,0.757413988537391,0.829469365760077,0.913545238479988,0.369893414868783,0.577883794824685,0.499499499499499,0.523341924985635,0.645420722486646,0.578525894315368,0.757335180316718,0.823692004761964,0.833166499833166,0.751758793969849,0.801401869158878,0.833333333333333
