"param_id","eir_equil","sig_het","ff","trial_duration","trial_PQ_eff_stratum_1","trial_PQ_eff_stratum_2","trial_PQ_prop_stratum_1","trial_PQ_prop_stratum_2","trial_PQ_proph","is_LLIN_distributed","is_IRS_administered","eff_cph_recurrent_LM","eff_cph_recurrent_PCR","eff_cph_any_relapse_LM","eff_cph_any_relapse_PCR","eff_cph_relapse_LM_trial","eff_cph_relapse_PCR_trial","eff_cph_relapse_LM_all","eff_cph_relapse_PCR_all","eff_incid_recurrent_PCR","eff_incid_recurrent_LM","eff_incid_recurrent_D","eff_incid_any_relapse_PCR","eff_incid_any_relapse_LM","eff_incid_any_relapse_D","eff_incid_relapse_PCR","eff_incid_relapse_LM","eff_incid_relapse_D","eff_risk_relapse_PCR","eff_risk_relapse_LM","eff_risk_relapse_D"
503,10,0,0.01538462,180,1,0,0.75,0.25,28,1,0,0.504966844066112,0.605743851962032,0.573572940291682,0.737578621056766,0.619438154853568,0.792002288199646,0.749979872393703,0.90710603963441,0.635489728159369,0.659632743362832,0.7003,0.698968410509284,0.679961077844311,0.7225,0.749806236673774,0.740489655172414,0.8668,0.735620585267407,0.735694822888283,0.866666666666667
504,10,0,0.01538462,180,1,0,0.75,0.25,28,1,0,0.556614537093555,0.655386012774625,0.682936313839143,0.756272606307826,0.645017055376047,0.804908441162262,0.787879893358662,0.908387148128638,0.630310628221201,0.702472293265132,0.7,0.694614490507555,0.734345351043643,0.777777777777778,0.751826117940495,0.771948608137045,0.692307692307692,0.743975903614458,0.774936061381074,0.692307692307692
505,10,0,0.01538462,180,1,0,0.75,0.25,28,1,0,0.570497890780413,0.692439185859629,0.643429377054165,0.791498574054062,0.678317477456998,0.849265532711043,0.814101516755521,0.919031432813627,0.663387306141969,0.761752988047809,0.75,0.729013142900555,0.802264808362369,0.782608695652174,0.780974801639201,0.831372549019608,0.818181818181818,0.764350453172205,0.796650717703349,0.818181818181818
