"param_id","eir_equil","sig_het","ff","trial_duration","trial_PQ_eff_stratum_1","trial_PQ_eff_stratum_2","trial_PQ_prop_stratum_1","trial_PQ_prop_stratum_2","trial_PQ_proph","is_LLIN_distributed","is_IRS_administered","eff_cph_recurrent_LM","eff_cph_recurrent_PCR","eff_cph_any_relapse_LM","eff_cph_any_relapse_PCR","eff_cph_relapse_LM_trial","eff_cph_relapse_PCR_trial","eff_cph_relapse_LM_all","eff_cph_relapse_PCR_all","eff_incid_recurrent_PCR","eff_incid_recurrent_LM","eff_incid_recurrent_D","eff_incid_any_relapse_PCR","eff_incid_any_relapse_LM","eff_incid_any_relapse_D","eff_incid_relapse_PCR","eff_incid_relapse_LM","eff_incid_relapse_D","eff_risk_relapse_PCR","eff_risk_relapse_LM","eff_risk_relapse_D"
1151,1,0,0.01538462,180,1,0,0.75,0.25,45,1,0,0.63229332071883,0.746094474811808,0.659910502275492,0.778493162414342,0.709978866610895,0.806399922152647,0.841620194823383,0.870355988437142,0.736258507135017,0.717537601626016,0.616839285714286,0.761827706635623,0.739816802168022,0.641495145631068,0.782555173491716,0.76288032691185,0.68380198019802,0.774078478002378,0.780523255813953,0.691489361702128
1152,1,0,0.01538462,180,1,0,0.75,0.25,45,1,0,0.691841457991112,0.731329883906831,0.732466916371112,0.767752511008856,0.734899681507982,0.779344211187018,0.809974964095096,0.847210757819317,0.682788051209104,0.683577405857741,0.711864406779661,0.713381555153707,0.716960352422907,0.736842105263158,0.731778425655977,0.738306690349319,0.769230769230769,0.737588652482269,0.734992679355783,0.760869565217391
1153,1,0,0.01538462,180,1,0,0.75,0.25,45,1,0,0.70978398340193,0.751133134471822,0.738621640253477,0.794543460509177,0.752345980282733,0.806596653746268,0.808860373296862,0.848220207889898,0.694278875662579,0.67846075540053,0.658891568321987,0.721835752656743,0.699398194583751,0.660859501581668,0.742759663913694,0.718745997399973,0.679686600785964,0.744378698224852,0.746355685131195,0.696428571428571
