"param_id","eir_equil","sig_het","ff","trial_duration","trial_PQ_eff_stratum_1","trial_PQ_eff_stratum_2","trial_PQ_prop_stratum_1","trial_PQ_prop_stratum_2","trial_PQ_proph","is_LLIN_distributed","is_IRS_administered","eff_cph_recurrent_LM","eff_cph_recurrent_PCR","eff_cph_any_relapse_LM","eff_cph_any_relapse_PCR","eff_cph_relapse_LM_trial","eff_cph_relapse_PCR_trial","eff_cph_relapse_LM_all","eff_cph_relapse_PCR_all","eff_incid_recurrent_PCR","eff_incid_recurrent_LM","eff_incid_recurrent_D","eff_incid_any_relapse_PCR","eff_incid_any_relapse_LM","eff_incid_any_relapse_D","eff_incid_relapse_PCR","eff_incid_relapse_LM","eff_incid_relapse_D","eff_risk_relapse_PCR","eff_risk_relapse_LM","eff_risk_relapse_D"
1138,1,0,0.01538462,180,1,0,0.75,0.25,45,1,0,0.700708988276543,0.741335639867059,0.763526789792963,0.783923762081273,0.770814659516754,0.806136537009578,0.835628745212522,0.85900726195195,0.690536767233252,0.70483602864644,0.663449035475531,0.724169135131113,0.739113384314234,0.70807757246777,0.74637800190545,0.757864240928731,0.709946208205885,0.752380952380952,0.76231884057971,0.732673267326733
1139,1,0,0.01538462,180,1,0,0.75,0.25,45,1,0,0.682426784618009,0.743485621028378,0.722457544404089,0.783798947565952,0.74302757740651,0.799815058169111,0.83124032279536,0.867808105358046,0.720391126216369,0.709420673327255,0.80556395321496,0.751644680237099,0.738384311913724,0.826261043652348,0.764587295827385,0.752692790590101,0.83887112919371,0.768518518518518,0.772277227722772,0.853211009174312
114,0.1,0,0.01538462,180,1,0,0.75,0.25,28,1,0,0.759541604796458,0.793322547053929,0.764910736112078,0.795044035421779,0.765503574652726,0.79643757947503,0.793906911276845,0.799008151305094,0.659620596205962,0.647358370464672,0.682198327359618,0.662493195427327,0.649616368286445,0.685851318944844,0.683233205898416,0.673508659397049,0.71841155234657,0.703653585926928,0.707142857142857,0.718390804597701
