"param_id","eir_equil","sig_het","ff","trial_duration","trial_PQ_eff_stratum_1","trial_PQ_eff_stratum_2","trial_PQ_prop_stratum_1","trial_PQ_prop_stratum_2","trial_PQ_proph","is_LLIN_distributed","is_IRS_administered","eff_cph_recurrent_LM","eff_cph_recurrent_PCR","eff_cph_any_relapse_LM","eff_cph_any_relapse_PCR","eff_cph_relapse_LM_trial","eff_cph_relapse_PCR_trial","eff_cph_relapse_LM_all","eff_cph_relapse_PCR_all","eff_incid_recurrent_PCR","eff_incid_recurrent_LM","eff_incid_recurrent_D","eff_incid_any_relapse_PCR","eff_incid_any_relapse_LM","eff_incid_any_relapse_D","eff_incid_relapse_PCR","eff_incid_relapse_LM","eff_incid_relapse_D","eff_risk_relapse_PCR","eff_risk_relapse_LM","eff_risk_relapse_D"
1451,100,0,0.01538462,180,1,0,0.75,0.25,45,1,0,0.394599346832705,0.409590712764502,0.584095759714663,0.668312826056716,0.78653850444335,0.757865310929558,0.814516252738591,0.913544390910302,0.455459113750571,0.617034700315457,0.578947368421053,0.599977435974578,0.700140778977006,0.482758620689655,0.761181780878129,0.811629811629812,0.6875,0.751509054325956,0.79862700228833,0.666666666666667
1452,100,0,0.01538462,180,1,0,0.75,0.25,45,1,0,0.443564823279078,0.386423058836348,0.55721746759323,0.618422595307129,0.551058448835987,0.721797483010677,0.797677637227995,0.905610128244951,0.461737002587952,0.63459083728278,0.640426229508197,0.609098443447782,0.711865623561896,0.7009,0.758881751726005,0.795070146818923,0.7009,0.74066599394551,0.776315789473684,0.666666666666667
1453,100,0,0.01538462,180,1,0,0.75,0.25,45,1,0,0.394918548550473,0.400773735016484,0.487293794793923,0.629697905566773,0.603793477161835,0.720505096762748,0.784788126592507,0.899676657393299,0.452148441394705,0.605785535568178,0.613648349330239,0.599071661108779,0.682812078925577,0.599599198396794,0.737847487214215,0.774885771543086,0.499498997995992,0.729757085020243,0.766265060240964,0.611111111111111
