"param_id","eir_equil","sig_het","ff","trial_duration","trial_PQ_eff_stratum_1","trial_PQ_eff_stratum_2","trial_PQ_prop_stratum_1","trial_PQ_prop_stratum_2","trial_PQ_proph","is_LLIN_distributed","is_IRS_administered","eff_cph_recurrent_LM","eff_cph_recurrent_PCR","eff_cph_any_relapse_LM","eff_cph_any_relapse_PCR","eff_cph_relapse_LM_trial","eff_cph_relapse_PCR_trial","eff_cph_relapse_LM_all","eff_cph_relapse_PCR_all","eff_incid_recurrent_PCR","eff_incid_recurrent_LM","eff_incid_recurrent_D","eff_incid_any_relapse_PCR","eff_incid_any_relapse_LM","eff_incid_any_relapse_D","eff_incid_relapse_PCR","eff_incid_relapse_LM","eff_incid_relapse_D","eff_risk_relapse_PCR","eff_risk_relapse_LM","eff_risk_relapse_D"
1176,1,0,0.01538462,180,1,0,0.75,0.25,45,1,0,0.722298959663139,0.745337291415639,0.73207019961894,0.763012874524911,0.757257367628668,0.788814355732132,0.82827028367816,0.847683544405374,0.665221162185603,0.676788471435924,0.635036496350365,0.698520345252774,0.704882062534284,0.6484375,0.72883064516129,0.732292917166867,0.658119658119658,0.735258724428399,0.746054519368723,0.719626168224299
1177,1,0,0.01538462,180,1,0,0.75,0.25,45,1,0,0.675889596103425,0.727315624830579,0.727638108899684,0.761177773973475,0.748276119517518,0.79046022133833,0.81767079784296,0.852945192817281,0.703039073806078,0.703546850185283,0.661417322834646,0.735220908525202,0.734518348623853,0.735042735042735,0.758609047940581,0.753287413901065,0.786407766990291,0.745783132530121,0.75,0.782608695652174
1178,1,0,0.01538462,180,1,0,0.75,0.25,45,1,0,0.713845240498968,0.761843802920047,0.710745573314414,0.781292835338973,0.732234913426119,0.803198085291901,0.81112316568991,0.848387588881752,0.679416617733412,0.6787,0.638293103448276,0.705682341949548,0.69892365097589,0.655212389380531,0.726729450915141,0.720378545006165,0.715880733944954,0.742586002372479,0.744493392070485,0.717391304347826
