"param_id","eir_equil","sig_het","ff","trial_duration","trial_PQ_eff_stratum_1","trial_PQ_eff_stratum_2","trial_PQ_prop_stratum_1","trial_PQ_prop_stratum_2","trial_PQ_proph","is_LLIN_distributed","is_IRS_administered","eff_cph_recurrent_LM","eff_cph_recurrent_PCR","eff_cph_any_relapse_LM","eff_cph_any_relapse_PCR","eff_cph_relapse_LM_trial","eff_cph_relapse_PCR_trial","eff_cph_relapse_LM_all","eff_cph_relapse_PCR_all","eff_incid_recurrent_PCR","eff_incid_recurrent_LM","eff_incid_recurrent_D","eff_incid_any_relapse_PCR","eff_incid_any_relapse_LM","eff_incid_any_relapse_D","eff_incid_relapse_PCR","eff_incid_relapse_LM","eff_incid_relapse_D","eff_risk_relapse_PCR","eff_risk_relapse_LM","eff_risk_relapse_D"
660,100,0,0.01538462,180,1,0,0.75,0.25,28,1,0,0.290859230107019,0.309502181154537,0.477365194746779,0.619385680809745,0.68320585163233,0.776545787760427,0.804224548275211,0.911737818727379,0.371808479348686,0.538070858933529,0.524113801373238,0.533866233216057,0.63897532513207,0.767208836277206,0.758448860388164,0.795212355972174,0.962925851703407,0.751765893037336,0.785714285714286,0.961538461538462
661,100,0,0.01538462,180,1,0,0.75,0.25,28,1,0,0.298429252135028,0.229329829822412,0.319729739640108,0.56105856704352,0.556957824945738,0.738898878412617,0.811358612243756,0.909164458583007,0.380335365853659,0.534810126582278,0.325581395348837,0.534218820351193,0.620737972909855,0.130434782608696,0.755472721111488,0.786857624262848,0.4375,0.74040404040404,0.783964365256125,0.5625
662,100,0,0.01538462,180,1,0,0.75,0.25,28,1,0,0.418397466518411,0.251834958160082,0.531691461814125,0.64644357366598,0.818286193770636,0.831147402990358,0.840127246682335,0.926645865198574,0.386938318236028,0.586293241882366,0.570999570999571,0.555736777083321,0.664963641251831,0.683894420736526,0.800890992600837,0.844412215546236,0.83983983983984,0.787878787878788,0.819004524886878,0.826086956521739
