"param_id","eir_equil","sig_het","ff","trial_duration","trial_PQ_eff_stratum_1","trial_PQ_eff_stratum_2","trial_PQ_prop_stratum_1","trial_PQ_prop_stratum_2","trial_PQ_proph","is_LLIN_distributed","is_IRS_administered","eff_cph_recurrent_LM","eff_cph_recurrent_PCR","eff_cph_any_relapse_LM","eff_cph_any_relapse_PCR","eff_cph_relapse_LM_trial","eff_cph_relapse_PCR_trial","eff_cph_relapse_LM_all","eff_cph_relapse_PCR_all","eff_incid_recurrent_PCR","eff_incid_recurrent_LM","eff_incid_recurrent_D","eff_incid_any_relapse_PCR","eff_incid_any_relapse_LM","eff_incid_any_relapse_D","eff_incid_relapse_PCR","eff_incid_relapse_LM","eff_incid_relapse_D","eff_risk_relapse_PCR","eff_risk_relapse_LM","eff_risk_relapse_D"
1376,10,0,0.01538462,180,1,0,0.75,0.25,45,1,0,0.574905393006748,0.716059107590025,0.619473442835109,0.781052073689638,0.60731151815731,0.832465851320771,0.771314505291109,0.90993877907996,0.6727484869326,0.646089971883786,0.5629375,0.729466101694915,0.672252365930599,0.5005,0.771704827222369,0.707314769975787,0.455090909090909,0.758620689655172,0.763157894736842,0.454545454545455
1377,10,0,0.01538462,180,1,0,0.75,0.25,45,1,0,0.600291590064261,0.70564362802649,0.719684352223928,0.781169056493943,0.762880602653533,0.821374563946055,0.792602545772275,0.908991941737253,0.666562379329686,0.729979439398277,0.817817453087994,0.726889476536862,0.775351414572918,0.856856570283424,0.763739307808438,0.801583364749301,0.888666221331552,0.741573033707865,0.766265060240964,0.882352941176471
1378,10,0,0.01538462,180,1,0,0.75,0.25,45,1,0,0.614170180662154,0.722394362742655,0.608185024202316,0.793881201809865,0.609728184942527,0.831991095427519,0.80258264429355,0.902843918615656,0.661931240878609,0.758672084648316,0.718468468468468,0.719771263009185,0.779246927535901,0.689344516930724,0.752205953891006,0.789437014106618,0.75975975975976,0.74216380182002,0.792079207920792,0.75
