"param_id","eir_equil","sig_het","ff","trial_duration","trial_PQ_eff_stratum_1","trial_PQ_eff_stratum_2","trial_PQ_prop_stratum_1","trial_PQ_prop_stratum_2","trial_PQ_proph","is_LLIN_distributed","is_IRS_administered","eff_cph_recurrent_LM","eff_cph_recurrent_PCR","eff_cph_any_relapse_LM","eff_cph_any_relapse_PCR","eff_cph_relapse_LM_trial","eff_cph_relapse_PCR_trial","eff_cph_relapse_LM_all","eff_cph_relapse_PCR_all","eff_incid_recurrent_PCR","eff_incid_recurrent_LM","eff_incid_recurrent_D","eff_incid_any_relapse_PCR","eff_incid_any_relapse_LM","eff_incid_any_relapse_D","eff_incid_relapse_PCR","eff_incid_relapse_LM","eff_incid_relapse_D","eff_risk_relapse_PCR","eff_risk_relapse_LM","eff_risk_relapse_D"
166,0.1,0,0.01538462,180,1,0,0.75,0.25,28,1,0,0.789334970168455,0.802638802171741,0.799288446051702,0.811003832868433,0.802191118774947,0.81398327688801,0.811232070077104,0.820684173001679,0.691021468668978,0.685947614077996,0.728895290581162,0.695708693133776,0.691752904015457,0.732247316719328,0.710821643286573,0.708121445202544,0.747904900710512,0.741573033707865,0.74079528718704,0.753535353535354
167,0.1,0,0.01538462,180,1,0,0.75,0.25,28,1,0,0.793942012196386,0.823612948665675,0.796623285608692,0.82384728845076,0.798326387169695,0.827660606318327,0.828103967193908,0.834055429948249,0.713388602277491,0.713561600816503,0.713163455853514,0.713538175076637,0.713293540454034,0.711976127070467,0.725119355353178,0.726318078378003,0.729717770339037,0.748335552596538,0.748953974895398,0.746212121212121
168,0.1,0,0.01538462,180,1,0,0.75,0.25,28,1,0,0.778745948044614,0.826736544050022,0.779355549272579,0.827529487776051,0.778797750948269,0.827501912127454,0.823414433434684,0.837726328022227,0.730370100740471,0.726401828898544,0.725753150410685,0.73171369567766,0.727960150123738,0.72756776751783,0.741257094198271,0.738984517277039,0.743172459067328,0.753623188405797,0.748936170212766,0.73972602739726
