"param_id","eir_equil","sig_het","ff","trial_duration","trial_PQ_eff_stratum_1","trial_PQ_eff_stratum_2","trial_PQ_prop_stratum_1","trial_PQ_prop_stratum_2","trial_PQ_proph","is_LLIN_distributed","is_IRS_administered","eff_cph_recurrent_LM","eff_cph_recurrent_PCR","eff_cph_any_relapse_LM","eff_cph_any_relapse_PCR","eff_cph_relapse_LM_trial","eff_cph_relapse_PCR_trial","eff_cph_relapse_LM_all","eff_cph_relapse_PCR_all","eff_incid_recurrent_PCR","eff_incid_recurrent_LM","eff_incid_recurrent_D","eff_incid_any_relapse_PCR","eff_incid_any_relapse_LM","eff_incid_any_relapse_D","eff_incid_relapse_PCR","eff_incid_relapse_LM","eff_incid_relapse_D","eff_risk_relapse_PCR","eff_risk_relapse_LM","eff_risk_relapse_D"
300,1,0,0.01538462,180,1,0,0.75,0.25,28,1,0,0.68097651317987,0.751934448862016,0.726629064496153,0.80146390325639,0.758482593033795,0.824647328131053,0.832537009979291,0.872370135786651,0.674216027874564,0.667532467532467,0.653543307086614,0.711550339715874,0.701219512195122,0.69672131147541,0.7370010063737,0.727654469106179,0.707964601769911,0.769953051643192,0.757489300998573,0.721153846153846
301,1,0,0.01538462,180,1,0,0.75,0.25,28,1,0,0.693678957397282,0.748642297663726,0.753383787895032,0.798901367037196,0.797665434051194,0.830588566599346,0.856677729933293,0.878009421152937,0.676836663770634,0.68460890052356,0.531442477876106,0.718868202764977,0.729103486441616,0.645214953271028,0.752917556742323,0.758238382619191,0.683989795918367,0.782352941176471,0.791023842917251,0.741935483870968
302,1,0,0.01538462,180,1,0,0.75,0.25,28,1,0,0.64370920910909,0.710809018147725,0.674148999766879,0.764735091042952,0.704761909059502,0.778083516461752,0.777234618232218,0.836158447434124,0.66453553071075,0.637879404828557,0.503851677764721,0.701211785803931,0.673500521437209,0.528374528374528,0.724203886741052,0.698345331801666,0.545937690267587,0.738650306748466,0.711009174311927,0.576470588235294
