"param_id","eir_equil","sig_het","ff","trial_duration","trial_PQ_eff_stratum_1","trial_PQ_eff_stratum_2","trial_PQ_prop_stratum_1","trial_PQ_prop_stratum_2","trial_PQ_proph","is_LLIN_distributed","is_IRS_administered","eff_cph_recurrent_LM","eff_cph_recurrent_PCR","eff_cph_any_relapse_LM","eff_cph_any_relapse_PCR","eff_cph_relapse_LM_trial","eff_cph_relapse_PCR_trial","eff_cph_relapse_LM_all","eff_cph_relapse_PCR_all","eff_incid_recurrent_PCR","eff_incid_recurrent_LM","eff_incid_recurrent_D","eff_incid_any_relapse_PCR","eff_incid_any_relapse_LM","eff_incid_any_relapse_D","eff_incid_relapse_PCR","eff_incid_relapse_LM","eff_incid_relapse_D","eff_risk_relapse_PCR","eff_risk_relapse_LM","eff_risk_relapse_D"
541,10,0,0.01538462,180,1,0,0.75,0.25,28,1,0,0.555041131944247,0.645057113923728,0.596032780622455,0.747217789432801,0.651620413604835,0.818017615125032,0.784503881690884,0.90743283818095,0.646091670154877,0.72231186440678,0.45055,0.712403254415054,0.752120786516854,0.47421052631579,0.770274008810573,0.8002,0.5629375,0.746707193515704,0.766666666666667,0.533333333333333
542,10,0,0.01538462,180,1,0,0.75,0.25,28,1,0,0.709645126649888,0.677684159776777,0.789538032172906,0.755142109996567,0.798423856775027,0.842769201354206,0.820239025640757,0.920444400687181,0.660796943331424,0.697077384520926,0.961499961499962,0.721931472673312,0.739042525112177,0.958291624958292,0.782216650736299,0.760557900092784,0.947315736789421,0.764883955600404,0.797333333333333,0.947368421052632
543,10,0,0.01538462,180,1,0,0.75,0.25,28,1,0,0.565827770431564,0.641690322984755,0.627931369830353,0.753486680431898,0.693059694721506,0.806528383539649,0.787231045226699,0.902169761951687,0.627057182705718,0.72463768115942,0.727272727272727,0.686967961615849,0.755467196819085,0.777777777777778,0.738821228553649,0.795454545454545,0.777777777777778,0.725075528700906,0.777215189873418,0.777777777777778
