"param_id","eir_equil","sig_het","ff","trial_duration","trial_PQ_eff_stratum_1","trial_PQ_eff_stratum_2","trial_PQ_prop_stratum_1","trial_PQ_prop_stratum_2","trial_PQ_proph","is_LLIN_distributed","is_IRS_administered","eff_cph_recurrent_LM","eff_cph_recurrent_PCR","eff_cph_any_relapse_LM","eff_cph_any_relapse_PCR","eff_cph_relapse_LM_trial","eff_cph_relapse_PCR_trial","eff_cph_relapse_LM_all","eff_cph_relapse_PCR_all","eff_incid_recurrent_PCR","eff_incid_recurrent_LM","eff_incid_recurrent_D","eff_incid_any_relapse_PCR","eff_incid_any_relapse_LM","eff_incid_any_relapse_D","eff_incid_relapse_PCR","eff_incid_relapse_LM","eff_incid_relapse_D","eff_risk_relapse_PCR","eff_risk_relapse_LM","eff_risk_relapse_D"
1549,100,0,0.01538462,180,1,0,0.75,0.25,45,1,0,0.298555328377689,0.355064899339382,0.517749353909821,0.655701498343248,0.558346167464012,0.724749735487308,0.813867365502642,0.902931023194032,0.450455522571399,0.615285806037251,0.448275862068966,0.602991034430799,0.703200775945684,0.534883720930233,0.750373895309313,0.814151747655584,0.75,0.740890688259109,0.802298850574713,0.75
155,0.1,0,0.01538462,180,1,0,0.75,0.25,28,1,0,0.82783598423499,0.831201802598722,0.828348368062962,0.830923353546689,0.831558553343822,0.83642461979746,0.83050125696932,0.841563571146573,0.725874867444327,0.725647348951911,0.73444976076555,0.729111229377328,0.7291280148423,0.737665463297232,0.753073222875468,0.753416149068323,0.7726723095526,0.765873015873016,0.760778859527121,0.78740157480315
1550,100,0,0.01538462,180,1,0,0.75,0.25,45,1,0,0.52577078178782,0.420406969572402,0.64474836870202,0.61634632523424,0.787471868047257,0.737453386956453,0.83000520783307,0.917278867603999,0.466248867411658,0.595744680851064,0.646153846153846,0.613944504290331,0.678208679593721,0.796296296296296,0.773115459619393,0.823920265780731,0.944444444444444,0.758308157099698,0.803493449781659,0.941176470588235
