"param_id","eir_equil","sig_het","ff","trial_duration","trial_PQ_eff_stratum_1","trial_PQ_eff_stratum_2","trial_PQ_prop_stratum_1","trial_PQ_prop_stratum_2","trial_PQ_proph","is_LLIN_distributed","is_IRS_administered","eff_cph_recurrent_LM","eff_cph_recurrent_PCR","eff_cph_any_relapse_LM","eff_cph_any_relapse_PCR","eff_cph_relapse_LM_trial","eff_cph_relapse_PCR_trial","eff_cph_relapse_LM_all","eff_cph_relapse_PCR_all","eff_incid_recurrent_PCR","eff_incid_recurrent_LM","eff_incid_recurrent_D","eff_incid_any_relapse_PCR","eff_incid_any_relapse_LM","eff_incid_any_relapse_D","eff_incid_relapse_PCR","eff_incid_relapse_LM","eff_incid_relapse_D","eff_risk_relapse_PCR","eff_risk_relapse_LM","eff_risk_relapse_D"
1295,10,0,0.01538462,180,1,0,0.75,0.25,45,1,0,0.685139162063003,0.718106263900765,0.731560511950754,0.787170188551816,0.721322396134668,0.830025050549816,0.825186822061681,0.911280917706506,0.672600240939581,0.738173834052724,0.856999856999857,0.729558973450168,0.759983031358496,0.94994994994995,0.766038487019652,0.761816323661187,0.944388833277722,0.747991967871486,0.803317535545024,0.944444444444444
1296,10,0,0.01538462,180,1,0,0.75,0.25,45,1,0,0.496689664209905,0.673825577761253,0.574009461801705,0.750333363731049,0.571144097347817,0.787819659030074,0.731783972527929,0.904006564301353,0.65723989741457,0.663324979114453,0.62962962962963,0.715584315538094,0.683085501858736,0.75,0.753869284514018,0.705754614549403,0.7,0.735772357723577,0.708333333333333,0.684210526315789
1297,10,0,0.01538462,180,1,0,0.75,0.25,45,1,0,0.578013519149,0.704332774569096,0.611113394016931,0.775390622795044,0.645769008022585,0.816168232781175,0.793453521841279,0.908957662615789,0.653112293060937,0.702806451612903,0.818363636363636,0.711075836081017,0.724239635995956,0.8002,0.741361288556306,0.737105263157895,0.764941176470588,0.742654508611955,0.775342465753425,0.733333333333333
