"param_id","eir_equil","sig_het","ff","trial_duration","trial_PQ_eff_stratum_1","trial_PQ_eff_stratum_2","trial_PQ_prop_stratum_1","trial_PQ_prop_stratum_2","trial_PQ_proph","is_LLIN_distributed","is_IRS_administered","eff_cph_recurrent_LM","eff_cph_recurrent_PCR","eff_cph_any_relapse_LM","eff_cph_any_relapse_PCR","eff_cph_relapse_LM_trial","eff_cph_relapse_PCR_trial","eff_cph_relapse_LM_all","eff_cph_relapse_PCR_all","eff_incid_recurrent_PCR","eff_incid_recurrent_LM","eff_incid_recurrent_D","eff_incid_any_relapse_PCR","eff_incid_any_relapse_LM","eff_incid_any_relapse_D","eff_incid_relapse_PCR","eff_incid_relapse_LM","eff_incid_relapse_D","eff_risk_relapse_PCR","eff_risk_relapse_LM","eff_risk_relapse_D"
1102,1,0,0.01538462,180,1,0,0.75,0.25,45,1,0,0.656442150611538,0.748411600687468,0.706750173104194,0.785509940971068,0.702536872986614,0.79403665557531,0.829517304538756,0.866863021910593,0.718412897023875,0.703918734580159,0.703406813627255,0.750691859910297,0.736631733412179,0.706309170064267,0.761318180266168,0.743925614307388,0.696640988398816,0.767878077373974,0.763380281690141,0.707070707070707
1103,1,0,0.01538462,180,1,0,0.75,0.25,45,1,0,0.670190515977975,0.729274528230152,0.728049142299562,0.780981202396121,0.760268067673063,0.80826239789795,0.83976273188186,0.872815259697278,0.702521592821088,0.700146599496222,0.672314685314685,0.741211806585583,0.73903311965812,0.720537878787879,0.763564910025707,0.758639507620164,0.709208333333333,0.769499417927823,0.771954674220963,0.693069306930693
1104,1,0,0.01538462,180,1,0,0.75,0.25,45,1,0,0.738348022274806,0.767480121071865,0.787928329994285,0.82399466587625,0.808489031031324,0.836396312444119,0.851104709506403,0.879081569780053,0.718722360759864,0.7403303608797,0.76788382585484,0.752898494660029,0.774598255336183,0.834420887052466,0.772470053332235,0.794621193798149,0.837235609593333,0.780429594272076,0.780841799709724,0.831775700934579
