"param_id","eir_equil","sig_het","ff","trial_duration","trial_PQ_eff_stratum_1","trial_PQ_eff_stratum_2","trial_PQ_prop_stratum_1","trial_PQ_prop_stratum_2","trial_PQ_proph","is_LLIN_distributed","is_IRS_administered","eff_cph_recurrent_LM","eff_cph_recurrent_PCR","eff_cph_any_relapse_LM","eff_cph_any_relapse_PCR","eff_cph_relapse_LM_trial","eff_cph_relapse_PCR_trial","eff_cph_relapse_LM_all","eff_cph_relapse_PCR_all","eff_incid_recurrent_PCR","eff_incid_recurrent_LM","eff_incid_recurrent_D","eff_incid_any_relapse_PCR","eff_incid_any_relapse_LM","eff_incid_any_relapse_D","eff_incid_relapse_PCR","eff_incid_relapse_LM","eff_incid_relapse_D","eff_risk_relapse_PCR","eff_risk_relapse_LM","eff_risk_relapse_D"
306,1,0,0.01538462,180,1,0,0.75,0.25,28,1,0,0.669753983743876,0.734654482126656,0.74010511628728,0.779759713765727,0.771562814487219,0.81135803983441,0.827720851224016,0.867737938559225,0.682692307692308,0.661594963273872,0.565217391304348,0.72289156626506,0.703125,0.62037037037037,0.755055446836269,0.739156626506024,0.663366336633663,0.769138755980861,0.755917159763314,0.691489361702128
307,1,0,0.01538462,180,1,0,0.75,0.25,28,1,0,0.632363286689738,0.729435570057664,0.678142471311384,0.761935398424005,0.723772417991461,0.79569115028174,0.825138441219505,0.843298457742671,0.658750371112595,0.669928091477072,0.597620437725845,0.693245050895836,0.701001561866148,0.630840628625672,0.723117077365025,0.72689060431332,0.72166555332888,0.743276283618582,0.754689754689755,0.74
308,1,0,0.01538462,180,1,0,0.75,0.25,28,1,0,0.6800673614996,0.722174115935766,0.735103654469395,0.790475264512597,0.766576797035181,0.816206945393299,0.831918776699854,0.854426727674895,0.694633389734913,0.685390396659708,0.692345864661654,0.731607572115385,0.724016759776536,0.732818897637795,0.75562504075644,0.753072164948454,0.769692307692308,0.755176613885505,0.766862170087977,0.778846153846154
