"param_id","eir_equil","sig_het","ff","trial_duration","trial_PQ_eff_stratum_1","trial_PQ_eff_stratum_2","trial_PQ_prop_stratum_1","trial_PQ_prop_stratum_2","trial_PQ_proph","is_LLIN_distributed","is_IRS_administered","eff_cph_recurrent_LM","eff_cph_recurrent_PCR","eff_cph_any_relapse_LM","eff_cph_any_relapse_PCR","eff_cph_relapse_LM_trial","eff_cph_relapse_PCR_trial","eff_cph_relapse_LM_all","eff_cph_relapse_PCR_all","eff_incid_recurrent_PCR","eff_incid_recurrent_LM","eff_incid_recurrent_D","eff_incid_any_relapse_PCR","eff_incid_any_relapse_LM","eff_incid_any_relapse_D","eff_incid_relapse_PCR","eff_incid_relapse_LM","eff_incid_relapse_D","eff_risk_relapse_PCR","eff_risk_relapse_LM","eff_risk_relapse_D"
411,10,0,0.01538462,180,1,0,0.75,0.25,28,1,0,0.6413247522968,0.639314994453829,0.689149875279388,0.742509167736773,0.747374198352693,0.812130677194542,0.782923651308114,0.910319370401084,0.643996540970716,0.702123971125642,0.86193075806786,0.706891449540296,0.722259860630352,0.925851703406814,0.756929719322468,0.763341379244111,0.916583166332665,0.749746707193516,0.763157894736842,0.904761904761905
412,10,0,0.01538462,180,1,0,0.75,0.25,28,1,0,0.563412571518153,0.635749995951059,0.640264170297446,0.73780857290437,0.725943329430732,0.819333281943645,0.777682683133563,0.902706822218797,0.634417428950492,0.665031141868512,0.894947368421053,0.702027367607267,0.696302392344498,0.894947368421053,0.763322925802491,0.7505,0.882588235294118,0.738866396761134,0.762148337595908,0.875
413,10,0,0.01538462,180,1,0,0.75,0.25,28,1,0,0.623478708164733,0.663812067471884,0.653686323332977,0.761659640520203,0.673904626821605,0.826496174395476,0.772718833040966,0.910293878516879,0.63812457361168,0.675381720430108,0.852148148148148,0.702739546905884,0.702089552238806,0.852148148148148,0.764164654418198,0.732800915331808,0.88024,0.756072874493927,0.759259259259259,0.88
