"param_id","eir_equil","sig_het","ff","trial_duration","trial_PQ_eff_stratum_1","trial_PQ_eff_stratum_2","trial_PQ_prop_stratum_1","trial_PQ_prop_stratum_2","trial_PQ_proph","is_LLIN_distributed","is_IRS_administered","eff_cph_recurrent_LM","eff_cph_recurrent_PCR","eff_cph_any_relapse_LM","eff_cph_any_relapse_PCR","eff_cph_relapse_LM_trial","eff_cph_relapse_PCR_trial","eff_cph_relapse_LM_all","eff_cph_relapse_PCR_all","eff_incid_recurrent_PCR","eff_incid_recurrent_LM","eff_incid_recurrent_D","eff_incid_any_relapse_PCR","eff_incid_any_relapse_LM","eff_incid_any_relapse_D","eff_incid_relapse_PCR","eff_incid_relapse_LM","eff_incid_relapse_D","eff_risk_relapse_PCR","eff_risk_relapse_LM","eff_risk_relapse_D"
88,0.1,0,0.01538462,180,1,0,0.75,0.25,28,1,0,0.822060107659195,0.836869333031428,0.82032769992401,0.835071905119318,0.820698559773626,0.837314425583274,0.823237693692764,0.827937928576804,0.736051502145923,0.739485247959824,0.735849056603774,0.736643281165677,0.739734680985471,0.734839476813318,0.748639825897715,0.754452926208651,0.754784688995215,0.75,0.752857142857143,0.769685039370079
880,0.1,0,0.01538462,180,1,0,0.75,0.25,45,1,0,0.798310072714382,0.815966780425966,0.801271224840453,0.821166505975661,0.802053131024279,0.824775778466626,0.828853351249426,0.836174979725155,0.720952656496581,0.727049180327869,0.731835253456221,0.724813720316623,0.731248934875228,0.734982698961938,0.739783023872679,0.747042201834862,0.754875,0.755291005291005,0.754532775453278,0.768482490272373
881,0.1,0,0.01538462,180,1,0,0.75,0.25,45,1,0,0.798881865229918,0.829524180916517,0.804253232068197,0.83660234390698,0.802566778116063,0.836903675438024,0.829635054715982,0.83951097608957,0.74621743810549,0.740309701492537,0.730033623910336,0.752546241211466,0.745720450281426,0.733015056461731,0.766990735694823,0.760164461247637,0.755604035308953,0.770491803278688,0.766809728183119,0.759036144578313
