"param_id","eir_equil","sig_het","ff","trial_duration","trial_PQ_eff_stratum_1","trial_PQ_eff_stratum_2","trial_PQ_prop_stratum_1","trial_PQ_prop_stratum_2","trial_PQ_proph","is_LLIN_distributed","is_IRS_administered","eff_cph_recurrent_LM","eff_cph_recurrent_PCR","eff_cph_any_relapse_LM","eff_cph_any_relapse_PCR","eff_cph_relapse_LM_trial","eff_cph_relapse_PCR_trial","eff_cph_relapse_LM_all","eff_cph_relapse_PCR_all","eff_incid_recurrent_PCR","eff_incid_recurrent_LM","eff_incid_recurrent_D","eff_incid_any_relapse_PCR","eff_incid_any_relapse_LM","eff_incid_any_relapse_D","eff_incid_relapse_PCR","eff_incid_relapse_LM","eff_incid_relapse_D","eff_risk_relapse_PCR","eff_risk_relapse_LM","eff_risk_relapse_D"
1416,100,0,0.01538462,180,1,0,0.75,0.25,45,1,0,0.350944873565278,0.472745880736368,0.49557121643273,0.640863620241986,0.546553995457052,0.725548753590177,0.797030391262925,0.906805754925149,0.454356257131989,0.632863221016562,0.606454545454545,0.59769625520111,0.712969230769231,0.658878048780488,0.743574000135345,0.802514844315713,0.647411764705882,0.738167170191339,0.77801724137931,0.647058823529412
1417,100,0,0.01538462,180,1,0,0.75,0.25,45,1,0,0.501573456283148,0.428438847741879,0.618163262728553,0.656244418565397,0.725643887599054,0.704010075142939,0.764386938220965,0.904658642061309,0.443953830660779,0.561327561327561,0.431372549019608,0.59396496028579,0.652432432432432,0.588235294117647,0.749074454956808,0.763285024154589,0.6875,0.733602421796165,0.74320987654321,0.6875
1418,100,0,0.01538462,180,1,0,0.75,0.25,45,1,0,0.519394974540683,0.425720148674252,0.631530943847821,0.673630586287054,0.745683362454006,0.767818304984669,0.821432549199661,0.913656169569393,0.458242977687027,0.63300694813105,0.73946523183353,0.612965284542484,0.713476335386823,0.817999635634906,0.767174743575822,0.841323814822073,0.906156062124248,0.76004016064257,0.815068493150685,0.888888888888889
