"param_id","eir_equil","sig_het","ff","trial_duration","trial_PQ_eff_stratum_1","trial_PQ_eff_stratum_2","trial_PQ_prop_stratum_1","trial_PQ_prop_stratum_2","trial_PQ_proph","is_LLIN_distributed","is_IRS_administered","eff_cph_recurrent_LM","eff_cph_recurrent_PCR","eff_cph_any_relapse_LM","eff_cph_any_relapse_PCR","eff_cph_relapse_LM_trial","eff_cph_relapse_PCR_trial","eff_cph_relapse_LM_all","eff_cph_relapse_PCR_all","eff_incid_recurrent_PCR","eff_incid_recurrent_LM","eff_incid_recurrent_D","eff_incid_any_relapse_PCR","eff_incid_any_relapse_LM","eff_incid_any_relapse_D","eff_incid_relapse_PCR","eff_incid_relapse_LM","eff_incid_relapse_D","eff_risk_relapse_PCR","eff_risk_relapse_LM","eff_risk_relapse_D"
444,10,0,0.01538462,180,1,0,0.75,0.25,28,1,0,0.554975009733397,0.661312590217313,0.596968110632933,0.741319504336712,0.658486328114311,0.805982554963046,0.781057294050824,0.898047422534762,0.626233254617495,0.71136043713725,0.68118054290399,0.686429666002308,0.747601263132325,0.683577681679148,0.743190215975245,0.78843002188729,0.764234351055051,0.731979695431472,0.7775,0.764705882352941
445,10,0,0.01538462,180,1,0,0.75,0.25,28,1,0,0.574426042472003,0.638377875188858,0.623959183546693,0.746208111966386,0.700518250496911,0.814057676124086,0.797395094258722,0.909739976125089,0.622672885308459,0.70956974789916,0.826782608695652,0.689103470031546,0.747943342776204,0.895157894736842,0.749366618075802,0.786571428571429,0.882823529411765,0.750505050505051,0.789340101522843,0.875
446,10,0,0.01538462,180,1,0,0.75,0.25,28,1,0,0.548451419710957,0.654390120515844,0.574334654408112,0.755663266892722,0.680827158878063,0.833807906302441,0.805326055773379,0.919922968242029,0.669459797965064,0.734177381933016,0.705587645879995,0.734749298033886,0.765421752596101,0.666332665330661,0.790406748790159,0.816425238019291,0.799799599198397,0.761329305135952,0.797843665768194,0.75
