"param_id","eir_equil","sig_het","ff","trial_duration","trial_PQ_eff_stratum_1","trial_PQ_eff_stratum_2","trial_PQ_prop_stratum_1","trial_PQ_prop_stratum_2","trial_PQ_proph","is_LLIN_distributed","is_IRS_administered","eff_cph_recurrent_LM","eff_cph_recurrent_PCR","eff_cph_any_relapse_LM","eff_cph_any_relapse_PCR","eff_cph_relapse_LM_trial","eff_cph_relapse_PCR_trial","eff_cph_relapse_LM_all","eff_cph_relapse_PCR_all","eff_incid_recurrent_PCR","eff_incid_recurrent_LM","eff_incid_recurrent_D","eff_incid_any_relapse_PCR","eff_incid_any_relapse_LM","eff_incid_any_relapse_D","eff_incid_relapse_PCR","eff_incid_relapse_LM","eff_incid_relapse_D","eff_risk_relapse_PCR","eff_risk_relapse_LM","eff_risk_relapse_D"
1251,10,0,0.01538462,180,1,0,0.75,0.25,45,1,0,0.514366362618207,0.668362657963205,0.589752233571824,0.757803103957277,0.685087783863324,0.807072442390634,0.768046918542361,0.899608281925266,0.639574570684583,0.658632991966325,0.457791124457791,0.69893581725853,0.706248304379145,0.608303956130043,0.735419840855216,0.7255319835965,0.5995995995996,0.736418511066398,0.736434108527132,0.631578947368421
1252,10,0,0.01538462,180,1,0,0.75,0.25,45,1,0,0.508704116735858,0.728449832273215,0.612732248159037,0.791723245213572,0.674512574080104,0.82823550989673,0.822003326155375,0.91859785223484,0.686621207145168,0.724923980803169,0.62888665997994,0.741025981266157,0.762823043598882,0.607910688587502,0.776841664891046,0.798586669098204,0.681179903346403,0.761329305135952,0.808612440191388,0.772727272727273
1253,10,0,0.01538462,180,1,0,0.75,0.25,45,1,0,0.506176349894427,0.634382902972835,0.589730736132837,0.718473935076066,0.619010521750067,0.785818780106824,0.754411579649875,0.903875737121659,0.631357725885443,0.652947988223749,0.524285714285714,0.692968616262482,0.698577586206897,0.524285714285714,0.737607884195193,0.707909090909091,0.55045,0.730382293762575,0.728021978021978,0.6
