"param_id","eir_equil","sig_het","ff","trial_duration","trial_PQ_eff_stratum_1","trial_PQ_eff_stratum_2","trial_PQ_prop_stratum_1","trial_PQ_prop_stratum_2","trial_PQ_proph","is_LLIN_distributed","is_IRS_administered","eff_cph_recurrent_LM","eff_cph_recurrent_PCR","eff_cph_any_relapse_LM","eff_cph_any_relapse_PCR","eff_cph_relapse_LM_trial","eff_cph_relapse_PCR_trial","eff_cph_relapse_LM_all","eff_cph_relapse_PCR_all","eff_incid_recurrent_PCR","eff_incid_recurrent_LM","eff_incid_recurrent_D","eff_incid_any_relapse_PCR","eff_incid_any_relapse_LM","eff_incid_any_relapse_D","eff_incid_relapse_PCR","eff_incid_relapse_LM","eff_incid_relapse_D","eff_risk_relapse_PCR","eff_risk_relapse_LM","eff_risk_relapse_D"
1279,10,0,0.01538462,180,1,0,0.75,0.25,45,1,0,0.510025755599561,0.708895258435537,0.548555992593452,0.778659690780583,0.621485644937342,0.837777957437142,0.804547261797425,0.917319008898267,0.680762595314497,0.751261183530381,0.874874874874875,0.739491856695579,0.78185732902714,0.894631473578842,0.784708455732421,0.825455707808649,0.944388833277722,0.768145161290323,0.805699481865285,0.941176470588235
128,0.1,0,0.01538462,180,1,0,0.75,0.25,28,1,0,0.786648363417444,0.830748758842097,0.78930280948144,0.833621651596107,0.791885765092766,0.836660800973459,0.833401798633486,0.842012022164232,0.719266990291262,0.718643920595534,0.714908018867924,0.721599025974026,0.721671641791045,0.716595744680851,0.739792822185971,0.740584269662921,0.734862559241706,0.758344459279039,0.757404795486601,0.743639921722113
1280,10,0,0.01538462,180,1,0,0.75,0.25,45,1,0,0.634269547135679,0.693898217990913,0.664363036161888,0.764750417999172,0.680377766180128,0.796339980841905,0.802694939760705,0.909884401439371,0.676490747087046,0.76555023923445,0.636363636363636,0.730795532254388,0.785022026431718,0.631578947368421,0.764798598949212,0.811940298507463,0.666666666666667,0.753535353535354,0.775862068965517,0.625
