"param_id","eir_equil","sig_het","ff","trial_duration","trial_PQ_eff_stratum_1","trial_PQ_eff_stratum_2","trial_PQ_prop_stratum_1","trial_PQ_prop_stratum_2","trial_PQ_proph","is_LLIN_distributed","is_IRS_administered","eff_cph_recurrent_LM","eff_cph_recurrent_PCR","eff_cph_any_relapse_LM","eff_cph_any_relapse_PCR","eff_cph_relapse_LM_trial","eff_cph_relapse_PCR_trial","eff_cph_relapse_LM_all","eff_cph_relapse_PCR_all","eff_incid_recurrent_PCR","eff_incid_recurrent_LM","eff_incid_recurrent_D","eff_incid_any_relapse_PCR","eff_incid_any_relapse_LM","eff_incid_any_relapse_D","eff_incid_relapse_PCR","eff_incid_relapse_LM","eff_incid_relapse_D","eff_risk_relapse_PCR","eff_risk_relapse_LM","eff_risk_relapse_D"
1027,1,0,0.01538462,180,1,0,0.75,0.25,45,1,0,0.733123397250281,0.760255145626952,0.768256279368504,0.797312636904849,0.79630321710425,0.815789410392962,0.824088289749383,0.856182888781119,0.699545075552565,0.692960880574989,0.674788172836902,0.730062234960299,0.722477024018883,0.717617052286391,0.746812660172893,0.742703071758659,0.742341826510163,0.757869249394673,0.756716417910448,0.720430107526882
1028,1,0,0.01538462,180,1,0,0.75,0.25,45,1,0,0.642981054670918,0.72481572142195,0.687210456111862,0.770078016858028,0.713423173127953,0.789879583002642,0.820807776948391,0.850396414111228,0.663877668782458,0.651722252597048,0.63448275862069,0.699754901960784,0.688266199649737,0.681159420289855,0.729516288252715,0.718238993710692,0.7109375,0.745283018867924,0.754716981132076,0.718181818181818
1029,1,0,0.01538462,180,1,0,0.75,0.25,45,1,0,0.708688491634199,0.745423881863411,0.741824404043993,0.778426450291166,0.764032380101214,0.809283907643862,0.834579319430547,0.871569818237004,0.699890470974808,0.706412825651303,0.682926829268293,0.738067520372526,0.740601503759398,0.71551724137931,0.762587635436584,0.767700409596255,0.754716981132076,0.772567409144197,0.770348837209302,0.760416666666667
