"param_id","eir_equil","sig_het","ff","trial_duration","trial_PQ_eff_stratum_1","trial_PQ_eff_stratum_2","trial_PQ_prop_stratum_1","trial_PQ_prop_stratum_2","trial_PQ_proph","is_LLIN_distributed","is_IRS_administered","eff_cph_recurrent_LM","eff_cph_recurrent_PCR","eff_cph_any_relapse_LM","eff_cph_any_relapse_PCR","eff_cph_relapse_LM_trial","eff_cph_relapse_PCR_trial","eff_cph_relapse_LM_all","eff_cph_relapse_PCR_all","eff_incid_recurrent_PCR","eff_incid_recurrent_LM","eff_incid_recurrent_D","eff_incid_any_relapse_PCR","eff_incid_any_relapse_LM","eff_incid_any_relapse_D","eff_incid_relapse_PCR","eff_incid_relapse_LM","eff_incid_relapse_D","eff_risk_relapse_PCR","eff_risk_relapse_LM","eff_risk_relapse_D"
1192,1,0,0.01538462,180,1,0,0.75,0.25,45,1,0,0.712806758653136,0.763498679288528,0.748543806767464,0.790398371427848,0.761679791522657,0.805687160885834,0.832575164541618,0.860263662530698,0.716366914710933,0.710378061767838,0.686578512396694,0.74129307715767,0.732921590909091,0.746122807017544,0.750997342192691,0.741305434103685,0.735823529411765,0.761846901579587,0.769911504424779,0.731182795698925
1193,1,0,0.01538462,180,1,0,0.75,0.25,45,1,0,0.614487756950102,0.68121409750227,0.669653338978795,0.732068412913863,0.716271433299405,0.765741908669168,0.774789810171866,0.828843414660524,0.672568940493469,0.624720357941835,0.64,0.710558624923266,0.670623145400594,0.708333333333333,0.738471673254282,0.699810006333122,0.763636363636364,0.731559854897219,0.717357910906298,0.767676767676768
1194,1,0,0.01538462,180,1,0,0.75,0.25,45,1,0,0.69828429585873,0.751285101870532,0.742220510399982,0.784300657063881,0.752006316264455,0.792385820344441,0.805720002715168,0.853772389752764,0.68734559429042,0.666151468315301,0.767605633802817,0.719051799824407,0.697019867549669,0.767441860465116,0.734583598219962,0.714716525934861,0.783333333333333,0.748259860788863,0.731152204836415,0.772727272727273
