"param_id","eir_equil","sig_het","ff","trial_duration","trial_PQ_eff_stratum_1","trial_PQ_eff_stratum_2","trial_PQ_prop_stratum_1","trial_PQ_prop_stratum_2","trial_PQ_proph","is_LLIN_distributed","is_IRS_administered","eff_cph_recurrent_LM","eff_cph_recurrent_PCR","eff_cph_any_relapse_LM","eff_cph_any_relapse_PCR","eff_cph_relapse_LM_trial","eff_cph_relapse_PCR_trial","eff_cph_relapse_LM_all","eff_cph_relapse_PCR_all","eff_incid_recurrent_PCR","eff_incid_recurrent_LM","eff_incid_recurrent_D","eff_incid_any_relapse_PCR","eff_incid_any_relapse_LM","eff_incid_any_relapse_D","eff_incid_relapse_PCR","eff_incid_relapse_LM","eff_incid_relapse_D","eff_risk_relapse_PCR","eff_risk_relapse_LM","eff_risk_relapse_D"
690,100,0,0.01538462,180,1,0,0.75,0.25,28,1,0,0.413111137122021,0.353544494532397,0.567058452359528,0.619898725376708,0.673640107460743,0.774002637644397,0.804058851538902,0.911865238522459,0.390502079423847,0.581084359605911,0.485808823529412,0.550080998987513,0.651522535211268,0.55045,0.772856825823806,0.826988826815642,0.7003,0.753784056508577,0.787234042553192,0.8
691,100,0,0.01538462,180,1,0,0.75,0.25,28,1,0,0.423488874005453,0.233963533426021,0.568195121872153,0.638238125505983,0.704980968304027,0.790237053762168,0.822878174382412,0.915692357794173,0.389011323048864,0.573130771522192,0.630769230769231,0.54210978021568,0.65346975088968,0.705882352941177,0.770796699580685,0.807881773399015,0.826086956521739,0.753272910372608,0.799554565701559,0.818181818181818
692,100,0,0.01538462,180,1,0,0.75,0.25,28,1,0,0.299412397747244,0.253825053977779,0.460796216235506,0.64859548776796,0.585995893942552,0.769082952708433,0.818920554708943,0.907647725494142,0.376410662040753,0.532462986198243,0.5671,0.531572856814525,0.61321488764045,0.615769230769231,0.759991172847954,0.772992481203008,0.7225,0.747208121827411,0.792626728110599,0.722222222222222
