"param_id","eir_equil","sig_het","ff","trial_duration","trial_PQ_eff_stratum_1","trial_PQ_eff_stratum_2","trial_PQ_prop_stratum_1","trial_PQ_prop_stratum_2","trial_PQ_proph","is_LLIN_distributed","is_IRS_administered","eff_cph_recurrent_LM","eff_cph_recurrent_PCR","eff_cph_any_relapse_LM","eff_cph_any_relapse_PCR","eff_cph_relapse_LM_trial","eff_cph_relapse_PCR_trial","eff_cph_relapse_LM_all","eff_cph_relapse_PCR_all","eff_incid_recurrent_PCR","eff_incid_recurrent_LM","eff_incid_recurrent_D","eff_incid_any_relapse_PCR","eff_incid_any_relapse_LM","eff_incid_any_relapse_D","eff_incid_relapse_PCR","eff_incid_relapse_LM","eff_incid_relapse_D","eff_risk_relapse_PCR","eff_risk_relapse_LM","eff_risk_relapse_D"
1249,10,0,0.01538462,180,1,0,0.75,0.25,45,1,0,0.617228212238211,0.7067795125851,0.70583065689339,0.770682867774183,0.720121886502096,0.806428735483355,0.762549350624848,0.890629129830853,0.648952112040286,0.697743925097389,0.666332999666333,0.706866716305746,0.724967686132735,0.695347521434478,0.742719879238651,0.738199738199738,0.726999726999727,0.711088504577823,0.732432432432433,0.727272727272727
125,0.1,0,0.01538462,180,1,0,0.75,0.25,28,1,0,0.780174591861863,0.822031390326115,0.783748873160995,0.821608375164126,0.784695634895305,0.82292905802372,0.828395666148992,0.838616138501187,0.734914970372034,0.730646677211563,0.750982509603199,0.736959181403626,0.732342425386459,0.752533745117181,0.743891048238874,0.739983105306202,0.7578223384675,0.753681392235609,0.746478873239437,0.747011952191235
1250,10,0,0.01538462,180,1,0,0.75,0.25,45,1,0,0.553149017363769,0.714133961194488,0.693503391176453,0.788858278419961,0.712465002808573,0.809952553193871,0.789064188633034,0.899459917874731,0.655782029950083,0.708477508650519,0.4375,0.708063521430774,0.754285714285714,0.5,0.736092685946759,0.773605150214592,0.416666666666667,0.731313131313131,0.767195767195767,0.416666666666667
