"param_id","eir_equil","sig_het","ff","trial_duration","trial_PQ_eff_stratum_1","trial_PQ_eff_stratum_2","trial_PQ_prop_stratum_1","trial_PQ_prop_stratum_2","trial_PQ_proph","is_LLIN_distributed","is_IRS_administered","eff_cph_recurrent_LM","eff_cph_recurrent_PCR","eff_cph_any_relapse_LM","eff_cph_any_relapse_PCR","eff_cph_relapse_LM_trial","eff_cph_relapse_PCR_trial","eff_cph_relapse_LM_all","eff_cph_relapse_PCR_all","eff_incid_recurrent_PCR","eff_incid_recurrent_LM","eff_incid_recurrent_D","eff_incid_any_relapse_PCR","eff_incid_any_relapse_LM","eff_incid_any_relapse_D","eff_incid_relapse_PCR","eff_incid_relapse_LM","eff_incid_relapse_D","eff_risk_relapse_PCR","eff_risk_relapse_LM","eff_risk_relapse_D"
1413,100,0,0.01538462,180,1,0,0.75,0.25,45,1,0,0.317647615703786,0.410426154212325,0.425041586380209,0.701279540367213,0.521856633209332,0.757289342562764,0.807336996648134,0.905344590855413,0.460346727898849,0.628208159781581,0.749749498997996,0.610919273484246,0.721943887775551,0.816142489059752,0.749293115105591,0.830535760317315,0.807499614613843,0.748733535967579,0.801435406698565,0.807692307692308
1414,100,0,0.01538462,180,1,0,0.75,0.25,45,1,0,0.348611878040372,0.374779774381843,0.461978288400061,0.626244326369095,0.645656987729524,0.762576616784224,0.812864258380511,0.91348928857317,0.450934880722115,0.598084544253633,0.578947368421053,0.602934451219512,0.690175097276265,0.644444444444444,0.768786921280396,0.829059829059829,0.85,0.763451776649746,0.811764705882353,0.85
1415,100,0,0.01538462,180,1,0,0.75,0.25,45,1,0,0.425666482918963,0.461406736533136,0.556440923889237,0.69449289870108,0.69864168362364,0.782581267701401,0.855674896712212,0.919779798176087,0.463065849979436,0.623945955661628,0.745508220084491,0.615054015827451,0.712127668208749,0.790488162581186,0.774567538655602,0.83390798205613,0.884499884499884,0.763636363636364,0.822546972860125,0.88
