"param_id","eir_equil","sig_het","ff","trial_duration","trial_PQ_eff_stratum_1","trial_PQ_eff_stratum_2","trial_PQ_prop_stratum_1","trial_PQ_prop_stratum_2","trial_PQ_proph","is_LLIN_distributed","is_IRS_administered","eff_cph_recurrent_LM","eff_cph_recurrent_PCR","eff_cph_any_relapse_LM","eff_cph_any_relapse_PCR","eff_cph_relapse_LM_trial","eff_cph_relapse_PCR_trial","eff_cph_relapse_LM_all","eff_cph_relapse_PCR_all","eff_incid_recurrent_PCR","eff_incid_recurrent_LM","eff_incid_recurrent_D","eff_incid_any_relapse_PCR","eff_incid_any_relapse_LM","eff_incid_any_relapse_D","eff_incid_relapse_PCR","eff_incid_relapse_LM","eff_incid_relapse_D","eff_risk_relapse_PCR","eff_risk_relapse_LM","eff_risk_relapse_D"
72,0.1,0,0.01538462,180,1,0,0.75,0.25,28,1,0,0.795249637151241,0.824778593252878,0.794166700578309,0.822239447283357,0.799591641655651,0.825460083870233,0.808532567212293,0.817201687374707,0.690407811602527,0.687007874015748,0.699513381995134,0.693017888055395,0.689518787079763,0.704156479217604,0.713375796178344,0.712681638044914,0.735294117647059,0.737637362637363,0.736994219653179,0.748
720,100,0,0.01538462,180,1,0,0.75,0.25,28,1,0,0.409427054980346,0.282674548029944,0.573809481291921,0.620743401047318,0.681107356721919,0.72788434511951,0.795681223617984,0.898704165632512,0.376531943630387,0.508225958305313,0.462076923076923,0.525255456198848,0.604301952929394,0.4006,0.735025467353021,0.80291221719457,0.556,0.720766129032258,0.773809523809524,0.555555555555556
721,100,0,0.01538462,180,1,0,0.75,0.25,28,1,0,0.319222066385218,0.30196097453296,0.497147323580671,0.623504281857884,0.56803220845409,0.754967581294004,0.794400125916278,0.910931887162147,0.386597605851919,0.481416900771739,0.433644170486276,0.536204236565516,0.582278262966599,0.588874588874589,0.753641900361078,0.746516542382175,0.713999713999714,0.741448692152918,0.760820045558087,0.7
