"param_id","eir_equil","sig_het","ff","trial_duration","trial_PQ_eff_stratum_1","trial_PQ_eff_stratum_2","trial_PQ_prop_stratum_1","trial_PQ_prop_stratum_2","trial_PQ_proph","is_LLIN_distributed","is_IRS_administered","eff_cph_recurrent_LM","eff_cph_recurrent_PCR","eff_cph_any_relapse_LM","eff_cph_any_relapse_PCR","eff_cph_relapse_LM_trial","eff_cph_relapse_PCR_trial","eff_cph_relapse_LM_all","eff_cph_relapse_PCR_all","eff_incid_recurrent_PCR","eff_incid_recurrent_LM","eff_incid_recurrent_D","eff_incid_any_relapse_PCR","eff_incid_any_relapse_LM","eff_incid_any_relapse_D","eff_incid_relapse_PCR","eff_incid_relapse_LM","eff_incid_relapse_D","eff_risk_relapse_PCR","eff_risk_relapse_LM","eff_risk_relapse_D"
828,0.1,0,0.01538462,180,1,0,0.75,0.25,45,1,0,0.796913462873098,0.80713672369333,0.801589963528548,0.807424493106933,0.803779857177717,0.811802803794902,0.807802347012826,0.811181938389999,0.698123620309051,0.699171446781389,0.711138310893513,0.701608430393788,0.702944942381562,0.714285714285714,0.721046770601336,0.72411575562701,0.747524752475248,0.723140495867769,0.727011494252874,0.744140625
829,0.1,0,0.01538462,180,1,0,0.75,0.25,45,1,0,0.811695165215266,0.837419412669352,0.813509626230951,0.836778788951411,0.813886457111664,0.838393152054445,0.833146728680754,0.837606131989618,0.754569190600522,0.752884031572556,0.734839476813318,0.754855643044619,0.753357753357753,0.736526946107784,0.76215644820296,0.760615384615385,0.749095295536791,0.760157273918742,0.766990291262136,0.76171875
83,0.1,0,0.01538462,180,1,0,0.75,0.25,28,1,0,0.781754347291339,0.800432282794264,0.786607251213239,0.800940622563306,0.792118859668207,0.805920148112089,0.806510030607328,0.812829656169575,0.682148852825965,0.681640625,0.700501253132832,0.68503937007874,0.68520942408377,0.707440100882724,0.695873374788016,0.695394736842105,0.719543147208122,0.727520435967302,0.73,0.741482965931864
