"param_id","eir_equil","sig_het","ff","trial_duration","trial_PQ_eff_stratum_1","trial_PQ_eff_stratum_2","trial_PQ_prop_stratum_1","trial_PQ_prop_stratum_2","trial_PQ_proph","is_LLIN_distributed","is_IRS_administered","eff_cph_recurrent_LM","eff_cph_recurrent_PCR","eff_cph_any_relapse_LM","eff_cph_any_relapse_PCR","eff_cph_relapse_LM_trial","eff_cph_relapse_PCR_trial","eff_cph_relapse_LM_all","eff_cph_relapse_PCR_all","eff_incid_recurrent_PCR","eff_incid_recurrent_LM","eff_incid_recurrent_D","eff_incid_any_relapse_PCR","eff_incid_any_relapse_LM","eff_incid_any_relapse_D","eff_incid_relapse_PCR","eff_incid_relapse_LM","eff_incid_relapse_D","eff_risk_relapse_PCR","eff_risk_relapse_LM","eff_risk_relapse_D"
241,1,0,0.01538462,180,1,0,0.75,0.25,28,1,0,0.635869308495893,0.7031677613394,0.712698318287072,0.787503060213236,0.752146517773384,0.813606207486477,0.825804437108723,0.852001026565299,0.671171171171171,0.677221654749745,0.658730158730159,0.711544227886057,0.721374045801527,0.690265486725664,0.742082925236696,0.751768867924528,0.740740740740741,0.747356051703878,0.75609756097561,0.736842105263158
242,1,0,0.01538462,180,1,0,0.75,0.25,28,1,0,0.632992866624655,0.72784322350102,0.690739025815038,0.781223340467547,0.715041807068343,0.808353733015745,0.825855967773626,0.863321941978874,0.672715362421245,0.65835729909804,0.616154616154616,0.712121999319231,0.691476047476048,0.670385982312588,0.747931871473395,0.727989267462952,0.705853221642695,0.760479041916168,0.752592592592593,0.727272727272727
243,1,0,0.01538462,180,1,0,0.75,0.25,28,1,0,0.667317240450886,0.715220908699666,0.691055737379928,0.758924390380132,0.733443167864328,0.786936112890448,0.812920924085621,0.847674865429798,0.67033243288951,0.655720410437392,0.716134044492253,0.702108444112709,0.684870055240426,0.733066399733066,0.738083454432765,0.720197584519193,0.785499785499785,0.74113475177305,0.74198250728863,0.801980198019802
