"param_id","eir_equil","sig_het","ff","trial_duration","trial_PQ_eff_stratum_1","trial_PQ_eff_stratum_2","trial_PQ_prop_stratum_1","trial_PQ_prop_stratum_2","trial_PQ_proph","is_LLIN_distributed","is_IRS_administered","eff_cph_recurrent_LM","eff_cph_recurrent_PCR","eff_cph_any_relapse_LM","eff_cph_any_relapse_PCR","eff_cph_relapse_LM_trial","eff_cph_relapse_PCR_trial","eff_cph_relapse_LM_all","eff_cph_relapse_PCR_all","eff_incid_recurrent_PCR","eff_incid_recurrent_LM","eff_incid_recurrent_D","eff_incid_any_relapse_PCR","eff_incid_any_relapse_LM","eff_incid_any_relapse_D","eff_incid_relapse_PCR","eff_incid_relapse_LM","eff_incid_relapse_D","eff_risk_relapse_PCR","eff_risk_relapse_LM","eff_risk_relapse_D"
296,1,0,0.01538462,180,1,0,0.75,0.25,28,1,0,0.647066331991891,0.735397260419254,0.68808620857659,0.782106028116111,0.721442704560956,0.801925214005897,0.814466512343102,0.852911204737186,0.693008304312885,0.672892478546189,0.695035460992908,0.727918205055382,0.711146838156484,0.742424242424242,0.759276295614842,0.746503496503496,0.756521739130435,0.745541022592152,0.74235807860262,0.766990291262136
297,1,0,0.01538462,180,1,0,0.75,0.25,28,1,0,0.715238594177602,0.739523496438859,0.749368879604507,0.781037616943742,0.769616678911114,0.798602901921685,0.817470834135759,0.851572521882723,0.683771888726208,0.674143564356436,0.650756097560976,0.714660625,0.700652173913043,0.702052631578947,0.738357142857143,0.727487163029525,0.737636363636364,0.745783132530121,0.748872180451128,0.739130434782609
298,1,0,0.01538462,180,1,0,0.75,0.25,28,1,0,0.666786856413599,0.727137933590365,0.732297588712673,0.777375347509555,0.78264136718307,0.816969941547395,0.820338494941003,0.861820134131531,0.676456970740103,0.670949326145553,0.72415671641791,0.714832014607425,0.711617021276596,0.752314049586777,0.747617588932806,0.753225078369906,0.8126875,0.750898203592814,0.742857142857143,0.801980198019802
