"param_id","eir_equil","sig_het","ff","trial_duration","trial_PQ_eff_stratum_1","trial_PQ_eff_stratum_2","trial_PQ_prop_stratum_1","trial_PQ_prop_stratum_2","trial_PQ_proph","is_LLIN_distributed","is_IRS_administered","eff_cph_recurrent_LM","eff_cph_recurrent_PCR","eff_cph_any_relapse_LM","eff_cph_any_relapse_PCR","eff_cph_relapse_LM_trial","eff_cph_relapse_PCR_trial","eff_cph_relapse_LM_all","eff_cph_relapse_PCR_all","eff_incid_recurrent_PCR","eff_incid_recurrent_LM","eff_incid_recurrent_D","eff_incid_any_relapse_PCR","eff_incid_any_relapse_LM","eff_incid_any_relapse_D","eff_incid_relapse_PCR","eff_incid_relapse_LM","eff_incid_relapse_D","eff_risk_relapse_PCR","eff_risk_relapse_LM","eff_risk_relapse_D"
555,10,0,0.01538462,180,1,0,0.75,0.25,28,1,0,0.616593698603319,0.67921407450723,0.677475375173639,0.776118636930055,0.723167121880542,0.824286488056916,0.808811931664634,0.909579621058464,0.661762533458569,0.727242826085213,0.869434652043348,0.724880518055524,0.764999764999765,0.904666571333238,0.781895429463188,0.801826573480117,0.894631473578842,0.755578093306288,0.794805194805195,0.888888888888889
556,10,0,0.01538462,180,1,0,0.75,0.25,28,1,0,0.528025386375947,0.66669846517517,0.586670804284225,0.745782044831916,0.63786172700502,0.807025113589982,0.791635450858281,0.900348451833717,0.62594233591948,0.719875,0.68032,0.688972254604803,0.74533458294283,0.762142857142857,0.746514470307107,0.780241232731137,0.6878125,0.732522796352584,0.781407035175879,0.6875
557,10,0,0.01538462,180,1,0,0.75,0.25,28,1,0,0.557653627614131,0.641542227339655,0.579908726113553,0.756594655238991,0.6411221355624,0.839089493990537,0.810926604623586,0.910900039399602,0.626700862007551,0.688209606986899,0.740740740740741,0.694769279393173,0.721359223300971,0.730769230769231,0.763353250045265,0.770089285714286,0.791666666666667,0.760121457489879,0.79639175257732,0.782608695652174
