"param_id","eir_equil","sig_het","ff","trial_duration","trial_PQ_eff_stratum_1","trial_PQ_eff_stratum_2","trial_PQ_prop_stratum_1","trial_PQ_prop_stratum_2","trial_PQ_proph","is_LLIN_distributed","is_IRS_administered","eff_cph_recurrent_LM","eff_cph_recurrent_PCR","eff_cph_any_relapse_LM","eff_cph_any_relapse_PCR","eff_cph_relapse_LM_trial","eff_cph_relapse_PCR_trial","eff_cph_relapse_LM_all","eff_cph_relapse_PCR_all","eff_incid_recurrent_PCR","eff_incid_recurrent_LM","eff_incid_recurrent_D","eff_incid_any_relapse_PCR","eff_incid_any_relapse_LM","eff_incid_any_relapse_D","eff_incid_relapse_PCR","eff_incid_relapse_LM","eff_incid_relapse_D","eff_risk_relapse_PCR","eff_risk_relapse_LM","eff_risk_relapse_D"
1565,100,0,0.01538462,180,1,0,0.75,0.25,45,1,0,0.461871604795868,0.433414698901186,0.556610324265942,0.640138889437793,0.639581685567017,0.721922531555627,0.789772436770988,0.903819743507203,0.440646701054739,0.586763062767006,0.694161290322581,0.590152253579659,0.657482524271845,0.70790243902439,0.733294863924698,0.727322404371585,0.857428571428571,0.730382293762575,0.749430523917995,0.833333333333333
1566,100,0,0.01538462,180,1,0,0.75,0.25,45,1,0,0.351540242165,0.401103621599235,0.45351871681556,0.610331302317251,0.639074882122095,0.710395198663452,0.799103109093883,0.909667919610211,0.460612767824206,0.59666568524094,0.568367504239248,0.609078214518131,0.669556806990544,0.688265419728346,0.767109541895843,0.786949313910213,0.896344412963859,0.754048582995951,0.800936768149883,0.892857142857143
1567,100,0,0.01538462,180,1,0,0.75,0.25,45,1,0,0.504558050467348,0.401142166921138,0.617143841905558,0.646842246410707,0.722543449237276,0.733984485806491,0.828460134283796,0.912156621590446,0.452316156352031,0.639802309564352,0.671099671099671,0.60385661790726,0.711300413670914,0.809333142666476,0.762509859085803,0.803160474623304,0.916583249916583,0.760606060606061,0.805369127516778,0.956521739130435
