"param_id","eir_equil","sig_het","ff","trial_duration","trial_PQ_eff_stratum_1","trial_PQ_eff_stratum_2","trial_PQ_prop_stratum_1","trial_PQ_prop_stratum_2","trial_PQ_proph","is_LLIN_distributed","is_IRS_administered","eff_cph_recurrent_LM","eff_cph_recurrent_PCR","eff_cph_any_relapse_LM","eff_cph_any_relapse_PCR","eff_cph_relapse_LM_trial","eff_cph_relapse_PCR_trial","eff_cph_relapse_LM_all","eff_cph_relapse_PCR_all","eff_incid_recurrent_PCR","eff_incid_recurrent_LM","eff_incid_recurrent_D","eff_incid_any_relapse_PCR","eff_incid_any_relapse_LM","eff_incid_any_relapse_D","eff_incid_relapse_PCR","eff_incid_relapse_LM","eff_incid_relapse_D","eff_risk_relapse_PCR","eff_risk_relapse_LM","eff_risk_relapse_D"
28,0.1,0,0.01538462,180,1,0,0.75,0.25,28,1,0,0.77096826836436,0.801815688926973,0.779252492030383,0.805602359528216,0.778702341450189,0.806443871089836,0.807472482124502,0.820224454289011,0.672487588813992,0.673138904537185,0.675292918733929,0.674400653158168,0.675572928034286,0.679269064444679,0.690772750526753,0.690581692836368,0.699112888921833,0.732793522267206,0.727142857142857,0.724696356275304
280,1,0,0.01538462,180,1,0,0.75,0.25,28,1,0,0.587277785258422,0.685280195993633,0.64132486641208,0.749451512044903,0.674538818741368,0.774109178783975,0.802122520151253,0.842668948911418,0.672009771463894,0.649191057598411,0.576499152150455,0.710723649943058,0.690036798108147,0.597888083860028,0.741821563126253,0.718430902329092,0.635148802277452,0.730350665054414,0.723435225618632,0.65979381443299
281,1,0,0.01538462,180,1,0,0.75,0.25,28,1,0,0.648798371767511,0.694313069700977,0.731860473004559,0.750950127628761,0.759020275398328,0.779652979128629,0.80007681779582,0.84343099275043,0.638351555929352,0.638566380615851,0.684563758389262,0.669763260413545,0.670091941590049,0.75177304964539,0.706592689295039,0.705813270698767,0.755905511811024,0.731414868105516,0.717037037037037,0.736363636363636
