"param_id","eir_equil","sig_het","ff","trial_duration","trial_PQ_eff_stratum_1","trial_PQ_eff_stratum_2","trial_PQ_prop_stratum_1","trial_PQ_prop_stratum_2","trial_PQ_proph","is_LLIN_distributed","is_IRS_administered","eff_cph_recurrent_LM","eff_cph_recurrent_PCR","eff_cph_any_relapse_LM","eff_cph_any_relapse_PCR","eff_cph_relapse_LM_trial","eff_cph_relapse_PCR_trial","eff_cph_relapse_LM_all","eff_cph_relapse_PCR_all","eff_incid_recurrent_PCR","eff_incid_recurrent_LM","eff_incid_recurrent_D","eff_incid_any_relapse_PCR","eff_incid_any_relapse_LM","eff_incid_any_relapse_D","eff_incid_relapse_PCR","eff_incid_relapse_LM","eff_incid_relapse_D","eff_risk_relapse_PCR","eff_risk_relapse_LM","eff_risk_relapse_D"
369,1,0,0.01538462,180,1,0,0.75,0.25,28,1,0,0.668491442737725,0.735145759665524,0.69782851441932,0.782195491535368,0.718515102005431,0.805482515563159,0.803618404159469,0.851230297754066,0.68514219384794,0.674653887113951,0.601626016260163,0.716053201360965,0.705580865603645,0.62280701754386,0.742042440318302,0.731123388581952,0.666666666666667,0.754216867469879,0.742469879518072,0.637362637362637
37,0.1,0,0.01538462,180,1,0,0.75,0.25,28,1,0,0.814410743264604,0.836677430379946,0.815318963801678,0.833734901426213,0.818390294373145,0.836477909534351,0.831721781572322,0.841641205282497,0.7585,0.758259475218659,0.771979661016949,0.760923076923077,0.760052724077329,0.772336734693878,0.769617334009123,0.769143617021277,0.785602739726027,0.77023498694517,0.767857142857143,0.793560606060606
370,1,0,0.01538462,180,1,0,0.75,0.25,28,1,0,0.692199542012339,0.716573543478932,0.718443076342583,0.760937147167094,0.769103054019499,0.801436661908372,0.83116606501184,0.862460602603584,0.695661047027507,0.670621637092158,0.616455357142857,0.736107244542866,0.708701657458564,0.683485148514851,0.762914108313211,0.741980132450331,0.734308510638298,0.764778325123153,0.75867269984917,0.71264367816092
