"param_id","eir_equil","sig_het","ff","trial_duration","trial_PQ_eff_stratum_1","trial_PQ_eff_stratum_2","trial_PQ_prop_stratum_1","trial_PQ_prop_stratum_2","trial_PQ_proph","is_LLIN_distributed","is_IRS_administered","eff_cph_recurrent_LM","eff_cph_recurrent_PCR","eff_cph_any_relapse_LM","eff_cph_any_relapse_PCR","eff_cph_relapse_LM_trial","eff_cph_relapse_PCR_trial","eff_cph_relapse_LM_all","eff_cph_relapse_PCR_all","eff_incid_recurrent_PCR","eff_incid_recurrent_LM","eff_incid_recurrent_D","eff_incid_any_relapse_PCR","eff_incid_any_relapse_LM","eff_incid_any_relapse_D","eff_incid_relapse_PCR","eff_incid_relapse_LM","eff_incid_relapse_D","eff_risk_relapse_PCR","eff_risk_relapse_LM","eff_risk_relapse_D"
433,10,0,0.01538462,180,1,0,0.75,0.25,28,1,0,0.499601094502948,0.677095783250584,0.588654606888938,0.754105522090208,0.685367359062493,0.811395777948173,0.783536308606071,0.905839819305848,0.644186452082456,0.685856068834792,0.528940705411294,0.704101307969008,0.722543307264169,0.64670552905847,0.763547189729578,0.770720441111503,0.866533199866533,0.755081300813008,0.774936061381074,0.866666666666667
434,10,0,0.01538462,180,1,0,0.75,0.25,28,1,0,0.508082477137768,0.669717034260435,0.596613498514217,0.762160050739025,0.624303499924521,0.816823181808401,0.778209855890062,0.894757754676181,0.623011528612092,0.683698568456933,0.74974974974975,0.684754252925423,0.729404200948916,0.866533199866533,0.735136759296517,0.770485582063335,0.866533199866533,0.720930232558139,0.756032171581769,0.857142857142857
435,10,0,0.01538462,180,1,0,0.75,0.25,28,1,0,0.568415012737403,0.604457427580179,0.602703379868548,0.718545391841386,0.635228391072288,0.775400923814296,0.78339512249561,0.899676412603545,0.621561876668071,0.688534208059981,0.706470588235294,0.681853773215265,0.726575342465753,0.616153846153846,0.734344019616747,0.765961117861482,0.818545454545454,0.726443768996961,0.76566757493188,0.818181818181818
