"param_id","eir_equil","sig_het","ff","trial_duration","trial_PQ_eff_stratum_1","trial_PQ_eff_stratum_2","trial_PQ_prop_stratum_1","trial_PQ_prop_stratum_2","trial_PQ_proph","is_LLIN_distributed","is_IRS_administered","eff_cph_recurrent_LM","eff_cph_recurrent_PCR","eff_cph_any_relapse_LM","eff_cph_any_relapse_PCR","eff_cph_relapse_LM_trial","eff_cph_relapse_PCR_trial","eff_cph_relapse_LM_all","eff_cph_relapse_PCR_all","eff_incid_recurrent_PCR","eff_incid_recurrent_LM","eff_incid_recurrent_D","eff_incid_any_relapse_PCR","eff_incid_any_relapse_LM","eff_incid_any_relapse_D","eff_incid_relapse_PCR","eff_incid_relapse_LM","eff_incid_relapse_D","eff_risk_relapse_PCR","eff_risk_relapse_LM","eff_risk_relapse_D"
744,100,0,0.01538462,180,1,0,0.75,0.25,28,1,0,0.276813545325319,0.23789541428088,0.327836311307617,0.604262410737433,0.542951282620846,0.732155213193396,0.808818135371523,0.904495747914323,0.37390718902242,0.541371436796273,0.279981736122087,0.534115261118228,0.635249028747331,0.443888332777222,0.753404284590309,0.785258231204177,0.695347521434478,0.735562310030395,0.786036036036036,0.65
745,100,0,0.01538462,180,1,0,0.75,0.25,28,1,0,0.3249075333135,0.257893060777475,0.427753669111999,0.5967679785547,0.698879776411827,0.775894517872009,0.8320182631014,0.915868835265776,0.390867602567907,0.577257782947061,0.553399553399553,0.547687151680496,0.646871707078668,0.549549549549549,0.777803950397597,0.83738840881698,0.73049973049973,0.754279959718026,0.804008908685969,0.76
746,100,0,0.01538462,180,1,0,0.75,0.25,28,1,0,0.411380811526567,0.323178411660829,0.544662115002505,0.618970425621843,0.664378983109946,0.76900334889795,0.825469071691662,0.9174243380344,0.389256974589394,0.552777777777778,0.354838709677419,0.549390815370197,0.63072043497961,0.384615384615385,0.769178269178269,0.793548387096774,0.380952380952381,0.764112903225806,0.80089485458613,0.333333333333333
