"param_id","eir_equil","sig_het","ff","trial_duration","trial_PQ_eff_stratum_1","trial_PQ_eff_stratum_2","trial_PQ_prop_stratum_1","trial_PQ_prop_stratum_2","trial_PQ_proph","is_LLIN_distributed","is_IRS_administered","eff_cph_recurrent_LM","eff_cph_recurrent_PCR","eff_cph_any_relapse_LM","eff_cph_any_relapse_PCR","eff_cph_relapse_LM_trial","eff_cph_relapse_PCR_trial","eff_cph_relapse_LM_all","eff_cph_relapse_PCR_all","eff_incid_recurrent_PCR","eff_incid_recurrent_LM","eff_incid_recurrent_D","eff_incid_any_relapse_PCR","eff_incid_any_relapse_LM","eff_incid_any_relapse_D","eff_incid_relapse_PCR","eff_incid_relapse_LM","eff_incid_relapse_D","eff_risk_relapse_PCR","eff_risk_relapse_LM","eff_risk_relapse_D"
1310,10,0,0.01538462,180,1,0,0.75,0.25,45,1,0,0.588652048031736,0.711086129167566,0.638980100969194,0.780976769190612,0.662758852076765,0.846547373413699,0.775941965616411,0.919836845999781,0.676828692727816,0.7258404901717,0.624624624624625,0.735180058032173,0.755063455771241,0.5995995995996,0.7823452783544,0.784506728951173,0.614999614999615,0.766533066132264,0.775132275132275,0.615384615384615
1311,10,0,0.01538462,180,1,0,0.75,0.25,45,1,0,0.594854676019524,0.679617264002008,0.632254919972416,0.740323647546268,0.667222865093492,0.794765931528735,0.816609040927525,0.90223176774904,0.664433277498604,0.759968725566849,0.636363636363636,0.719189252155005,0.787618228718831,0.7,0.757197271680397,0.80984555984556,0.736842105263158,0.734817813765182,0.803782505910166,0.705882352941176
1312,10,0,0.01538462,180,1,0,0.75,0.25,45,1,0,0.526921441818311,0.669229782349371,0.664188587685228,0.761147253624374,0.681125106382109,0.799435373499721,0.785454041436411,0.907723254081395,0.667569300610016,0.730295668549906,0.769692307692308,0.725571780017459,0.772514705882353,0.818545454545454,0.762589504479795,0.803533816425121,0.842421052631579,0.755578093306288,0.777158774373259,0.842105263157895
