"param_id","eir_equil","sig_het","ff","trial_duration","trial_PQ_eff_stratum_1","trial_PQ_eff_stratum_2","trial_PQ_prop_stratum_1","trial_PQ_prop_stratum_2","trial_PQ_proph","is_LLIN_distributed","is_IRS_administered","eff_cph_recurrent_LM","eff_cph_recurrent_PCR","eff_cph_any_relapse_LM","eff_cph_any_relapse_PCR","eff_cph_relapse_LM_trial","eff_cph_relapse_PCR_trial","eff_cph_relapse_LM_all","eff_cph_relapse_PCR_all","eff_incid_recurrent_PCR","eff_incid_recurrent_LM","eff_incid_recurrent_D","eff_incid_any_relapse_PCR","eff_incid_any_relapse_LM","eff_incid_any_relapse_D","eff_incid_relapse_PCR","eff_incid_relapse_LM","eff_incid_relapse_D","eff_risk_relapse_PCR","eff_risk_relapse_LM","eff_risk_relapse_D"
644,100,0,0.01538462,180,1,0,0.75,0.25,28,1,0,0.358664423248776,0.288025522675941,0.414887496139638,0.653687867329655,0.513060027912711,0.762677521214657,0.800097131033523,0.914944146085417,0.398485002026753,0.614704954244241,0.727272727272727,0.546561282589152,0.684659090909091,0.75,0.767990324531344,0.810765349032801,0.944444444444444,0.76004016064257,0.801864801864802,0.941176470588235
645,100,0,0.01538462,180,1,0,0.75,0.25,28,1,0,0.345536051078946,0.267781341584724,0.386014606238414,0.63812807055037,0.618866197274134,0.740656785250903,0.812919998460758,0.907301476875104,0.381938627883956,0.54695806261075,0.676923076923077,0.539205397301349,0.613031914893617,0.658536585365854,0.756534829615437,0.774405250205086,0.863636363636364,0.742654508611955,0.785714285714286,0.857142857142857
646,100,0,0.01538462,180,1,0,0.75,0.25,28,1,0,0.362636007651918,0.21638947745698,0.430589433584288,0.608558817942004,0.695952005899451,0.731111272278877,0.832502060094537,0.910424153048465,0.376841233270341,0.556800497976969,0.546875,0.532240771940573,0.651577503429355,0.534883720930233,0.756995175740868,0.824707846410685,0.857142857142857,0.749494949494949,0.826879271070615,0.857142857142857
