"param_id","eir_equil","sig_het","ff","trial_duration","trial_PQ_eff_stratum_1","trial_PQ_eff_stratum_2","trial_PQ_prop_stratum_1","trial_PQ_prop_stratum_2","trial_PQ_proph","is_LLIN_distributed","is_IRS_administered","eff_cph_recurrent_LM","eff_cph_recurrent_PCR","eff_cph_any_relapse_LM","eff_cph_any_relapse_PCR","eff_cph_relapse_LM_trial","eff_cph_relapse_PCR_trial","eff_cph_relapse_LM_all","eff_cph_relapse_PCR_all","eff_incid_recurrent_PCR","eff_incid_recurrent_LM","eff_incid_recurrent_D","eff_incid_any_relapse_PCR","eff_incid_any_relapse_LM","eff_incid_any_relapse_D","eff_incid_relapse_PCR","eff_incid_relapse_LM","eff_incid_relapse_D","eff_risk_relapse_PCR","eff_risk_relapse_LM","eff_risk_relapse_D"
1419,100,0,0.01538462,180,1,0,0.75,0.25,45,1,0,0.369265752120133,0.404638119527885,0.545127510667019,0.64806193843009,0.707131909428941,0.763718586203732,0.783673676058226,0.912403925190586,0.450410141685309,0.58878194490541,0.578125,0.609283749670321,0.686370297997069,0.717391304347826,0.774252842262918,0.799661876584953,0.875,0.75882946518668,0.773892773892774,0.869565217391304
142,0.1,0,0.01538462,180,1,0,0.75,0.25,28,1,0,0.806288331757787,0.831001113877905,0.812164285016125,0.834180914177427,0.817870585533693,0.840875941346548,0.81928378739629,0.830065916439149,0.708537248504622,0.697376839411388,0.72,0.712568306010929,0.7001287001287,0.721455457967378,0.733369983507422,0.72168284789644,0.738636363636364,0.745602165087957,0.741428571428571,0.760736196319018
1420,100,0,0.01538462,180,1,0,0.75,0.25,45,1,0,0.408926794861163,0.423735397797941,0.541037953486906,0.646482443872184,0.60272658565697,0.726554769301146,0.782109055535859,0.90091379889343,0.461138808117117,0.610126499295265,0.614999614999615,0.603873908489756,0.686232695941434,0.701829489063532,0.744548867355885,0.754534251624858,0.874874874874875,0.741152679474216,0.786697247706422,0.869565217391304
