"param_id","eir_equil","sig_het","ff","trial_duration","trial_PQ_eff_stratum_1","trial_PQ_eff_stratum_2","trial_PQ_prop_stratum_1","trial_PQ_prop_stratum_2","trial_PQ_proph","is_LLIN_distributed","is_IRS_administered","eff_cph_recurrent_LM","eff_cph_recurrent_PCR","eff_cph_any_relapse_LM","eff_cph_any_relapse_PCR","eff_cph_relapse_LM_trial","eff_cph_relapse_PCR_trial","eff_cph_relapse_LM_all","eff_cph_relapse_PCR_all","eff_incid_recurrent_PCR","eff_incid_recurrent_LM","eff_incid_recurrent_D","eff_incid_any_relapse_PCR","eff_incid_any_relapse_LM","eff_incid_any_relapse_D","eff_incid_relapse_PCR","eff_incid_relapse_LM","eff_incid_relapse_D","eff_risk_relapse_PCR","eff_risk_relapse_LM","eff_risk_relapse_D"
1213,10,0,0.01538462,180,1,0,0.75,0.25,45,1,0,0.549473468853491,0.688400652455536,0.614089241101049,0.754137761089175,0.682081457789802,0.800844041045984,0.804344456915197,0.907709911977812,0.674598290598291,0.694779116465863,0.647058823529412,0.726184120204408,0.744186046511628,0.689655172413793,0.759863826815642,0.766460905349794,0.681818181818182,0.73943661971831,0.780141843971631,0.65
1214,10,0,0.01538462,180,1,0,0.75,0.25,45,1,0,0.536292853806132,0.686446627004416,0.595372509287954,0.773718187845588,0.588213887097121,0.808520188184026,0.770126254667531,0.910153836986911,0.682138278629507,0.703052334631282,0.63963963963964,0.73976792371912,0.730055343906341,0.726999726999727,0.776631659643034,0.758582111523288,0.713999713999714,0.757330637007078,0.763736263736264,0.714285714285714
1215,10,0,0.01538462,180,1,0,0.75,0.25,45,1,0,0.58629418485376,0.696084569352778,0.644960157060231,0.764916820084816,0.62917914532111,0.812418007006543,0.786301504473801,0.909361171620233,0.685067873303167,0.736744186046512,0.722222222222222,0.740281864643023,0.776978417266187,0.882352941176471,0.775966875165184,0.782305005820722,0.857142857142857,0.755081300813008,0.792746113989637,0.857142857142857
