"param_id","eir_equil","sig_het","ff","trial_duration","trial_PQ_eff_stratum_1","trial_PQ_eff_stratum_2","trial_PQ_prop_stratum_1","trial_PQ_prop_stratum_2","trial_PQ_proph","is_LLIN_distributed","is_IRS_administered","eff_cph_recurrent_LM","eff_cph_recurrent_PCR","eff_cph_any_relapse_LM","eff_cph_any_relapse_PCR","eff_cph_relapse_LM_trial","eff_cph_relapse_PCR_trial","eff_cph_relapse_LM_all","eff_cph_relapse_PCR_all","eff_incid_recurrent_PCR","eff_incid_recurrent_LM","eff_incid_recurrent_D","eff_incid_any_relapse_PCR","eff_incid_any_relapse_LM","eff_incid_any_relapse_D","eff_incid_relapse_PCR","eff_incid_relapse_LM","eff_incid_relapse_D","eff_risk_relapse_PCR","eff_risk_relapse_LM","eff_risk_relapse_D"
1546,100,0,0.01538462,180,1,0,0.75,0.25,45,1,0,0.4753315157285,0.40994290441618,0.511942701235931,0.658737516889532,0.710227625188796,0.760025079949776,0.84674556747563,0.915994583980272,0.455210676101838,0.627894487255483,0.667333333333333,0.60936658844902,0.700825282167043,0.784216216216216,0.777079270360073,0.820109717868339,0.8004,0.772497472194136,0.830802603036876,0.789473684210526
1547,100,0,0.01538462,180,1,0,0.75,0.25,45,1,0,0.387227420304212,0.35721433382238,0.561999604325608,0.638937153963792,0.732228234860077,0.730541997434291,0.822286372460463,0.915401611176742,0.464007081719992,0.571248852459016,0.592513157894737,0.61041530261218,0.695832540437678,0.672741379310345,0.766221889259688,0.8335,0.75025,0.756268806419258,0.804761904761905,0.666666666666667
1548,100,0,0.01538462,180,1,0,0.75,0.25,45,1,0,0.404381031010176,0.359375444120112,0.545317775379158,0.619568762863123,0.621697855294316,0.69416489829913,0.824284503123273,0.900569453950163,0.446333625534987,0.61581555153707,0.5338,0.593542435001718,0.70993908403735,0.702425531914894,0.745916689617185,0.830482701812191,0.815,0.739878542510122,0.812080536912752,0.8
