"param_id","eir_equil","sig_het","ff","trial_duration","trial_PQ_eff_stratum_1","trial_PQ_eff_stratum_2","trial_PQ_prop_stratum_1","trial_PQ_prop_stratum_2","trial_PQ_proph","is_LLIN_distributed","is_IRS_administered","eff_cph_recurrent_LM","eff_cph_recurrent_PCR","eff_cph_any_relapse_LM","eff_cph_any_relapse_PCR","eff_cph_relapse_LM_trial","eff_cph_relapse_PCR_trial","eff_cph_relapse_LM_all","eff_cph_relapse_PCR_all","eff_incid_recurrent_PCR","eff_incid_recurrent_LM","eff_incid_recurrent_D","eff_incid_any_relapse_PCR","eff_incid_any_relapse_LM","eff_incid_any_relapse_D","eff_incid_relapse_PCR","eff_incid_relapse_LM","eff_incid_relapse_D","eff_risk_relapse_PCR","eff_risk_relapse_LM","eff_risk_relapse_D"
585,10,0,0.01538462,180,1,0,0.75,0.25,28,1,0,0.548028921087159,0.642730613475126,0.582816679249412,0.727050974029849,0.657438690350996,0.816621003378609,0.791166479653994,0.906738727899439,0.648832885767403,0.722960151802656,0.791666666666667,0.713100268920476,0.766949152542373,0.863636363636364,0.773421052631579,0.804639804639805,0.842105263157895,0.74066599394551,0.771587743732591,0.842105263157895
586,10,0,0.01538462,180,1,0,0.75,0.25,28,1,0,0.492952305690372,0.688334710388564,0.54642236472998,0.766811793262992,0.507042785316757,0.820134002220944,0.741828145607565,0.913692096253736,0.658593803905334,0.68218442256043,0.722222222222222,0.721074856046065,0.724068479355488,0.705882352941176,0.77410199556541,0.74468085106383,0.692307692307692,0.759072580645161,0.738786279683377,0.692307692307692
587,10,0,0.01538462,180,1,0,0.75,0.25,28,1,0,0.613855495727416,0.650311298753236,0.655828176787706,0.738751689316814,0.668974195523097,0.815002915122914,0.788553759611424,0.913397992005226,0.649577546264107,0.681581222799861,0.618666285332952,0.713605261072888,0.716999716999717,0.6996996996997,0.771978534756117,0.761006681421906,0.8998998998999,0.753768844221105,0.785340314136126,0.894736842105263
