"param_id","eir_equil","sig_het","ff","trial_duration","trial_PQ_eff_stratum_1","trial_PQ_eff_stratum_2","trial_PQ_prop_stratum_1","trial_PQ_prop_stratum_2","trial_PQ_proph","is_LLIN_distributed","is_IRS_administered","eff_cph_recurrent_LM","eff_cph_recurrent_PCR","eff_cph_any_relapse_LM","eff_cph_any_relapse_PCR","eff_cph_relapse_LM_trial","eff_cph_relapse_PCR_trial","eff_cph_relapse_LM_all","eff_cph_relapse_PCR_all","eff_incid_recurrent_PCR","eff_incid_recurrent_LM","eff_incid_recurrent_D","eff_incid_any_relapse_PCR","eff_incid_any_relapse_LM","eff_incid_any_relapse_D","eff_incid_relapse_PCR","eff_incid_relapse_LM","eff_incid_relapse_D","eff_risk_relapse_PCR","eff_risk_relapse_LM","eff_risk_relapse_D"
196,0.1,0,0.01538462,180,1,0,0.75,0.25,28,1,0,0.782668388455399,0.812115265673149,0.787984840226587,0.816674802487404,0.79033090267467,0.818790661085137,0.817970652627968,0.830960192337373,0.695842824451748,0.695645466254785,0.710611832698403,0.697928007162836,0.697418572418572,0.714571714571715,0.707610049073464,0.707418771428433,0.727545727545728,0.740645161290323,0.734972677595628,0.742911153119093
197,0.1,0,0.01538462,180,1,0,0.75,0.25,28,1,0,0.741182115031098,0.785945610244751,0.745169983366221,0.787898657267853,0.749967675896619,0.793891849971152,0.790143313365553,0.804557855372296,0.643836114154655,0.63437641465229,0.651825389910255,0.646369662401727,0.636845784592441,0.653847048936583,0.662693354562167,0.652262356037376,0.672399344142831,0.722448979591837,0.715107913669065,0.701431492842536
198,0.1,0,0.01538462,180,1,0,0.75,0.25,28,1,0,0.789982387012623,0.824379150081551,0.798325013576162,0.829438506688019,0.798285330979843,0.83017401145278,0.827296020393274,0.834875491989968,0.750478932706466,0.747670685011008,0.758444036265275,0.752275487274117,0.749247743229689,0.758489226894443,0.761452499090191,0.759329040087717,0.776280514405671,0.768606224627876,0.768033946251768,0.765656565656566
