"param_id","eir_equil","sig_het","ff","trial_duration","trial_PQ_eff_stratum_1","trial_PQ_eff_stratum_2","trial_PQ_prop_stratum_1","trial_PQ_prop_stratum_2","trial_PQ_proph","is_LLIN_distributed","is_IRS_administered","eff_cph_recurrent_LM","eff_cph_recurrent_PCR","eff_cph_any_relapse_LM","eff_cph_any_relapse_PCR","eff_cph_relapse_LM_trial","eff_cph_relapse_PCR_trial","eff_cph_relapse_LM_all","eff_cph_relapse_PCR_all","eff_incid_recurrent_PCR","eff_incid_recurrent_LM","eff_incid_recurrent_D","eff_incid_any_relapse_PCR","eff_incid_any_relapse_LM","eff_incid_any_relapse_D","eff_incid_relapse_PCR","eff_incid_relapse_LM","eff_incid_relapse_D","eff_risk_relapse_PCR","eff_risk_relapse_LM","eff_risk_relapse_D"
522,10,0,0.01538462,180,1,0,0.75,0.25,28,1,0,0.598380189967568,0.682657397771788,0.699612614748442,0.781592989993077,0.79738388761607,0.835637425668558,0.80815530105441,0.920445400659967,0.662886261980831,0.716063688212928,0.778,0.727437440532826,0.754447478991597,0.8668,0.786431408437815,0.799488123515439,1,0.767441860465116,0.792349726775956,1
523,10,0,0.01538462,180,1,0,0.75,0.25,28,1,0,0.478873772645207,0.698083790248232,0.501441790608268,0.771875417082424,0.644096478197828,0.834325479929952,0.822539864709796,0.911155148551627,0.649751522362987,0.745016611295681,0.727272727272727,0.714507731758489,0.768946395563771,0.857142857142857,0.77789566755084,0.809625668449198,0.944444444444444,0.762626262626263,0.826302729528536,0.944444444444444
524,10,0,0.01538462,180,1,0,0.75,0.25,28,1,0,0.678415898293746,0.656444223810451,0.760917522625113,0.770082140291544,0.804300821754557,0.831085422240812,0.811020434245737,0.91838989174244,0.66313957535677,0.754816112084063,0.826086956521739,0.729276622167029,0.789317507418398,0.818181818181818,0.783807988536629,0.821548821548822,0.823529411764706,0.768292682926829,0.797872340425532,0.8125
