"param_id","eir_equil","sig_het","ff","trial_duration","trial_PQ_eff_stratum_1","trial_PQ_eff_stratum_2","trial_PQ_prop_stratum_1","trial_PQ_prop_stratum_2","trial_PQ_proph","is_LLIN_distributed","is_IRS_administered","eff_cph_recurrent_LM","eff_cph_recurrent_PCR","eff_cph_any_relapse_LM","eff_cph_any_relapse_PCR","eff_cph_relapse_LM_trial","eff_cph_relapse_PCR_trial","eff_cph_relapse_LM_all","eff_cph_relapse_PCR_all","eff_incid_recurrent_PCR","eff_incid_recurrent_LM","eff_incid_recurrent_D","eff_incid_any_relapse_PCR","eff_incid_any_relapse_LM","eff_incid_any_relapse_D","eff_incid_relapse_PCR","eff_incid_relapse_LM","eff_incid_relapse_D","eff_risk_relapse_PCR","eff_risk_relapse_LM","eff_risk_relapse_D"
282,1,0,0.01538462,180,1,0,0.75,0.25,28,1,0,0.718082493465844,0.747769536818215,0.768304892941967,0.788576365809057,0.792472188228107,0.809875299752488,0.81839701437413,0.856717272698322,0.677451923807175,0.653161933863688,0.753376564970768,0.718606793780515,0.689566687811275,0.785499785499785,0.751882806775408,0.722721450802772,0.811777589555367,0.760975609756098,0.75,0.826923076923077
283,1,0,0.01538462,180,1,0,0.75,0.25,28,1,0,0.680981290929444,0.738171186529005,0.713923603453919,0.778974346603853,0.790033065261539,0.818046252084961,0.835398309410133,0.867426784806611,0.67538247566064,0.674250258531541,0.62992125984252,0.716711349419124,0.70939226519337,0.689075630252101,0.757161458333333,0.75211097708082,0.8,0.764565992865636,0.762043795620438,0.838709677419355
284,1,0,0.01538462,180,1,0,0.75,0.25,28,1,0,0.717455319518518,0.744837849183092,0.743205206323352,0.776711286158258,0.770346141216234,0.8101552145722,0.838839159264642,0.862800602404736,0.688983495352352,0.70421511780091,0.651154160172196,0.727797178515447,0.731596000103753,0.68153360985537,0.759033054320159,0.762047285665952,0.702106916535774,0.768307322929172,0.773181169757489,0.737373737373737
