"param_id","eir_equil","sig_het","ff","trial_duration","trial_PQ_eff_stratum_1","trial_PQ_eff_stratum_2","trial_PQ_prop_stratum_1","trial_PQ_prop_stratum_2","trial_PQ_proph","is_LLIN_distributed","is_IRS_administered","eff_cph_recurrent_LM","eff_cph_recurrent_PCR","eff_cph_any_relapse_LM","eff_cph_any_relapse_PCR","eff_cph_relapse_LM_trial","eff_cph_relapse_PCR_trial","eff_cph_relapse_LM_all","eff_cph_relapse_PCR_all","eff_incid_recurrent_PCR","eff_incid_recurrent_LM","eff_incid_recurrent_D","eff_incid_any_relapse_PCR","eff_incid_any_relapse_LM","eff_incid_any_relapse_D","eff_incid_relapse_PCR","eff_incid_relapse_LM","eff_incid_relapse_D","eff_risk_relapse_PCR","eff_risk_relapse_LM","eff_risk_relapse_D"
222,1,0,0.01538462,180,1,0,0.75,0.25,28,1,0,0.690743686585573,0.712463709484043,0.75517960768337,0.767280362765728,0.807907440798541,0.798764431222697,0.825541925485768,0.852320170524875,0.673925667828107,0.691593604951006,0.652482269503546,0.712962962962963,0.731466227347611,0.714285714285714,0.742250673854447,0.755757575757576,0.775,0.75453446191052,0.758823529411765,0.763636363636364
223,1,0,0.01538462,180,1,0,0.75,0.25,28,1,0,0.652798673404019,0.731438114751847,0.731773869260633,0.801016299351766,0.787822598100831,0.824271602060335,0.840039913271946,0.86108279535582,0.693180590904182,0.685382670102109,0.513953279693716,0.732643264974458,0.726289639982841,0.638621505305693,0.763087118717332,0.76039034590921,0.709946208205885,0.747086247086247,0.765449438202247,0.707547169811321
224,1,0,0.01538462,180,1,0,0.75,0.25,28,1,0,0.669031001827859,0.744747110811935,0.73025849999744,0.801934081885845,0.760301211290086,0.82885706567943,0.845360344968928,0.862518636738404,0.69010989010989,0.701110574601642,0.758333333333333,0.72443926594815,0.732957457713993,0.794642857142857,0.752509410288582,0.758544652701213,0.817307692307692,0.755294117647059,0.775453277545328,0.810526315789474
