"param_id","eir_equil","sig_het","ff","trial_duration","trial_PQ_eff_stratum_1","trial_PQ_eff_stratum_2","trial_PQ_prop_stratum_1","trial_PQ_prop_stratum_2","trial_PQ_proph","is_LLIN_distributed","is_IRS_administered","eff_cph_recurrent_LM","eff_cph_recurrent_PCR","eff_cph_any_relapse_LM","eff_cph_any_relapse_PCR","eff_cph_relapse_LM_trial","eff_cph_relapse_PCR_trial","eff_cph_relapse_LM_all","eff_cph_relapse_PCR_all","eff_incid_recurrent_PCR","eff_incid_recurrent_LM","eff_incid_recurrent_D","eff_incid_any_relapse_PCR","eff_incid_any_relapse_LM","eff_incid_any_relapse_D","eff_incid_relapse_PCR","eff_incid_relapse_LM","eff_incid_relapse_D","eff_risk_relapse_PCR","eff_risk_relapse_LM","eff_risk_relapse_D"
159,0.1,0,0.01538462,180,1,0,0.75,0.25,28,1,0,0.784844878447577,0.80233905438275,0.787642679425722,0.808143043672962,0.793678208931873,0.813693184015424,0.811766717508427,0.824143766220628,0.707482960596379,0.695704714640199,0.699954976303317,0.711099625066952,0.699406367041199,0.70327380952381,0.73205288720993,0.722394091766185,0.737631578947368,0.742198100407056,0.737446197991392,0.747553816046967
1590,100,0,0.01538462,180,1,0,0.75,0.25,45,1,0,0.447045521880806,0.391906560202665,0.538208702402423,0.629858048819596,0.733752510333368,0.744087163722384,0.84662889041439,0.913455509792759,0.449881152799732,0.61697831753733,0.643121860158673,0.600700912034301,0.707127380606951,0.659318637274549,0.756016460737773,0.812883649271056,0.845845537228303,0.753012048192771,0.822894168466523,0.826086956521739
1591,100,0,0.01538462,180,1,0,0.75,0.25,45,1,0,0.364197689221621,0.339371415915613,0.484505474691579,0.614997322703508,0.627193200978543,0.726991926836142,0.818793266377499,0.908626012520334,0.463403886704661,0.573865943576411,0.489685764195568,0.613161500544191,0.677172464366438,0.499499499499499,0.767471726056713,0.810689350438304,0.721944166388611,0.753784056508577,0.812206572769953,0.705882352941176
