"param_id","eir_equil","sig_het","ff","trial_duration","trial_PQ_eff_stratum_1","trial_PQ_eff_stratum_2","trial_PQ_prop_stratum_1","trial_PQ_prop_stratum_2","trial_PQ_proph","is_LLIN_distributed","is_IRS_administered","eff_cph_recurrent_LM","eff_cph_recurrent_PCR","eff_cph_any_relapse_LM","eff_cph_any_relapse_PCR","eff_cph_relapse_LM_trial","eff_cph_relapse_PCR_trial","eff_cph_relapse_LM_all","eff_cph_relapse_PCR_all","eff_incid_recurrent_PCR","eff_incid_recurrent_LM","eff_incid_recurrent_D","eff_incid_any_relapse_PCR","eff_incid_any_relapse_LM","eff_incid_any_relapse_D","eff_incid_relapse_PCR","eff_incid_relapse_LM","eff_incid_relapse_D","eff_risk_relapse_PCR","eff_risk_relapse_LM","eff_risk_relapse_D"
38,0.1,0,0.01538462,180,1,0,0.75,0.25,28,1,0,0.826877921720126,0.851704026295447,0.830939644562765,0.850018885428836,0.833213196030353,0.854936268268637,0.851423426449471,0.856997402807628,0.752900136041899,0.741594629773544,0.743205222657277,0.755799755799756,0.744452598846441,0.746930910885855,0.765511367721312,0.7545933029804,0.762026177120517,0.778677462887989,0.781560283687943,0.772177419354839
380,1,0,0.01538462,180,1,0,0.75,0.25,28,1,0,0.699150265376355,0.729858454348705,0.746771220165972,0.774453368567035,0.786182602339754,0.802446263652823,0.817393966897439,0.858436869803723,0.668502202643172,0.679206914082359,0.678321678321678,0.707516817782977,0.71644204851752,0.742647058823529,0.741576605212969,0.74043555032372,0.792,0.746180963572268,0.739568345323741,0.792452830188679
381,1,0,0.01538462,180,1,0,0.75,0.25,28,1,0,0.646439312155499,0.728352833593807,0.719899631792017,0.80003307438875,0.735065471554018,0.816341347731221,0.841184432853241,0.867429610340613,0.689464493597206,0.673762639701969,0.65,0.731813924445832,0.722095671981777,0.6875,0.761530577382986,0.746532156368222,0.705882352941177,0.764988009592326,0.775602409638554,0.711111111111111
