"param_id","eir_equil","sig_het","ff","trial_duration","trial_PQ_eff_stratum_1","trial_PQ_eff_stratum_2","trial_PQ_prop_stratum_1","trial_PQ_prop_stratum_2","trial_PQ_proph","is_LLIN_distributed","is_IRS_administered","eff_cph_recurrent_LM","eff_cph_recurrent_PCR","eff_cph_any_relapse_LM","eff_cph_any_relapse_PCR","eff_cph_relapse_LM_trial","eff_cph_relapse_PCR_trial","eff_cph_relapse_LM_all","eff_cph_relapse_PCR_all","eff_incid_recurrent_PCR","eff_incid_recurrent_LM","eff_incid_recurrent_D","eff_incid_any_relapse_PCR","eff_incid_any_relapse_LM","eff_incid_any_relapse_D","eff_incid_relapse_PCR","eff_incid_relapse_LM","eff_incid_relapse_D","eff_risk_relapse_PCR","eff_risk_relapse_LM","eff_risk_relapse_D"
609,100,0,0.01538462,180,1,0,0.75,0.25,28,1,0,0.386122152773018,0.288462675987001,0.538167537449798,0.646520637441215,0.663034761256541,0.763368244458476,0.796824743464555,0.908655874364404,0.38690960751629,0.516357142857143,0.65035,0.541517607206671,0.61469212179797,0.667,0.759552620885819,0.771657142857143,0.76024,0.741188318227593,0.769411764705882,0.818181818181818
61,0.1,0,0.01538462,180,1,0,0.75,0.25,28,1,0,0.8002068863161,0.813570058145865,0.801572819831588,0.815445713719236,0.805229689999882,0.819099769282202,0.815535367032548,0.823364971801262,0.692137320044297,0.681585677749361,0.6562123039807,0.694398225180255,0.684176809737348,0.659806295399516,0.712214166201896,0.704061895551257,0.694174757281553,0.742024965325936,0.740902474526929,0.737154150197628
610,100,0,0.01538462,180,1,0,0.75,0.25,28,1,0,0.406982146118974,0.299512331918754,0.532806076341932,0.602639867800932,0.766449786130054,0.792746245611222,0.8115732159215,0.915370919595962,0.390742867781533,0.560036517886243,0.39333272666606,0.546353498243533,0.643404706695846,0.435332768666102,0.771129958273978,0.796183704229681,0.768999768999769,0.754545454545455,0.776785714285714,0.727272727272727
