"param_id","eir_equil","sig_het","ff","trial_duration","trial_PQ_eff_stratum_1","trial_PQ_eff_stratum_2","trial_PQ_prop_stratum_1","trial_PQ_prop_stratum_2","trial_PQ_proph","is_LLIN_distributed","is_IRS_administered","eff_cph_recurrent_LM","eff_cph_recurrent_PCR","eff_cph_any_relapse_LM","eff_cph_any_relapse_PCR","eff_cph_relapse_LM_trial","eff_cph_relapse_PCR_trial","eff_cph_relapse_LM_all","eff_cph_relapse_PCR_all","eff_incid_recurrent_PCR","eff_incid_recurrent_LM","eff_incid_recurrent_D","eff_incid_any_relapse_PCR","eff_incid_any_relapse_LM","eff_incid_any_relapse_D","eff_incid_relapse_PCR","eff_incid_relapse_LM","eff_incid_relapse_D","eff_risk_relapse_PCR","eff_risk_relapse_LM","eff_risk_relapse_D"
143,0.1,0,0.01538462,180,1,0,0.75,0.25,28,1,0,0.747603837815382,0.794297267443968,0.747635438303456,0.794290754585493,0.746291283199796,0.794598774435212,0.793588039430078,0.804994613400873,0.675066069529737,0.669227756184278,0.653356301243625,0.675281991071465,0.669680411464449,0.652466330258371,0.690744657701179,0.686259224927685,0.672564595443773,0.724089635854342,0.719350073855244,0.683651804670913
1430,100,0,0.01538462,180,1,0,0.75,0.25,45,1,0,0.492459608169325,0.395203544001107,0.645127395531374,0.636788029083528,0.564434929992101,0.718771070891084,0.837870268818614,0.912819096932684,0.467864581997281,0.651300997280145,0.678892857142857,0.612368570994454,0.734661958997722,0.805073170731707,0.767090364350162,0.836107996702391,0.894842105263158,0.754793138244198,0.824034334763948,0.894736842105263
1431,100,0,0.01538462,180,1,0,0.75,0.25,45,1,0,0.395213998919527,0.365895039373119,0.51637367760004,0.647266914646721,0.635142882231001,0.732023446908488,0.807368342523438,0.894393537007762,0.431731513376886,0.589091518703169,0.228736933654966,0.582124673369055,0.68866863220233,0.315104578262473,0.737077319115316,0.812462582678756,0.332665999332666,0.732251521298174,0.787280701754386,0.416666666666667
