"param_id","eir_equil","sig_het","ff","trial_duration","trial_PQ_eff_stratum_1","trial_PQ_eff_stratum_2","trial_PQ_prop_stratum_1","trial_PQ_prop_stratum_2","trial_PQ_proph","is_LLIN_distributed","is_IRS_administered","eff_cph_recurrent_LM","eff_cph_recurrent_PCR","eff_cph_any_relapse_LM","eff_cph_any_relapse_PCR","eff_cph_relapse_LM_trial","eff_cph_relapse_PCR_trial","eff_cph_relapse_LM_all","eff_cph_relapse_PCR_all","eff_incid_recurrent_PCR","eff_incid_recurrent_LM","eff_incid_recurrent_D","eff_incid_any_relapse_PCR","eff_incid_any_relapse_LM","eff_incid_any_relapse_D","eff_incid_relapse_PCR","eff_incid_relapse_LM","eff_incid_relapse_D","eff_risk_relapse_PCR","eff_risk_relapse_LM","eff_risk_relapse_D"
406,10,0,0.01538462,180,1,0,0.75,0.25,28,1,0,0.658851276128467,0.682868069314361,0.681021369190984,0.793171669164408,0.795025243489599,0.872444216879866,0.847701979219509,0.925917351798214,0.682344874871443,0.791700569568755,0.692307692307692,0.751892346509672,0.826325411334552,0.727272727272727,0.813071780436312,0.861139896373057,0.909090909090909,0.788032454361055,0.849878934624697,0.909090909090909
407,10,0,0.01538462,180,1,0,0.75,0.25,28,1,0,0.546007024309724,0.627832892126914,0.613151986324095,0.741016355634769,0.700604376972603,0.807348035778321,0.785983445099704,0.900849955669598,0.630410577592206,0.69335604770017,0.695652173913043,0.695302843016069,0.725023786869648,0.695652173913043,0.756487735513687,0.773218142548596,0.736842105263158,0.733333333333333,0.761194029850746,0.736842105263158
408,10,0,0.01538462,180,1,0,0.75,0.25,28,1,0,0.520783821979316,0.608629200415632,0.580724128652042,0.767878273586538,0.650587042369881,0.812748084500096,0.778609670351974,0.903487874658227,0.623079193514862,0.705454245671888,0.8004,0.689037898628871,0.740627697841727,0.842421052631579,0.749997372339494,0.775525835866261,0.937625,0.736842105263158,0.753148614609572,0.9375
