"param_id","eir_equil","sig_het","ff","trial_duration","trial_PQ_eff_stratum_1","trial_PQ_eff_stratum_2","trial_PQ_prop_stratum_1","trial_PQ_prop_stratum_2","trial_PQ_proph","is_LLIN_distributed","is_IRS_administered","eff_cph_recurrent_LM","eff_cph_recurrent_PCR","eff_cph_any_relapse_LM","eff_cph_any_relapse_PCR","eff_cph_relapse_LM_trial","eff_cph_relapse_PCR_trial","eff_cph_relapse_LM_all","eff_cph_relapse_PCR_all","eff_incid_recurrent_PCR","eff_incid_recurrent_LM","eff_incid_recurrent_D","eff_incid_any_relapse_PCR","eff_incid_any_relapse_LM","eff_incid_any_relapse_D","eff_incid_relapse_PCR","eff_incid_relapse_LM","eff_incid_relapse_D","eff_risk_relapse_PCR","eff_risk_relapse_LM","eff_risk_relapse_D"
525,10,0,0.01538462,180,1,0,0.75,0.25,28,1,0,0.565312571187893,0.618824527779597,0.639376111754611,0.742953813345618,0.715836202649999,0.804517784638677,0.800372529077827,0.916806515206771,0.647497397821109,0.652173642030276,0.647411764705882,0.712216516308119,0.700101391650099,0.6878125,0.765870406360424,0.7377625,0.714571428571429,0.750756811301715,0.7578125,0.714285714285714
526,10,0,0.01538462,180,1,0,0.75,0.25,28,1,0,0.570359331410533,0.630217666130489,0.650493306754131,0.740558466191199,0.687953067555657,0.797983227734001,0.784206832094877,0.906445121039627,0.647325043601087,0.722222222222222,0.681499681499681,0.709304680402946,0.761534387573169,0.713999713999714,0.759386606581964,0.773418476925384,0.7997997997998,0.754048582995951,0.788557213930348,0.8
527,10,0,0.01538462,180,1,0,0.75,0.25,28,1,0,0.706002916246172,0.678494700480156,0.711502328767728,0.775394160768079,0.766232033901082,0.830011255314931,0.818602327689559,0.918066438270458,0.657379181642245,0.733385852090032,0.731038461538462,0.716638317541021,0.771324057450628,0.727545454545454,0.770541773494828,0.798357581967213,0.75025,0.764883955600404,0.802955665024631,0.736842105263158
