"param_id","eir_equil","sig_het","ff","trial_duration","trial_PQ_eff_stratum_1","trial_PQ_eff_stratum_2","trial_PQ_prop_stratum_1","trial_PQ_prop_stratum_2","trial_PQ_proph","is_LLIN_distributed","is_IRS_administered","eff_cph_recurrent_LM","eff_cph_recurrent_PCR","eff_cph_any_relapse_LM","eff_cph_any_relapse_PCR","eff_cph_relapse_LM_trial","eff_cph_relapse_PCR_trial","eff_cph_relapse_LM_all","eff_cph_relapse_PCR_all","eff_incid_recurrent_PCR","eff_incid_recurrent_LM","eff_incid_recurrent_D","eff_incid_any_relapse_PCR","eff_incid_any_relapse_LM","eff_incid_any_relapse_D","eff_incid_relapse_PCR","eff_incid_relapse_LM","eff_incid_relapse_D","eff_risk_relapse_PCR","eff_risk_relapse_LM","eff_risk_relapse_D"
136,0.1,0,0.01538462,180,1,0,0.75,0.25,28,1,0,0.807724103001588,0.832926029318135,0.81652121959852,0.836443273898289,0.819043429314626,0.843748261355254,0.840476700727371,0.849413311942145,0.736286919831224,0.726591760299625,0.727810650887574,0.74219163578613,0.732456140350877,0.733650416171225,0.75825346112886,0.747162673392182,0.748803827751196,0.77807848443843,0.775568181818182,0.754385964912281
1360,10,0,0.01538462,180,1,0,0.75,0.25,45,1,0,0.585574064644641,0.695776406251096,0.620559262747542,0.789716076978357,0.680937570932166,0.822930909453012,0.782456490242964,0.900386609626781,0.655206218051957,0.699208443271768,0.708333333333333,0.709041309431021,0.724003887269193,0.739130434782609,0.746337078651685,0.740656851642129,0.761904761904762,0.729483282674772,0.760204081632653,0.761904761904762
1361,10,0,0.01538462,180,1,0,0.75,0.25,45,1,0,0.514669025743923,0.675344309774052,0.612445616032028,0.762708923772107,0.629353757844934,0.80728843099815,0.778907631926248,0.900136930669604,0.662376306137983,0.738348323793949,0.8125,0.71966300819292,0.775971093044264,0.933333333333333,0.756739923480737,0.794818652849741,0.923076923076923,0.74468085106383,0.786632390745501,0.923076923076923
