"param_id","eir_equil","sig_het","ff","trial_duration","trial_PQ_eff_stratum_1","trial_PQ_eff_stratum_2","trial_PQ_prop_stratum_1","trial_PQ_prop_stratum_2","trial_PQ_proph","is_LLIN_distributed","is_IRS_administered","eff_cph_recurrent_LM","eff_cph_recurrent_PCR","eff_cph_any_relapse_LM","eff_cph_any_relapse_PCR","eff_cph_relapse_LM_trial","eff_cph_relapse_PCR_trial","eff_cph_relapse_LM_all","eff_cph_relapse_PCR_all","eff_incid_recurrent_PCR","eff_incid_recurrent_LM","eff_incid_recurrent_D","eff_incid_any_relapse_PCR","eff_incid_any_relapse_LM","eff_incid_any_relapse_D","eff_incid_relapse_PCR","eff_incid_relapse_LM","eff_incid_relapse_D","eff_risk_relapse_PCR","eff_risk_relapse_LM","eff_risk_relapse_D"
358,1,0,0.01538462,180,1,0,0.75,0.25,28,1,0,0.61852886074578,0.729970076071304,0.667056589519697,0.767677162174498,0.693879417415817,0.783717186670047,0.790025418335253,0.828539939589357,0.662535935651156,0.646197922059991,0.61945416490871,0.692209628592543,0.681162644125607,0.633562133562134,0.708333041666375,0.700329260077688,0.669480801556273,0.711352657004831,0.707207207207207,0.659574468085106
359,1,0,0.01538462,180,1,0,0.75,0.25,28,1,0,0.6432648372502,0.701643068725493,0.685311206686345,0.761536002039733,0.757227302433515,0.805818713760411,0.82533225876113,0.857623979648687,0.665942422596415,0.659465020576132,0.604838709677419,0.70689153823786,0.704132231404959,0.658119658119658,0.745945945945946,0.750151607034566,0.764705882352941,0.74792899408284,0.753303964757709,0.75
36,0.1,0,0.01538462,180,1,0,0.75,0.25,28,1,0,0.788669120633731,0.826561328617229,0.793104169297818,0.826191621782096,0.795531516889193,0.828628692740027,0.821242477718453,0.833093645484241,0.704159291184326,0.707712375973064,0.719368367932333,0.707285884803732,0.711084601602309,0.722432038902152,0.719036655420808,0.723154943377989,0.738102357386625,0.754076086956522,0.747126436781609,0.756646216768916
