"param_id","eir_equil","sig_het","ff","trial_duration","trial_PQ_eff_stratum_1","trial_PQ_eff_stratum_2","trial_PQ_prop_stratum_1","trial_PQ_prop_stratum_2","trial_PQ_proph","is_LLIN_distributed","is_IRS_administered","eff_cph_recurrent_LM","eff_cph_recurrent_PCR","eff_cph_any_relapse_LM","eff_cph_any_relapse_PCR","eff_cph_relapse_LM_trial","eff_cph_relapse_PCR_trial","eff_cph_relapse_LM_all","eff_cph_relapse_PCR_all","eff_incid_recurrent_PCR","eff_incid_recurrent_LM","eff_incid_recurrent_D","eff_incid_any_relapse_PCR","eff_incid_any_relapse_LM","eff_incid_any_relapse_D","eff_incid_relapse_PCR","eff_incid_relapse_LM","eff_incid_relapse_D","eff_risk_relapse_PCR","eff_risk_relapse_LM","eff_risk_relapse_D"
558,10,0,0.01538462,180,1,0,0.75,0.25,28,1,0,0.606337663038299,0.679950419712065,0.680925749190624,0.786396914688354,0.69871553934335,0.835771790043999,0.837478035071084,0.919792473271514,0.671610465929761,0.776304888152444,0.842105263157895,0.738667288702278,0.811038353601497,0.842105263157895,0.797367478510029,0.829134720700986,0.785714285714286,0.775427995971803,0.846153846153846,0.785714285714286
559,10,0,0.01538462,180,1,0,0.75,0.25,28,1,0,0.549925069739162,0.662320800550876,0.599783566624862,0.761973094213037,0.639009769657745,0.821628568221519,0.801966436483568,0.908678263332108,0.642563148576525,0.730904454253449,0.651825040338406,0.705424816082967,0.768451261257081,0.649648946840522,0.760364081618704,0.792753000201432,0.687186559679037,0.750252780586451,0.794736842105263,0.666666666666667
56,0.1,0,0.01538462,180,1,0,0.75,0.25,28,1,0,0.784576776451905,0.803687771535886,0.782852708247613,0.799498948761131,0.782551169273174,0.799427355335853,0.809127349921464,0.825331668745361,0.704180243282567,0.699138270843659,0.724195313212364,0.70397815520139,0.699463386907632,0.722795289421564,0.713953413802822,0.710997610227674,0.737053197809991,0.736278447121821,0.728715728715729,0.739039665970772
