"param_id","eir_equil","sig_het","ff","trial_duration","trial_PQ_eff_stratum_1","trial_PQ_eff_stratum_2","trial_PQ_prop_stratum_1","trial_PQ_prop_stratum_2","trial_PQ_proph","is_LLIN_distributed","is_IRS_administered","eff_cph_recurrent_LM","eff_cph_recurrent_PCR","eff_cph_any_relapse_LM","eff_cph_any_relapse_PCR","eff_cph_relapse_LM_trial","eff_cph_relapse_PCR_trial","eff_cph_relapse_LM_all","eff_cph_relapse_PCR_all","eff_incid_recurrent_PCR","eff_incid_recurrent_LM","eff_incid_recurrent_D","eff_incid_any_relapse_PCR","eff_incid_any_relapse_LM","eff_incid_any_relapse_D","eff_incid_relapse_PCR","eff_incid_relapse_LM","eff_incid_relapse_D","eff_risk_relapse_PCR","eff_risk_relapse_LM","eff_risk_relapse_D"
1157,1,0,0.01538462,180,1,0,0.75,0.25,45,1,0,0.599994867893529,0.704726236899241,0.653885157239816,0.750703748865261,0.647887499686617,0.768054857449597,0.785302003245841,0.834791138008244,0.668966922622564,0.650296116504854,0.6596,0.698749445676275,0.684708670520231,0.6800078125,0.722159509202454,0.712446650124069,0.667,0.732445520581114,0.712121212121212,0.696969696969697
1158,1,0,0.01538462,180,1,0,0.75,0.25,45,1,0,0.71283900298194,0.760014111789943,0.75206695810633,0.793734042655699,0.793010183215535,0.818159249422057,0.836985686459356,0.864465070648391,0.710241465445462,0.700051098620337,0.726027397260274,0.736857649143532,0.727371864776445,0.75886524822695,0.758797184900832,0.749404761904762,0.829457364341085,0.759860788863109,0.771509167842031,0.826086956521739
1159,1,0,0.01538462,180,1,0,0.75,0.25,45,1,0,0.686852865394586,0.7538820886241,0.731592561803981,0.79883080425722,0.746955987255539,0.804527481157337,0.830156483992623,0.872978910843,0.706140350877193,0.683940482298615,0.756756756756757,0.739842151417714,0.718102508178844,0.78169014084507,0.76198032370676,0.743801652892562,0.823076923076923,0.765046296296296,0.756446991404012,0.790909090909091
