"param_id","eir_equil","sig_het","ff","trial_duration","trial_PQ_eff_stratum_1","trial_PQ_eff_stratum_2","trial_PQ_prop_stratum_1","trial_PQ_prop_stratum_2","trial_PQ_proph","is_LLIN_distributed","is_IRS_administered","eff_cph_recurrent_LM","eff_cph_recurrent_PCR","eff_cph_any_relapse_LM","eff_cph_any_relapse_PCR","eff_cph_relapse_LM_trial","eff_cph_relapse_PCR_trial","eff_cph_relapse_LM_all","eff_cph_relapse_PCR_all","eff_incid_recurrent_PCR","eff_incid_recurrent_LM","eff_incid_recurrent_D","eff_incid_any_relapse_PCR","eff_incid_any_relapse_LM","eff_incid_any_relapse_D","eff_incid_relapse_PCR","eff_incid_relapse_LM","eff_incid_relapse_D","eff_risk_relapse_PCR","eff_risk_relapse_LM","eff_risk_relapse_D"
45,0.1,0,0.01538462,180,1,0,0.75,0.25,28,1,0,0.793235593653949,0.829453871995991,0.80042577756442,0.832720628502772,0.799392072890138,0.832376601471757,0.838042177848567,0.841772116198226,0.736252002135611,0.735495945102932,0.738095238095238,0.738593666129898,0.737766624843162,0.74220623501199,0.746608790016278,0.746987951807229,0.756952841596131,0.751625487646294,0.759233926128591,0.753937007874016
450,10,0,0.01538462,180,1,0,0.75,0.25,28,1,0,0.476495219797754,0.631464543323388,0.544222407222276,0.743476854188242,0.596661634381341,0.805761538179972,0.764888354456626,0.91504667417732,0.642872976420497,0.689942498426981,0.72166555332888,0.709014973894151,0.725714054371369,0.764234351055051,0.772206541352142,0.770836889648609,0.866399465597862,0.750505050505051,0.745901639344262,0.866666666666667
451,10,0,0.01538462,180,1,0,0.75,0.25,28,1,0,0.439253637004971,0.655600185739347,0.502644645442801,0.74381082686371,0.49228893006664,0.820628252185703,0.76158679487067,0.914167266565243,0.645656608296104,0.702357224481118,0.64670552905847,0.710580987176732,0.738306895364549,0.713999713999714,0.768693700325182,0.76522613628798,0.726999726999727,0.760847628657921,0.771186440677966,0.727272727272727
