"param_id","eir_equil","sig_het","ff","trial_duration","trial_PQ_eff_stratum_1","trial_PQ_eff_stratum_2","trial_PQ_prop_stratum_1","trial_PQ_prop_stratum_2","trial_PQ_proph","is_LLIN_distributed","is_IRS_administered","eff_cph_recurrent_LM","eff_cph_recurrent_PCR","eff_cph_any_relapse_LM","eff_cph_any_relapse_PCR","eff_cph_relapse_LM_trial","eff_cph_relapse_PCR_trial","eff_cph_relapse_LM_all","eff_cph_relapse_PCR_all","eff_incid_recurrent_PCR","eff_incid_recurrent_LM","eff_incid_recurrent_D","eff_incid_any_relapse_PCR","eff_incid_any_relapse_LM","eff_incid_any_relapse_D","eff_incid_relapse_PCR","eff_incid_relapse_LM","eff_incid_relapse_D","eff_risk_relapse_PCR","eff_risk_relapse_LM","eff_risk_relapse_D"
571,10,0,0.01538462,180,1,0,0.75,0.25,28,1,0,0.456397188182253,0.68143270249257,0.507182542625743,0.772376813685888,0.588045341427097,0.834244577429608,0.758727429174954,0.911156265345778,0.651560918871032,0.680840260550405,0.443888332777222,0.715131377789458,0.736746290298782,0.499499499499499,0.774880962999775,0.78400101704664,0.499499499499499,0.75882946518668,0.7703081232493,0.571428571428571
572,10,0,0.01538462,180,1,0,0.75,0.25,28,1,0,0.5548981108264,0.686425701644788,0.585728892197949,0.768770031765837,0.671795808636132,0.821745015567478,0.804964210796307,0.913668684342484,0.667897027792251,0.740388767820189,0.7997997997998,0.728093663517876,0.767575160729647,0.812312312312312,0.782609534334909,0.807458893537533,0.74974974974975,0.764112903225806,0.807881773399015,0.727272727272727
573,10,0,0.01538462,180,1,0,0.75,0.25,28,1,0,0.435576481367063,0.619981583999793,0.54071442181565,0.731559633050111,0.592041080938112,0.788873967294041,0.759588171203208,0.898582832640499,0.617089047389519,0.687102675729097,0.667000333667,0.682854977138454,0.734565483357754,0.667000333667,0.742092312775297,0.776567965815278,0.692615692615693,0.739086294416244,0.746031746031746,0.692307692307692
