"param_id","eir_equil","sig_het","ff","trial_duration","trial_PQ_eff_stratum_1","trial_PQ_eff_stratum_2","trial_PQ_prop_stratum_1","trial_PQ_prop_stratum_2","trial_PQ_proph","is_LLIN_distributed","is_IRS_administered","eff_cph_recurrent_LM","eff_cph_recurrent_PCR","eff_cph_any_relapse_LM","eff_cph_any_relapse_PCR","eff_cph_relapse_LM_trial","eff_cph_relapse_PCR_trial","eff_cph_relapse_LM_all","eff_cph_relapse_PCR_all","eff_incid_recurrent_PCR","eff_incid_recurrent_LM","eff_incid_recurrent_D","eff_incid_any_relapse_PCR","eff_incid_any_relapse_LM","eff_incid_any_relapse_D","eff_incid_relapse_PCR","eff_incid_relapse_LM","eff_incid_relapse_D","eff_risk_relapse_PCR","eff_risk_relapse_LM","eff_risk_relapse_D"
230,1,0,0.01538462,180,1,0,0.75,0.25,28,1,0,0.651850572314186,0.734450514316959,0.73285606111439,0.802033390246198,0.76152367433866,0.817488673651967,0.81747172762195,0.856526539290367,0.67559928762244,0.67347859922179,0.652133928571429,0.711875314861461,0.706384979302188,0.710570093457944,0.740069972826087,0.731506735086594,0.74515306122449,0.747919143876338,0.744186046511628,0.758241758241758
231,1,0,0.01538462,180,1,0,0.75,0.25,28,1,0,0.707739076577459,0.745230903951692,0.763861390330978,0.788820469982969,0.787190396103107,0.804606464830305,0.825071599223634,0.857780406569442,0.681643807094709,0.675606062675955,0.663842610594323,0.716336465715891,0.706515450710086,0.719719438877755,0.736720906315674,0.728458149344311,0.758378826618755,0.753810082063306,0.753265602322206,0.774509803921569
232,1,0,0.01538462,180,1,0,0.75,0.25,28,1,0,0.641212552506319,0.703730952670577,0.674185252630818,0.744143324023978,0.70989963198657,0.772559032354655,0.797453009452002,0.839081271108024,0.663693901035673,0.655339805825243,0.529411764705882,0.701131844600795,0.694905552375501,0.589285714285714,0.727635517126704,0.721147847785402,0.571428571428571,0.734545454545455,0.728813559322034,0.66304347826087
