"param_id","eir_equil","sig_het","ff","trial_duration","trial_PQ_eff_stratum_1","trial_PQ_eff_stratum_2","trial_PQ_prop_stratum_1","trial_PQ_prop_stratum_2","trial_PQ_proph","is_LLIN_distributed","is_IRS_administered","eff_cph_recurrent_LM","eff_cph_recurrent_PCR","eff_cph_any_relapse_LM","eff_cph_any_relapse_PCR","eff_cph_relapse_LM_trial","eff_cph_relapse_PCR_trial","eff_cph_relapse_LM_all","eff_cph_relapse_PCR_all","eff_incid_recurrent_PCR","eff_incid_recurrent_LM","eff_incid_recurrent_D","eff_incid_any_relapse_PCR","eff_incid_any_relapse_LM","eff_incid_any_relapse_D","eff_incid_relapse_PCR","eff_incid_relapse_LM","eff_incid_relapse_D","eff_risk_relapse_PCR","eff_risk_relapse_LM","eff_risk_relapse_D"
633,100,0,0.01538462,180,1,0,0.75,0.25,28,1,0,0.543182649418301,0.237252556995244,0.729032698572729,0.626447020435116,0.895597484317746,0.801482772494137,0.862227632236441,0.918490348612838,0.394280995960939,0.59831931166348,0.711105263157895,0.558027494523756,0.691822179732314,0.774037735849057,0.787961693686299,0.878292682926829,0.928714285714286,0.77710233029382,0.851598173515982,0.916666666666667
634,100,0,0.01538462,180,1,0,0.75,0.25,28,1,0,0.317310765667895,0.248005719981987,0.410515128929132,0.584958096951771,0.608545201395505,0.736055600715056,0.794163119939587,0.91298200599362,0.387850752893248,0.549155002919224,0.599599198396794,0.542456548550889,0.638141934839207,0.645478456913828,0.766796259094662,0.799964917448439,0.651825389910255,0.765656565656566,0.785547785547785,0.619047619047619
635,100,0,0.01538462,180,1,0,0.75,0.25,28,1,0,0.263804444442305,0.233538994370691,0.440345894215413,0.601108006048139,0.595993557728726,0.755164921651786,0.800962556255693,0.91442548028818,0.359566842534988,0.433527784043248,0.141999141999142,0.531129355690759,0.536915029872776,0.206102654378516,0.770203061587379,0.721001604240776,0.443888332777222,0.76751269035533,0.780952380952381,0.444444444444444
