"param_id","eir_equil","sig_het","ff","trial_duration","trial_PQ_eff_stratum_1","trial_PQ_eff_stratum_2","trial_PQ_prop_stratum_1","trial_PQ_prop_stratum_2","trial_PQ_proph","is_LLIN_distributed","is_IRS_administered","eff_cph_recurrent_LM","eff_cph_recurrent_PCR","eff_cph_any_relapse_LM","eff_cph_any_relapse_PCR","eff_cph_relapse_LM_trial","eff_cph_relapse_PCR_trial","eff_cph_relapse_LM_all","eff_cph_relapse_PCR_all","eff_incid_recurrent_PCR","eff_incid_recurrent_LM","eff_incid_recurrent_D","eff_incid_any_relapse_PCR","eff_incid_any_relapse_LM","eff_incid_any_relapse_D","eff_incid_relapse_PCR","eff_incid_relapse_LM","eff_incid_relapse_D","eff_risk_relapse_PCR","eff_risk_relapse_LM","eff_risk_relapse_D"
482,10,0,0.01538462,180,1,0,0.75,0.25,28,1,0,0.612177678127768,0.659686207634297,0.69494025908009,0.758270472819228,0.750989982107226,0.812411816230079,0.764852615817579,0.904279360569516,0.617872460099838,0.678040244969379,0.806451612903226,0.679440866970316,0.704901960784314,0.866666666666667,0.734526947196219,0.746621621621622,0.851851851851852,0.736683417085427,0.749367088607595,0.846153846153846
483,10,0,0.01538462,180,1,0,0.75,0.25,28,1,0,0.521345076817672,0.665305967617429,0.565253978268357,0.752574628969342,0.596162663165157,0.801644833370008,0.768136144654815,0.906235361227201,0.653732370141039,0.694419840566873,0.703703703703704,0.710538390945243,0.720747295968535,0.652173913043478,0.759038274551401,0.758459743290548,0.7,0.743434343434343,0.769028871391076,0.684210526315789
484,10,0,0.01538462,180,1,0,0.75,0.25,28,1,0,0.480286725478766,0.646007615634984,0.626334335459941,0.746464975166546,0.717668023623363,0.821458771137587,0.815155323569749,0.911724637249814,0.635805293005671,0.670432989690722,0.806645161290323,0.704285413744741,0.716602466793169,0.896655172413793,0.765530682331677,0.747481152993348,0.923153846153846,0.751263902932255,0.788095238095238,0.92
