"param_id","eir_equil","sig_het","ff","trial_duration","trial_PQ_eff_stratum_1","trial_PQ_eff_stratum_2","trial_PQ_prop_stratum_1","trial_PQ_prop_stratum_2","trial_PQ_proph","is_LLIN_distributed","is_IRS_administered","eff_cph_recurrent_LM","eff_cph_recurrent_PCR","eff_cph_any_relapse_LM","eff_cph_any_relapse_PCR","eff_cph_relapse_LM_trial","eff_cph_relapse_PCR_trial","eff_cph_relapse_LM_all","eff_cph_relapse_PCR_all","eff_incid_recurrent_PCR","eff_incid_recurrent_LM","eff_incid_recurrent_D","eff_incid_any_relapse_PCR","eff_incid_any_relapse_LM","eff_incid_any_relapse_D","eff_incid_relapse_PCR","eff_incid_relapse_LM","eff_incid_relapse_D","eff_risk_relapse_PCR","eff_risk_relapse_LM","eff_risk_relapse_D"
1505,100,0,0.01538462,180,1,0,0.75,0.25,45,1,0,0.485863478763138,0.432805821753348,0.553710101794441,0.641470491390474,0.591683467803964,0.684917724558352,0.779907755167309,0.896281533263267,0.449612462990389,0.629388217361491,0.439158456702316,0.596100298800957,0.702486501725322,0.5005005005005,0.727347136667897,0.777902682999344,0.667000333667,0.728008088978766,0.762672811059908,0.636363636363636
1506,100,0,0.01538462,180,1,0,0.75,0.25,45,1,0,0.403771383759029,0.358823277709454,0.490593661519593,0.592597285709059,0.699599830404494,0.660014567830821,0.799500855723304,0.908419415088112,0.451258183306056,0.564625850340136,0.547169811320755,0.602739209175973,0.659318637274549,0.657894736842105,0.756756756756757,0.796532846715328,0.941176470588235,0.75226586102719,0.785219399538106,0.941176470588235
1507,100,0,0.01538462,180,1,0,0.75,0.25,45,1,0,0.377069399117151,0.399433557430945,0.523681654044009,0.661011115487229,0.739366801615041,0.746061032516996,0.822025131263203,0.914988038906981,0.469231666331041,0.616862136183036,0.39562143154233,0.619029730805196,0.706674539665395,0.567134268537074,0.775753483038129,0.836070083204383,0.777555110220441,0.763636363636364,0.803611738148984,0.75
