"param_id","eir_equil","sig_het","ff","trial_duration","trial_PQ_eff_stratum_1","trial_PQ_eff_stratum_2","trial_PQ_prop_stratum_1","trial_PQ_prop_stratum_2","trial_PQ_proph","is_LLIN_distributed","is_IRS_administered","eff_cph_recurrent_LM","eff_cph_recurrent_PCR","eff_cph_any_relapse_LM","eff_cph_any_relapse_PCR","eff_cph_relapse_LM_trial","eff_cph_relapse_PCR_trial","eff_cph_relapse_LM_all","eff_cph_relapse_PCR_all","eff_incid_recurrent_PCR","eff_incid_recurrent_LM","eff_incid_recurrent_D","eff_incid_any_relapse_PCR","eff_incid_any_relapse_LM","eff_incid_any_relapse_D","eff_incid_relapse_PCR","eff_incid_relapse_LM","eff_incid_relapse_D","eff_risk_relapse_PCR","eff_risk_relapse_LM","eff_risk_relapse_D"
733,100,0,0.01538462,180,1,0,0.75,0.25,28,1,0,0.429472968514979,0.231623859788898,0.608521127859092,0.636787220526973,0.779711203571885,0.790204780426766,0.85137098018079,0.918843349934604,0.385290247678019,0.568467907573813,0.697272727272727,0.55259509202454,0.657153659718856,0.796122448979592,0.784674816126396,0.858115448504983,1,0.771947527749748,0.83668903803132,1
734,100,0,0.01538462,180,1,0,0.75,0.25,28,1,0,0.366908037808837,0.265493086852727,0.47041190782969,0.632171830060103,0.667577608134679,0.775296069698163,0.827691659077716,0.919407963073213,0.390754692887243,0.569988137603796,0.676923076923077,0.551301799601758,0.652678571428571,0.736842105263158,0.782091971098656,0.806736166800321,0.833333333333333,0.763874873864783,0.800448430493274,0.823529411764706
735,100,0,0.01538462,180,1,0,0.75,0.25,28,1,0,0.413947619506053,0.279127640828148,0.491848291760377,0.583265837582095,0.700774032429727,0.727749618084773,0.837372421838813,0.913665416633234,0.39219966533388,0.600463773125644,0.656372790701149,0.546732100513676,0.668893104528228,0.733066399733066,0.76165349036354,0.819941893112625,1,0.748490945674044,0.814814814814815,1
