"param_id","eir_equil","sig_het","ff","trial_duration","trial_PQ_eff_stratum_1","trial_PQ_eff_stratum_2","trial_PQ_prop_stratum_1","trial_PQ_prop_stratum_2","trial_PQ_proph","is_LLIN_distributed","is_IRS_administered","eff_cph_recurrent_LM","eff_cph_recurrent_PCR","eff_cph_any_relapse_LM","eff_cph_any_relapse_PCR","eff_cph_relapse_LM_trial","eff_cph_relapse_PCR_trial","eff_cph_relapse_LM_all","eff_cph_relapse_PCR_all","eff_incid_recurrent_PCR","eff_incid_recurrent_LM","eff_incid_recurrent_D","eff_incid_any_relapse_PCR","eff_incid_any_relapse_LM","eff_incid_any_relapse_D","eff_incid_relapse_PCR","eff_incid_relapse_LM","eff_incid_relapse_D","eff_risk_relapse_PCR","eff_risk_relapse_LM","eff_risk_relapse_D"
126,0.1,0,0.01538462,180,1,0,0.75,0.25,28,1,0,0.804238260177618,0.821904132845778,0.804285517549017,0.820855419852757,0.80497282191755,0.822420353125755,0.81165142117384,0.821592291346294,0.706868577609519,0.707836990595611,0.712066905615293,0.710725893824485,0.71105527638191,0.712918660287081,0.726235741444867,0.72715816005041,0.731414868105515,0.731642189586115,0.727401129943503,0.73062015503876
1260,10,0,0.01538462,180,1,0,0.75,0.25,45,1,0,0.585064955504159,0.689727329178108,0.605351567515608,0.772101651060292,0.658404114554399,0.821312941401389,0.772950007718336,0.910335941193497,0.667133062823562,0.713080168776371,0.32,0.724844236760125,0.741198858230257,0.347826086956522,0.765333572453372,0.77470775770457,0.363636363636364,0.759429153924567,0.754950495049505,0.631578947368421
1261,10,0,0.01538462,180,1,0,0.75,0.25,45,1,0,0.674921100175721,0.690521091595955,0.739463700793052,0.77931967409956,0.734249999546991,0.825111263245533,0.786664540161758,0.905086900978551,0.668874253552063,0.743781954887218,0.789684210526316,0.726886597938144,0.771947319778189,0.778,0.762971381060739,0.794229455709712,0.764941176470588,0.750762970498474,0.780748663101604,0.764705882352941
