"param_id","eir_equil","sig_het","ff","trial_duration","trial_PQ_eff_stratum_1","trial_PQ_eff_stratum_2","trial_PQ_prop_stratum_1","trial_PQ_prop_stratum_2","trial_PQ_proph","is_LLIN_distributed","is_IRS_administered","eff_cph_recurrent_LM","eff_cph_recurrent_PCR","eff_cph_any_relapse_LM","eff_cph_any_relapse_PCR","eff_cph_relapse_LM_trial","eff_cph_relapse_PCR_trial","eff_cph_relapse_LM_all","eff_cph_relapse_PCR_all","eff_incid_recurrent_PCR","eff_incid_recurrent_LM","eff_incid_recurrent_D","eff_incid_any_relapse_PCR","eff_incid_any_relapse_LM","eff_incid_any_relapse_D","eff_incid_relapse_PCR","eff_incid_relapse_LM","eff_incid_relapse_D","eff_risk_relapse_PCR","eff_risk_relapse_LM","eff_risk_relapse_D"
796,100,0,0.01538462,180,1,0,0.75,0.25,28,1,0,0.14654061788506,0.324375814885118,0.319193981002275,0.625466880733674,0.533974453465937,0.773976129100844,0.777873389205478,0.918310541998702,0.394720406678963,0.527708133107254,0.441748882380145,0.547784140683928,0.601740924538838,0.558381468819993,0.77813127290636,0.795494214234922,0.631209787997047,0.766599597585513,0.77536231884058,0.5625
797,100,0,0.01538462,180,1,0,0.75,0.25,28,1,0,0.388507880030375,0.250833938044143,0.588651834929466,0.606622669968439,0.702518162707901,0.71137001753267,0.810173380845425,0.898226782822188,0.368665940984084,0.539520096334599,0.628199628199628,0.520051360658571,0.626010218210507,0.71971971971972,0.737961794432704,0.802845956692111,0.878666545333212,0.734611503531786,0.798226164079823,0.862068965517241
798,100,0,0.01538462,180,1,0,0.75,0.25,28,1,0,0.431043571690822,0.271307061423729,0.563829734580226,0.6364121286692,0.683082734785634,0.761166918152181,0.80879206457811,0.908167989179707,0.391725195888878,0.56267776,0.476714285714286,0.548511888216955,0.668742626070409,0.556,0.769340694653357,0.806561962134251,0.769461538461538,0.747219413549039,0.792771084337349,0.769230769230769
