"param_id","eir_equil","sig_het","ff","trial_duration","trial_PQ_eff_stratum_1","trial_PQ_eff_stratum_2","trial_PQ_prop_stratum_1","trial_PQ_prop_stratum_2","trial_PQ_proph","is_LLIN_distributed","is_IRS_administered","eff_cph_recurrent_LM","eff_cph_recurrent_PCR","eff_cph_any_relapse_LM","eff_cph_any_relapse_PCR","eff_cph_relapse_LM_trial","eff_cph_relapse_PCR_trial","eff_cph_relapse_LM_all","eff_cph_relapse_PCR_all","eff_incid_recurrent_PCR","eff_incid_recurrent_LM","eff_incid_recurrent_D","eff_incid_any_relapse_PCR","eff_incid_any_relapse_LM","eff_incid_any_relapse_D","eff_incid_relapse_PCR","eff_incid_relapse_LM","eff_incid_relapse_D","eff_risk_relapse_PCR","eff_risk_relapse_LM","eff_risk_relapse_D"
217,1,0,0.01538462,180,1,0,0.75,0.25,28,1,0,0.662058985862207,0.721871544565692,0.718965037785168,0.771755191887765,0.752774882744204,0.798148496830921,0.824837170112801,0.857972282799019,0.689988495958645,0.678193614419438,0.577163370266819,0.731170216963068,0.72080547620116,0.603206810414018,0.76729374877523,0.755324258635517,0.643874643874644,0.758949880668258,0.760115606936416,0.6875
218,1,0,0.01538462,180,1,0,0.75,0.25,28,1,0,0.636711852867317,0.697187911377112,0.668881668554919,0.731492662340677,0.710721557419809,0.762814744300158,0.798500821460316,0.829569767130889,0.643445032333921,0.668354430379747,0.621428571428571,0.674645669291339,0.694474539544962,0.658914728682171,0.70594262295082,0.726898175397293,0.703389830508475,0.729192546583851,0.731297709923664,0.691588785046729
219,1,0,0.01538462,180,1,0,0.75,0.25,28,1,0,0.659121464787597,0.747344556656295,0.717318952949997,0.798764168077702,0.771789471631549,0.82119470027693,0.843799391370613,0.873021186757244,0.700640543705198,0.690949160378165,0.549167488098786,0.739540084055043,0.734680917476616,0.617503682544333,0.770111318667749,0.771938703236413,0.686643164904035,0.780373831775701,0.783045977011494,0.729166666666667
