"param_id","eir_equil","sig_het","ff","trial_duration","trial_PQ_eff_stratum_1","trial_PQ_eff_stratum_2","trial_PQ_prop_stratum_1","trial_PQ_prop_stratum_2","trial_PQ_proph","is_LLIN_distributed","is_IRS_administered","eff_cph_recurrent_LM","eff_cph_recurrent_PCR","eff_cph_any_relapse_LM","eff_cph_any_relapse_PCR","eff_cph_relapse_LM_trial","eff_cph_relapse_PCR_trial","eff_cph_relapse_LM_all","eff_cph_relapse_PCR_all","eff_incid_recurrent_PCR","eff_incid_recurrent_LM","eff_incid_recurrent_D","eff_incid_any_relapse_PCR","eff_incid_any_relapse_LM","eff_incid_any_relapse_D","eff_incid_relapse_PCR","eff_incid_relapse_LM","eff_incid_relapse_D","eff_risk_relapse_PCR","eff_risk_relapse_LM","eff_risk_relapse_D"
493,10,0,0.01538462,180,1,0,0.75,0.25,28,1,0,0.602018478404734,0.641704263116541,0.631795249453566,0.73115270620427,0.638012788703271,0.810447606467369,0.751891864433611,0.913465790468529,0.639844013257837,0.69201135371179,0.884730769230769,0.70468502661421,0.708829244357213,0.88012,0.766368617021277,0.756939732142857,0.863772727272727,0.763874873864783,0.758713136729223,0.863636363636364
494,10,0,0.01538462,180,1,0,0.75,0.25,28,1,0,0.573734620595517,0.648312044719003,0.627864105165345,0.752741907167173,0.70365502344843,0.816433452397805,0.781310717734628,0.898253081570196,0.625484257237445,0.668411867364747,0.6,0.690547107697131,0.706963249516441,0.5,0.750445632798574,0.759423503325942,0.470588235294118,0.729483282674772,0.767857142857143,0.588235294117647
495,10,0,0.01538462,180,1,0,0.75,0.25,28,1,0,0.418057397325725,0.627549696015346,0.521453561592158,0.745792454857794,0.589207212574069,0.815538363198661,0.765663941534522,0.900044679970156,0.630108680605312,0.683670041421319,0.632966299632966,0.693936875600713,0.725804603853384,0.608303956130043,0.757020623370333,0.768267210127675,0.64964964964965,0.738383838383838,0.751918158567775,0.631578947368421
