"param_id","eir_equil","sig_het","ff","trial_duration","trial_PQ_eff_stratum_1","trial_PQ_eff_stratum_2","trial_PQ_prop_stratum_1","trial_PQ_prop_stratum_2","trial_PQ_proph","is_LLIN_distributed","is_IRS_administered","eff_cph_recurrent_LM","eff_cph_recurrent_PCR","eff_cph_any_relapse_LM","eff_cph_any_relapse_PCR","eff_cph_relapse_LM_trial","eff_cph_relapse_PCR_trial","eff_cph_relapse_LM_all","eff_cph_relapse_PCR_all","eff_incid_recurrent_PCR","eff_incid_recurrent_LM","eff_incid_recurrent_D","eff_incid_any_relapse_PCR","eff_incid_any_relapse_LM","eff_incid_any_relapse_D","eff_incid_relapse_PCR","eff_incid_relapse_LM","eff_incid_relapse_D","eff_risk_relapse_PCR","eff_risk_relapse_LM","eff_risk_relapse_D"
1473,100,0,0.01538462,180,1,0,0.75,0.25,45,1,0,0.401618482337132,0.43424897983751,0.464970124747597,0.678669117362515,0.610777187357137,0.768786981595515,0.805940954800091,0.909324877131319,0.456446432596876,0.585521571820347,0.586474536374336,0.608365212035547,0.675536940289097,0.633413167799013,0.75836320174481,0.799420109208587,0.749498997995992,0.749748743718593,0.796690307328605,0.705882352941176
1474,100,0,0.01538462,180,1,0,0.75,0.25,45,1,0,0.230443877860973,0.327201179362107,0.305512928786085,0.619714627484769,0.400504424130397,0.655713987424602,0.798760070529615,0.901052651869071,0.45363491137764,0.628028814669286,0.649122807017544,0.602702298076203,0.695169082125604,0.711111111111111,0.753268634586872,0.823228010247652,0.807692307692308,0.740890688259109,0.803317535545024,0.807692307692308
1475,100,0,0.01538462,180,1,0,0.75,0.25,45,1,0,0.479866152973313,0.355221759265995,0.566589276019728,0.615744834005777,0.62307453342874,0.700280619746901,0.787908335544656,0.904776552098342,0.456847505841715,0.608556832694764,0.681159420289855,0.606275038376577,0.677296525464065,0.745098039215686,0.761568469195588,0.791979949874687,0.827586206896552,0.739174219536757,0.768878718535469,0.827586206896552
