"param_id","eir_equil","sig_het","ff","trial_duration","trial_PQ_eff_stratum_1","trial_PQ_eff_stratum_2","trial_PQ_prop_stratum_1","trial_PQ_prop_stratum_2","trial_PQ_proph","is_LLIN_distributed","is_IRS_administered","eff_cph_recurrent_LM","eff_cph_recurrent_PCR","eff_cph_any_relapse_LM","eff_cph_any_relapse_PCR","eff_cph_relapse_LM_trial","eff_cph_relapse_PCR_trial","eff_cph_relapse_LM_all","eff_cph_relapse_PCR_all","eff_incid_recurrent_PCR","eff_incid_recurrent_LM","eff_incid_recurrent_D","eff_incid_any_relapse_PCR","eff_incid_any_relapse_LM","eff_incid_any_relapse_D","eff_incid_relapse_PCR","eff_incid_relapse_LM","eff_incid_relapse_D","eff_risk_relapse_PCR","eff_risk_relapse_LM","eff_risk_relapse_D"
1513,100,0,0.01538462,180,1,0,0.75,0.25,45,1,0,0.457320853859939,0.347622243486565,0.619474727419908,0.65039307205465,0.720131512122329,0.752550674338608,0.823690717829204,0.912095633344631,0.458675182665172,0.599851661545083,0.712212212212212,0.60960586194581,0.690819477164113,0.82438578929807,0.766639871718681,0.829616850893447,0.896448172310241,0.753024193548387,0.806306306306306,0.875
1514,100,0,0.01538462,180,1,0,0.75,0.25,45,1,0,0.386708369855466,0.39512560224342,0.456606023215902,0.629053626777173,0.620577079539053,0.708255246650036,0.785205562035259,0.906835111664936,0.437169449507684,0.54820601435655,0.470057762583992,0.59078653468492,0.627826391556653,0.522249043541629,0.753930622131691,0.750172934701891,0.708041082164329,0.751521298174442,0.759803921568627,0.75
1515,100,0,0.01538462,180,1,0,0.75,0.25,45,1,0,0.489677756678089,0.389101134858488,0.573521948850063,0.625663041709602,0.647187987718732,0.708884005749791,0.820683757189224,0.914013045378422,0.459901006439536,0.654940184123064,0.75025025025025,0.610035945307263,0.716608669329454,0.731975878317342,0.769181669012921,0.823660363318217,0.85015015015015,0.757056451612903,0.799559471365639,0.85
