"param_id","eir_equil","sig_het","ff","trial_duration","trial_PQ_eff_stratum_1","trial_PQ_eff_stratum_2","trial_PQ_prop_stratum_1","trial_PQ_prop_stratum_2","trial_PQ_proph","is_LLIN_distributed","is_IRS_administered","eff_cph_recurrent_LM","eff_cph_recurrent_PCR","eff_cph_any_relapse_LM","eff_cph_any_relapse_PCR","eff_cph_relapse_LM_trial","eff_cph_relapse_PCR_trial","eff_cph_relapse_LM_all","eff_cph_relapse_PCR_all","eff_incid_recurrent_PCR","eff_incid_recurrent_LM","eff_incid_recurrent_D","eff_incid_any_relapse_PCR","eff_incid_any_relapse_LM","eff_incid_any_relapse_D","eff_incid_relapse_PCR","eff_incid_relapse_LM","eff_incid_relapse_D","eff_risk_relapse_PCR","eff_risk_relapse_LM","eff_risk_relapse_D"
790,100,0,0.01538462,180,1,0,0.75,0.25,28,1,0,0.262257287716771,0.261747512243115,0.350954762091145,0.596926352600827,0.574068744296704,0.704104950223593,0.783790872045288,0.896603182246054,0.389678050875287,0.491951888924766,0.625375,0.535532090635116,0.600682869277961,0.6004,0.736987589013225,0.759267002518892,0.85015,0.722952477249747,0.779859484777518,0.842105263157895
791,100,0,0.01538462,180,1,0,0.75,0.25,28,1,0,0.415649429568759,0.28872512914852,0.55172823945994,0.610227747750591,0.615341689223824,0.723717727645566,0.820048966343447,0.911334636127941,0.39195954229669,0.619879518072289,0.543859649122807,0.551816400361773,0.706434316353887,0.714285714285714,0.774382840955079,0.844015444015444,0.789473684210526,0.763931104356636,0.815668202764977,0.789473684210526
792,100,0,0.01538462,180,1,0,0.75,0.25,28,1,0,0.514767926689381,0.227991482595586,0.606182566033068,0.591825533381493,0.729775077401486,0.753844682529021,0.808412171555905,0.89656214134868,0.358992063391753,0.564386409350636,0.691691074456605,0.516464968025438,0.661192889375874,0.766975812089295,0.735515137787636,0.79864034288673,0.749498997995992,0.730223123732252,0.785067873303167,0.714285714285714
