"param_id","eir_equil","sig_het","ff","trial_duration","trial_PQ_eff_stratum_1","trial_PQ_eff_stratum_2","trial_PQ_prop_stratum_1","trial_PQ_prop_stratum_2","trial_PQ_proph","is_LLIN_distributed","is_IRS_administered","eff_cph_recurrent_LM","eff_cph_recurrent_PCR","eff_cph_any_relapse_LM","eff_cph_any_relapse_PCR","eff_cph_relapse_LM_trial","eff_cph_relapse_PCR_trial","eff_cph_relapse_LM_all","eff_cph_relapse_PCR_all","eff_incid_recurrent_PCR","eff_incid_recurrent_LM","eff_incid_recurrent_D","eff_incid_any_relapse_PCR","eff_incid_any_relapse_LM","eff_incid_any_relapse_D","eff_incid_relapse_PCR","eff_incid_relapse_LM","eff_incid_relapse_D","eff_risk_relapse_PCR","eff_risk_relapse_LM","eff_risk_relapse_D"
1205,10,0,0.01538462,180,1,0,0.75,0.25,45,1,0,0.638139856803698,0.685677113379113,0.669883738818462,0.768933067939322,0.717517738962886,0.811891931800321,0.763863822382931,0.90659526936627,0.668660847880299,0.710393767705382,0.762142857142857,0.719588426176311,0.7435,0.75025,0.753203912850156,0.756546218487395,0.737105263157895,0.74167507568113,0.76536312849162,0.722222222222222
1206,10,0,0.01538462,180,1,0,0.75,0.25,45,1,0,0.588957107228497,0.691511452392134,0.649052193284838,0.761457361688027,0.685786749611178,0.831040902866989,0.817475765293116,0.910362432255748,0.668479373810027,0.792115606936416,0.667,0.730244993742178,0.819777472527472,0.714571428571429,0.775574690091858,0.84275,0.769461538461538,0.750507099391481,0.81025641025641,0.769230769230769
1207,10,0,0.01538462,180,1,0,0.75,0.25,45,1,0,0.574320548223588,0.710856516824193,0.629878383210304,0.785092174350914,0.644616466898795,0.828843925402893,0.806179339604798,0.912103175017647,0.680033185840708,0.729752770673487,0.727272727272727,0.734671980380135,0.757834757834758,0.75,0.773760421237385,0.765227021040975,0.736842105263158,0.75882946518668,0.792405063291139,0.736842105263158
