"param_id","eir_equil","sig_het","ff","trial_duration","trial_PQ_eff_stratum_1","trial_PQ_eff_stratum_2","trial_PQ_prop_stratum_1","trial_PQ_prop_stratum_2","trial_PQ_proph","is_LLIN_distributed","is_IRS_administered","eff_cph_recurrent_LM","eff_cph_recurrent_PCR","eff_cph_any_relapse_LM","eff_cph_any_relapse_PCR","eff_cph_relapse_LM_trial","eff_cph_relapse_PCR_trial","eff_cph_relapse_LM_all","eff_cph_relapse_PCR_all","eff_incid_recurrent_PCR","eff_incid_recurrent_LM","eff_incid_recurrent_D","eff_incid_any_relapse_PCR","eff_incid_any_relapse_LM","eff_incid_any_relapse_D","eff_incid_relapse_PCR","eff_incid_relapse_LM","eff_incid_relapse_D","eff_risk_relapse_PCR","eff_risk_relapse_LM","eff_risk_relapse_D"
830,0.1,0,0.01538462,180,1,0,0.75,0.25,45,1,0,0.781494875880018,0.808276141486775,0.785119253577266,0.81170408126495,0.786566838206922,0.813712164905762,0.812423038471607,0.822383313010115,0.676744837127504,0.672618757628492,0.69415839930269,0.678852864163599,0.675032268252607,0.69601166823389,0.692093226370847,0.688953967021852,0.709519886511037,0.732413793103448,0.729651162790698,0.721413721413721
831,0.1,0,0.01538462,180,1,0,0.75,0.25,45,1,0,0.793438908178867,0.831449482584346,0.795839979358492,0.83280931308326,0.796779549023328,0.834597715146827,0.818529902133966,0.835778933273221,0.712105639641871,0.707279077266141,0.708783561762016,0.712976251824771,0.706977581085303,0.709312870685171,0.735279256847884,0.730614305013265,0.738508521227708,0.751677852348993,0.742489270386266,0.737603305785124
832,0.1,0,0.01538462,180,1,0,0.75,0.25,45,1,0,0.80250369276134,0.836963043277036,0.806046419766943,0.840450830670546,0.809260776456213,0.844919012441256,0.833158005918961,0.842495193905169,0.726382616314802,0.722144206556677,0.704603049883815,0.729572504441614,0.725687225687226,0.707491923060785,0.752514218584708,0.749598541139327,0.749448606247644,0.766129032258065,0.76271186440678,0.761904761904762
