"param_id","eir_equil","sig_het","ff","trial_duration","trial_PQ_eff_stratum_1","trial_PQ_eff_stratum_2","trial_PQ_prop_stratum_1","trial_PQ_prop_stratum_2","trial_PQ_proph","is_LLIN_distributed","is_IRS_administered","eff_cph_recurrent_LM","eff_cph_recurrent_PCR","eff_cph_any_relapse_LM","eff_cph_any_relapse_PCR","eff_cph_relapse_LM_trial","eff_cph_relapse_PCR_trial","eff_cph_relapse_LM_all","eff_cph_relapse_PCR_all","eff_incid_recurrent_PCR","eff_incid_recurrent_LM","eff_incid_recurrent_D","eff_incid_any_relapse_PCR","eff_incid_any_relapse_LM","eff_incid_any_relapse_D","eff_incid_relapse_PCR","eff_incid_relapse_LM","eff_incid_relapse_D","eff_risk_relapse_PCR","eff_risk_relapse_LM","eff_risk_relapse_D"
1032,1,0,0.01538462,180,1,0,0.75,0.25,45,1,0,0.732075469646276,0.748337222142421,0.761683168959514,0.781645224954296,0.750877515804183,0.79565299934097,0.832674454589809,0.859542110041411,0.71225754985755,0.713472207231516,0.714857142857143,0.745204366282596,0.75394930875576,0.7505,0.76847976307996,0.771831538948702,0.760096153846154,0.756038647342995,0.76969696969697,0.758241758241758
1033,1,0,0.01538462,180,1,0,0.75,0.25,45,1,0,0.614277902994402,0.680672476813574,0.668721129799082,0.738466602437589,0.695380691592781,0.757175849417213,0.797458103123464,0.839203113764451,0.663452054794521,0.670769551616267,0.608410256410256,0.699628640776699,0.70552561247216,0.642943396226415,0.721749259624877,0.729949275362319,0.69124,0.725961538461538,0.720414201183432,0.703296703296703
1034,1,0,0.01538462,180,1,0,0.75,0.25,45,1,0,0.76424367509919,0.762961071260717,0.786012007756477,0.803632841286244,0.793601473438964,0.817210856852569,0.852972934919635,0.878274042012468,0.734901277584204,0.735088662009672,0.756521739130435,0.764887380438136,0.767256132344552,0.735849056603774,0.782478347768155,0.784019975031211,0.77,0.785114045618247,0.79295154185022,0.771739130434783
