"param_id","eir_equil","sig_het","ff","trial_duration","trial_PQ_eff_stratum_1","trial_PQ_eff_stratum_2","trial_PQ_prop_stratum_1","trial_PQ_prop_stratum_2","trial_PQ_proph","is_LLIN_distributed","is_IRS_administered","eff_cph_recurrent_LM","eff_cph_recurrent_PCR","eff_cph_any_relapse_LM","eff_cph_any_relapse_PCR","eff_cph_relapse_LM_trial","eff_cph_relapse_PCR_trial","eff_cph_relapse_LM_all","eff_cph_relapse_PCR_all","eff_incid_recurrent_PCR","eff_incid_recurrent_LM","eff_incid_recurrent_D","eff_incid_any_relapse_PCR","eff_incid_any_relapse_LM","eff_incid_any_relapse_D","eff_incid_relapse_PCR","eff_incid_relapse_LM","eff_incid_relapse_D","eff_risk_relapse_PCR","eff_risk_relapse_LM","eff_risk_relapse_D"
35,0.1,0,0.01538462,180,1,0,0.75,0.25,28,1,0,0.791815387263471,0.819555262065756,0.796320040479832,0.820059104511272,0.797475165798633,0.821397577859281,0.813993415184316,0.825646688526083,0.698377168438724,0.686762778505898,0.681818181818182,0.702020202020202,0.68988173455979,0.686075949367089,0.720812182741117,0.710891089108911,0.71882951653944,0.746268656716418,0.742446043165468,0.739393939393939
350,1,0,0.01538462,180,1,0,0.75,0.25,28,1,0,0.698307149504907,0.730885486034213,0.766275872475273,0.797497873228317,0.78534993582815,0.821723759813413,0.823913792489816,0.855825242181764,0.675394144144144,0.686393525543753,0.694444444444444,0.715182307232517,0.728249194414608,0.779411764705882,0.745053519299384,0.759248385202584,0.818897637795276,0.756532066508314,0.761549925484352,0.831775700934579
351,1,0,0.01538462,180,1,0,0.75,0.25,28,1,0,0.719957372215774,0.761396604751156,0.759838882544647,0.810817543652715,0.793418825052652,0.830208668892281,0.83720024443425,0.867230008717996,0.701205742960691,0.695053083923155,0.573931623931624,0.732011634844869,0.726324309691391,0.592136363636364,0.749206907787553,0.746635023584906,0.607242424242424,0.767857142857143,0.767575322812052,0.611111111111111
