"param_id","eir_equil","sig_het","ff","trial_duration","trial_PQ_eff_stratum_1","trial_PQ_eff_stratum_2","trial_PQ_prop_stratum_1","trial_PQ_prop_stratum_2","trial_PQ_proph","is_LLIN_distributed","is_IRS_administered","eff_cph_recurrent_LM","eff_cph_recurrent_PCR","eff_cph_any_relapse_LM","eff_cph_any_relapse_PCR","eff_cph_relapse_LM_trial","eff_cph_relapse_PCR_trial","eff_cph_relapse_LM_all","eff_cph_relapse_PCR_all","eff_incid_recurrent_PCR","eff_incid_recurrent_LM","eff_incid_recurrent_D","eff_incid_any_relapse_PCR","eff_incid_any_relapse_LM","eff_incid_any_relapse_D","eff_incid_relapse_PCR","eff_incid_relapse_LM","eff_incid_relapse_D","eff_risk_relapse_PCR","eff_risk_relapse_LM","eff_risk_relapse_D"
625,100,0,0.01538462,180,1,0,0.75,0.25,28,1,0,0.37339025925001,0.256795794061822,0.549666966664378,0.619482463785757,0.656631036377341,0.717831096331638,0.797398324705919,0.902888915901457,0.374062733768411,0.496233574244415,0.377981132075472,0.53086911530589,0.58584047267356,0.52825,0.741007592858609,0.772954545454545,0.619428571428571,0.739130434782609,0.762124711316397,0.666666666666667
626,100,0,0.01538462,180,1,0,0.75,0.25,28,1,0,0.243427516138869,0.279411728164489,0.48131806017716,0.636597234716508,0.586426882988777,0.759450193219442,0.807065037689826,0.916825549486812,0.390460044694459,0.538291837377876,0.391891891891892,0.546909889111759,0.630626450116009,0.574468085106383,0.778697421981004,0.801626016260163,0.714285714285714,0.758341759352882,0.781609195402299,0.714285714285714
627,100,0,0.01538462,180,1,0,0.75,0.25,28,1,0,0.267330305265909,0.264777956510723,0.429811299806119,0.60781585844654,0.489315792596166,0.751697057445626,0.806244020894164,0.908498538912147,0.377713347359778,0.564941251190854,0.588235294117647,0.537515607855008,0.637865911237016,0.607843137254902,0.757889746715427,0.774706867671692,0.526315789473684,0.753036437246964,0.780973451327434,0.526315789473684
