"param_id","eir_equil","sig_het","ff","trial_duration","trial_PQ_eff_stratum_1","trial_PQ_eff_stratum_2","trial_PQ_prop_stratum_1","trial_PQ_prop_stratum_2","trial_PQ_proph","is_LLIN_distributed","is_IRS_administered","eff_cph_recurrent_LM","eff_cph_recurrent_PCR","eff_cph_any_relapse_LM","eff_cph_any_relapse_PCR","eff_cph_relapse_LM_trial","eff_cph_relapse_PCR_trial","eff_cph_relapse_LM_all","eff_cph_relapse_PCR_all","eff_incid_recurrent_PCR","eff_incid_recurrent_LM","eff_incid_recurrent_D","eff_incid_any_relapse_PCR","eff_incid_any_relapse_LM","eff_incid_any_relapse_D","eff_incid_relapse_PCR","eff_incid_relapse_LM","eff_incid_relapse_D","eff_risk_relapse_PCR","eff_risk_relapse_LM","eff_risk_relapse_D"
1219,10,0,0.01538462,180,1,0,0.75,0.25,45,1,0,0.68197200650072,0.718784718264243,0.708275164855322,0.757242820942418,0.701535167405705,0.799783760590067,0.775593683249912,0.904017963568345,0.665299121334376,0.733235773844911,0.833166499833166,0.7161271701149,0.740727444712264,0.823352764529235,0.748185823355263,0.759224703545416,0.856999856999857,0.743927125506073,0.764102564102564,0.857142857142857
122,0.1,0,0.01538462,180,1,0,0.75,0.25,28,1,0,0.796004398413827,0.822096643734946,0.802555460276709,0.826833399169544,0.805012817684492,0.830457581621877,0.832719951861372,0.843811937166772,0.717338238739017,0.719411521848982,0.745424436782461,0.719429088496649,0.721836601269225,0.747886844661038,0.724962791554845,0.72758796288208,0.75876497615628,0.76241610738255,0.759887005649718,0.767857142857143
1220,10,0,0.01538462,180,1,0,0.75,0.25,45,1,0,0.570904977620059,0.704085666058046,0.607136527182913,0.780963673543108,0.59541590393968,0.819482602666793,0.804889738858303,0.913596553496669,0.696214152700186,0.751496672212978,0.809714285714286,0.753217971325615,0.776246282527881,0.842263157894737,0.791029081990189,0.795948936170213,0.785928571428571,0.763104838709677,0.804938271604938,0.769230769230769
