"param_id","eir_equil","sig_het","ff","trial_duration","trial_PQ_eff_stratum_1","trial_PQ_eff_stratum_2","trial_PQ_prop_stratum_1","trial_PQ_prop_stratum_2","trial_PQ_proph","is_LLIN_distributed","is_IRS_administered","eff_cph_recurrent_LM","eff_cph_recurrent_PCR","eff_cph_any_relapse_LM","eff_cph_any_relapse_PCR","eff_cph_relapse_LM_trial","eff_cph_relapse_PCR_trial","eff_cph_relapse_LM_all","eff_cph_relapse_PCR_all","eff_incid_recurrent_PCR","eff_incid_recurrent_LM","eff_incid_recurrent_D","eff_incid_any_relapse_PCR","eff_incid_any_relapse_LM","eff_incid_any_relapse_D","eff_incid_relapse_PCR","eff_incid_relapse_LM","eff_incid_relapse_D","eff_risk_relapse_PCR","eff_risk_relapse_LM","eff_risk_relapse_D"
777,100,0,0.01538462,180,1,0,0.75,0.25,28,1,0,0.292778697489254,0.284055514142691,0.410644826259656,0.609715706898187,0.589628126633573,0.726600136067167,0.756501329004238,0.901179729644967,0.38427984849121,0.518748566577346,0.602144669302024,0.537663801725906,0.596853122949724,0.637572291342112,0.743590280042582,0.758964450956556,0.649297893681043,0.719033232628399,0.746958637469586,0.533333333333333
778,100,0,0.01538462,180,1,0,0.75,0.25,28,1,0,0.340367125481135,0.237983476472751,0.448725519281713,0.622099837163585,0.634073069889289,0.742058135408277,0.800078252547807,0.901581761005456,0.382998265129095,0.575152880592211,0.610169491525424,0.53933762925221,0.637914230019493,0.631578947368421,0.758174340996427,0.812987012987013,0.91304347826087,0.736418511066398,0.794117647058824,0.904761904761905
779,100,0,0.01538462,180,1,0,0.75,0.25,28,1,0,0.266308529315521,0.275706083543875,0.464360866447925,0.602033951739218,0.683886994718979,0.72953807048323,0.806205602614314,0.906312294887334,0.396330321794742,0.557651991614256,0.389830508474576,0.54697043504328,0.641118124436429,0.378378378378378,0.760397769266949,0.80178716490658,0.772727272727273,0.736629667003027,0.786363636363636,0.761904761904762
