"param_id","eir_equil","sig_het","ff","trial_duration","trial_PQ_eff_stratum_1","trial_PQ_eff_stratum_2","trial_PQ_prop_stratum_1","trial_PQ_prop_stratum_2","trial_PQ_proph","is_LLIN_distributed","is_IRS_administered","eff_cph_recurrent_LM","eff_cph_recurrent_PCR","eff_cph_any_relapse_LM","eff_cph_any_relapse_PCR","eff_cph_relapse_LM_trial","eff_cph_relapse_PCR_trial","eff_cph_relapse_LM_all","eff_cph_relapse_PCR_all","eff_incid_recurrent_PCR","eff_incid_recurrent_LM","eff_incid_recurrent_D","eff_incid_any_relapse_PCR","eff_incid_any_relapse_LM","eff_incid_any_relapse_D","eff_incid_relapse_PCR","eff_incid_relapse_LM","eff_incid_relapse_D","eff_risk_relapse_PCR","eff_risk_relapse_LM","eff_risk_relapse_D"
1327,10,0,0.01538462,180,1,0,0.75,0.25,45,1,0,0.668571016296623,0.705587624734089,0.711343921089217,0.77211640640459,0.746396768772396,0.816882850245398,0.794392440846755,0.907166280327436,0.679530086742709,0.74303683737646,0.894736842105263,0.736391205458681,0.771084337349398,0.894736842105263,0.776212832550861,0.803591470258137,0.888888888888889,0.739878542510122,0.786279683377309,0.882352941176471
1328,10,0,0.01538462,180,1,0,0.75,0.25,45,1,0,0.682222786728659,0.708414639423373,0.775136761542123,0.796625466182918,0.770664425176758,0.819200559813778,0.83502810725663,0.912448674409022,0.688303651241147,0.789387755102041,0.608695652173913,0.744345965770171,0.813345356176736,0.681818181818182,0.777856073284594,0.836016096579477,0.631578947368421,0.750759878419453,0.815270935960591,0.833333333333333
1329,10,0,0.01538462,180,1,0,0.75,0.25,45,1,0,0.553768923334427,0.703607262843341,0.603123410400634,0.787675615088806,0.627872859695124,0.814056780859734,0.812112865438361,0.908690196866918,0.682553772618641,0.781876503608661,0.878787878787879,0.734478808705613,0.805183199285076,0.928571428571429,0.764477057731412,0.824324324324324,0.92,0.753784056508577,0.81203007518797,0.91304347826087
