"param_id","eir_equil","sig_het","ff","trial_duration","trial_PQ_eff_stratum_1","trial_PQ_eff_stratum_2","trial_PQ_prop_stratum_1","trial_PQ_prop_stratum_2","trial_PQ_proph","is_LLIN_distributed","is_IRS_administered","eff_cph_recurrent_LM","eff_cph_recurrent_PCR","eff_cph_any_relapse_LM","eff_cph_any_relapse_PCR","eff_cph_relapse_LM_trial","eff_cph_relapse_PCR_trial","eff_cph_relapse_LM_all","eff_cph_relapse_PCR_all","eff_incid_recurrent_PCR","eff_incid_recurrent_LM","eff_incid_recurrent_D","eff_incid_any_relapse_PCR","eff_incid_any_relapse_LM","eff_incid_any_relapse_D","eff_incid_relapse_PCR","eff_incid_relapse_LM","eff_incid_relapse_D","eff_risk_relapse_PCR","eff_risk_relapse_LM","eff_risk_relapse_D"
866,0.1,0,0.01538462,180,1,0,0.75,0.25,45,1,0,0.784755905912434,0.808094384756907,0.789174973179337,0.811629996559771,0.788803387900713,0.813458555480996,0.814366398336263,0.820743109620949,0.714206437291898,0.709511568123393,0.693045563549161,0.717065036131184,0.71216999356085,0.698317307692308,0.737018425460636,0.732858990944373,0.729794933655006,0.742146596858639,0.746556473829201,0.740667976424362
867,0.1,0,0.01538462,180,1,0,0.75,0.25,45,1,0,0.796641952536674,0.836927465540003,0.802765491937406,0.840859630372242,0.804601762188522,0.842795045981167,0.837908011160791,0.848764626139899,0.74128263882051,0.736041244753368,0.742220645088092,0.744875137376515,0.739675255799347,0.746428670813405,0.755210791860753,0.750392565872424,0.758838258115752,0.771232876712329,0.763610315186246,0.756385068762279
868,0.1,0,0.01538462,180,1,0,0.75,0.25,45,1,0,0.77068692232127,0.805802938569187,0.773814947656335,0.808296865470072,0.772575643534208,0.807412967632563,0.805658761546918,0.809335406797425,0.694919489172682,0.69295910543131,0.688301566579634,0.695106763555059,0.693554340836013,0.687566360052562,0.712801578354002,0.712998054474708,0.719857142857143,0.717270194986072,0.71970802919708,0.727659574468085
