"param_id","eir_equil","sig_het","ff","trial_duration","trial_PQ_eff_stratum_1","trial_PQ_eff_stratum_2","trial_PQ_prop_stratum_1","trial_PQ_prop_stratum_2","trial_PQ_proph","is_LLIN_distributed","is_IRS_administered","eff_cph_recurrent_LM","eff_cph_recurrent_PCR","eff_cph_any_relapse_LM","eff_cph_any_relapse_PCR","eff_cph_relapse_LM_trial","eff_cph_relapse_PCR_trial","eff_cph_relapse_LM_all","eff_cph_relapse_PCR_all","eff_incid_recurrent_PCR","eff_incid_recurrent_LM","eff_incid_recurrent_D","eff_incid_any_relapse_PCR","eff_incid_any_relapse_LM","eff_incid_any_relapse_D","eff_incid_relapse_PCR","eff_incid_relapse_LM","eff_incid_relapse_D","eff_risk_relapse_PCR","eff_risk_relapse_LM","eff_risk_relapse_D"
814,0.1,0,0.01538462,180,1,0,0.75,0.25,45,1,0,0.824903225642105,0.839709094398192,0.830934569920675,0.844537119305097,0.82999199443337,0.844495979172945,0.836589768574479,0.838742562031423,0.738788558187933,0.740822957571554,0.7474693584299,0.741714413627148,0.744174276354508,0.751329909062895,0.746807991542194,0.749712386077318,0.758800210154272,0.753298153034301,0.758904109589041,0.769083969465649
815,0.1,0,0.01538462,180,1,0,0.75,0.25,45,1,0,0.806280954557879,0.801560113918411,0.808202629284832,0.804506982026354,0.809910304003868,0.807239418107763,0.808271535660916,0.81539656706872,0.684210526315789,0.688503532434168,0.713763702801462,0.688195991091314,0.692852543464263,0.716727716727717,0.710614525139665,0.71400903808909,0.740514075887393,0.735664335664336,0.738023952095808,0.745341614906832
816,0.1,0,0.01538462,180,1,0,0.75,0.25,45,1,0,0.802950896685744,0.818719221342604,0.804767997261748,0.81886730859501,0.803753827850251,0.819360152157735,0.823358732793469,0.830627987918168,0.692039240061839,0.6848919925843,0.701396311565803,0.690928041443505,0.683769279968805,0.700040562696635,0.713181720462012,0.709039182723393,0.73946549289015,0.738520408163265,0.739652870493992,0.736940298507463
