"param_id","eir_equil","sig_het","ff","trial_duration","trial_PQ_eff_stratum_1","trial_PQ_eff_stratum_2","trial_PQ_prop_stratum_1","trial_PQ_prop_stratum_2","trial_PQ_proph","is_LLIN_distributed","is_IRS_administered","eff_cph_recurrent_LM","eff_cph_recurrent_PCR","eff_cph_any_relapse_LM","eff_cph_any_relapse_PCR","eff_cph_relapse_LM_trial","eff_cph_relapse_PCR_trial","eff_cph_relapse_LM_all","eff_cph_relapse_PCR_all","eff_incid_recurrent_PCR","eff_incid_recurrent_LM","eff_incid_recurrent_D","eff_incid_any_relapse_PCR","eff_incid_any_relapse_LM","eff_incid_any_relapse_D","eff_incid_relapse_PCR","eff_incid_relapse_LM","eff_incid_relapse_D","eff_risk_relapse_PCR","eff_risk_relapse_LM","eff_risk_relapse_D"
288,1,0,0.01538462,180,1,0,0.75,0.25,28,1,0,0.671981005012656,0.716091182530819,0.713508154350868,0.772786794449116,0.767784441176694,0.80048611221166,0.833911271137889,0.863127519205158,0.674883636876151,0.665633121322686,0.700430357364664,0.713736442794436,0.702527386143205,0.715162316788333,0.75233653126284,0.739960008908664,0.794437294437294,0.757142857142857,0.757619738751814,0.801980198019802
289,1,0,0.01538462,180,1,0,0.75,0.25,28,1,0,0.688567820759715,0.71461472773309,0.728907413535169,0.765356961656617,0.742156689557182,0.781143651246172,0.805363728760253,0.847266850314735,0.668705410821643,0.651088979990438,0.707023803704971,0.698779884761604,0.681362725450902,0.713999427426281,0.725526147023637,0.710996796743092,0.739739478957916,0.756626506024096,0.74739970282318,0.691358024691358
29,0.1,0,0.01538462,180,1,0,0.75,0.25,28,1,0,0.803510515015791,0.829001107938869,0.803896890812896,0.824072341003245,0.809218315399953,0.827131188688347,0.819725019816039,0.832384848202532,0.701500833796554,0.699418228829993,0.704488778054863,0.703186137506987,0.701754385964912,0.7075,0.713318284424379,0.71306631648063,0.722433460076046,0.746612466124661,0.74310595065312,0.756646216768916
