"param_id","eir_equil","sig_het","ff","trial_duration","trial_PQ_eff_stratum_1","trial_PQ_eff_stratum_2","trial_PQ_prop_stratum_1","trial_PQ_prop_stratum_2","trial_PQ_proph","is_LLIN_distributed","is_IRS_administered","eff_cph_recurrent_LM","eff_cph_recurrent_PCR","eff_cph_any_relapse_LM","eff_cph_any_relapse_PCR","eff_cph_relapse_LM_trial","eff_cph_relapse_PCR_trial","eff_cph_relapse_LM_all","eff_cph_relapse_PCR_all","eff_incid_recurrent_PCR","eff_incid_recurrent_LM","eff_incid_recurrent_D","eff_incid_any_relapse_PCR","eff_incid_any_relapse_LM","eff_incid_any_relapse_D","eff_incid_relapse_PCR","eff_incid_relapse_LM","eff_incid_relapse_D","eff_risk_relapse_PCR","eff_risk_relapse_LM","eff_risk_relapse_D"
258,1,0,0.01538462,180,1,0,0.75,0.25,28,1,0,0.635924372201727,0.716424654968892,0.704781871862069,0.778491511473314,0.754215623177202,0.799922814403842,0.821945776018451,0.859482451158627,0.69363358354184,0.683163265306122,0.541984732824427,0.729197733373099,0.715068493150685,0.570247933884298,0.764184978681535,0.760170006071645,0.590909090909091,0.768115942028985,0.767616191904048,0.589473684210526
259,1,0,0.01538462,180,1,0,0.75,0.25,28,1,0,0.692294173808473,0.728220614691608,0.740436060180633,0.779656765447175,0.781053296566381,0.807496992044644,0.816213008295832,0.846852775373029,0.65002815497289,0.651689306861721,0.573102514278985,0.68778670478825,0.691399802696408,0.615615615615616,0.723769315195973,0.729084117269771,0.669312169312169,0.731971153846154,0.739322533136966,0.683168316831683
26,0.1,0,0.01538462,180,1,0,0.75,0.25,28,1,0,0.810564972799158,0.82748590112692,0.810362711557257,0.828786021230807,0.814552171043342,0.832953871373792,0.834943783536622,0.843315809436058,0.719895287958115,0.713235294117647,0.726136363636364,0.721285563751317,0.714373843306601,0.729357798165138,0.738485971413446,0.732796032238066,0.754608294930876,0.755584756898817,0.756944444444444,0.765917602996255
