"param_id","eir_equil","sig_het","ff","trial_duration","trial_PQ_eff_stratum_1","trial_PQ_eff_stratum_2","trial_PQ_prop_stratum_1","trial_PQ_prop_stratum_2","trial_PQ_proph","is_LLIN_distributed","is_IRS_administered","eff_cph_recurrent_LM","eff_cph_recurrent_PCR","eff_cph_any_relapse_LM","eff_cph_any_relapse_PCR","eff_cph_relapse_LM_trial","eff_cph_relapse_PCR_trial","eff_cph_relapse_LM_all","eff_cph_relapse_PCR_all","eff_incid_recurrent_PCR","eff_incid_recurrent_LM","eff_incid_recurrent_D","eff_incid_any_relapse_PCR","eff_incid_any_relapse_LM","eff_incid_any_relapse_D","eff_incid_relapse_PCR","eff_incid_relapse_LM","eff_incid_relapse_D","eff_risk_relapse_PCR","eff_risk_relapse_LM","eff_risk_relapse_D"
78,0.1,0,0.01538462,180,1,0,0.75,0.25,28,1,0,0.811325187458362,0.829807157201044,0.817233001321763,0.832604632327023,0.821023061867678,0.835959368544245,0.833952340637886,0.842654471844535,0.733185102834908,0.724581724581725,0.760975609756098,0.735785953177257,0.727917472598324,0.762836185819071,0.746368715083799,0.739495798319328,0.779411764705882,0.77088948787062,0.770212765957447,0.77843137254902
780,100,0,0.01538462,180,1,0,0.75,0.25,28,1,0,0.449239531551673,0.258567829493604,0.598051554250647,0.556800185366,0.74744036801262,0.719103760370137,0.81304717664902,0.900480549108448,0.377626009504272,0.520080321285141,0.523809523809524,0.535822208621811,0.598294884653962,0.5,0.748495954636609,0.764964788732394,0.875,0.737373737373737,0.794685990338164,0.875
781,100,0,0.01538462,180,1,0,0.75,0.25,28,1,0,0.409314634696788,0.23473072366234,0.495985558278151,0.612482350159958,0.697376899457753,0.756598094780094,0.782920563170497,0.907036268264577,0.370641588941134,0.508330610911467,0.5,0.529282271226326,0.610169491525424,0.648648648648649,0.748696770699343,0.783444816053512,0.84,0.737424547283702,0.755813953488372,0.84
