"param_id","eir_equil","sig_het","ff","trial_duration","trial_PQ_eff_stratum_1","trial_PQ_eff_stratum_2","trial_PQ_prop_stratum_1","trial_PQ_prop_stratum_2","trial_PQ_proph","is_LLIN_distributed","is_IRS_administered","eff_cph_recurrent_LM","eff_cph_recurrent_PCR","eff_cph_any_relapse_LM","eff_cph_any_relapse_PCR","eff_cph_relapse_LM_trial","eff_cph_relapse_PCR_trial","eff_cph_relapse_LM_all","eff_cph_relapse_PCR_all","eff_incid_recurrent_PCR","eff_incid_recurrent_LM","eff_incid_recurrent_D","eff_incid_any_relapse_PCR","eff_incid_any_relapse_LM","eff_incid_any_relapse_D","eff_incid_relapse_PCR","eff_incid_relapse_LM","eff_incid_relapse_D","eff_risk_relapse_PCR","eff_risk_relapse_LM","eff_risk_relapse_D"
1195,1,0,0.01538462,180,1,0,0.75,0.25,45,1,0,0.726057642002319,0.758263756595161,0.764654964370267,0.804622228611133,0.765504545701093,0.817470682796246,0.823943493240991,0.854154005123376,0.709490458558815,0.7225,0.624307692307692,0.746247354097369,0.752893593314763,0.682136363636364,0.770604786545925,0.78197137745975,0.698415094339623,0.75453446191052,0.763040238450075,0.701030927835051
1196,1,0,0.01538462,180,1,0,0.75,0.25,45,1,0,0.675855781036073,0.744179836886438,0.725583191867431,0.777191001920519,0.750860110654148,0.797248479467849,0.808242453906764,0.850472609115144,0.693656764646144,0.682146601577881,0.728410581123759,0.723953811631537,0.708881140648479,0.751817933636115,0.735475081914012,0.726944069451715,0.780482236622588,0.74065138721351,0.728915662650602,0.80952380952381
1197,1,0,0.01538462,180,1,0,0.75,0.25,45,1,0,0.701834358023248,0.7567183048179,0.749271358131907,0.794257713460256,0.772048145964066,0.815469657220514,0.841076389651148,0.858526690314473,0.698798162583519,0.712716068642746,0.630291338582677,0.73124405469679,0.740670928293496,0.708625,0.758663137632339,0.76729880239521,0.745868421052632,0.760479041916168,0.782293178519594,0.762886597938144
