"param_id","eir_equil","sig_het","ff","trial_duration","trial_PQ_eff_stratum_1","trial_PQ_eff_stratum_2","trial_PQ_prop_stratum_1","trial_PQ_prop_stratum_2","trial_PQ_proph","is_LLIN_distributed","is_IRS_administered","eff_cph_recurrent_LM","eff_cph_recurrent_PCR","eff_cph_any_relapse_LM","eff_cph_any_relapse_PCR","eff_cph_relapse_LM_trial","eff_cph_relapse_PCR_trial","eff_cph_relapse_LM_all","eff_cph_relapse_PCR_all","eff_incid_recurrent_PCR","eff_incid_recurrent_LM","eff_incid_recurrent_D","eff_incid_any_relapse_PCR","eff_incid_any_relapse_LM","eff_incid_any_relapse_D","eff_incid_relapse_PCR","eff_incid_relapse_LM","eff_incid_relapse_D","eff_risk_relapse_PCR","eff_risk_relapse_LM","eff_risk_relapse_D"
388,1,0,0.01538462,180,1,0,0.75,0.25,28,1,0,0.729053450181072,0.747911173315795,0.766859630288122,0.798113349232308,0.80884734919149,0.827485303666854,0.83437807910564,0.869568111003364,0.709101382488479,0.691903259726604,0.71875,0.745767928593413,0.728908886389201,0.75,0.78056214019641,0.765625,0.779816513761468,0.780368098159509,0.775729646697389,0.765957446808511
389,1,0,0.01538462,180,1,0,0.75,0.25,28,1,0,0.65082314735354,0.711240346207706,0.664914654765662,0.750466424356721,0.710831291227849,0.797242001771995,0.818020914393376,0.856869160373711,0.665927363459939,0.664843361511686,0.620689655172414,0.698642266824085,0.686772486772487,0.681159420289855,0.734541922952412,0.720398593200469,0.725806451612903,0.754137115839243,0.747838616714697,0.722772277227723
39,0.1,0,0.01538462,180,1,0,0.75,0.25,28,1,0,0.825091040479489,0.83094050534462,0.827651522047472,0.830425337205867,0.82797851351869,0.831827776598815,0.835816250138277,0.839336328646147,0.727962805526036,0.733825873697118,0.754496567505721,0.729464247598719,0.735462484624846,0.757366972477064,0.735650402144772,0.742332303891291,0.766596774193548,0.755405405405405,0.761024182076814,0.766336633663366
