"param_id","eir_equil","sig_het","ff","trial_duration","trial_PQ_eff_stratum_1","trial_PQ_eff_stratum_2","trial_PQ_prop_stratum_1","trial_PQ_prop_stratum_2","trial_PQ_proph","is_LLIN_distributed","is_IRS_administered","eff_cph_recurrent_LM","eff_cph_recurrent_PCR","eff_cph_any_relapse_LM","eff_cph_any_relapse_PCR","eff_cph_relapse_LM_trial","eff_cph_relapse_PCR_trial","eff_cph_relapse_LM_all","eff_cph_relapse_PCR_all","eff_incid_recurrent_PCR","eff_incid_recurrent_LM","eff_incid_recurrent_D","eff_incid_any_relapse_PCR","eff_incid_any_relapse_LM","eff_incid_any_relapse_D","eff_incid_relapse_PCR","eff_incid_relapse_LM","eff_incid_relapse_D","eff_risk_relapse_PCR","eff_risk_relapse_LM","eff_risk_relapse_D"
1165,1,0,0.01538462,180,1,0,0.75,0.25,45,1,0,0.688865044835992,0.741167519891076,0.714205121415357,0.774380800482481,0.726798338776876,0.781706819310818,0.802226361696218,0.846396516742494,0.678131169843877,0.669633193839337,0.707672274043955,0.708729956371466,0.694981176462658,0.711249711249711,0.719446008508509,0.714087931237839,0.752440612655666,0.733021077283372,0.721739130434783,0.776470588235294
1166,1,0,0.01538462,180,1,0,0.75,0.25,45,1,0,0.658027532814979,0.733370919222608,0.706938574897675,0.766658958711336,0.732114129177103,0.783572552771215,0.819712270904098,0.863475072952897,0.683756863913522,0.677741918667747,0.758623872099049,0.720299473842296,0.716866086576554,0.819368240420872,0.736084493203421,0.73673794713698,0.859363495727132,0.763872491145218,0.749638205499276,0.849056603773585
1167,1,0,0.01538462,180,1,0,0.75,0.25,45,1,0,0.74013147539634,0.765883970376073,0.771058524862468,0.804678322749211,0.800411739872535,0.836762506971855,0.830725765314349,0.866189039659557,0.705072633894104,0.709616567854116,0.671546546546547,0.738815357036615,0.741733579823271,0.6932416287255,0.760281323407576,0.768029994730247,0.767008387698043,0.764004767580453,0.760416666666667,0.742574257425743
