"param_id","eir_equil","sig_het","ff","trial_duration","trial_PQ_eff_stratum_1","trial_PQ_eff_stratum_2","trial_PQ_prop_stratum_1","trial_PQ_prop_stratum_2","trial_PQ_proph","is_LLIN_distributed","is_IRS_administered","eff_cph_recurrent_LM","eff_cph_recurrent_PCR","eff_cph_any_relapse_LM","eff_cph_any_relapse_PCR","eff_cph_relapse_LM_trial","eff_cph_relapse_PCR_trial","eff_cph_relapse_LM_all","eff_cph_relapse_PCR_all","eff_incid_recurrent_PCR","eff_incid_recurrent_LM","eff_incid_recurrent_D","eff_incid_any_relapse_PCR","eff_incid_any_relapse_LM","eff_incid_any_relapse_D","eff_incid_relapse_PCR","eff_incid_relapse_LM","eff_incid_relapse_D","eff_risk_relapse_PCR","eff_risk_relapse_LM","eff_risk_relapse_D"
882,0.1,0,0.01538462,180,1,0,0.75,0.25,45,1,0,0.793327640198514,0.804295465507897,0.796905551710006,0.80584547298599,0.798427257106047,0.80911405834758,0.808952477062315,0.814517635285562,0.680375903321795,0.694424195434571,0.696703881578619,0.683775645726529,0.698539937016891,0.700448278102339,0.708041082164329,0.722660527240047,0.735065636891761,0.740027510316369,0.743849493487699,0.754980079681275
883,0.1,0,0.01538462,180,1,0,0.75,0.25,45,1,0,0.809314142287706,0.841514601386503,0.811759220204015,0.841034469921099,0.812624433481461,0.843009408520207,0.837421627817756,0.846097927214883,0.75109409190372,0.749842072015161,0.742647058823529,0.752611324903793,0.751269035532995,0.744471744471745,0.768467475192944,0.769083969465649,0.767241379310345,0.763983628922237,0.760744985673352,0.753479125248509
884,0.1,0,0.01538462,180,1,0,0.75,0.25,45,1,0,0.805951859625618,0.823319095141924,0.809442523308598,0.825666772192684,0.807418533330198,0.824809969316483,0.823826356071571,0.834303384015022,0.739200863930886,0.737961225766104,0.737665463297232,0.740619902120718,0.738965952080706,0.737864077669903,0.743575724439584,0.742712294043093,0.7442143727162,0.758760107816712,0.754957507082153,0.754385964912281
