"param_id","eir_equil","sig_het","ff","trial_duration","trial_PQ_eff_stratum_1","trial_PQ_eff_stratum_2","trial_PQ_prop_stratum_1","trial_PQ_prop_stratum_2","trial_PQ_proph","is_LLIN_distributed","is_IRS_administered","eff_cph_recurrent_LM","eff_cph_recurrent_PCR","eff_cph_any_relapse_LM","eff_cph_any_relapse_PCR","eff_cph_relapse_LM_trial","eff_cph_relapse_PCR_trial","eff_cph_relapse_LM_all","eff_cph_relapse_PCR_all","eff_incid_recurrent_PCR","eff_incid_recurrent_LM","eff_incid_recurrent_D","eff_incid_any_relapse_PCR","eff_incid_any_relapse_LM","eff_incid_any_relapse_D","eff_incid_relapse_PCR","eff_incid_relapse_LM","eff_incid_relapse_D","eff_risk_relapse_PCR","eff_risk_relapse_LM","eff_risk_relapse_D"
1046,1,0,0.01538462,180,1,0,0.75,0.25,45,1,0,0.732691776711162,0.75073891731691,0.786370111076287,0.790888401083568,0.812887843420614,0.812547780622297,0.836642065814279,0.858514991558572,0.696986924388857,0.705912596401028,0.645669291338583,0.725644916540212,0.732378854625551,0.672268907563025,0.74662273476112,0.756433273488929,0.727272727272727,0.749116607773852,0.763005780346821,0.727272727272727
1047,1,0,0.01538462,180,1,0,0.75,0.25,45,1,0,0.754200025958561,0.769562786514139,0.793181737242033,0.808079465402597,0.816688142144047,0.824021688942984,0.830458719254605,0.849298963564815,0.707659515664156,0.705933559011676,0.759365204620679,0.738823791111373,0.734779026814425,0.784216216216216,0.754123644885614,0.751906216041237,0.793310551931242,0.743063932448733,0.754636233951498,0.798076923076923
1048,1,0,0.01538462,180,1,0,0.75,0.25,45,1,0,0.68157604330648,0.732695976285835,0.700471649482258,0.766136418285021,0.708203816957777,0.767530585322691,0.804831530655276,0.84024279829305,0.70099573257468,0.693069306930693,0.626262626262626,0.723249469536223,0.716517857142857,0.645161290322581,0.728423101881895,0.720623501199041,0.659090909090909,0.733253588516746,0.734664764621969,0.670731707317073
