"param_id","eir_equil","sig_het","ff","trial_duration","trial_PQ_eff_stratum_1","trial_PQ_eff_stratum_2","trial_PQ_prop_stratum_1","trial_PQ_prop_stratum_2","trial_PQ_proph","is_LLIN_distributed","is_IRS_administered","eff_cph_recurrent_LM","eff_cph_recurrent_PCR","eff_cph_any_relapse_LM","eff_cph_any_relapse_PCR","eff_cph_relapse_LM_trial","eff_cph_relapse_PCR_trial","eff_cph_relapse_LM_all","eff_cph_relapse_PCR_all","eff_incid_recurrent_PCR","eff_incid_recurrent_LM","eff_incid_recurrent_D","eff_incid_any_relapse_PCR","eff_incid_any_relapse_LM","eff_incid_any_relapse_D","eff_incid_relapse_PCR","eff_incid_relapse_LM","eff_incid_relapse_D","eff_risk_relapse_PCR","eff_risk_relapse_LM","eff_risk_relapse_D"
163,0.1,0,0.01538462,180,1,0,0.75,0.25,28,1,0,0.791624456894569,0.819848988441613,0.800473850511342,0.82369008978017,0.803892838117329,0.827678288725795,0.825923774179057,0.832929457463665,0.705914340060682,0.706373039706373,0.68543309664805,0.708435506100876,0.709263403530919,0.690194297462762,0.727151901064945,0.728162667459792,0.710298533827945,0.761969904240766,0.759656652360515,0.745664739884393
164,0.1,0,0.01538462,180,1,0,0.75,0.25,28,1,0,0.780289801603516,0.818790524060252,0.781172157314359,0.819515970084431,0.780806167699976,0.820230989128673,0.818636778973023,0.829221618081836,0.713190143945915,0.713538425495464,0.729598843258748,0.715208320887427,0.715283655845586,0.730138894435062,0.729884872694805,0.732593485979411,0.7530433280975,0.744340878828229,0.740168539325843,0.743538767395626
165,0.1,0,0.01538462,180,1,0,0.75,0.25,28,1,0,0.800183621271549,0.820914431834649,0.80469004365576,0.824363564421934,0.803645744186883,0.824579181711174,0.821955670298512,0.834790362238429,0.6994708994709,0.694052728387492,0.734602463605823,0.701754385964912,0.696428571428571,0.734831460674157,0.707708779443255,0.703657780533168,0.746892655367232,0.742363877822045,0.735006973500697,0.75
