"param_id","eir_equil","sig_het","ff","trial_duration","trial_PQ_eff_stratum_1","trial_PQ_eff_stratum_2","trial_PQ_prop_stratum_1","trial_PQ_prop_stratum_2","trial_PQ_proph","is_LLIN_distributed","is_IRS_administered","eff_cph_recurrent_LM","eff_cph_recurrent_PCR","eff_cph_any_relapse_LM","eff_cph_any_relapse_PCR","eff_cph_relapse_LM_trial","eff_cph_relapse_PCR_trial","eff_cph_relapse_LM_all","eff_cph_relapse_PCR_all","eff_incid_recurrent_PCR","eff_incid_recurrent_LM","eff_incid_recurrent_D","eff_incid_any_relapse_PCR","eff_incid_any_relapse_LM","eff_incid_any_relapse_D","eff_incid_relapse_PCR","eff_incid_relapse_LM","eff_incid_relapse_D","eff_risk_relapse_PCR","eff_risk_relapse_LM","eff_risk_relapse_D"
160,0.1,0,0.01538462,180,1,0,0.75,0.25,28,1,0,0.814162476853799,0.822957734563003,0.815965696082333,0.824126302481246,0.820279952234714,0.825807716918329,0.821179968965859,0.830381894905041,0.699569496744767,0.701110499579975,0.734652154245439,0.704420229981603,0.70474898379488,0.738386786246765,0.724951335335427,0.725578477910729,0.763858928047177,0.756944444444444,0.75480059084195,0.768463073852295
161,0.1,0,0.01538462,180,1,0,0.75,0.25,28,1,0,0.82686601184166,0.841231632999194,0.82988871420099,0.843266140749403,0.829746866370418,0.844909675732985,0.830558257441071,0.837616700188554,0.727585878954639,0.733809257618781,0.757727030454303,0.727343308788832,0.732941897121002,0.756288354863177,0.747298985601488,0.752730787213546,0.781293898940958,0.757123473541384,0.757102272727273,0.782857142857143
162,0.1,0,0.01538462,180,1,0,0.75,0.25,28,1,0,0.8020514286479,0.821086211876023,0.809279682164489,0.825216184293598,0.81605088247092,0.829837720654068,0.820769833168381,0.826482960537759,0.700373018758669,0.701624701624702,0.723023994868655,0.707408363956987,0.707290838396237,0.731765870620925,0.722383036926442,0.722660805135032,0.7509704826778,0.739368998628258,0.738197424892704,0.752941176470588
