"param_id","eir_equil","sig_het","ff","trial_duration","trial_PQ_eff_stratum_1","trial_PQ_eff_stratum_2","trial_PQ_prop_stratum_1","trial_PQ_prop_stratum_2","trial_PQ_proph","is_LLIN_distributed","is_IRS_administered","eff_cph_recurrent_LM","eff_cph_recurrent_PCR","eff_cph_any_relapse_LM","eff_cph_any_relapse_PCR","eff_cph_relapse_LM_trial","eff_cph_relapse_PCR_trial","eff_cph_relapse_LM_all","eff_cph_relapse_PCR_all","eff_incid_recurrent_PCR","eff_incid_recurrent_LM","eff_incid_recurrent_D","eff_incid_any_relapse_PCR","eff_incid_any_relapse_LM","eff_incid_any_relapse_D","eff_incid_relapse_PCR","eff_incid_relapse_LM","eff_incid_relapse_D","eff_risk_relapse_PCR","eff_risk_relapse_LM","eff_risk_relapse_D"
1492,100,0,0.01538462,180,1,0,0.75,0.25,45,1,0,0.517199614081339,0.393252961339162,0.619098136883913,0.664362828896609,0.835595388425468,0.781584013608876,0.852108919375903,0.918389932885916,0.452065219191726,0.653038463231733,0.804969879518072,0.608044683026162,0.729251101564829,0.845690454124189,0.774884903784971,0.845627624504533,0.967644772638943,0.772956609485368,0.838407494145199,0.967741935483871
1493,100,0,0.01538462,180,1,0,0.75,0.25,45,1,0,0.470268375842462,0.357129300975503,0.56706450895004,0.639123801101924,0.6663036352672,0.705715522890892,0.801622057514723,0.904003709090252,0.446934994081013,0.62859739472887,0.65625,0.589850882531954,0.68978102189781,0.666666666666667,0.735139254537897,0.772841575859179,0.68,0.737588652482269,0.760722347629797,0.666666666666667
1494,100,0,0.01538462,180,1,0,0.75,0.25,45,1,0,0.397998605332368,0.375257209236657,0.524377004769292,0.655631575447778,0.674702327416361,0.749653603277645,0.811826122176432,0.916015553530294,0.454982115482882,0.598039215686275,0.685714285714286,0.609556933313171,0.668406072106262,0.659574468085106,0.766437750730944,0.79394449116905,0.75,0.758551307847082,0.790697674418605,0.727272727272727
