"param_id","eir_equil","sig_het","ff","trial_duration","trial_PQ_eff_stratum_1","trial_PQ_eff_stratum_2","trial_PQ_prop_stratum_1","trial_PQ_prop_stratum_2","trial_PQ_proph","is_LLIN_distributed","is_IRS_administered","eff_cph_recurrent_LM","eff_cph_recurrent_PCR","eff_cph_any_relapse_LM","eff_cph_any_relapse_PCR","eff_cph_relapse_LM_trial","eff_cph_relapse_PCR_trial","eff_cph_relapse_LM_all","eff_cph_relapse_PCR_all","eff_incid_recurrent_PCR","eff_incid_recurrent_LM","eff_incid_recurrent_D","eff_incid_any_relapse_PCR","eff_incid_any_relapse_LM","eff_incid_any_relapse_D","eff_incid_relapse_PCR","eff_incid_relapse_LM","eff_incid_relapse_D","eff_risk_relapse_PCR","eff_risk_relapse_LM","eff_risk_relapse_D"
1013,1,0,0.01538462,180,1,0,0.75,0.25,45,1,0,0.72788449910636,0.739248386131866,0.744164686253504,0.774965023453317,0.780138625323739,0.815657137201605,0.831034571753344,0.858540069251303,0.707758620689655,0.727655099894847,0.730769230769231,0.742979242979243,0.755468311833988,0.741935483870968,0.77007299270073,0.784361637141112,0.796296296296296,0.761266747868453,0.769578313253012,0.810526315789474
1014,1,0,0.01538462,180,1,0,0.75,0.25,45,1,0,0.660362937709848,0.733898422676337,0.704386874637216,0.761469338759271,0.710328819477836,0.771570552979593,0.793735698285597,0.838899553218622,0.706773290607857,0.682930686209045,0.595520506473549,0.734213389457021,0.711489306629566,0.639277833500501,0.748466209066761,0.724837725612069,0.680210845301863,0.726495726495726,0.720183486238532,0.686746987951807
1015,1,0,0.01538462,180,1,0,0.75,0.25,45,1,0,0.652170779900352,0.755520854943482,0.695825599106875,0.791151135298765,0.726763013726985,0.819900390677402,0.82391844489064,0.865680797060093,0.693643319599765,0.689693593314763,0.616071428571429,0.726242920075519,0.715827338129496,0.691588785046729,0.74641638225256,0.730440499671269,0.691489361702128,0.765060240963855,0.759455370650529,0.697674418604651
