"param_id","eir_equil","sig_het","ff","trial_duration","trial_PQ_eff_stratum_1","trial_PQ_eff_stratum_2","trial_PQ_prop_stratum_1","trial_PQ_prop_stratum_2","trial_PQ_proph","is_LLIN_distributed","is_IRS_administered","eff_cph_recurrent_LM","eff_cph_recurrent_PCR","eff_cph_any_relapse_LM","eff_cph_any_relapse_PCR","eff_cph_relapse_LM_trial","eff_cph_relapse_PCR_trial","eff_cph_relapse_LM_all","eff_cph_relapse_PCR_all","eff_incid_recurrent_PCR","eff_incid_recurrent_LM","eff_incid_recurrent_D","eff_incid_any_relapse_PCR","eff_incid_any_relapse_LM","eff_incid_any_relapse_D","eff_incid_relapse_PCR","eff_incid_relapse_LM","eff_incid_relapse_D","eff_risk_relapse_PCR","eff_risk_relapse_LM","eff_risk_relapse_D"
1035,1,0,0.01538462,180,1,0,0.75,0.25,45,1,0,0.659425310481364,0.736796020807045,0.698863662854352,0.77887558301957,0.71295112447554,0.791059418278668,0.82674040896894,0.849395975477659,0.710483674531383,0.723190776171176,0.718027604504784,0.736133891291457,0.743332819485124,0.736962977048988,0.745948225565054,0.753326550184417,0.753721729172631,0.741706161137441,0.755714285714286,0.730769230769231
1036,1,0,0.01538462,180,1,0,0.75,0.25,45,1,0,0.682033319362861,0.721231618265598,0.732367971480686,0.76927020548775,0.761341581390912,0.795346488887549,0.805148353840697,0.844819846823481,0.684090259925735,0.689530685920578,0.694656488549618,0.720230862697448,0.72304324028462,0.733870967741935,0.736842105263158,0.742406542056075,0.771929824561403,0.735576923076923,0.734992679355783,0.778846153846154
1037,1,0,0.01538462,180,1,0,0.75,0.25,45,1,0,0.69764037571793,0.735929617982924,0.729711049306902,0.786331106936633,0.753205762079718,0.810931786665021,0.796739924001748,0.837192910996173,0.668481280272043,0.667386054266696,0.660738119871425,0.699857128637822,0.695090296013669,0.683126301982872,0.720493058121734,0.71448864666288,0.713712566270239,0.722760290556901,0.712797619047619,0.740384615384615
