"param_id","eir_equil","sig_het","ff","trial_duration","trial_PQ_eff_stratum_1","trial_PQ_eff_stratum_2","trial_PQ_prop_stratum_1","trial_PQ_prop_stratum_2","trial_PQ_proph","is_LLIN_distributed","is_IRS_administered","eff_cph_recurrent_LM","eff_cph_recurrent_PCR","eff_cph_any_relapse_LM","eff_cph_any_relapse_PCR","eff_cph_relapse_LM_trial","eff_cph_relapse_PCR_trial","eff_cph_relapse_LM_all","eff_cph_relapse_PCR_all","eff_incid_recurrent_PCR","eff_incid_recurrent_LM","eff_incid_recurrent_D","eff_incid_any_relapse_PCR","eff_incid_any_relapse_LM","eff_incid_any_relapse_D","eff_incid_relapse_PCR","eff_incid_relapse_LM","eff_incid_relapse_D","eff_risk_relapse_PCR","eff_risk_relapse_LM","eff_risk_relapse_D"
236,1,0,0.01538462,180,1,0,0.75,0.25,28,1,0,0.695633503720372,0.742216855663601,0.7366873518533,0.781668259235803,0.789065867314916,0.824744528587336,0.835445578229612,0.86501991566556,0.660832454473903,0.656332081400201,0.644806096419,0.705496280838747,0.700916898369128,0.663299663299663,0.74489539706931,0.744928271963698,0.72353305686639,0.767857142857143,0.769230769230769,0.777777777777778
237,1,0,0.01538462,180,1,0,0.75,0.25,28,1,0,0.67331547682906,0.748947615220924,0.742248464089209,0.79734568894423,0.782110434707828,0.829832014013492,0.829924221404096,0.861934760782191,0.69102678259655,0.708221296610418,0.750500500500501,0.731308231308231,0.74167485846318,0.75658585414683,0.767776098335353,0.780706251045234,0.824912631930176,0.766509433962264,0.766617429837518,0.808080808080808
238,1,0,0.01538462,180,1,0,0.75,0.25,28,1,0,0.629620539614634,0.731896207821767,0.690375536188913,0.783285661550878,0.731123280168696,0.81678078447229,0.836028419926654,0.868891122494295,0.678330329969111,0.683757898423528,0.604646267324565,0.720650603532647,0.725594045233324,0.626899253051558,0.75849259494599,0.760774415457348,0.669882317827144,0.770059880239521,0.768545994065282,0.71264367816092
