"param_id","eir_equil","sig_het","ff","trial_duration","trial_PQ_eff_stratum_1","trial_PQ_eff_stratum_2","trial_PQ_prop_stratum_1","trial_PQ_prop_stratum_2","trial_PQ_proph","is_LLIN_distributed","is_IRS_administered","eff_cph_recurrent_LM","eff_cph_recurrent_PCR","eff_cph_any_relapse_LM","eff_cph_any_relapse_PCR","eff_cph_relapse_LM_trial","eff_cph_relapse_PCR_trial","eff_cph_relapse_LM_all","eff_cph_relapse_PCR_all","eff_incid_recurrent_PCR","eff_incid_recurrent_LM","eff_incid_recurrent_D","eff_incid_any_relapse_PCR","eff_incid_any_relapse_LM","eff_incid_any_relapse_D","eff_incid_relapse_PCR","eff_incid_relapse_LM","eff_incid_relapse_D","eff_risk_relapse_PCR","eff_risk_relapse_LM","eff_risk_relapse_D"
1198,1,0,0.01538462,180,1,0,0.75,0.25,45,1,0,0.573896623611889,0.714652237195868,0.61265490262151,0.749967803605996,0.64251294564863,0.774071376577974,0.799597690835088,0.842664892498756,0.65195670274771,0.63389656938044,0.446280991735537,0.686373041678983,0.663019693654267,0.464912280701754,0.712592117910926,0.688981042654028,0.490384615384615,0.731995277449823,0.727007299270073,0.544444444444445
1199,1,0,0.01538462,180,1,0,0.75,0.25,45,1,0,0.698080148140217,0.779420666710745,0.77156130440878,0.823137728658616,0.784696414267982,0.833533160497003,0.81046139019572,0.851558513526398,0.69158375907502,0.679960610536681,0.646017699115044,0.723654066437572,0.710843373493976,0.679245283018868,0.736661466458658,0.72289156626506,0.692307692307692,0.751781472684085,0.748159057437408,0.7
12,0.1,0,0.01538462,180,1,0,0.75,0.25,28,1,0,0.797245598255576,0.828732328777802,0.802632588877981,0.827973164562223,0.808263854565185,0.83256979645252,0.830501758479762,0.838185520946969,0.719955898566703,0.717210492642354,0.727594339622641,0.723545706371191,0.720720720720721,0.729857819905213,0.741215839375349,0.738341968911917,0.753277711561383,0.765264586160109,0.766140602582496,0.768463073852295
