"param_id","eir_equil","sig_het","ff","trial_duration","trial_PQ_eff_stratum_1","trial_PQ_eff_stratum_2","trial_PQ_prop_stratum_1","trial_PQ_prop_stratum_2","trial_PQ_proph","is_LLIN_distributed","is_IRS_administered","eff_cph_recurrent_LM","eff_cph_recurrent_PCR","eff_cph_any_relapse_LM","eff_cph_any_relapse_PCR","eff_cph_relapse_LM_trial","eff_cph_relapse_PCR_trial","eff_cph_relapse_LM_all","eff_cph_relapse_PCR_all","eff_incid_recurrent_PCR","eff_incid_recurrent_LM","eff_incid_recurrent_D","eff_incid_any_relapse_PCR","eff_incid_any_relapse_LM","eff_incid_any_relapse_D","eff_incid_relapse_PCR","eff_incid_relapse_LM","eff_incid_relapse_D","eff_risk_relapse_PCR","eff_risk_relapse_LM","eff_risk_relapse_D"
1584,100,0,0.01538462,180,1,0,0.75,0.25,45,1,0,0.425375978701884,0.363520097416559,0.483371525789542,0.580002054144139,0.562034057134181,0.687561113411889,0.808021052219994,0.912962158152529,0.458886346300534,0.637335777574091,0.597014925373134,0.604236006051437,0.708654281830539,0.744186046511628,0.760281534639801,0.816867469879518,0.846153846153846,0.75678391959799,0.805970149253731,0.84
1585,100,0,0.01538462,180,1,0,0.75,0.25,45,1,0,0.451245892127418,0.353350001269554,0.551081490656034,0.608264778540578,0.64908483071647,0.680633264812569,0.792499356946666,0.893435000115694,0.431315968019363,0.564678643712915,0.588462639564844,0.572479813641882,0.652790504389897,0.566700969506581,0.705329193104635,0.748830995323981,0.777332442663104,0.720766129032258,0.762470308788599,0.777777777777778
1586,100,0,0.01538462,180,1,0,0.75,0.25,45,1,0,0.439473995017164,0.393065320828655,0.560346733770237,0.628743252216171,0.628024431553657,0.731769361750947,0.809190257536657,0.903341942488773,0.447442789297485,0.594268364348678,0.554017857142857,0.59910556402439,0.673845814977974,0.628942857142857,0.752506254343294,0.794713906111603,0.823705882352941,0.742099898063201,0.804651162790698,0.8125
