"param_id","eir_equil","sig_het","ff","trial_duration","trial_PQ_eff_stratum_1","trial_PQ_eff_stratum_2","trial_PQ_prop_stratum_1","trial_PQ_prop_stratum_2","trial_PQ_proph","is_LLIN_distributed","is_IRS_administered","eff_cph_recurrent_LM","eff_cph_recurrent_PCR","eff_cph_any_relapse_LM","eff_cph_any_relapse_PCR","eff_cph_relapse_LM_trial","eff_cph_relapse_PCR_trial","eff_cph_relapse_LM_all","eff_cph_relapse_PCR_all","eff_incid_recurrent_PCR","eff_incid_recurrent_LM","eff_incid_recurrent_D","eff_incid_any_relapse_PCR","eff_incid_any_relapse_LM","eff_incid_any_relapse_D","eff_incid_relapse_PCR","eff_incid_relapse_LM","eff_incid_relapse_D","eff_risk_relapse_PCR","eff_risk_relapse_LM","eff_risk_relapse_D"
1362,10,0,0.01538462,180,1,0,0.75,0.25,45,1,0,0.705066135912149,0.731725711632079,0.724598226644425,0.8043075755093,0.765110589194491,0.848998398666347,0.820744131710267,0.91746427328659,0.678787878787879,0.764655172413793,0.529411764705882,0.737810061046287,0.794599807135969,0.428571428571429,0.775637642919965,0.811466372657111,0.416666666666667,0.766666666666667,0.79840848806366,0.363636363636364
1363,10,0,0.01538462,180,1,0,0.75,0.25,45,1,0,0.558598467722645,0.697733405717036,0.596581743326787,0.768965593962042,0.638360153153104,0.825702235834629,0.794798401764874,0.910676443075145,0.674321344057378,0.69653308844873,0.768999768999769,0.731964501405987,0.725311248748749,0.7997997997998,0.772800834963468,0.752499752499753,0.863499863499864,0.754812563323202,0.783715012722646,0.863636363636364
1364,10,0,0.01538462,180,1,0,0.75,0.25,45,1,0,0.603336482468889,0.719963627421769,0.680049045161738,0.796122672857206,0.707087935676576,0.828059806163907,0.807668186105121,0.913657654200345,0.681888857791461,0.77707522337152,0.714571714571715,0.739561179423722,0.818925001211304,0.9001001001001,0.777342356724541,0.849338898062796,0.889000111222333,0.745951417004049,0.810810810810811,0.888888888888889
