"param_id","eir_equil","sig_het","ff","trial_duration","trial_PQ_eff_stratum_1","trial_PQ_eff_stratum_2","trial_PQ_prop_stratum_1","trial_PQ_prop_stratum_2","trial_PQ_proph","is_LLIN_distributed","is_IRS_administered","eff_cph_recurrent_LM","eff_cph_recurrent_PCR","eff_cph_any_relapse_LM","eff_cph_any_relapse_PCR","eff_cph_relapse_LM_trial","eff_cph_relapse_PCR_trial","eff_cph_relapse_LM_all","eff_cph_relapse_PCR_all","eff_incid_recurrent_PCR","eff_incid_recurrent_LM","eff_incid_recurrent_D","eff_incid_any_relapse_PCR","eff_incid_any_relapse_LM","eff_incid_any_relapse_D","eff_incid_relapse_PCR","eff_incid_relapse_LM","eff_incid_relapse_D","eff_risk_relapse_PCR","eff_risk_relapse_LM","eff_risk_relapse_D"
896,0.1,0,0.01538462,180,1,0,0.75,0.25,45,1,0,0.796489642254558,0.831677321108207,0.804162141593146,0.834891838488406,0.807940476448395,0.839406351739509,0.83576356017343,0.850042763989603,0.738672185430464,0.737778489116517,0.735489361702128,0.743320199778024,0.742048293625241,0.739856123662307,0.756110055865922,0.7564046692607,0.756516129032258,0.774535809018568,0.765536723163842,0.75
897,0.1,0,0.01538462,180,1,0,0.75,0.25,45,1,0,0.811744524596722,0.82789896999615,0.817522824945092,0.829901117706417,0.817414912123862,0.834128137317969,0.839443978091074,0.849101895639721,0.73663477771525,0.740765171503958,0.73738680465718,0.738565782044043,0.743046357615894,0.74025974025974,0.756818181818182,0.759839893262175,0.761154855643045,0.769647696476965,0.765467625899281,0.773662551440329
898,0.1,0,0.01538462,180,1,0,0.75,0.25,45,1,0,0.808450016022209,0.823713206916513,0.809279884036324,0.823169632762128,0.809596446550108,0.825410183148701,0.817823549524549,0.821723989359463,0.717490164805954,0.71152478314746,0.713984901277584,0.717427807486631,0.711770716510904,0.714976662777129,0.733667026443605,0.73082882315922,0.743997644287397,0.739541160593792,0.746099290780142,0.75
