"param_id","eir_equil","sig_het","ff","trial_duration","trial_PQ_eff_stratum_1","trial_PQ_eff_stratum_2","trial_PQ_prop_stratum_1","trial_PQ_prop_stratum_2","trial_PQ_proph","is_LLIN_distributed","is_IRS_administered","eff_cph_recurrent_LM","eff_cph_recurrent_PCR","eff_cph_any_relapse_LM","eff_cph_any_relapse_PCR","eff_cph_relapse_LM_trial","eff_cph_relapse_PCR_trial","eff_cph_relapse_LM_all","eff_cph_relapse_PCR_all","eff_incid_recurrent_PCR","eff_incid_recurrent_LM","eff_incid_recurrent_D","eff_incid_any_relapse_PCR","eff_incid_any_relapse_LM","eff_incid_any_relapse_D","eff_incid_relapse_PCR","eff_incid_relapse_LM","eff_incid_relapse_D","eff_risk_relapse_PCR","eff_risk_relapse_LM","eff_risk_relapse_D"
1216,10,0,0.01538462,180,1,0,0.75,0.25,45,1,0,0.622866685160771,0.700309774649005,0.668588389983205,0.763317533461128,0.749066187830846,0.815871805439511,0.820132336639053,0.910312014884656,0.667612002544709,0.748337021276596,0.928642857142857,0.725076832429885,0.783031161473088,1,0.761555184851217,0.813708833151581,1,0.749746707193516,0.8125,1
1217,10,0,0.01538462,180,1,0,0.75,0.25,45,1,0,0.619762813904449,0.692055203613281,0.676409913817156,0.788778773533261,0.670246979531576,0.835414928782189,0.811177613253654,0.913109501514745,0.680581425936115,0.780734052746285,0.888666221331552,0.739820151848438,0.810580064238065,0.908908726543997,0.781888124459259,0.820737649031258,0.892642427712568,0.765720081135903,0.805,0.869565217391304
1218,10,0,0.01538462,180,1,0,0.75,0.25,45,1,0,0.549339973214772,0.680052645313443,0.638806096358423,0.768285371345338,0.667641017909225,0.824748807598676,0.787090061665125,0.917804177072947,0.677146787689689,0.700970315398887,0.462615384615385,0.734547716535433,0.728849173553719,0.501,0.778677618069815,0.75394930875576,0.501,0.773279352226721,0.768421052631579,0.444444444444444
