"param_id","eir_equil","sig_het","ff","trial_duration","trial_PQ_eff_stratum_1","trial_PQ_eff_stratum_2","trial_PQ_prop_stratum_1","trial_PQ_prop_stratum_2","trial_PQ_proph","is_LLIN_distributed","is_IRS_administered","eff_cph_recurrent_LM","eff_cph_recurrent_PCR","eff_cph_any_relapse_LM","eff_cph_any_relapse_PCR","eff_cph_relapse_LM_trial","eff_cph_relapse_PCR_trial","eff_cph_relapse_LM_all","eff_cph_relapse_PCR_all","eff_incid_recurrent_PCR","eff_incid_recurrent_LM","eff_incid_recurrent_D","eff_incid_any_relapse_PCR","eff_incid_any_relapse_LM","eff_incid_any_relapse_D","eff_incid_relapse_PCR","eff_incid_relapse_LM","eff_incid_relapse_D","eff_risk_relapse_PCR","eff_risk_relapse_LM","eff_risk_relapse_D"
371,1,0,0.01538462,180,1,0,0.75,0.25,28,1,0,0.656699591125594,0.72610333553688,0.711516328916906,0.779282610611146,0.73812179122567,0.817869409140427,0.819407622244722,0.858186283213963,0.672527472527473,0.649113924050633,0.508771929824561,0.708905109489051,0.682847896440129,0.577981651376147,0.742433795712484,0.72274325908558,0.656862745098039,0.74793875147232,0.746054519368723,0.641304347826087
372,1,0,0.01538462,180,1,0,0.75,0.25,28,1,0,0.629080119422587,0.698961711011337,0.698806919411283,0.754766359249401,0.749666663633519,0.787371071543889,0.825334915236246,0.857343677997383,0.694241491138529,0.694663315352971,0.578934306207033,0.727737384656287,0.735331570508562,0.681353767560664,0.756991246494745,0.768659322713377,0.724085990752657,0.754216867469879,0.75480059084195,0.705263157894737
373,1,0,0.01538462,180,1,0,0.75,0.25,28,1,0,0.61418255779993,0.704328244466961,0.687560153417379,0.77643191937139,0.725746238302965,0.804046398808027,0.812991311417047,0.858328658507812,0.676352340425532,0.666651673640167,0.630291338582677,0.714742292726729,0.700795918367347,0.67828813559322,0.749928157216495,0.733916765755053,0.709381818181818,0.760095011876485,0.748892171344165,0.715789473684211
