"param_id","eir_equil","sig_het","ff","trial_duration","trial_PQ_eff_stratum_1","trial_PQ_eff_stratum_2","trial_PQ_prop_stratum_1","trial_PQ_prop_stratum_2","trial_PQ_proph","is_LLIN_distributed","is_IRS_administered","eff_cph_recurrent_LM","eff_cph_recurrent_PCR","eff_cph_any_relapse_LM","eff_cph_any_relapse_PCR","eff_cph_relapse_LM_trial","eff_cph_relapse_PCR_trial","eff_cph_relapse_LM_all","eff_cph_relapse_PCR_all","eff_incid_recurrent_PCR","eff_incid_recurrent_LM","eff_incid_recurrent_D","eff_incid_any_relapse_PCR","eff_incid_any_relapse_LM","eff_incid_any_relapse_D","eff_incid_relapse_PCR","eff_incid_relapse_LM","eff_incid_relapse_D","eff_risk_relapse_PCR","eff_risk_relapse_LM","eff_risk_relapse_D"
123,0.1,0,0.01538462,180,1,0,0.75,0.25,28,1,0,0.759093508425024,0.792195591437683,0.758674635433525,0.792571435183023,0.764182980021536,0.798078942106694,0.802653894476026,0.811775337466244,0.70002479338843,0.705140969162996,0.717803337306317,0.702013835085778,0.706993678887484,0.717985645933014,0.711078976640712,0.716200380469245,0.729287769784173,0.720547945205479,0.715925394548063,0.698770491803279
1230,10,0,0.01538462,180,1,0,0.75,0.25,45,1,0,0.531431922394814,0.671720800127508,0.62995431158856,0.77441473132504,0.639434131371038,0.82278028205347,0.804229848344915,0.91336511793453,0.678082646955297,0.707080519480519,0.7505,0.739394658753709,0.743782692307692,0.809904761904762,0.78489916793415,0.767243124312431,0.842421052631579,0.759634888438134,0.79328165374677,0.842105263157895
1231,10,0,0.01538462,180,1,0,0.75,0.25,45,1,0,0.709823751896217,0.706299724057135,0.785660733991912,0.787450773209464,0.831230339873823,0.845991718743601,0.830617965182632,0.91895210309342,0.689062929376202,0.761627906976744,0.933333333333333,0.748415667710163,0.793229643183898,0.962962962962963,0.792940352106508,0.821428571428571,1,0.769464105156724,0.820779220779221,1
