"param_id","eir_equil","sig_het","ff","trial_duration","trial_PQ_eff_stratum_1","trial_PQ_eff_stratum_2","trial_PQ_prop_stratum_1","trial_PQ_prop_stratum_2","trial_PQ_proph","is_LLIN_distributed","is_IRS_administered","eff_cph_recurrent_LM","eff_cph_recurrent_PCR","eff_cph_any_relapse_LM","eff_cph_any_relapse_PCR","eff_cph_relapse_LM_trial","eff_cph_relapse_PCR_trial","eff_cph_relapse_LM_all","eff_cph_relapse_PCR_all","eff_incid_recurrent_PCR","eff_incid_recurrent_LM","eff_incid_recurrent_D","eff_incid_any_relapse_PCR","eff_incid_any_relapse_LM","eff_incid_any_relapse_D","eff_incid_relapse_PCR","eff_incid_relapse_LM","eff_incid_relapse_D","eff_risk_relapse_PCR","eff_risk_relapse_LM","eff_risk_relapse_D"
1281,10,0,0.01538462,180,1,0,0.75,0.25,45,1,0,0.589291187071135,0.711300340616074,0.630899273206488,0.773845787959521,0.705824800902777,0.827259702718765,0.789960051275235,0.919753040529622,0.672209637046308,0.71029,0.588647058823529,0.732916158418899,0.736247706422018,0.571857142857143,0.772946485623003,0.780452325581395,0.846307692307692,0.765893037336024,0.774104683195592,0.818181818181818
1282,10,0,0.01538462,180,1,0,0.75,0.25,45,1,0,0.438441063067437,0.688505211373626,0.453913364195691,0.752189639234804,0.572637043811746,0.819150334753926,0.796445094299619,0.913418550075291,0.674786504269915,0.693262411347518,0.5,0.733676573835713,0.722334004024145,0.5,0.775383228133454,0.761041902604756,0.769230769230769,0.756072874493927,0.788770053475936,0.75
1283,10,0,0.01538462,180,1,0,0.75,0.25,45,1,0,0.691192572615866,0.697184970810466,0.692247621225101,0.754082476796016,0.69464769476206,0.801533675450893,0.78214002141135,0.903587806154352,0.649634518486978,0.728931364031277,0.615384615384615,0.711436903917396,0.748062015503876,0.681818181818182,0.749638467100506,0.754424778761062,0.714285714285714,0.741902834008097,0.773684210526316,0.714285714285714
