"param_id","eir_equil","sig_het","ff","trial_duration","trial_PQ_eff_stratum_1","trial_PQ_eff_stratum_2","trial_PQ_prop_stratum_1","trial_PQ_prop_stratum_2","trial_PQ_proph","is_LLIN_distributed","is_IRS_administered","eff_cph_recurrent_LM","eff_cph_recurrent_PCR","eff_cph_any_relapse_LM","eff_cph_any_relapse_PCR","eff_cph_relapse_LM_trial","eff_cph_relapse_PCR_trial","eff_cph_relapse_LM_all","eff_cph_relapse_PCR_all","eff_incid_recurrent_PCR","eff_incid_recurrent_LM","eff_incid_recurrent_D","eff_incid_any_relapse_PCR","eff_incid_any_relapse_LM","eff_incid_any_relapse_D","eff_incid_relapse_PCR","eff_incid_relapse_LM","eff_incid_relapse_D","eff_risk_relapse_PCR","eff_risk_relapse_LM","eff_risk_relapse_D"
855,0.1,0,0.01538462,180,1,0,0.75,0.25,45,1,0,0.782207412281251,0.802936225758746,0.785442535917047,0.803406641870085,0.789091315122995,0.808265842201251,0.798828478988288,0.809585404643934,0.691816291161178,0.691456393442623,0.707426783479349,0.695603598374927,0.693780487804878,0.710815789473684,0.718410526315789,0.717890365448505,0.739501265822785,0.726519337016575,0.722543352601156,0.744376278118609
856,0.1,0,0.01538462,180,1,0,0.75,0.25,45,1,0,0.783306861735337,0.802604765824993,0.782963455666496,0.804894523467506,0.78373131279042,0.805408927473882,0.79335881002104,0.803922840526049,0.689075630252101,0.680672268907563,0.699004975124378,0.691961776278808,0.682642487046632,0.701120797011208,0.711462450592885,0.703776041666667,0.72625,0.733969986357435,0.727785613540197,0.736947791164659
857,0.1,0,0.01538462,180,1,0,0.75,0.25,45,1,0,0.809636760362785,0.824448730296668,0.812302671430854,0.822521077203282,0.813840942202703,0.8236659422811,0.829267503603481,0.83079582278014,0.709731543624161,0.710727969348659,0.733742331288344,0.711322869955157,0.711267605633803,0.735547355473555,0.725534308211474,0.726221079691517,0.755253399258344,0.747956403269755,0.753561253561254,0.765531062124248
