"param_id","eir_equil","sig_het","ff","trial_duration","trial_PQ_eff_stratum_1","trial_PQ_eff_stratum_2","trial_PQ_prop_stratum_1","trial_PQ_prop_stratum_2","trial_PQ_proph","is_LLIN_distributed","is_IRS_administered","eff_cph_recurrent_LM","eff_cph_recurrent_PCR","eff_cph_any_relapse_LM","eff_cph_any_relapse_PCR","eff_cph_relapse_LM_trial","eff_cph_relapse_PCR_trial","eff_cph_relapse_LM_all","eff_cph_relapse_PCR_all","eff_incid_recurrent_PCR","eff_incid_recurrent_LM","eff_incid_recurrent_D","eff_incid_any_relapse_PCR","eff_incid_any_relapse_LM","eff_incid_any_relapse_D","eff_incid_relapse_PCR","eff_incid_relapse_LM","eff_incid_relapse_D","eff_risk_relapse_PCR","eff_risk_relapse_LM","eff_risk_relapse_D"
1302,10,0,0.01538462,180,1,0,0.75,0.25,45,1,0,0.46153933731611,0.694823564087219,0.522676309302596,0.776038199740672,0.602347402439247,0.826565023507181,0.77001763913831,0.908412671807515,0.68678280105074,0.701647875108413,0.833333333333333,0.745209696036937,0.725190839694656,0.862068965517241,0.786173491853809,0.771017699115044,0.888888888888889,0.760935910478128,0.778378378378378,0.888888888888889
1303,10,0,0.01538462,180,1,0,0.75,0.25,45,1,0,0.573269998259584,0.694609089346931,0.61923782485596,0.764538177270294,0.659700477700977,0.806416932105741,0.795088203376093,0.90578605667646,0.671463161535801,0.754995655951347,0.529411764705882,0.725654853620955,0.782312925170068,0.5,0.762755102040816,0.809628008752735,0.642857142857143,0.755329949238579,0.794270833333333,0.642857142857143
1304,10,0,0.01538462,180,1,0,0.75,0.25,45,1,0,0.619872671329159,0.682227821739677,0.683958586930888,0.756178031519782,0.713163057989558,0.796448790662134,0.786252662410569,0.908735079411743,0.672175170419335,0.757763975155279,0.6875,0.725141719013329,0.792118226600985,0.666666666666667,0.76048009884388,0.809788654060067,0.714285714285714,0.747219413549039,0.765789473684211,0.714285714285714
