"param_id","eir_equil","sig_het","ff","trial_duration","trial_PQ_eff_stratum_1","trial_PQ_eff_stratum_2","trial_PQ_prop_stratum_1","trial_PQ_prop_stratum_2","trial_PQ_proph","is_LLIN_distributed","is_IRS_administered","eff_cph_recurrent_LM","eff_cph_recurrent_PCR","eff_cph_any_relapse_LM","eff_cph_any_relapse_PCR","eff_cph_relapse_LM_trial","eff_cph_relapse_PCR_trial","eff_cph_relapse_LM_all","eff_cph_relapse_PCR_all","eff_incid_recurrent_PCR","eff_incid_recurrent_LM","eff_incid_recurrent_D","eff_incid_any_relapse_PCR","eff_incid_any_relapse_LM","eff_incid_any_relapse_D","eff_incid_relapse_PCR","eff_incid_relapse_LM","eff_incid_relapse_D","eff_risk_relapse_PCR","eff_risk_relapse_LM","eff_risk_relapse_D"
1570,100,0,0.01538462,180,1,0,0.75,0.25,45,1,0,0.482102195631321,0.362134826965337,0.600193199165314,0.627544421485026,0.719044615649054,0.734875377914961,0.829054839699058,0.898721473242644,0.445184867274777,0.605233870967742,0.685246575342466,0.592001478224614,0.695368283093054,0.7003,0.741083299222268,0.814744827586207,0.75025,0.726626016260163,0.798728813559322,0.708333333333333
1571,100,0,0.01538462,180,1,0,0.75,0.25,45,1,0,0.530381024910438,0.422366875936205,0.611889286161534,0.644223963204157,0.691025270366983,0.702756372575155,0.825115985355162,0.90803614816276,0.457253103618125,0.608118473066258,0.707748244734203,0.60225342769908,0.692774526109976,0.770373620862588,0.748273216388295,0.834906023126476,0.807306534989584,0.743460764587525,0.805869074492099,0.791666666666667
1572,100,0,0.01538462,180,1,0,0.75,0.25,45,1,0,0.460394875136113,0.373971098479251,0.576223540780449,0.655430739739383,0.613168065587457,0.741058380594547,0.836627002731425,0.916613840032295,0.463834732085216,0.645550061804697,0.583333333333333,0.619990141432526,0.709409594095941,0.675,0.777405457156534,0.787903893951947,0.866666666666667,0.770010131712259,0.812080536912752,0.857142857142857
