"param_id","eir_equil","sig_het","ff","trial_duration","trial_PQ_eff_stratum_1","trial_PQ_eff_stratum_2","trial_PQ_prop_stratum_1","trial_PQ_prop_stratum_2","trial_PQ_proph","is_LLIN_distributed","is_IRS_administered","eff_cph_recurrent_LM","eff_cph_recurrent_PCR","eff_cph_any_relapse_LM","eff_cph_any_relapse_PCR","eff_cph_relapse_LM_trial","eff_cph_relapse_PCR_trial","eff_cph_relapse_LM_all","eff_cph_relapse_PCR_all","eff_incid_recurrent_PCR","eff_incid_recurrent_LM","eff_incid_recurrent_D","eff_incid_any_relapse_PCR","eff_incid_any_relapse_LM","eff_incid_any_relapse_D","eff_incid_relapse_PCR","eff_incid_relapse_LM","eff_incid_relapse_D","eff_risk_relapse_PCR","eff_risk_relapse_LM","eff_risk_relapse_D"
1232,10,0,0.01538462,180,1,0,0.75,0.25,45,1,0,0.528224052751788,0.675195261599656,0.624197597514712,0.738081522386712,0.65771614115293,0.784638570770427,0.759576014902163,0.899920906843177,0.652291296625222,0.73215785054576,0.88,0.710859585246161,0.765258215962441,0.954545454545455,0.756705499864535,0.787648970747562,0.952380952380952,0.729483282674772,0.743455497382199,0.952380952380952
1233,10,0,0.01538462,180,1,0,0.75,0.25,45,1,0,0.541198357916341,0.673982961305717,0.616180957027758,0.743106784122656,0.617802754398838,0.802731944400907,0.764663810015134,0.90254430696507,0.654526675950311,0.715295005150078,0.666332999666333,0.718338710503405,0.75597488035299,0.666332999666333,0.76569869613271,0.779207779207779,0.582916249582916,0.738866396761134,0.748663101604278,0.583333333333333
1234,10,0,0.01538462,180,1,0,0.75,0.25,45,1,0,0.675216298137489,0.685954135865115,0.699796532924093,0.759430210367474,0.706235891800478,0.793885963073147,0.784331396823963,0.899676996708382,0.661412629673287,0.789975020603211,0.749247743229689,0.718603701924633,0.813311752641595,0.817634722348865,0.750266881223278,0.820177664467506,0.817634722348865,0.74066599394551,0.788113695090439,0.8
