"param_id","eir_equil","sig_het","ff","trial_duration","trial_PQ_eff_stratum_1","trial_PQ_eff_stratum_2","trial_PQ_prop_stratum_1","trial_PQ_prop_stratum_2","trial_PQ_proph","is_LLIN_distributed","is_IRS_administered","eff_cph_recurrent_LM","eff_cph_recurrent_PCR","eff_cph_any_relapse_LM","eff_cph_any_relapse_PCR","eff_cph_relapse_LM_trial","eff_cph_relapse_PCR_trial","eff_cph_relapse_LM_all","eff_cph_relapse_PCR_all","eff_incid_recurrent_PCR","eff_incid_recurrent_LM","eff_incid_recurrent_D","eff_incid_any_relapse_PCR","eff_incid_any_relapse_LM","eff_incid_any_relapse_D","eff_incid_relapse_PCR","eff_incid_relapse_LM","eff_incid_relapse_D","eff_risk_relapse_PCR","eff_risk_relapse_LM","eff_risk_relapse_D"
703,100,0,0.01538462,180,1,0,0.75,0.25,28,1,0,0.323016190129678,0.288828538492242,0.530790569825409,0.612490062639112,0.56601836175579,0.76893647488231,0.81371402310352,0.914147324180904,0.392054238763182,0.572895886075949,0.705423076923077,0.55312887420237,0.652108468125595,0.778,0.776663860283885,0.802645104895105,0.84390625,0.768920282542886,0.808056872037915,0.807692307692308
704,100,0,0.01538462,180,1,0,0.75,0.25,28,1,0,0.117732322376234,0.22655878793076,0.389269432179491,0.616152885750493,0.449640712420105,0.751303461429098,0.795960660528383,0.908879274626125,0.387071890243904,0.496015737315041,0.396221618443841,0.549360349696369,0.593248837961829,0.560536145902,0.775799954212086,0.772499772499773,0.695347521434478,0.757852077001013,0.794685990338164,0.7
705,100,0,0.01538462,180,1,0,0.75,0.25,28,1,0,0.298424012926181,0.225790899506421,0.398415314688309,0.59901329964303,0.619373790558172,0.73281528962853,0.830274421296612,0.908229602403894,0.372409526755336,0.587236533957845,0.631578947368421,0.531420032186374,0.672885032537961,0.672727272727273,0.752664359861592,0.808135072908672,0.78125,0.747729566094854,0.812785388127854,0.758620689655172
