"param_id","eir_equil","sig_het","ff","trial_duration","trial_PQ_eff_stratum_1","trial_PQ_eff_stratum_2","trial_PQ_prop_stratum_1","trial_PQ_prop_stratum_2","trial_PQ_proph","is_LLIN_distributed","is_IRS_administered","eff_cph_recurrent_LM","eff_cph_recurrent_PCR","eff_cph_any_relapse_LM","eff_cph_any_relapse_PCR","eff_cph_relapse_LM_trial","eff_cph_relapse_PCR_trial","eff_cph_relapse_LM_all","eff_cph_relapse_PCR_all","eff_incid_recurrent_PCR","eff_incid_recurrent_LM","eff_incid_recurrent_D","eff_incid_any_relapse_PCR","eff_incid_any_relapse_LM","eff_incid_any_relapse_D","eff_incid_relapse_PCR","eff_incid_relapse_LM","eff_incid_relapse_D","eff_risk_relapse_PCR","eff_risk_relapse_LM","eff_risk_relapse_D"
617,100,0,0.01538462,180,1,0,0.75,0.25,28,1,0,0.255192487121384,0.267291796126791,0.291687866946379,0.590412547246147,0.695218019032924,0.767508974076352,0.820134483576318,0.920788110747059,0.397688301790931,0.528187059577194,0.276595744680851,0.555493126568528,0.62198649951784,0.303030303030303,0.783831282952548,0.814074717636838,0.75,0.768145161290323,0.793650793650794,0.722222222222222
618,100,0,0.01538462,180,1,0,0.75,0.25,28,1,0,0.337463849453002,0.338420997936546,0.533275871556305,0.602810797819611,0.618507514836109,0.729619048405339,0.802050032091081,0.907209546079921,0.389702879313866,0.55594294770206,0.269230769230769,0.54799969976732,0.647485493230174,0.275862068965517,0.757895457970816,0.78868258178603,0.611111111111111,0.72901921132457,0.765258215962441,0.611111111111111
619,100,0,0.01538462,180,1,0,0.75,0.25,28,1,0,0.260487735076401,0.287628073047475,0.532618919199889,0.632880177367684,0.75299513641444,0.768249683967776,0.812652843742165,0.910689956412399,0.388559417068674,0.529900367872471,0.289173076923077,0.545559529147982,0.60294342291372,0.352,0.76743601609658,0.776282573289902,0.791875,0.748484848484849,0.80091533180778,0.782608695652174
