"param_id","eir_equil","sig_het","ff","trial_duration","trial_PQ_eff_stratum_1","trial_PQ_eff_stratum_2","trial_PQ_prop_stratum_1","trial_PQ_prop_stratum_2","trial_PQ_proph","is_LLIN_distributed","is_IRS_administered","eff_cph_recurrent_LM","eff_cph_recurrent_PCR","eff_cph_any_relapse_LM","eff_cph_any_relapse_PCR","eff_cph_relapse_LM_trial","eff_cph_relapse_PCR_trial","eff_cph_relapse_LM_all","eff_cph_relapse_PCR_all","eff_incid_recurrent_PCR","eff_incid_recurrent_LM","eff_incid_recurrent_D","eff_incid_any_relapse_PCR","eff_incid_any_relapse_LM","eff_incid_any_relapse_D","eff_incid_relapse_PCR","eff_incid_relapse_LM","eff_incid_relapse_D","eff_risk_relapse_PCR","eff_risk_relapse_LM","eff_risk_relapse_D"
182,0.1,0,0.01538462,180,1,0,0.75,0.25,28,1,0,0.80373284809081,0.821289616720764,0.802652615027587,0.820086457674625,0.801616834008851,0.82060905217186,0.816915062405523,0.823581003097948,0.684034653465347,0.68133164556962,0.708625,0.682664084117321,0.679734225621415,0.706880239520958,0.701799332962757,0.701514395393474,0.732239182692308,0.74034620505992,0.739554317548746,0.768060836501901
183,0.1,0,0.01538462,180,1,0,0.75,0.25,28,1,0,0.785410320500103,0.817896144214425,0.789743138015317,0.820853485637525,0.792018473759237,0.823095748175299,0.816289965760564,0.822722343107644,0.707891519823789,0.710617128463476,0.731311611374408,0.711092520775623,0.713396453451552,0.734232779097387,0.723894472361809,0.727313775510204,0.753524433849821,0.738836265223275,0.740425531914894,0.746124031007752
184,0.1,0,0.01538462,180,1,0,0.75,0.25,28,1,0,0.814699119878403,0.851412920570969,0.81748011598671,0.852911579882236,0.818572985572956,0.855467017025046,0.840203970904234,0.855184424168894,0.770344694887301,0.764218690400509,0.761855198019802,0.772758830022075,0.767133375877473,0.767449131513648,0.78671144278607,0.780710997442455,0.784766749379653,0.788844621513944,0.780453257790368,0.788306451612903
