"param_id","eir_equil","sig_het","ff","trial_duration","trial_PQ_eff_stratum_1","trial_PQ_eff_stratum_2","trial_PQ_prop_stratum_1","trial_PQ_prop_stratum_2","trial_PQ_proph","is_LLIN_distributed","is_IRS_administered","eff_cph_recurrent_LM","eff_cph_recurrent_PCR","eff_cph_any_relapse_LM","eff_cph_any_relapse_PCR","eff_cph_relapse_LM_trial","eff_cph_relapse_PCR_trial","eff_cph_relapse_LM_all","eff_cph_relapse_PCR_all","eff_incid_recurrent_PCR","eff_incid_recurrent_LM","eff_incid_recurrent_D","eff_incid_any_relapse_PCR","eff_incid_any_relapse_LM","eff_incid_any_relapse_D","eff_incid_relapse_PCR","eff_incid_relapse_LM","eff_incid_relapse_D","eff_risk_relapse_PCR","eff_risk_relapse_LM","eff_risk_relapse_D"
471,10,0,0.01538462,180,1,0,0.75,0.25,28,1,0,0.640612924307978,0.663341773766595,0.657314627818843,0.774286836174619,0.709925687256543,0.836805236504107,0.813221900907994,0.91257528451226,0.651170940776424,0.697054151624549,0.571857142857143,0.718045704413381,0.716260355029586,0.4380625,0.773708660714286,0.739939220183486,0.462076923076923,0.766497461928934,0.803108808290155,0.461538461538462
472,10,0,0.01538462,180,1,0,0.75,0.25,28,1,0,0.5262323367198,0.651906233814602,0.550314817977117,0.767885928539483,0.582671366899772,0.84044938886063,0.813654653006603,0.917411990699675,0.649020637898687,0.730261924009701,0.852,0.716402937765752,0.755182226211849,0.846307692307692,0.774173770491803,0.798366972477064,0.84016,0.771717171717172,0.808457711442786,0.88
473,10,0,0.01538462,180,1,0,0.75,0.25,28,1,0,0.434733408836813,0.680063243042064,0.50181311137904,0.774195398085118,0.548222616091798,0.837148734602331,0.812724225840517,0.917087236349544,0.655462755483126,0.725700164744646,0.625,0.722092233376104,0.770566727605119,0.695652173913043,0.783298826777088,0.801733477789816,0.842105263157895,0.763581488933602,0.814720812182741,0.833333333333333
