"param_id","eir_equil","sig_het","ff","trial_duration","trial_PQ_eff_stratum_1","trial_PQ_eff_stratum_2","trial_PQ_prop_stratum_1","trial_PQ_prop_stratum_2","trial_PQ_proph","is_LLIN_distributed","is_IRS_administered","eff_cph_recurrent_LM","eff_cph_recurrent_PCR","eff_cph_any_relapse_LM","eff_cph_any_relapse_PCR","eff_cph_relapse_LM_trial","eff_cph_relapse_PCR_trial","eff_cph_relapse_LM_all","eff_cph_relapse_PCR_all","eff_incid_recurrent_PCR","eff_incid_recurrent_LM","eff_incid_recurrent_D","eff_incid_any_relapse_PCR","eff_incid_any_relapse_LM","eff_incid_any_relapse_D","eff_incid_relapse_PCR","eff_incid_relapse_LM","eff_incid_relapse_D","eff_risk_relapse_PCR","eff_risk_relapse_LM","eff_risk_relapse_D"
685,100,0,0.01538462,180,1,0,0.75,0.25,28,1,0,0.441132787724686,0.236839796038098,0.568831948808624,0.608431768944387,0.600107594006564,0.742317915682608,0.791009431974317,0.909050563550747,0.383305671755825,0.53442539112321,0.671546546546547,0.541901875984045,0.629398593129163,0.708041374708041,0.765921910768707,0.794361424242579,0.806257870774,0.755555555555556,0.785202863961814,0.785714285714286
686,100,0,0.01538462,180,1,0,0.75,0.25,28,1,0,0.276710555050394,0.277343675947535,0.3151079627446,0.635266281564083,0.685246443501823,0.769614058597726,0.809469800108048,0.903747550569211,0.37254676315173,0.537928474114441,0.547328125,0.529245716480984,0.634587090163934,0.6004,0.745780625993229,0.817046237533998,0.806645161290323,0.735620585267407,0.791666666666667,0.814814814814815
687,100,0,0.01538462,180,1,0,0.75,0.25,28,1,0,0.343670841599502,0.230299761241566,0.482399077516676,0.571815993400078,0.522289991614078,0.708657090057043,0.752303618168842,0.891515472561096,0.372387731256246,0.518375554015591,0.556804139635465,0.524670626711078,0.589880492155585,0.627825588066552,0.721592194884312,0.759992611612205,0.64929718875502,0.722842639593909,0.721105527638191,0.65
