"param_id","eir_equil","sig_het","ff","trial_duration","trial_PQ_eff_stratum_1","trial_PQ_eff_stratum_2","trial_PQ_prop_stratum_1","trial_PQ_prop_stratum_2","trial_PQ_proph","is_LLIN_distributed","is_IRS_administered","eff_cph_recurrent_LM","eff_cph_recurrent_PCR","eff_cph_any_relapse_LM","eff_cph_any_relapse_PCR","eff_cph_relapse_LM_trial","eff_cph_relapse_PCR_trial","eff_cph_relapse_LM_all","eff_cph_relapse_PCR_all","eff_incid_recurrent_PCR","eff_incid_recurrent_LM","eff_incid_recurrent_D","eff_incid_any_relapse_PCR","eff_incid_any_relapse_LM","eff_incid_any_relapse_D","eff_incid_relapse_PCR","eff_incid_relapse_LM","eff_incid_relapse_D","eff_risk_relapse_PCR","eff_risk_relapse_LM","eff_risk_relapse_D"
185,0.1,0,0.01538462,180,1,0,0.75,0.25,28,1,0,0.81569016428246,0.835958765252437,0.820321431445134,0.840035414035286,0.826939227794467,0.844526163235038,0.840503455592822,0.849411457954967,0.7293376,0.736101600985222,0.736136363636364,0.732027896995708,0.738799256505576,0.739766666666667,0.736877771768524,0.743846153846154,0.748078260869565,0.768824306472919,0.76750700280112,0.774951076320939
186,0.1,0,0.01538462,180,1,0,0.75,0.25,28,1,0,0.779004683330663,0.795178740174487,0.786994003878689,0.799247538672457,0.78858976514858,0.802474137413946,0.801675649308457,0.810496304888828,0.67770768810348,0.680130938568867,0.709768649725486,0.681029268978414,0.68356233878336,0.714168859045105,0.700246394428201,0.702233581086223,0.73274797509202,0.728882833787466,0.72883787661406,0.736030828516378
187,0.1,0,0.01538462,180,1,0,0.75,0.25,28,1,0,0.804848076151289,0.832427263155184,0.812225574775822,0.836328150465705,0.813716583015104,0.837767675824929,0.83295322721943,0.844947530406339,0.75,0.749697702539299,0.761737089201878,0.751061571125265,0.750455373406193,0.762971698113208,0.756396588486141,0.754878048780488,0.767772511848341,0.757333333333333,0.751763046544429,0.75152749490835
