"param_id","eir_equil","sig_het","ff","trial_duration","trial_PQ_eff_stratum_1","trial_PQ_eff_stratum_2","trial_PQ_prop_stratum_1","trial_PQ_prop_stratum_2","trial_PQ_proph","is_LLIN_distributed","is_IRS_administered","eff_cph_recurrent_LM","eff_cph_recurrent_PCR","eff_cph_any_relapse_LM","eff_cph_any_relapse_PCR","eff_cph_relapse_LM_trial","eff_cph_relapse_PCR_trial","eff_cph_relapse_LM_all","eff_cph_relapse_PCR_all","eff_incid_recurrent_PCR","eff_incid_recurrent_LM","eff_incid_recurrent_D","eff_incid_any_relapse_PCR","eff_incid_any_relapse_LM","eff_incid_any_relapse_D","eff_incid_relapse_PCR","eff_incid_relapse_LM","eff_incid_relapse_D","eff_risk_relapse_PCR","eff_risk_relapse_LM","eff_risk_relapse_D"
1168,1,0,0.01538462,180,1,0,0.75,0.25,45,1,0,0.657878806265506,0.728835925625579,0.684440216101576,0.753393588064184,0.693439079744832,0.770995679842672,0.800797579534279,0.841577000153194,0.670971364402021,0.673236514522822,0.643835616438356,0.696043165467626,0.697136563876652,0.647482014388489,0.713494132985658,0.712835820895522,0.674418604651163,0.735154394299287,0.723188405797101,0.678571428571429
1169,1,0,0.01538462,180,1,0,0.75,0.25,45,1,0,0.653405917819634,0.69912930322671,0.676099568464039,0.736476972847939,0.699756313337699,0.757124671327716,0.79502366712717,0.841047883289506,0.642747566909976,0.622768204558088,0.615524590163934,0.67359377027904,0.650878426698451,0.661547826086957,0.685401490947817,0.662758349705305,0.673730769230769,0.73639661426844,0.723404255319149,0.715789473684211
117,0.1,0,0.01538462,180,1,0,0.75,0.25,28,1,0,0.768504263583527,0.798955037548926,0.776088661743435,0.801628478497815,0.777055078045588,0.804474729327274,0.804532908335979,0.81316409286233,0.648664013644116,0.639344262295082,0.656565656565657,0.651877133105802,0.643044619422572,0.65992414664981,0.664954337899543,0.657894736842105,0.674683544303798,0.716417910447761,0.712857142857143,0.701375245579568
