"param_id","eir_equil","sig_het","ff","trial_duration","trial_PQ_eff_stratum_1","trial_PQ_eff_stratum_2","trial_PQ_prop_stratum_1","trial_PQ_prop_stratum_2","trial_PQ_proph","is_LLIN_distributed","is_IRS_administered","eff_cph_recurrent_LM","eff_cph_recurrent_PCR","eff_cph_any_relapse_LM","eff_cph_any_relapse_PCR","eff_cph_relapse_LM_trial","eff_cph_relapse_PCR_trial","eff_cph_relapse_LM_all","eff_cph_relapse_PCR_all","eff_incid_recurrent_PCR","eff_incid_recurrent_LM","eff_incid_recurrent_D","eff_incid_any_relapse_PCR","eff_incid_any_relapse_LM","eff_incid_any_relapse_D","eff_incid_relapse_PCR","eff_incid_relapse_LM","eff_incid_relapse_D","eff_risk_relapse_PCR","eff_risk_relapse_LM","eff_risk_relapse_D"
1221,10,0,0.01538462,180,1,0,0.75,0.25,45,1,0,0.54449808331238,0.720038395900134,0.611109239014696,0.795433619725586,0.602549437572477,0.832834225702719,0.803051192047747,0.917019470378648,0.679521248058732,0.725527502254283,0.826434782608696,0.73693510370836,0.757670961347869,0.904952380952381,0.77655509542672,0.767697175141243,0.933466666666667,0.765545361875637,0.775132275132275,0.928571428571429
1222,10,0,0.01538462,180,1,0,0.75,0.25,45,1,0,0.699958512376934,0.707647009765319,0.733451567278584,0.787123936498483,0.756919473531729,0.834592739475088,0.818435666909169,0.917312118731532,0.684768572011147,0.782154340836013,0.862068965517241,0.745229655328456,0.817860300618921,0.888888888888889,0.788458210763108,0.828045035823951,0.916666666666667,0.766666666666667,0.80253164556962,0.916666666666667
1223,10,0,0.01538462,180,1,0,0.75,0.25,45,1,0,0.517674070400774,0.7061109238968,0.610153929317463,0.777036034225763,0.600254661069858,0.810821126424439,0.763413023937187,0.903050912092548,0.672192355457431,0.716101876675603,0.68032,0.724594582079185,0.747505494505495,0.682136363636364,0.757306598712446,0.757921501706485,0.6878125,0.742131979695432,0.762942779291553,0.6875
