"param_id","eir_equil","sig_het","ff","trial_duration","trial_PQ_eff_stratum_1","trial_PQ_eff_stratum_2","trial_PQ_prop_stratum_1","trial_PQ_prop_stratum_2","trial_PQ_proph","is_LLIN_distributed","is_IRS_administered","eff_cph_recurrent_LM","eff_cph_recurrent_PCR","eff_cph_any_relapse_LM","eff_cph_any_relapse_PCR","eff_cph_relapse_LM_trial","eff_cph_relapse_PCR_trial","eff_cph_relapse_LM_all","eff_cph_relapse_PCR_all","eff_incid_recurrent_PCR","eff_incid_recurrent_LM","eff_incid_recurrent_D","eff_incid_any_relapse_PCR","eff_incid_any_relapse_LM","eff_incid_any_relapse_D","eff_incid_relapse_PCR","eff_incid_relapse_LM","eff_incid_relapse_D","eff_risk_relapse_PCR","eff_risk_relapse_LM","eff_risk_relapse_D"
888,0.1,0,0.01538462,180,1,0,0.75,0.25,45,1,0,0.806673540707329,0.819448752769785,0.814043537743812,0.823140533286027,0.815342047590482,0.824073452557199,0.812463316782615,0.829006088899511,0.71601550299712,0.714076218384772,0.723244269055991,0.716582385260499,0.715079012987808,0.725037219061114,0.737730494546139,0.733652608731841,0.755093313177223,0.745283018867924,0.733997155049787,0.773255813953488
889,0.1,0,0.01538462,180,1,0,0.75,0.25,45,1,0,0.79207937061748,0.83542805793396,0.799068898464888,0.83837624775796,0.802479069191722,0.841330862469892,0.838265925017468,0.847095245157144,0.744323357458719,0.738112588813992,0.714045259893336,0.746900439883917,0.740622385912967,0.717383484918555,0.754717768871075,0.748592480497787,0.727792822178315,0.76509186351706,0.765603328710125,0.737451737451738
89,0.1,0,0.01538462,180,1,0,0.75,0.25,28,1,0,0.811581612976953,0.824150906953662,0.810231207166112,0.822127047705207,0.815023691302363,0.823497091027075,0.806619948167357,0.810954801862628,0.71718835804503,0.715181932245922,0.722424242424242,0.721302428256071,0.719419924337957,0.727716727716728,0.729910714285714,0.729764181007011,0.744759556103576,0.727910238429172,0.731671554252199,0.749506903353057
