"param_id","eir_equil","sig_het","ff","trial_duration","trial_PQ_eff_stratum_1","trial_PQ_eff_stratum_2","trial_PQ_prop_stratum_1","trial_PQ_prop_stratum_2","trial_PQ_proph","is_LLIN_distributed","is_IRS_administered","eff_cph_recurrent_LM","eff_cph_recurrent_PCR","eff_cph_any_relapse_LM","eff_cph_any_relapse_PCR","eff_cph_relapse_LM_trial","eff_cph_relapse_PCR_trial","eff_cph_relapse_LM_all","eff_cph_relapse_PCR_all","eff_incid_recurrent_PCR","eff_incid_recurrent_LM","eff_incid_recurrent_D","eff_incid_any_relapse_PCR","eff_incid_any_relapse_LM","eff_incid_any_relapse_D","eff_incid_relapse_PCR","eff_incid_relapse_LM","eff_incid_relapse_D","eff_risk_relapse_PCR","eff_risk_relapse_LM","eff_risk_relapse_D"
363,1,0,0.01538462,180,1,0,0.75,0.25,28,1,0,0.630611865360153,0.72983393458018,0.661179927361642,0.780310700019928,0.712398162721385,0.800774205539511,0.804398255874452,0.841185902635925,0.667677555533453,0.647116983054483,0.708953047535725,0.702052930123106,0.684620411136463,0.72908501722061,0.731792616684703,0.720662063337223,0.743114543114543,0.73406862745098,0.731707317073171,0.717647058823529
364,1,0,0.01538462,180,1,0,0.75,0.25,28,1,0,0.675569119353938,0.712626215319995,0.726947645817031,0.763327569055576,0.765770258936549,0.801197376263749,0.811503711403317,0.844969888609988,0.666479505895564,0.67060030785018,0.738095238095238,0.705899970050913,0.707330415754923,0.75625,0.736188296829029,0.736684619988031,0.783783783783784,0.732142857142857,0.732644017725258,0.8
365,1,0,0.01538462,180,1,0,0.75,0.25,28,1,0,0.675069496346737,0.700670291816579,0.748788168329655,0.754420551574416,0.758411006318879,0.774445732536641,0.825351302685872,0.854967748428136,0.657367768595041,0.64443305785124,0.672459016393443,0.694099746675111,0.686449557522124,0.75025,0.733531410916581,0.72900837628866,0.737636363636364,0.749397590361446,0.755555555555556,0.75609756097561
