"param_id","eir_equil","sig_het","ff","trial_duration","trial_PQ_eff_stratum_1","trial_PQ_eff_stratum_2","trial_PQ_prop_stratum_1","trial_PQ_prop_stratum_2","trial_PQ_proph","is_LLIN_distributed","is_IRS_administered","eff_cph_recurrent_LM","eff_cph_recurrent_PCR","eff_cph_any_relapse_LM","eff_cph_any_relapse_PCR","eff_cph_relapse_LM_trial","eff_cph_relapse_PCR_trial","eff_cph_relapse_LM_all","eff_cph_relapse_PCR_all","eff_incid_recurrent_PCR","eff_incid_recurrent_LM","eff_incid_recurrent_D","eff_incid_any_relapse_PCR","eff_incid_any_relapse_LM","eff_incid_any_relapse_D","eff_incid_relapse_PCR","eff_incid_relapse_LM","eff_incid_relapse_D","eff_risk_relapse_PCR","eff_risk_relapse_LM","eff_risk_relapse_D"
447,10,0,0.01538462,180,1,0,0.75,0.25,28,1,0,0.417127158903904,0.633439702483584,0.550490299740704,0.725723861278678,0.612404654893058,0.783256130015293,0.751755548428754,0.899786702054428,0.621857638407104,0.662848619768477,0.857285714285714,0.687991182612731,0.7063486328125,0.8335,0.749503166226913,0.756071032186459,0.818363636363636,0.72452068617558,0.73841961852861,0.818181818181818
448,10,0,0.01538462,180,1,0,0.75,0.25,28,1,0,0.53369579108921,0.672751414167053,0.558816720041122,0.754231522017575,0.670283465795306,0.821061125334363,0.803744588122159,0.905960041012045,0.648051507963402,0.752422907488987,0.818181818181818,0.70787531998193,0.784046692607004,0.777777777777778,0.764448261056247,0.81359649122807,0.888888888888889,0.747208121827411,0.806970509383378,0.882352941176471
449,10,0,0.01538462,180,1,0,0.75,0.25,28,1,0,0.613412262526143,0.659199858695207,0.639121915133476,0.759725119433377,0.685889226396193,0.821520040513717,0.807891003404166,0.907858957242667,0.637378074829463,0.740771403353928,0.75025,0.700261650671785,0.776035398230088,0.826260869565217,0.756388349514563,0.814087443946188,0.857285714285714,0.730030333670374,0.804123711340206,0.857142857142857
