"param_id","eir_equil","sig_het","ff","trial_duration","trial_PQ_eff_stratum_1","trial_PQ_eff_stratum_2","trial_PQ_prop_stratum_1","trial_PQ_prop_stratum_2","trial_PQ_proph","is_LLIN_distributed","is_IRS_administered","eff_cph_recurrent_LM","eff_cph_recurrent_PCR","eff_cph_any_relapse_LM","eff_cph_any_relapse_PCR","eff_cph_relapse_LM_trial","eff_cph_relapse_PCR_trial","eff_cph_relapse_LM_all","eff_cph_relapse_PCR_all","eff_incid_recurrent_PCR","eff_incid_recurrent_LM","eff_incid_recurrent_D","eff_incid_any_relapse_PCR","eff_incid_any_relapse_LM","eff_incid_any_relapse_D","eff_incid_relapse_PCR","eff_incid_relapse_LM","eff_incid_relapse_D","eff_risk_relapse_PCR","eff_risk_relapse_LM","eff_risk_relapse_D"
1227,10,0,0.01538462,180,1,0,0.75,0.25,45,1,0,0.529329476525678,0.699570156351831,0.572101436461303,0.771634005372695,0.605019655062158,0.809382560926914,0.76943034255307,0.906655876096345,0.668217710095883,0.737251512532412,0.807692307692308,0.725231590516565,0.760426770126091,0.761904761904762,0.766567487151745,0.782705099778271,0.823529411764706,0.761904761904762,0.770666666666667,0.8125
1228,10,0,0.01538462,180,1,0,0.75,0.25,45,1,0,0.626205956785401,0.679586998468672,0.678179132641195,0.771571217010877,0.747277875447402,0.823261806749167,0.789356688309712,0.911156705154731,0.66924530515553,0.712792961738109,0.713999713999714,0.724029585140696,0.732507181296753,0.721944166388611,0.760002661356627,0.748958653068242,0.777555333110889,0.756811301715439,0.770618556701031,0.823529411764706
1229,10,0,0.01538462,180,1,0,0.75,0.25,45,1,0,0.615721769786635,0.706141416808457,0.663592905783701,0.768274009442919,0.686865378560352,0.812333173530302,0.794771560609057,0.905645781728557,0.673022320986741,0.775622712199602,0.845999845999846,0.723627554355728,0.80077164543184,0.833166499833166,0.753719175643744,0.828991123876869,0.863499863499864,0.749494949494949,0.802631578947368,0.857142857142857
