"param_id","eir_equil","sig_het","ff","trial_duration","trial_PQ_eff_stratum_1","trial_PQ_eff_stratum_2","trial_PQ_prop_stratum_1","trial_PQ_prop_stratum_2","trial_PQ_proph","is_LLIN_distributed","is_IRS_administered","eff_cph_recurrent_LM","eff_cph_recurrent_PCR","eff_cph_any_relapse_LM","eff_cph_any_relapse_PCR","eff_cph_relapse_LM_trial","eff_cph_relapse_PCR_trial","eff_cph_relapse_LM_all","eff_cph_relapse_PCR_all","eff_incid_recurrent_PCR","eff_incid_recurrent_LM","eff_incid_recurrent_D","eff_incid_any_relapse_PCR","eff_incid_any_relapse_LM","eff_incid_any_relapse_D","eff_incid_relapse_PCR","eff_incid_relapse_LM","eff_incid_relapse_D","eff_risk_relapse_PCR","eff_risk_relapse_LM","eff_risk_relapse_D"
1457,100,0,0.01538462,180,1,0,0.75,0.25,45,1,0,0.387659380321844,0.39630516270331,0.49367894002168,0.666125047837996,0.628946549706299,0.750595938818429,0.813432496086555,0.909967673689684,0.449056734089788,0.558507998694091,0.334666666666667,0.601022485298074,0.647220867869332,0.434466666666667,0.754019456604822,0.767497056349874,0.632315789473684,0.741641337386018,0.780320366132723,0.625
1458,100,0,0.01538462,180,1,0,0.75,0.25,45,1,0,0.444605195452343,0.357517440775547,0.570987000264376,0.642052567039592,0.630365645280884,0.71839881299421,0.819673544661542,0.904484365514478,0.459547363057325,0.631241610738255,0.658569620253165,0.60408485144424,0.701216513761468,0.673403846153846,0.753181100768919,0.806413875598086,0.782826086956522,0.733468972533062,0.799097065462754,0.736842105263158
1459,100,0,0.01538462,180,1,0,0.75,0.25,45,1,0,0.527597958514729,0.385885756117971,0.587463893361117,0.637861319137944,0.753702432420348,0.717004136351276,0.829867123067343,0.906335785690216,0.467725030038091,0.676552881925014,0.666666666666667,0.612369894412505,0.747818861653511,0.775862068965517,0.760963724959394,0.843956043956044,0.971428571428571,0.752786220871327,0.825431034482759,0.966666666666667
