"param_id","eir_equil","sig_het","ff","trial_duration","trial_PQ_eff_stratum_1","trial_PQ_eff_stratum_2","trial_PQ_prop_stratum_1","trial_PQ_prop_stratum_2","trial_PQ_proph","is_LLIN_distributed","is_IRS_administered","eff_cph_recurrent_LM","eff_cph_recurrent_PCR","eff_cph_any_relapse_LM","eff_cph_any_relapse_PCR","eff_cph_relapse_LM_trial","eff_cph_relapse_PCR_trial","eff_cph_relapse_LM_all","eff_cph_relapse_PCR_all","eff_incid_recurrent_PCR","eff_incid_recurrent_LM","eff_incid_recurrent_D","eff_incid_any_relapse_PCR","eff_incid_any_relapse_LM","eff_incid_any_relapse_D","eff_incid_relapse_PCR","eff_incid_relapse_LM","eff_incid_relapse_D","eff_risk_relapse_PCR","eff_risk_relapse_LM","eff_risk_relapse_D"
409,10,0,0.01538462,180,1,0,0.75,0.25,28,1,0,0.529346371522004,0.652954757708472,0.57900821162485,0.746322601703389,0.652366353803365,0.810262169959228,0.806647575147488,0.909628174077895,0.636225265099736,0.717052379738127,0.388276553106212,0.701713085261432,0.755033098827213,0.537999075073223,0.76256532456716,0.796535462228805,0.499498997995992,0.744702320887992,0.805128205128205,0.4
41,0.1,0,0.01538462,180,1,0,0.75,0.25,28,1,0,0.822360868256644,0.83018427331609,0.822077511012897,0.828426792938267,0.821106980868875,0.82700808881313,0.822490363664983,0.833180970616158,0.705725178277564,0.703929254302103,0.729868453105968,0.705981778023192,0.703952533675433,0.7294375,0.716395,0.714203608247423,0.746559113300493,0.751724137931034,0.750369276218611,0.778904665314402
410,10,0,0.01538462,180,1,0,0.75,0.25,28,1,0,0.546471059893563,0.660173513676306,0.604683175004003,0.749074377166513,0.670240470442035,0.82011173975451,0.786745732659823,0.907499467183474,0.639797995160733,0.697113924050633,0.8130625,0.70416570327553,0.733492550394391,0.786357142857143,0.761602300884956,0.772543718592965,0.786357142857143,0.73991935483871,0.768292682926829,0.785714285714286
