"param_id","eir_equil","sig_het","ff","trial_duration","trial_PQ_eff_stratum_1","trial_PQ_eff_stratum_2","trial_PQ_prop_stratum_1","trial_PQ_prop_stratum_2","trial_PQ_proph","is_LLIN_distributed","is_IRS_administered","eff_cph_recurrent_LM","eff_cph_recurrent_PCR","eff_cph_any_relapse_LM","eff_cph_any_relapse_PCR","eff_cph_relapse_LM_trial","eff_cph_relapse_PCR_trial","eff_cph_relapse_LM_all","eff_cph_relapse_PCR_all","eff_incid_recurrent_PCR","eff_incid_recurrent_LM","eff_incid_recurrent_D","eff_incid_any_relapse_PCR","eff_incid_any_relapse_LM","eff_incid_any_relapse_D","eff_incid_relapse_PCR","eff_incid_relapse_LM","eff_incid_relapse_D","eff_risk_relapse_PCR","eff_risk_relapse_LM","eff_risk_relapse_D"
1040,1,0,0.01538462,180,1,0,0.75,0.25,45,1,0,0.701331451611976,0.731933529032777,0.741546812737947,0.775522640565294,0.762328434183531,0.790779200555649,0.83605252348241,0.867107173761317,0.703193576139948,0.710427407030056,0.625375,0.736281192378611,0.74521416893733,0.638293103448276,0.754394175414832,0.768539015606242,0.679566037735849,0.774498229043684,0.774891774891775,0.731958762886598
1041,1,0,0.01538462,180,1,0,0.75,0.25,45,1,0,0.697298198427623,0.767192705803705,0.733010015846662,0.801746829602014,0.765568886172199,0.820198833037264,0.830016732254203,0.855066698331042,0.730838026093727,0.720142401478228,0.684408186451643,0.760358227513712,0.756269295347452,0.743075895380505,0.77889452374136,0.77912814877066,0.781741701224231,0.755294117647059,0.776811594202899,0.776595744680851
1042,1,0,0.01538462,180,1,0,0.75,0.25,45,1,0,0.718687044273932,0.753099732776856,0.748507206360395,0.795114263870906,0.778935913576332,0.821638475456311,0.828380604233528,0.862058175576263,0.705473096389786,0.689910084175317,0.716028084822411,0.735072971155138,0.721605261771467,0.757333090666424,0.758868833360933,0.753054374903114,0.804682731512,0.757894736842105,0.758571428571429,0.794392523364486
