"param_id","eir_equil","sig_het","ff","trial_duration","trial_PQ_eff_stratum_1","trial_PQ_eff_stratum_2","trial_PQ_prop_stratum_1","trial_PQ_prop_stratum_2","trial_PQ_proph","is_LLIN_distributed","is_IRS_administered","eff_cph_recurrent_LM","eff_cph_recurrent_PCR","eff_cph_any_relapse_LM","eff_cph_any_relapse_PCR","eff_cph_relapse_LM_trial","eff_cph_relapse_PCR_trial","eff_cph_relapse_LM_all","eff_cph_relapse_PCR_all","eff_incid_recurrent_PCR","eff_incid_recurrent_LM","eff_incid_recurrent_D","eff_incid_any_relapse_PCR","eff_incid_any_relapse_LM","eff_incid_any_relapse_D","eff_incid_relapse_PCR","eff_incid_relapse_LM","eff_incid_relapse_D","eff_risk_relapse_PCR","eff_risk_relapse_LM","eff_risk_relapse_D"
455,10,0,0.01538462,180,1,0,0.75,0.25,28,1,0,0.564978200497494,0.636081226823707,0.587797607587367,0.740667180454311,0.612312343162275,0.809794116407139,0.804907960741355,0.904399156229683,0.64273041967127,0.674336067235696,0.777109105093057,0.70857313473397,0.699988415394258,0.749247743229689,0.768536378365867,0.741562940808806,0.866265463055834,0.746450304259635,0.808290155440414,0.866666666666667
456,10,0,0.01538462,180,1,0,0.75,0.25,28,1,0,0.645238681173947,0.661941454283139,0.706112557078256,0.759773646473619,0.70521610970778,0.821538014345283,0.780937254978873,0.903820167070159,0.629671839120451,0.703644036697248,0.762619047619048,0.692648912286135,0.73698773006135,0.8006,0.747743768426695,0.769646209386282,0.75075,0.734817813765182,0.754716981132076,0.75
457,10,0,0.01538462,180,1,0,0.75,0.25,28,1,0,0.572392356903625,0.667405483476979,0.654670522683078,0.772977208304159,0.699078421948695,0.843086323240826,0.844209762363227,0.923178519046588,0.651174066634342,0.737785016286645,0.636363636363636,0.719373988127361,0.786885245901639,0.684210526315789,0.782394366197183,0.828189300411523,0.722222222222222,0.770392749244713,0.845433255269321,0.823529411764706
