"param_id","eir_equil","sig_het","ff","trial_duration","trial_PQ_eff_stratum_1","trial_PQ_eff_stratum_2","trial_PQ_prop_stratum_1","trial_PQ_prop_stratum_2","trial_PQ_proph","is_LLIN_distributed","is_IRS_administered","eff_cph_recurrent_LM","eff_cph_recurrent_PCR","eff_cph_any_relapse_LM","eff_cph_any_relapse_PCR","eff_cph_relapse_LM_trial","eff_cph_relapse_PCR_trial","eff_cph_relapse_LM_all","eff_cph_relapse_PCR_all","eff_incid_recurrent_PCR","eff_incid_recurrent_LM","eff_incid_recurrent_D","eff_incid_any_relapse_PCR","eff_incid_any_relapse_LM","eff_incid_any_relapse_D","eff_incid_relapse_PCR","eff_incid_relapse_LM","eff_incid_relapse_D","eff_risk_relapse_PCR","eff_risk_relapse_LM","eff_risk_relapse_D"
119,0.1,0,0.01538462,180,1,0,0.75,0.25,28,1,0,0.815350024271567,0.833265598775,0.819632555831346,0.835260188097128,0.822163745180327,0.837045769892135,0.839046827942644,0.842420629069719,0.739966190308736,0.751650540344493,0.768768305842454,0.743376231740846,0.75566897341481,0.771557590452316,0.754436950619406,0.766817585788862,0.785544486797052,0.760264900662252,0.767605633802817,0.770020533880904
1190,1,0,0.01538462,180,1,0,0.75,0.25,45,1,0,0.700877545896939,0.752368781670462,0.775532742537491,0.815594247556329,0.784530012219321,0.835964097941644,0.825905910981831,0.863499110886628,0.706978551532033,0.706057633973711,0.704,0.746032,0.752546241211466,0.77072131147541,0.764526011560694,0.7662916912198,0.782826086956522,0.759371221281741,0.749622926093514,0.782178217821782
1191,1,0,0.01538462,180,1,0,0.75,0.25,45,1,0,0.661759996252824,0.757436733714699,0.707494257803741,0.794656840400339,0.746488080109996,0.820615508459428,0.843760900404499,0.87320991997494,0.71197042934319,0.715691351631279,0.663934426229508,0.74984857662023,0.748891352549889,0.669642857142857,0.775856335217825,0.781440781440781,0.705882352941177,0.776849642004773,0.779735682819383,0.730337078651685
