"param_id","eir_equil","sig_het","ff","trial_duration","trial_PQ_eff_stratum_1","trial_PQ_eff_stratum_2","trial_PQ_prop_stratum_1","trial_PQ_prop_stratum_2","trial_PQ_proph","is_LLIN_distributed","is_IRS_administered","eff_cph_recurrent_LM","eff_cph_recurrent_PCR","eff_cph_any_relapse_LM","eff_cph_any_relapse_PCR","eff_cph_relapse_LM_trial","eff_cph_relapse_PCR_trial","eff_cph_relapse_LM_all","eff_cph_relapse_PCR_all","eff_incid_recurrent_PCR","eff_incid_recurrent_LM","eff_incid_recurrent_D","eff_incid_any_relapse_PCR","eff_incid_any_relapse_LM","eff_incid_any_relapse_D","eff_incid_relapse_PCR","eff_incid_relapse_LM","eff_incid_relapse_D","eff_risk_relapse_PCR","eff_risk_relapse_LM","eff_risk_relapse_D"
863,0.1,0,0.01538462,180,1,0,0.75,0.25,45,1,0,0.795547034540902,0.828526683968196,0.802901049407287,0.83034846615015,0.80367211896921,0.831986191553293,0.8165288762306,0.829107516072101,0.699926170514406,0.693961477400968,0.718913226022231,0.701914052452907,0.696181804808003,0.723000910649367,0.71432489908897,0.708415201372948,0.739335054436125,0.75,0.742897727272727,0.752399232245681
864,0.1,0,0.01538462,180,1,0,0.75,0.25,45,1,0,0.807421205742807,0.832525923639958,0.808939805576861,0.83373312481819,0.810821145682299,0.834864681144336,0.834773076213343,0.837055986465493,0.742762410807912,0.743845478872702,0.752839259012098,0.744679744679745,0.745343400473941,0.753466337624753,0.751059960484044,0.752967909734597,0.767938364429593,0.760362694300518,0.769230769230769,0.772635814889336
865,0.1,0,0.01538462,180,1,0,0.75,0.25,45,1,0,0.82979049405103,0.849045645364267,0.831594843761775,0.848343252791341,0.834620321942949,0.853412166134945,0.850522966540721,0.853813156895197,0.729611384783799,0.724793912492074,0.741258741258741,0.732564524986271,0.728198599618078,0.744730679156909,0.746681415929203,0.744871794871795,0.767962308598351,0.768421052631579,0.772169167803547,0.781076066790352
