"param_id","eir_equil","sig_het","ff","trial_duration","trial_PQ_eff_stratum_1","trial_PQ_eff_stratum_2","trial_PQ_prop_stratum_1","trial_PQ_prop_stratum_2","trial_PQ_proph","is_LLIN_distributed","is_IRS_administered","eff_cph_recurrent_LM","eff_cph_recurrent_PCR","eff_cph_any_relapse_LM","eff_cph_any_relapse_PCR","eff_cph_relapse_LM_trial","eff_cph_relapse_PCR_trial","eff_cph_relapse_LM_all","eff_cph_relapse_PCR_all","eff_incid_recurrent_PCR","eff_incid_recurrent_LM","eff_incid_recurrent_D","eff_incid_any_relapse_PCR","eff_incid_any_relapse_LM","eff_incid_any_relapse_D","eff_incid_relapse_PCR","eff_incid_relapse_LM","eff_incid_relapse_D","eff_risk_relapse_PCR","eff_risk_relapse_LM","eff_risk_relapse_D"
825,0.1,0,0.01538462,180,1,0,0.75,0.25,45,1,0,0.7763052573467,0.819686668065692,0.789049928935071,0.825352824261855,0.789049928935071,0.826263447255891,0.829476001161385,0.842409551229395,0.69988864142539,0.69201030927835,0.678132678132678,0.702400893355667,0.694893341952165,0.681034482758621,0.717647058823529,0.71011673151751,0.700865265760198,0.753246753246753,0.747252747252747,0.723196881091618
826,0.1,0,0.01538462,180,1,0,0.75,0.25,45,1,0,0.779984294539864,0.803656619080429,0.786096092411014,0.80961310511918,0.787037114751396,0.813698212988373,0.807672151601723,0.817239522033011,0.659014557670773,0.655149934810952,0.64629388816645,0.663851351351351,0.661205766710354,0.652287581699346,0.694522868435912,0.693823915900131,0.692005242463958,0.725201072386059,0.724964739069111,0.72
827,0.1,0,0.01538462,180,1,0,0.75,0.25,45,1,0,0.793790407470168,0.822782757679646,0.793295258611651,0.822360417077382,0.794180161948224,0.824595494377233,0.819402091848276,0.825421199913127,0.721135038782098,0.711694050698462,0.689068950607412,0.725302101241951,0.716645261812666,0.693071481920829,0.74175902832136,0.733769302297221,0.718474717285657,0.752393980848153,0.756795422031474,0.735812133072407
