"param_id","eir_equil","sig_het","ff","trial_duration","trial_PQ_eff_stratum_1","trial_PQ_eff_stratum_2","trial_PQ_prop_stratum_1","trial_PQ_prop_stratum_2","trial_PQ_proph","is_LLIN_distributed","is_IRS_administered","eff_cph_recurrent_LM","eff_cph_recurrent_PCR","eff_cph_any_relapse_LM","eff_cph_any_relapse_PCR","eff_cph_relapse_LM_trial","eff_cph_relapse_PCR_trial","eff_cph_relapse_LM_all","eff_cph_relapse_PCR_all","eff_incid_recurrent_PCR","eff_incid_recurrent_LM","eff_incid_recurrent_D","eff_incid_any_relapse_PCR","eff_incid_any_relapse_LM","eff_incid_any_relapse_D","eff_incid_relapse_PCR","eff_incid_relapse_LM","eff_incid_relapse_D","eff_risk_relapse_PCR","eff_risk_relapse_LM","eff_risk_relapse_D"
129,0.1,0,0.01538462,180,1,0,0.75,0.25,28,1,0,0.808360105063667,0.836349055971511,0.8091290028194,0.839495753605288,0.811142964242914,0.84086557958125,0.83361278317994,0.843937507651798,0.736749116607774,0.734791524265208,0.719131614654003,0.739669421487603,0.736806031528444,0.71875,0.752662721893491,0.750857927247769,0.741144414168937,0.772857142857143,0.765861027190332,0.763213530655391
1290,10,0,0.01538462,180,1,0,0.75,0.25,45,1,0,0.503289394577297,0.681485758412187,0.53382453305101,0.758628085472678,0.625160861354829,0.817161935604875,0.782917242487303,0.908475366805359,0.654797837519496,0.689803872313378,0.578525894315368,0.713648139375794,0.706457512364685,0.587823117234882,0.756915306027303,0.747957981848197,0.705587940882058,0.744959677419355,0.765171503957784,0.705882352941176
1291,10,0,0.01538462,180,1,0,0.75,0.25,45,1,0,0.624578071431822,0.699571283439741,0.669464622719792,0.775118287334545,0.660110284307118,0.813475357177943,0.782600022491378,0.907805840527001,0.653856883805273,0.712633451957295,0.470588235294118,0.713290502360864,0.755,0.588235294117647,0.751305425258872,0.787037037037037,0.6875,0.736097067745197,0.763297872340426,0.6875
