"param_id","eir_equil","sig_het","ff","trial_duration","trial_PQ_eff_stratum_1","trial_PQ_eff_stratum_2","trial_PQ_prop_stratum_1","trial_PQ_prop_stratum_2","trial_PQ_proph","is_LLIN_distributed","is_IRS_administered","eff_cph_recurrent_LM","eff_cph_recurrent_PCR","eff_cph_any_relapse_LM","eff_cph_any_relapse_PCR","eff_cph_relapse_LM_trial","eff_cph_relapse_PCR_trial","eff_cph_relapse_LM_all","eff_cph_relapse_PCR_all","eff_incid_recurrent_PCR","eff_incid_recurrent_LM","eff_incid_recurrent_D","eff_incid_any_relapse_PCR","eff_incid_any_relapse_LM","eff_incid_any_relapse_D","eff_incid_relapse_PCR","eff_incid_relapse_LM","eff_incid_relapse_D","eff_risk_relapse_PCR","eff_risk_relapse_LM","eff_risk_relapse_D"
1262,10,0,0.01538462,180,1,0,0.75,0.25,45,1,0,0.589952930443671,0.710783670305789,0.642731281285525,0.774233362706956,0.638841761859465,0.809656330530725,0.798580658359153,0.905340867019276,0.670180558811197,0.76509601377735,0.961499922922769,0.7289462788658,0.802169913597687,0.956478173738782,0.768254485001961,0.82255438927908,0.949949899799599,0.745436105476673,0.800475059382423,0.95
1263,10,0,0.01538462,180,1,0,0.75,0.25,45,1,0,0.477110216754337,0.672665453564392,0.538243150717442,0.747293225836613,0.544532285055759,0.798476412705328,0.771547355306596,0.898367436048366,0.660550812161599,0.727177471636953,0.863772727272727,0.714979814385151,0.759017101710171,0.8335,0.750782894736842,0.78718304033092,0.8126875,0.728282828282828,0.760309278350515,0.8125
1264,10,0,0.01538462,180,1,0,0.75,0.25,45,1,0,0.60236601069337,0.658858075115291,0.645941361585031,0.747165990115401,0.694922016112588,0.815408491732187,0.772984039851943,0.901654335685886,0.654741159031552,0.696526410026858,0.693230769230769,0.716653649721065,0.741628090999011,0.773409090909091,0.761295714545124,0.772776744186046,0.790105263157895,0.742857142857143,0.768617021276596,0.789473684210526
