"param_id","eir_equil","sig_het","ff","trial_duration","trial_PQ_eff_stratum_1","trial_PQ_eff_stratum_2","trial_PQ_prop_stratum_1","trial_PQ_prop_stratum_2","trial_PQ_proph","is_LLIN_distributed","is_IRS_administered","eff_cph_recurrent_LM","eff_cph_recurrent_PCR","eff_cph_any_relapse_LM","eff_cph_any_relapse_PCR","eff_cph_relapse_LM_trial","eff_cph_relapse_PCR_trial","eff_cph_relapse_LM_all","eff_cph_relapse_PCR_all","eff_incid_recurrent_PCR","eff_incid_recurrent_LM","eff_incid_recurrent_D","eff_incid_any_relapse_PCR","eff_incid_any_relapse_LM","eff_incid_any_relapse_D","eff_incid_relapse_PCR","eff_incid_relapse_LM","eff_incid_relapse_D","eff_risk_relapse_PCR","eff_risk_relapse_LM","eff_risk_relapse_D"
577,10,0,0.01538462,180,1,0,0.75,0.25,28,1,0,0.602391765469485,0.645838590901673,0.646322166058209,0.754230899380552,0.661926995745501,0.817758615570188,0.794466076516256,0.906297797168716,0.640920648848169,0.738423308021942,0.863499863499864,0.705782089201778,0.772715004503084,0.856999856999857,0.761670712596472,0.795447621534578,0.888777666555444,0.754545454545455,0.790816326530612,0.888888888888889
578,10,0,0.01538462,180,1,0,0.75,0.25,28,1,0,0.597820493889732,0.673162728320414,0.62636986143369,0.766459845553366,0.675397735497784,0.832591094747515,0.821063264981557,0.908309519638074,0.660154662515919,0.762954911433172,0.909272727272727,0.723405782178218,0.79193321299639,0.904952380952381,0.776519513755598,0.82764632885212,0.889111111111111,0.750505050505051,0.814009661835749,0.888888888888889
579,10,0,0.01538462,180,1,0,0.75,0.25,28,1,0,0.562042856913831,0.658062817940782,0.611944268273258,0.769561120525051,0.672793995155391,0.827165636475542,0.798547439067721,0.908570208169304,0.64021034047888,0.711490939561115,0.708041374708041,0.704344073678841,0.74881248289488,0.761666428333095,0.757622592546594,0.79308312641646,0.7997997997998,0.745951417004049,0.780927835051546,0.789473684210526
