"param_id","eir_equil","sig_het","ff","trial_duration","trial_PQ_eff_stratum_1","trial_PQ_eff_stratum_2","trial_PQ_prop_stratum_1","trial_PQ_prop_stratum_2","trial_PQ_proph","is_LLIN_distributed","is_IRS_administered","eff_cph_recurrent_LM","eff_cph_recurrent_PCR","eff_cph_any_relapse_LM","eff_cph_any_relapse_PCR","eff_cph_relapse_LM_trial","eff_cph_relapse_PCR_trial","eff_cph_relapse_LM_all","eff_cph_relapse_PCR_all","eff_incid_recurrent_PCR","eff_incid_recurrent_LM","eff_incid_recurrent_D","eff_incid_any_relapse_PCR","eff_incid_any_relapse_LM","eff_incid_any_relapse_D","eff_incid_relapse_PCR","eff_incid_relapse_LM","eff_incid_relapse_D","eff_risk_relapse_PCR","eff_risk_relapse_LM","eff_risk_relapse_D"
1154,1,0,0.01538462,180,1,0,0.75,0.25,45,1,0,0.686665223771848,0.750424228216209,0.707525662516738,0.77572328221222,0.722335691503495,0.799135845140852,0.835907746454125,0.859030168176463,0.700213310799322,0.711249711249711,0.709110820221931,0.73302795883441,0.736149192670932,0.6996996996997,0.749035882157911,0.745264978239889,0.718164766708456,0.747343565525384,0.755649717514124,0.715789473684211
1155,1,0,0.01538462,180,1,0,0.75,0.25,45,1,0,0.749045305798672,0.774415451158452,0.791928079355566,0.818251699594456,0.821948215749926,0.837942953684707,0.84794218306096,0.879015380550914,0.697982708933718,0.686606670195871,0.686131386861314,0.730734084678648,0.716049382716049,0.713114754098361,0.759506012349691,0.743063932448733,0.724770642201835,0.771395076201641,0.769230769230769,0.74468085106383
1156,1,0,0.01538462,180,1,0,0.75,0.25,45,1,0,0.694909446282422,0.751190492482195,0.738123111363016,0.787715399302899,0.758567105107403,0.812885622374559,0.819235177305161,0.861095879325816,0.68239879177814,0.67458624702441,0.617264323146676,0.716402723478195,0.711403875845947,0.68185239503069,0.737657657657658,0.73856619242574,0.73744236039318,0.743944636678201,0.739316239316239,0.727272727272727
