"param_id","eir_equil","sig_het","ff","trial_duration","trial_PQ_eff_stratum_1","trial_PQ_eff_stratum_2","trial_PQ_prop_stratum_1","trial_PQ_prop_stratum_2","trial_PQ_proph","is_LLIN_distributed","is_IRS_administered","eff_cph_recurrent_LM","eff_cph_recurrent_PCR","eff_cph_any_relapse_LM","eff_cph_any_relapse_PCR","eff_cph_relapse_LM_trial","eff_cph_relapse_PCR_trial","eff_cph_relapse_LM_all","eff_cph_relapse_PCR_all","eff_incid_recurrent_PCR","eff_incid_recurrent_LM","eff_incid_recurrent_D","eff_incid_any_relapse_PCR","eff_incid_any_relapse_LM","eff_incid_any_relapse_D","eff_incid_relapse_PCR","eff_incid_relapse_LM","eff_incid_relapse_D","eff_risk_relapse_PCR","eff_risk_relapse_LM","eff_risk_relapse_D"
177,0.1,0,0.01538462,180,1,0,0.75,0.25,28,1,0,0.7975740760391,0.814404664337106,0.801698423887516,0.818939220997225,0.801408334219448,0.818853146952645,0.811639629732605,0.813032455954745,0.726909012114294,0.730993747526103,0.728816077863219,0.728491963586509,0.733344813428113,0.730627526142785,0.737239888680125,0.740344338373416,0.744552008084178,0.734722222222222,0.741329479768786,0.758823529411765
178,0.1,0,0.01538462,180,1,0,0.75,0.25,28,1,0,0.782547569151569,0.811127038262823,0.781234702664631,0.810588331076257,0.782266964784856,0.813538125434261,0.805431517392712,0.818553312921081,0.689174387969569,0.689475099311165,0.70624138318343,0.68979968979969,0.690392479766294,0.707266126101318,0.710846458365753,0.713546033342988,0.733895386069299,0.739189189189189,0.730113636363636,0.744047619047619
179,0.1,0,0.01538462,180,1,0,0.75,0.25,28,1,0,0.8159332740569,0.812245280397146,0.814808689376096,0.81084818817125,0.816006006128619,0.810322887625947,0.814554088556148,0.819575514865086,0.725329175704989,0.715571337579618,0.741,0.725220588235294,0.715393725992318,0.741595297029703,0.735026359143328,0.724903684550743,0.754609725685786,0.734439834024896,0.736994219653179,0.754
