"param_id","eir_equil","sig_het","ff","trial_duration","trial_PQ_eff_stratum_1","trial_PQ_eff_stratum_2","trial_PQ_prop_stratum_1","trial_PQ_prop_stratum_2","trial_PQ_proph","is_LLIN_distributed","is_IRS_administered","eff_cph_recurrent_LM","eff_cph_recurrent_PCR","eff_cph_any_relapse_LM","eff_cph_any_relapse_PCR","eff_cph_relapse_LM_trial","eff_cph_relapse_PCR_trial","eff_cph_relapse_LM_all","eff_cph_relapse_PCR_all","eff_incid_recurrent_PCR","eff_incid_recurrent_LM","eff_incid_recurrent_D","eff_incid_any_relapse_PCR","eff_incid_any_relapse_LM","eff_incid_any_relapse_D","eff_incid_relapse_PCR","eff_incid_relapse_LM","eff_incid_relapse_D","eff_risk_relapse_PCR","eff_risk_relapse_LM","eff_risk_relapse_D"
271,1,0,0.01538462,180,1,0,0.75,0.25,28,1,0,0.636987423775672,0.725176266570393,0.682283115293741,0.771907011638549,0.711081627627538,0.791783368767966,0.829601835494642,0.86125639395771,0.672818791946309,0.674383492702567,0.535714285714286,0.706005377950403,0.707016604177825,0.607476635514019,0.734978889249756,0.729323308270677,0.673469387755102,0.751451800232288,0.754636233951498,0.686746987951807
272,1,0,0.01538462,180,1,0,0.75,0.25,28,1,0,0.684665609902815,0.727224757504746,0.736249813336256,0.78246072290646,0.754522002501046,0.812120061013342,0.815651319150684,0.858505483576425,0.708666075125702,0.692265795206972,0.744525547445255,0.74937343358396,0.729541497388276,0.769230769230769,0.788235294117647,0.763636363636364,0.8,0.768009768009768,0.755287009063444,0.807017543859649
273,1,0,0.01538462,180,1,0,0.75,0.25,28,1,0,0.683155292348333,0.741043397081387,0.748904578025126,0.812020494696166,0.777972714097726,0.833417108766437,0.848548564024483,0.882093719522632,0.681985052726536,0.680623977078393,0.773741030447993,0.729902497536006,0.7289972899729,0.830168812200673,0.769929639823374,0.77377923696092,0.854253962470395,0.785463071512309,0.77891654465593,0.861386138613861
