"param_id","eir_equil","sig_het","ff","trial_duration","trial_PQ_eff_stratum_1","trial_PQ_eff_stratum_2","trial_PQ_prop_stratum_1","trial_PQ_prop_stratum_2","trial_PQ_proph","is_LLIN_distributed","is_IRS_administered","eff_cph_recurrent_LM","eff_cph_recurrent_PCR","eff_cph_any_relapse_LM","eff_cph_any_relapse_PCR","eff_cph_relapse_LM_trial","eff_cph_relapse_PCR_trial","eff_cph_relapse_LM_all","eff_cph_relapse_PCR_all","eff_incid_recurrent_PCR","eff_incid_recurrent_LM","eff_incid_recurrent_D","eff_incid_any_relapse_PCR","eff_incid_any_relapse_LM","eff_incid_any_relapse_D","eff_incid_relapse_PCR","eff_incid_relapse_LM","eff_incid_relapse_D","eff_risk_relapse_PCR","eff_risk_relapse_LM","eff_risk_relapse_D"
290,1,0,0.01538462,180,1,0,0.75,0.25,28,1,0,0.688784851135881,0.736715795322565,0.741563027028146,0.80056721091086,0.779404118992547,0.828458996453668,0.833777078192214,0.860200470349947,0.678255873195585,0.678064516129032,0.69126618705036,0.718992145015106,0.720045912653975,0.722777777777778,0.746586274509804,0.747611212675198,0.711105263157895,0.762187871581451,0.773584905660377,0.721649484536082
291,1,0,0.01538462,180,1,0,0.75,0.25,28,1,0,0.594757928835809,0.706027588849229,0.67007502709635,0.76078242293313,0.712583104840993,0.787564821051434,0.810657650235265,0.856115897425599,0.670630989956958,0.647380852183062,0.576424,0.705243127672572,0.683462921348315,0.658461538461538,0.742172277227723,0.720525153374233,0.714571428571429,0.750593824228029,0.741506646971935,0.709677419354839
292,1,0,0.01538462,180,1,0,0.75,0.25,28,1,0,0.641697943696342,0.711187428308915,0.659427229595763,0.753251495174309,0.735136827872442,0.782941881469103,0.800873761857445,0.840665026830859,0.66771628009413,0.656422098666323,0.724724724724725,0.704539144742707,0.688300400044172,0.745199745199745,0.735885469957492,0.724194329203963,0.791871078999792,0.744578313253012,0.741071428571429,0.771739130434783
