"param_id","eir_equil","sig_het","ff","trial_duration","trial_PQ_eff_stratum_1","trial_PQ_eff_stratum_2","trial_PQ_prop_stratum_1","trial_PQ_prop_stratum_2","trial_PQ_proph","is_LLIN_distributed","is_IRS_administered","eff_cph_recurrent_LM","eff_cph_recurrent_PCR","eff_cph_any_relapse_LM","eff_cph_any_relapse_PCR","eff_cph_relapse_LM_trial","eff_cph_relapse_PCR_trial","eff_cph_relapse_LM_all","eff_cph_relapse_PCR_all","eff_incid_recurrent_PCR","eff_incid_recurrent_LM","eff_incid_recurrent_D","eff_incid_any_relapse_PCR","eff_incid_any_relapse_LM","eff_incid_any_relapse_D","eff_incid_relapse_PCR","eff_incid_relapse_LM","eff_incid_relapse_D","eff_risk_relapse_PCR","eff_risk_relapse_LM","eff_risk_relapse_D"
1238,10,0,0.01538462,180,1,0,0.75,0.25,45,1,0,0.542503761451499,0.69896303437186,0.629678369331317,0.795773544913625,0.635528368095598,0.82577215764453,0.770442514344956,0.907953242542089,0.665528296626708,0.713656387665198,0.761904761904762,0.726772568771794,0.747600767754319,0.8,0.766778820612715,0.76043956043956,0.764705882352941,0.746450304259635,0.746073298429319,0.823529411764706
1239,10,0,0.01538462,180,1,0,0.75,0.25,45,1,0,0.550337370709192,0.674874299638999,0.645508810035265,0.792112431665411,0.695955937389069,0.833781177849704,0.804409398920675,0.910840522496759,0.681240828444193,0.725517475728155,0.706176470588235,0.740921276595745,0.777880773361976,0.7336,0.781242198838897,0.804023923444976,0.785928571428571,0.770642201834862,0.81029810298103,0.769230769230769
124,0.1,0,0.01538462,180,1,0,0.75,0.25,28,1,0,0.778143413282733,0.806686491096287,0.782662464348733,0.805187028637478,0.788037487701657,0.812550827082048,0.819519573410882,0.8260252874403,0.706176470588235,0.706926020408163,0.722771393643032,0.710074626865672,0.709905769230769,0.727323133414933,0.72314858096828,0.723324080051646,0.738210135970334,0.740689655172414,0.740634005763689,0.750515463917526
