"param_id","eir_equil","sig_het","ff","trial_duration","trial_PQ_eff_stratum_1","trial_PQ_eff_stratum_2","trial_PQ_prop_stratum_1","trial_PQ_prop_stratum_2","trial_PQ_proph","is_LLIN_distributed","is_IRS_administered","eff_cph_recurrent_LM","eff_cph_recurrent_PCR","eff_cph_any_relapse_LM","eff_cph_any_relapse_PCR","eff_cph_relapse_LM_trial","eff_cph_relapse_PCR_trial","eff_cph_relapse_LM_all","eff_cph_relapse_PCR_all","eff_incid_recurrent_PCR","eff_incid_recurrent_LM","eff_incid_recurrent_D","eff_incid_any_relapse_PCR","eff_incid_any_relapse_LM","eff_incid_any_relapse_D","eff_incid_relapse_PCR","eff_incid_relapse_LM","eff_incid_relapse_D","eff_risk_relapse_PCR","eff_risk_relapse_LM","eff_risk_relapse_D"
1481,100,0,0.01538462,180,1,0,0.75,0.25,45,1,0,0.42398022529975,0.385143741634745,0.474193698149351,0.657913490511648,0.567078308577789,0.75067394374475,0.820982325005704,0.916925685063514,0.449783398635953,0.588263762283746,0.677320743181278,0.606798913628732,0.685509633127641,0.691691074456605,0.784415877811378,0.818914938310356,0.578103575572197,0.774747474747475,0.809744779582367,0.611111111111111
1482,100,0,0.01538462,180,1,0,0.75,0.25,45,1,0,0.38408515779138,0.432558613212649,0.538423167332047,0.650855905284986,0.635062013830836,0.769965130807112,0.838473387672493,0.920560594316168,0.455766652878546,0.591987964710974,0.546420966933868,0.609340826638381,0.686287735415197,0.635999271269812,0.783921352438906,0.833166332665331,0.759759519038076,0.768686868686869,0.82,0.76
1483,100,0,0.01538462,180,1,0,0.75,0.25,45,1,0,0.570655540057782,0.405590695761315,0.730317663687247,0.680264453652471,0.815737931350717,0.756726060912852,0.840805224619693,0.908376895129996,0.447209571739393,0.623339099048753,0.821607500715717,0.595606032740587,0.72375283452166,0.924603924830794,0.746859320207665,0.83723723423572,1,0.732793522267206,0.812217194570136,1
