"param_id","eir_equil","sig_het","ff","trial_duration","trial_PQ_eff_stratum_1","trial_PQ_eff_stratum_2","trial_PQ_prop_stratum_1","trial_PQ_prop_stratum_2","trial_PQ_proph","is_LLIN_distributed","is_IRS_administered","eff_cph_recurrent_LM","eff_cph_recurrent_PCR","eff_cph_any_relapse_LM","eff_cph_any_relapse_PCR","eff_cph_relapse_LM_trial","eff_cph_relapse_PCR_trial","eff_cph_relapse_LM_all","eff_cph_relapse_PCR_all","eff_incid_recurrent_PCR","eff_incid_recurrent_LM","eff_incid_recurrent_D","eff_incid_any_relapse_PCR","eff_incid_any_relapse_LM","eff_incid_any_relapse_D","eff_incid_relapse_PCR","eff_incid_relapse_LM","eff_incid_relapse_D","eff_risk_relapse_PCR","eff_risk_relapse_LM","eff_risk_relapse_D"
1495,100,0,0.01538462,180,1,0,0.75,0.25,45,1,0,0.515841535439179,0.409130016796663,0.604424767147752,0.624327413401771,0.58777001419264,0.715197788587982,0.816326451256584,0.908370833272332,0.458264849419678,0.661266126612661,0.794117647058823,0.602652222637281,0.725490196078431,0.794871794871795,0.756709490818592,0.817535545023697,0.882352941176471,0.748490945674044,0.805869074492099,0.857142857142857
1496,100,0,0.01538462,180,1,0,0.75,0.25,45,1,0,0.467585731205191,0.422077042904597,0.541393013795969,0.652902079351913,0.604490791559893,0.748022542292507,0.8130415672539,0.909707624571708,0.444298193548387,0.594004849660524,0.525898305084746,0.588338280980324,0.643572864321608,0.667,0.742767891816921,0.760555750658472,0.7336,0.746464646464646,0.789473684210526,0.733333333333333
1497,100,0,0.01538462,180,1,0,0.75,0.25,45,1,0,0.476686443108448,0.354851676662249,0.591401176007094,0.664877112962024,0.74073375397534,0.730762053160142,0.818558029286923,0.912382350024902,0.445329809651499,0.642419554134175,0.62637138684148,0.595559461837375,0.71259972545967,0.709946208205885,0.751275600847084,0.828926144972873,0.856856570283424,0.753535353535354,0.791569086651054,0.85
