"param_id","eir_equil","sig_het","ff","trial_duration","trial_PQ_eff_stratum_1","trial_PQ_eff_stratum_2","trial_PQ_prop_stratum_1","trial_PQ_prop_stratum_2","trial_PQ_proph","is_LLIN_distributed","is_IRS_administered","eff_cph_recurrent_LM","eff_cph_recurrent_PCR","eff_cph_any_relapse_LM","eff_cph_any_relapse_PCR","eff_cph_relapse_LM_trial","eff_cph_relapse_PCR_trial","eff_cph_relapse_LM_all","eff_cph_relapse_PCR_all","eff_incid_recurrent_PCR","eff_incid_recurrent_LM","eff_incid_recurrent_D","eff_incid_any_relapse_PCR","eff_incid_any_relapse_LM","eff_incid_any_relapse_D","eff_incid_relapse_PCR","eff_incid_relapse_LM","eff_incid_relapse_D","eff_risk_relapse_PCR","eff_risk_relapse_LM","eff_risk_relapse_D"
844,0.1,0,0.01538462,180,1,0,0.75,0.25,45,1,0,0.761220619827419,0.805340474271935,0.769046746021623,0.81278677362646,0.773466623052777,0.816317124041626,0.812478590525546,0.812613087789653,0.692740574001125,0.705844572896596,0.71055900621118,0.698870056497175,0.711612903225807,0.716604244694132,0.708522727272727,0.722077922077922,0.729899497487437,0.717185385656292,0.726375176304654,0.732931726907631
845,0.1,0,0.01538462,180,1,0,0.75,0.25,45,1,0,0.812427340804327,0.831290304230062,0.811850299362372,0.832348045415736,0.811773189873035,0.833030760002686,0.8322307314212,0.846662595673762,0.73581847649919,0.737786023500309,0.738537794299876,0.739154013015184,0.740533829919305,0.739401496259352,0.753837719298246,0.757214554579674,0.765370138017566,0.771312584573748,0.764450867052023,0.769709543568465
846,0.1,0,0.01538462,180,1,0,0.75,0.25,45,1,0,0.788816029339045,0.813424690092503,0.78860109414109,0.812739785821615,0.789458004944902,0.814483221136749,0.799771220168544,0.815271561497577,0.685807150595883,0.6789506558401,0.699882766705744,0.685527747551687,0.678168130489335,0.698581560283688,0.697382769901854,0.691389063482087,0.719194312796209,0.720899470899471,0.712885154061625,0.730844793713163
