"param_id","eir_equil","sig_het","ff","trial_duration","trial_PQ_eff_stratum_1","trial_PQ_eff_stratum_2","trial_PQ_prop_stratum_1","trial_PQ_prop_stratum_2","trial_PQ_proph","is_LLIN_distributed","is_IRS_administered","eff_cph_recurrent_LM","eff_cph_recurrent_PCR","eff_cph_any_relapse_LM","eff_cph_any_relapse_PCR","eff_cph_relapse_LM_trial","eff_cph_relapse_PCR_trial","eff_cph_relapse_LM_all","eff_cph_relapse_PCR_all","eff_incid_recurrent_PCR","eff_incid_recurrent_LM","eff_incid_recurrent_D","eff_incid_any_relapse_PCR","eff_incid_any_relapse_LM","eff_incid_any_relapse_D","eff_incid_relapse_PCR","eff_incid_relapse_LM","eff_incid_relapse_D","eff_risk_relapse_PCR","eff_risk_relapse_LM","eff_risk_relapse_D"
1108,1,0,0.01538462,180,1,0,0.75,0.25,45,1,0,0.682692210523531,0.746502021752685,0.726600743380797,0.771898855598485,0.764117121032948,0.799388524195577,0.813925146622215,0.838701332738406,0.674458874458874,0.683040330920372,0.612244897959184,0.708550413729697,0.71264367816092,0.705035971223022,0.746530072703239,0.75609756097561,0.782945736434108,0.724938875305623,0.743202416918429,0.764150943396226
1109,1,0,0.01538462,180,1,0,0.75,0.25,45,1,0,0.650106209916935,0.750955041263636,0.694452234246019,0.78942791982202,0.71775525561646,0.79711028121637,0.832416703165443,0.862357684654445,0.691003161828112,0.683246073298429,0.663934426229508,0.720036877688998,0.715406162464986,0.696428571428571,0.737628694785786,0.735223160434258,0.716981132075472,0.758992805755396,0.757971014492754,0.729166666666667
111,0.1,0,0.01538462,180,1,0,0.75,0.25,28,1,0,0.823231801917818,0.830432530476211,0.827060452813397,0.83532358799886,0.826570904887813,0.834924189520164,0.830010913110606,0.837346736651029,0.713169501379108,0.713662707293281,0.735489626742582,0.717388441072652,0.717312703228196,0.74165862184842,0.736642531359097,0.736936679775472,0.768089518089518,0.759577278731836,0.76005547850208,0.766730401529637
