"param_id","eir_equil","sig_het","ff","trial_duration","trial_PQ_eff_stratum_1","trial_PQ_eff_stratum_2","trial_PQ_prop_stratum_1","trial_PQ_prop_stratum_2","trial_PQ_proph","is_LLIN_distributed","is_IRS_administered","eff_cph_recurrent_LM","eff_cph_recurrent_PCR","eff_cph_any_relapse_LM","eff_cph_any_relapse_PCR","eff_cph_relapse_LM_trial","eff_cph_relapse_PCR_trial","eff_cph_relapse_LM_all","eff_cph_relapse_PCR_all","eff_incid_recurrent_PCR","eff_incid_recurrent_LM","eff_incid_recurrent_D","eff_incid_any_relapse_PCR","eff_incid_any_relapse_LM","eff_incid_any_relapse_D","eff_incid_relapse_PCR","eff_incid_relapse_LM","eff_incid_relapse_D","eff_risk_relapse_PCR","eff_risk_relapse_LM","eff_risk_relapse_D"
274,1,0,0.01538462,180,1,0,0.75,0.25,28,1,0,0.651713448408775,0.71938476030088,0.702066016013127,0.764292597799761,0.749937767089849,0.801657373597501,0.826975472277592,0.855662782982128,0.654529307282416,0.639147074904319,0.589147286821705,0.692186515437933,0.676914153132251,0.614754098360656,0.719508028698326,0.707286432160804,0.654867256637168,0.755369928400955,0.76218611521418,0.699029126213592
275,1,0,0.01538462,180,1,0,0.75,0.25,28,1,0,0.736122841502562,0.738799359383956,0.773730575500124,0.775610281499167,0.805511823686809,0.796029905323618,0.823744250511059,0.855226939249252,0.688840559824369,0.686072755417957,0.76875,0.725901926444834,0.720940495867769,0.798181818181818,0.754625995539981,0.760144057623049,0.826260869565217,0.741745283018868,0.75,0.80952380952381
276,1,0,0.01538462,180,1,0,0.75,0.25,28,1,0,0.749781598445236,0.759853711792969,0.770595387071902,0.804939898019314,0.790999014099783,0.821122193658973,0.838021661263876,0.864761532126663,0.711801024534915,0.716198574821853,0.791875,0.746466990568734,0.741724397590361,0.8126875,0.767115633672525,0.755703056768559,0.805563758389262,0.752066115702479,0.754874651810585,0.813953488372093
