"param_id","eir_equil","sig_het","ff","trial_duration","trial_PQ_eff_stratum_1","trial_PQ_eff_stratum_2","trial_PQ_prop_stratum_1","trial_PQ_prop_stratum_2","trial_PQ_proph","is_LLIN_distributed","is_IRS_administered","eff_cph_recurrent_LM","eff_cph_recurrent_PCR","eff_cph_any_relapse_LM","eff_cph_any_relapse_PCR","eff_cph_relapse_LM_trial","eff_cph_relapse_PCR_trial","eff_cph_relapse_LM_all","eff_cph_relapse_PCR_all","eff_incid_recurrent_PCR","eff_incid_recurrent_LM","eff_incid_recurrent_D","eff_incid_any_relapse_PCR","eff_incid_any_relapse_LM","eff_incid_any_relapse_D","eff_incid_relapse_PCR","eff_incid_relapse_LM","eff_incid_relapse_D","eff_risk_relapse_PCR","eff_risk_relapse_LM","eff_risk_relapse_D"
1370,10,0,0.01538462,180,1,0,0.75,0.25,45,1,0,0.570350922362415,0.688958901313538,0.608827228530286,0.76165986668106,0.653302366058438,0.812703601497081,0.757455929042035,0.905497217294012,0.656576203710874,0.681828973213291,0.8002002002002,0.712120211397784,0.70084620139265,0.764941412000236,0.747278144637758,0.723138208451108,0.769461769461769,0.741379310344828,0.741666666666667,0.769230769230769
1371,10,0,0.01538462,180,1,0,0.75,0.25,45,1,0,0.539893177670686,0.676612290853214,0.632022456961848,0.754661236195381,0.630324318969941,0.823765560487235,0.809438098793344,0.907902959950818,0.672993221548341,0.740774907749078,0.611111111111111,0.732016251095356,0.782340862422998,0.571428571428571,0.770131906650678,0.817102137767221,0.538461538461538,0.75177304964539,0.790884718498659,0.615384615384615
1372,10,0,0.01538462,180,1,0,0.75,0.25,45,1,0,0.602660960943782,0.722867296501517,0.64778676689328,0.805452913521063,0.667567374199097,0.846632328928863,0.804347934184297,0.91626213991338,0.686196864448757,0.737998198352317,0.691999691999692,0.744666871209371,0.758112868652714,0.695347521434478,0.784791863999785,0.776235186719855,0.736578683947105,0.758097165991903,0.781954887218045,0.736842105263158
