"param_id","eir_equil","sig_het","ff","trial_duration","trial_PQ_eff_stratum_1","trial_PQ_eff_stratum_2","trial_PQ_prop_stratum_1","trial_PQ_prop_stratum_2","trial_PQ_proph","is_LLIN_distributed","is_IRS_administered","eff_cph_recurrent_LM","eff_cph_recurrent_PCR","eff_cph_any_relapse_LM","eff_cph_any_relapse_PCR","eff_cph_relapse_LM_trial","eff_cph_relapse_PCR_trial","eff_cph_relapse_LM_all","eff_cph_relapse_PCR_all","eff_incid_recurrent_PCR","eff_incid_recurrent_LM","eff_incid_recurrent_D","eff_incid_any_relapse_PCR","eff_incid_any_relapse_LM","eff_incid_any_relapse_D","eff_incid_relapse_PCR","eff_incid_relapse_LM","eff_incid_relapse_D","eff_risk_relapse_PCR","eff_risk_relapse_LM","eff_risk_relapse_D"
1487,100,0,0.01538462,180,1,0,0.75,0.25,45,1,0,0.348646048629273,0.394796951322261,0.556931680477638,0.6726295321043,0.610629136415047,0.719405884965026,0.790724011677192,0.907612113737394,0.4325156825855,0.529900949367089,0.556,0.581776647805475,0.656263012436665,0.588647058823529,0.738550281074329,0.783220297029703,0.5005,0.735620585267407,0.757946210268949,0.5
1488,100,0,0.01538462,180,1,0,0.75,0.25,45,1,0,0.448749743975644,0.368936703479492,0.576168153136808,0.665315948789491,0.662811557538034,0.720436479983285,0.773623106907628,0.891078928362129,0.433842761167239,0.568357998590557,0.5,0.572454184772341,0.631937172774869,0.645161290322581,0.709786887471155,0.74487895716946,0.722222222222222,0.715005035246727,0.754716981132076,0.722222222222222
1489,100,0,0.01538462,180,1,0,0.75,0.25,45,1,0,0.307119449104669,0.36858291662312,0.391434664878503,0.602031026268123,0.622551167861636,0.723074642307605,0.777541629521859,0.90452814128503,0.449475743906909,0.514836427075539,0.473156839995781,0.594924230534405,0.60498992413797,0.513799026624678,0.745900017715064,0.715425864197222,0.833166332665331,0.75,0.76027397260274,0.833333333333333
