"param_id","eir_equil","sig_het","ff","trial_duration","trial_PQ_eff_stratum_1","trial_PQ_eff_stratum_2","trial_PQ_prop_stratum_1","trial_PQ_prop_stratum_2","trial_PQ_proph","is_LLIN_distributed","is_IRS_administered","eff_cph_recurrent_LM","eff_cph_recurrent_PCR","eff_cph_any_relapse_LM","eff_cph_any_relapse_PCR","eff_cph_relapse_LM_trial","eff_cph_relapse_PCR_trial","eff_cph_relapse_LM_all","eff_cph_relapse_PCR_all","eff_incid_recurrent_PCR","eff_incid_recurrent_LM","eff_incid_recurrent_D","eff_incid_any_relapse_PCR","eff_incid_any_relapse_LM","eff_incid_any_relapse_D","eff_incid_relapse_PCR","eff_incid_relapse_LM","eff_incid_relapse_D","eff_risk_relapse_PCR","eff_risk_relapse_LM","eff_risk_relapse_D"
1551,100,0,0.01538462,180,1,0,0.75,0.25,45,1,0,0.389153966602716,0.426452081634963,0.469022159135488,0.625468812678968,0.615509851602476,0.748224075750829,0.798427158067886,0.918742330020851,0.456744374345483,0.613353450851509,0.72920987654321,0.605812670093741,0.690175298804781,0.821964285714286,0.770085283482295,0.809171127331711,0.914542857142857,0.769230769230769,0.777522935779817,0.9
1552,100,0,0.01538462,180,1,0,0.75,0.25,45,1,0,0.480236556331312,0.415515170492398,0.606267714882479,0.628150525907419,0.687815787414109,0.729133568705462,0.82526995553257,0.908748591335553,0.451604529021206,0.634968993729158,0.614613843070757,0.601861505163054,0.698114177072093,0.69028967024959,0.760426202198636,0.831762290012123,0.766199064796259,0.745711402623612,0.808219178082192,0.785714285714286
1553,100,0,0.01538462,180,1,0,0.75,0.25,45,1,0,0.472075039475169,0.378802945569927,0.566049525714348,0.643440817654292,0.703285735806549,0.710439962631277,0.83825650437815,0.904276811776259,0.458292511959886,0.65810843373494,0.4635,0.607971146602381,0.733113868613139,0.515636363636364,0.75357634216669,0.841295986622074,0.579368421052632,0.742131979695432,0.820689655172414,0.555555555555556
