"param_id","eir_equil","sig_het","ff","trial_duration","trial_PQ_eff_stratum_1","trial_PQ_eff_stratum_2","trial_PQ_prop_stratum_1","trial_PQ_prop_stratum_2","trial_PQ_proph","is_LLIN_distributed","is_IRS_administered","eff_cph_recurrent_LM","eff_cph_recurrent_PCR","eff_cph_any_relapse_LM","eff_cph_any_relapse_PCR","eff_cph_relapse_LM_trial","eff_cph_relapse_PCR_trial","eff_cph_relapse_LM_all","eff_cph_relapse_PCR_all","eff_incid_recurrent_PCR","eff_incid_recurrent_LM","eff_incid_recurrent_D","eff_incid_any_relapse_PCR","eff_incid_any_relapse_LM","eff_incid_any_relapse_D","eff_incid_relapse_PCR","eff_incid_relapse_LM","eff_incid_relapse_D","eff_risk_relapse_PCR","eff_risk_relapse_LM","eff_risk_relapse_D"
1357,10,0,0.01538462,180,1,0,0.75,0.25,45,1,0,0.608319658914534,0.704645339793614,0.64832807013241,0.770136697678691,0.659746844566019,0.831953383682659,0.825400860116478,0.914871960987025,0.677490073532826,0.73237267607229,0.738607650082774,0.737107276544322,0.77062558852645,0.817817453087994,0.783554212131948,0.802073282367204,0.789051787786099,0.765656565656566,0.827067669172932,0.777777777777778
1358,10,0,0.01538462,180,1,0,0.75,0.25,45,1,0,0.529550059491677,0.706818201303678,0.571585887892998,0.7765212795805,0.597376428085592,0.832607835796325,0.786229170417614,0.91707481840982,0.69014372317962,0.757450331125828,0.75,0.745071276918411,0.79097605893186,0.727272727272727,0.78662172673062,0.815047021943574,0.714285714285714,0.769153225806452,0.782051282051282,0.714285714285714
1359,10,0,0.01538462,180,1,0,0.75,0.25,45,1,0,0.597244069834318,0.70681759963479,0.617255231578096,0.777404881584555,0.672774892593514,0.827395726042244,0.747103931638319,0.90608439551577,0.677005273383292,0.690298507462687,0.7,0.734961102980821,0.721757322175732,0.789473684210526,0.774592319831668,0.755952380952381,0.764705882352941,0.756072874493927,0.758426966292135,0.764705882352941
