"param_id","eir_equil","sig_het","ff","trial_duration","trial_PQ_eff_stratum_1","trial_PQ_eff_stratum_2","trial_PQ_prop_stratum_1","trial_PQ_prop_stratum_2","trial_PQ_proph","is_LLIN_distributed","is_IRS_administered","eff_cph_recurrent_LM","eff_cph_recurrent_PCR","eff_cph_any_relapse_LM","eff_cph_any_relapse_PCR","eff_cph_relapse_LM_trial","eff_cph_relapse_PCR_trial","eff_cph_relapse_LM_all","eff_cph_relapse_PCR_all","eff_incid_recurrent_PCR","eff_incid_recurrent_LM","eff_incid_recurrent_D","eff_incid_any_relapse_PCR","eff_incid_any_relapse_LM","eff_incid_any_relapse_D","eff_incid_relapse_PCR","eff_incid_relapse_LM","eff_incid_relapse_D","eff_risk_relapse_PCR","eff_risk_relapse_LM","eff_risk_relapse_D"
539,10,0,0.01538462,180,1,0,0.75,0.25,28,1,0,0.607518908973289,0.653603840528911,0.653792211547872,0.767471017266537,0.705675852944698,0.839310442909391,0.813377313096733,0.916480851631597,0.669427609427609,0.748333333333333,0.8,0.736014378791283,0.785583941605839,0.777777777777778,0.79683895771038,0.816683831101957,0.75,0.759352881698686,0.80306905370844,0.75
54,0.1,0,0.01538462,180,1,0,0.75,0.25,28,1,0,0.824652983577756,0.829943969547908,0.820647679102199,0.829232064885463,0.819715568860716,0.828375401593562,0.832460828886566,0.834450775890249,0.729298920421488,0.736643342137139,0.764746885074497,0.730437128980032,0.737523284044899,0.765722935232167,0.745012469503637,0.750525229007302,0.781772074955598,0.75668449197861,0.761838440111421,0.771825396825397
540,10,0,0.01538462,180,1,0,0.75,0.25,28,1,0,0.586769502682758,0.643524942618416,0.640258972690282,0.741110437613276,0.739752358626232,0.816925991456722,0.790324740055164,0.910621409763648,0.635575589459085,0.702222222222222,0.533333333333333,0.700670313583481,0.729064039408867,0.642857142857143,0.76062936444798,0.766592920353982,0.769230769230769,0.75730110775428,0.780160857908847,0.75
