"param_id","eir_equil","sig_het","ff","trial_duration","trial_PQ_eff_stratum_1","trial_PQ_eff_stratum_2","trial_PQ_prop_stratum_1","trial_PQ_prop_stratum_2","trial_PQ_proph","is_LLIN_distributed","is_IRS_administered","eff_cph_recurrent_LM","eff_cph_recurrent_PCR","eff_cph_any_relapse_LM","eff_cph_any_relapse_PCR","eff_cph_relapse_LM_trial","eff_cph_relapse_PCR_trial","eff_cph_relapse_LM_all","eff_cph_relapse_PCR_all","eff_incid_recurrent_PCR","eff_incid_recurrent_LM","eff_incid_recurrent_D","eff_incid_any_relapse_PCR","eff_incid_any_relapse_LM","eff_incid_any_relapse_D","eff_incid_relapse_PCR","eff_incid_relapse_LM","eff_incid_relapse_D","eff_risk_relapse_PCR","eff_risk_relapse_LM","eff_risk_relapse_D"
1021,1,0,0.01538462,180,1,0,0.75,0.25,45,1,0,0.674800039860314,0.711601524120288,0.729699470164619,0.755045843895084,0.76077001364352,0.774972460182086,0.814619710976834,0.85638113610661,0.677974355304015,0.677721209101851,0.700430057194681,0.711272015862711,0.711039726511847,0.777555110220441,0.732959015945213,0.74014756130967,0.820332973639587,0.745583038869258,0.735766423357664,0.818181818181818
1022,1,0,0.01538462,180,1,0,0.75,0.25,45,1,0,0.68630999948937,0.757251953118959,0.708315658070057,0.79723166434454,0.747373498399987,0.8316231729921,0.823321099988931,0.859401500693101,0.67885222095672,0.643483557951482,0.7003,0.721244343891403,0.681744680851064,0.761432835820895,0.756095903771131,0.720576732673267,0.803346456692913,0.759615384615385,0.756559766763848,0.778846153846154
1023,1,0,0.01538462,180,1,0,0.75,0.25,45,1,0,0.672588473726006,0.749914298955141,0.714277035156325,0.78058858400206,0.718157359347139,0.796386165693296,0.808153208631127,0.852135091509771,0.696897466003961,0.674473049795123,0.668454556171166,0.728387592795654,0.703657610380146,0.731746958483897,0.74727308341906,0.723028531289383,0.743288229351265,0.756009615384615,0.748493975903614,0.75
