"param_id","eir_equil","sig_het","ff","trial_duration","trial_PQ_eff_stratum_1","trial_PQ_eff_stratum_2","trial_PQ_prop_stratum_1","trial_PQ_prop_stratum_2","trial_PQ_proph","is_LLIN_distributed","is_IRS_administered","eff_cph_recurrent_LM","eff_cph_recurrent_PCR","eff_cph_any_relapse_LM","eff_cph_any_relapse_PCR","eff_cph_relapse_LM_trial","eff_cph_relapse_PCR_trial","eff_cph_relapse_LM_all","eff_cph_relapse_PCR_all","eff_incid_recurrent_PCR","eff_incid_recurrent_LM","eff_incid_recurrent_D","eff_incid_any_relapse_PCR","eff_incid_any_relapse_LM","eff_incid_any_relapse_D","eff_incid_relapse_PCR","eff_incid_relapse_LM","eff_incid_relapse_D","eff_risk_relapse_PCR","eff_risk_relapse_LM","eff_risk_relapse_D"
717,100,0,0.01538462,180,1,0,0.75,0.25,28,1,0,0.329857877303073,0.217530314420357,0.485006981814131,0.594869631025165,0.562177336079479,0.742404937639805,0.773160874974194,0.908636805705456,0.383871251438067,0.525475,0.603571428571429,0.540178932999659,0.612342969132778,0.652521739130435,0.755830525953936,0.73958064516129,0.8002,0.757330637007078,0.761792452830189,0.862068965517241
718,100,0,0.01538462,180,1,0,0.75,0.25,28,1,0,0.417706445519425,0.289312065896349,0.538533204397155,0.630726046140707,0.543125463631375,0.782053145642388,0.819470823547038,0.915469548220481,0.387380378121839,0.58171466845278,0.361702127659574,0.54942914964298,0.666329625884732,0.451612903225806,0.780457722351651,0.798892988929889,0.6,0.768996960486322,0.81042654028436,0.7
719,100,0,0.01538462,180,1,0,0.75,0.25,28,1,0,0.413409700781424,0.256279609407956,0.579912447884506,0.633334558639588,0.718955056706635,0.809313013630564,0.820210023358888,0.914469729376909,0.37853987385409,0.543903979785218,0.12,0.536641422704495,0.63929889298893,0.222222222222222,0.765958885582905,0.783717105263158,0.380952380952381,0.757545271629779,0.790804597701149,0.55
