"param_id","eir_equil","sig_het","ff","trial_duration","trial_PQ_eff_stratum_1","trial_PQ_eff_stratum_2","trial_PQ_prop_stratum_1","trial_PQ_prop_stratum_2","trial_PQ_proph","is_LLIN_distributed","is_IRS_administered","eff_cph_recurrent_LM","eff_cph_recurrent_PCR","eff_cph_any_relapse_LM","eff_cph_any_relapse_PCR","eff_cph_relapse_LM_trial","eff_cph_relapse_PCR_trial","eff_cph_relapse_LM_all","eff_cph_relapse_PCR_all","eff_incid_recurrent_PCR","eff_incid_recurrent_LM","eff_incid_recurrent_D","eff_incid_any_relapse_PCR","eff_incid_any_relapse_LM","eff_incid_any_relapse_D","eff_incid_relapse_PCR","eff_incid_relapse_LM","eff_incid_relapse_D","eff_risk_relapse_PCR","eff_risk_relapse_LM","eff_risk_relapse_D"
1508,100,0,0.01538462,180,1,0,0.75,0.25,45,1,0,0.416196321054048,0.427651428598461,0.539752644094638,0.666734762279148,0.654436284882359,0.736258343050311,0.814999278031576,0.912660861415444,0.450183737901765,0.607231149567367,0.529411764705882,0.599102354417862,0.673913043478261,0.857142857142857,0.757161503056949,0.792390405293631,0.888888888888889,0.747729566094854,0.790645879732739,0.866666666666667
1509,100,0,0.01538462,180,1,0,0.75,0.25,45,1,0,0.363056235902015,0.431729327927165,0.533781928722553,0.637831117322226,0.651819243806651,0.739510361685569,0.770848469787777,0.901408113312727,0.4616988595866,0.566857868020305,0.580550724637681,0.606041793284562,0.639374169040836,0.605441860465116,0.744099108830678,0.758575809199319,0.616153846153846,0.742654508611955,0.758139534883721,0.653846153846154
151,0.1,0,0.01538462,180,1,0,0.75,0.25,28,1,0,0.835807912496364,0.850386137319045,0.836842252020791,0.85047710361731,0.838734843913725,0.852353678685535,0.841056391426533,0.846151606594686,0.746717083786725,0.746679925419515,0.757468208092485,0.749019704433498,0.748844277673546,0.760426076833527,0.760965346534654,0.761245283018868,0.776831578947368,0.778523489932886,0.778242677824268,0.797020484171322
