"param_id","eir_equil","sig_het","ff","trial_duration","trial_PQ_eff_stratum_1","trial_PQ_eff_stratum_2","trial_PQ_prop_stratum_1","trial_PQ_prop_stratum_2","trial_PQ_proph","is_LLIN_distributed","is_IRS_administered","eff_cph_recurrent_LM","eff_cph_recurrent_PCR","eff_cph_any_relapse_LM","eff_cph_any_relapse_PCR","eff_cph_relapse_LM_trial","eff_cph_relapse_PCR_trial","eff_cph_relapse_LM_all","eff_cph_relapse_PCR_all","eff_incid_recurrent_PCR","eff_incid_recurrent_LM","eff_incid_recurrent_D","eff_incid_any_relapse_PCR","eff_incid_any_relapse_LM","eff_incid_any_relapse_D","eff_incid_relapse_PCR","eff_incid_relapse_LM","eff_incid_relapse_D","eff_risk_relapse_PCR","eff_risk_relapse_LM","eff_risk_relapse_D"
1292,10,0,0.01538462,180,1,0,0.75,0.25,45,1,0,0.62582637201011,0.679290172145592,0.690067801449413,0.76305591221331,0.753603099988253,0.808287104671034,0.803685279603583,0.911903196505974,0.681479253823469,0.746648854961832,0.75025,0.734495188636016,0.784802228412256,0.737105263157895,0.770247465034965,0.802718487394958,0.764941176470588,0.762917933130699,0.805405405405405,0.75
1293,10,0,0.01538462,180,1,0,0.75,0.25,45,1,0,0.487814342987959,0.695814637298386,0.508083281520478,0.76490220634106,0.555491376101595,0.822189627800058,0.811246963661558,0.913774419109259,0.694038014494735,0.791208791208791,0.619047619047619,0.746069302396581,0.822535211267606,0.6875,0.786737724969422,0.838362068965517,0.8,0.765957446808511,0.83,0.785714285714286
1294,10,0,0.01538462,180,1,0,0.75,0.25,45,1,0,0.500516698225349,0.707652443734097,0.500239112309571,0.790891503144414,0.595421415524619,0.844782227277454,0.790750607366534,0.920480391152743,0.700179224937963,0.725071169233332,0.761666189521901,0.761150388285392,0.764841113369854,0.777555110220441,0.80078802128494,0.785499570569711,0.799799599198397,0.786437246963563,0.794805194805195,0.8
