"param_id","eir_equil","sig_het","ff","trial_duration","trial_PQ_eff_stratum_1","trial_PQ_eff_stratum_2","trial_PQ_prop_stratum_1","trial_PQ_prop_stratum_2","trial_PQ_proph","is_LLIN_distributed","is_IRS_administered","eff_cph_recurrent_LM","eff_cph_recurrent_PCR","eff_cph_any_relapse_LM","eff_cph_any_relapse_PCR","eff_cph_relapse_LM_trial","eff_cph_relapse_PCR_trial","eff_cph_relapse_LM_all","eff_cph_relapse_PCR_all","eff_incid_recurrent_PCR","eff_incid_recurrent_LM","eff_incid_recurrent_D","eff_incid_any_relapse_PCR","eff_incid_any_relapse_LM","eff_incid_any_relapse_D","eff_incid_relapse_PCR","eff_incid_relapse_LM","eff_incid_relapse_D","eff_risk_relapse_PCR","eff_risk_relapse_LM","eff_risk_relapse_D"
1398,10,0,0.01538462,180,1,0,0.75,0.25,45,1,0,0.682711566710729,0.698858569173323,0.718771822063026,0.776634690064653,0.756320372405238,0.815801518428525,0.80618968658445,0.913884078728513,0.671977742153181,0.732832041875062,0.807499807499807,0.735136172602334,0.751218929301121,0.817999817999818,0.781444709109571,0.781948991881272,0.777555333110889,0.763819095477387,0.808290155440414,0.777777777777778
1399,10,0,0.01538462,180,1,0,0.75,0.25,45,1,0,0.633860558538692,0.708195225514794,0.630069145607753,0.772234581497762,0.694304860549318,0.821925283469974,0.802937470575202,0.898982088097594,0.643833287522884,0.683088740518093,0.684526631895053,0.700544592869275,0.720440601082527,0.706176765000294,0.740418289941928,0.755004724769562,0.667000333667,0.733265720081136,0.792746113989637,0.666666666666667
14,0.1,0,0.01538462,180,1,0,0.75,0.25,28,1,0,0.757245334468772,0.795681750734315,0.768381222365188,0.802820472104765,0.769763958967908,0.805062477345254,0.812126420624196,0.82458586307516,0.65882996172772,0.652255639097744,0.652439024390244,0.663741086121777,0.658076681332495,0.661782661782662,0.68632855567806,0.68204804045512,0.696560196560197,0.741978609625668,0.734550561797753,0.730382293762575
