"param_id","eir_equil","sig_het","ff","trial_duration","trial_PQ_eff_stratum_1","trial_PQ_eff_stratum_2","trial_PQ_prop_stratum_1","trial_PQ_prop_stratum_2","trial_PQ_proph","is_LLIN_distributed","is_IRS_administered","eff_cph_recurrent_LM","eff_cph_recurrent_PCR","eff_cph_any_relapse_LM","eff_cph_any_relapse_PCR","eff_cph_relapse_LM_trial","eff_cph_relapse_PCR_trial","eff_cph_relapse_LM_all","eff_cph_relapse_PCR_all","eff_incid_recurrent_PCR","eff_incid_recurrent_LM","eff_incid_recurrent_D","eff_incid_any_relapse_PCR","eff_incid_any_relapse_LM","eff_incid_any_relapse_D","eff_incid_relapse_PCR","eff_incid_relapse_LM","eff_incid_relapse_D","eff_risk_relapse_PCR","eff_risk_relapse_LM","eff_risk_relapse_D"
260,1,0,0.01538462,180,1,0,0.75,0.25,28,1,0,0.727530268245823,0.765757496444232,0.747544444845073,0.792293985247092,0.793781177007733,0.820982322048494,0.843099365625091,0.863949466330602,0.688980489413156,0.679938516338317,0.632726251431287,0.719568449588793,0.708819101466944,0.687187187187187,0.747422959991091,0.741354067428229,0.769681185610389,0.759149940968123,0.768901569186876,0.774509803921569
261,1,0,0.01538462,180,1,0,0.75,0.25,28,1,0,0.713375921589721,0.736345751985618,0.740483975279369,0.768232665476685,0.747735814467159,0.802558990514287,0.838781203673331,0.863718458502008,0.70434550786457,0.7138671875,0.744,0.735897435897436,0.744536940686785,0.776785714285714,0.763992537313433,0.769010863350486,0.763440860215054,0.756302521008403,0.762247838616715,0.756410256410256
262,1,0,0.01538462,180,1,0,0.75,0.25,28,1,0,0.700586684209943,0.72645966005489,0.750387025130759,0.795304134834541,0.802232535607396,0.817247479881114,0.814643328692195,0.852628411004341,0.676396295256806,0.669587628865979,0.712230215827338,0.718591465234258,0.706659328563566,0.763358778625954,0.755628058727569,0.745322872661436,0.819672131147541,0.747318235995232,0.745185185185185,0.807692307692308
