"param_id","eir_equil","sig_het","ff","trial_duration","trial_PQ_eff_stratum_1","trial_PQ_eff_stratum_2","trial_PQ_prop_stratum_1","trial_PQ_prop_stratum_2","trial_PQ_proph","is_LLIN_distributed","is_IRS_administered","eff_cph_recurrent_LM","eff_cph_recurrent_PCR","eff_cph_any_relapse_LM","eff_cph_any_relapse_PCR","eff_cph_relapse_LM_trial","eff_cph_relapse_PCR_trial","eff_cph_relapse_LM_all","eff_cph_relapse_PCR_all","eff_incid_recurrent_PCR","eff_incid_recurrent_LM","eff_incid_recurrent_D","eff_incid_any_relapse_PCR","eff_incid_any_relapse_LM","eff_incid_any_relapse_D","eff_incid_relapse_PCR","eff_incid_relapse_LM","eff_incid_relapse_D","eff_risk_relapse_PCR","eff_risk_relapse_LM","eff_risk_relapse_D"
528,10,0,0.01538462,180,1,0,0.75,0.25,28,1,0,0.550299879946378,0.63062061093898,0.591325054599577,0.741274280061859,0.622478707396304,0.811178558097252,0.767331469533475,0.907774304550343,0.64957797149578,0.707477403451109,0.814814814814815,0.71221468229488,0.74931129476584,0.791666666666667,0.763715323938669,0.780590717299578,0.909090909090909,0.737854251012146,0.744303797468354,0.904761904761905
529,10,0,0.01538462,180,1,0,0.75,0.25,28,1,0,0.616196653605312,0.646445558843593,0.665601080443259,0.742322083093406,0.788084666928236,0.803280031434301,0.801433197154169,0.906707928883487,0.625959018904056,0.691792330930571,0.64964964964965,0.685327760316329,0.717564024642788,0.666332999666333,0.741928744817653,0.773896703721265,0.74974974974975,0.731313131313131,0.77023498694517,0.733333333333333
53,0.1,0,0.01538462,180,1,0,0.75,0.25,28,1,0,0.777787107928532,0.819525114033317,0.777009526795876,0.822490063854565,0.777009526795876,0.82400645165593,0.822547804980152,0.831004938165289,0.714631758830654,0.708696754579847,0.718544950818789,0.716540527201271,0.710835994021835,0.718930753413512,0.732731616789588,0.727981950204172,0.737361123499737,0.743243243243243,0.740793201133144,0.725609756097561
