"param_id","eir_equil","sig_het","ff","trial_duration","trial_PQ_eff_stratum_1","trial_PQ_eff_stratum_2","trial_PQ_prop_stratum_1","trial_PQ_prop_stratum_2","trial_PQ_proph","is_LLIN_distributed","is_IRS_administered","eff_cph_recurrent_LM","eff_cph_recurrent_PCR","eff_cph_any_relapse_LM","eff_cph_any_relapse_PCR","eff_cph_relapse_LM_trial","eff_cph_relapse_PCR_trial","eff_cph_relapse_LM_all","eff_cph_relapse_PCR_all","eff_incid_recurrent_PCR","eff_incid_recurrent_LM","eff_incid_recurrent_D","eff_incid_any_relapse_PCR","eff_incid_any_relapse_LM","eff_incid_any_relapse_D","eff_incid_relapse_PCR","eff_incid_relapse_LM","eff_incid_relapse_D","eff_risk_relapse_PCR","eff_risk_relapse_LM","eff_risk_relapse_D"
533,10,0,0.01538462,180,1,0,0.75,0.25,28,1,0,0.664140420456448,0.652828012057139,0.707393910526801,0.753184583291835,0.697284944942542,0.804455695651123,0.825781202422357,0.912790441969633,0.635481586402266,0.737458193979933,0.833333333333333,0.702608969811618,0.774074074074074,0.833333333333333,0.759429246569117,0.811440677966102,0.833333333333333,0.750505050505051,0.810679611650485,0.833333333333333
534,10,0,0.01538462,180,1,0,0.75,0.25,28,1,0,0.563693942306635,0.627704816518862,0.64109571061397,0.738495698998231,0.628171029626185,0.781378334358849,0.781430170504478,0.900435929310962,0.629158709045081,0.715692023384331,0.411175881764117,0.689528687363516,0.752142199560938,0.436936936936937,0.732849498107714,0.77182222313952,0.460999460999461,0.729292929292929,0.772020725388601,0.538461538461538
535,10,0,0.01538462,180,1,0,0.75,0.25,28,1,0,0.566400834804373,0.663488096954031,0.623318541428716,0.758773655418347,0.667776957026336,0.828876919868776,0.81601342568344,0.910525693809549,0.651112954514033,0.683510638297872,0.736842105263158,0.712839925834363,0.711309523809524,0.705882352941176,0.770529479360028,0.740068104426788,0.666666666666667,0.747967479674797,0.780927835051546,0.733333333333333
