"param_id","eir_equil","sig_het","ff","trial_duration","trial_PQ_eff_stratum_1","trial_PQ_eff_stratum_2","trial_PQ_prop_stratum_1","trial_PQ_prop_stratum_2","trial_PQ_proph","is_LLIN_distributed","is_IRS_administered","eff_cph_recurrent_LM","eff_cph_recurrent_PCR","eff_cph_any_relapse_LM","eff_cph_any_relapse_PCR","eff_cph_relapse_LM_trial","eff_cph_relapse_PCR_trial","eff_cph_relapse_LM_all","eff_cph_relapse_PCR_all","eff_incid_recurrent_PCR","eff_incid_recurrent_LM","eff_incid_recurrent_D","eff_incid_any_relapse_PCR","eff_incid_any_relapse_LM","eff_incid_any_relapse_D","eff_incid_relapse_PCR","eff_incid_relapse_LM","eff_incid_relapse_D","eff_risk_relapse_PCR","eff_risk_relapse_LM","eff_risk_relapse_D"
1308,10,0,0.01538462,180,1,0,0.75,0.25,45,1,0,0.675958020010727,0.713648708093786,0.686500120854781,0.762839767601537,0.769880075338035,0.806003713177926,0.810218504481371,0.899790330865265,0.646380900773496,0.699659962844891,0.520780691818419,0.703991216819771,0.725148082498009,0.549098196392786,0.741164064113761,0.745678721276977,0.736314734732623,0.731707317073171,0.779126213592233,0.722222222222222
1309,10,0,0.01538462,180,1,0,0.75,0.25,45,1,0,0.535279659563634,0.707343945038068,0.590618490434457,0.768044917879796,0.587045656489212,0.806114697396127,0.743313531912181,0.893548916828005,0.643421875754886,0.687812812812813,0.5338004671338,0.698953940463374,0.721479465913154,0.500500500500501,0.735954366394883,0.743335805351309,0.636727636727637,0.71501014198783,0.725593667546174,0.636363636363636
131,0.1,0,0.01538462,180,1,0,0.75,0.25,28,1,0,0.820770649510748,0.844227587315199,0.823097252949312,0.844113676803405,0.824075553287728,0.847271733859343,0.82626463592782,0.832457807692605,0.747660849497243,0.746524875390855,0.767493655024217,0.747086021595825,0.746179383014662,0.769094247621855,0.758651932564976,0.757769541942204,0.787441762750405,0.751733703190014,0.75366568914956,0.784114052953157
