"param_id","eir_equil","sig_het","ff","trial_duration","trial_PQ_eff_stratum_1","trial_PQ_eff_stratum_2","trial_PQ_prop_stratum_1","trial_PQ_prop_stratum_2","trial_PQ_proph","is_LLIN_distributed","is_IRS_administered","eff_cph_recurrent_LM","eff_cph_recurrent_PCR","eff_cph_any_relapse_LM","eff_cph_any_relapse_PCR","eff_cph_relapse_LM_trial","eff_cph_relapse_PCR_trial","eff_cph_relapse_LM_all","eff_cph_relapse_PCR_all","eff_incid_recurrent_PCR","eff_incid_recurrent_LM","eff_incid_recurrent_D","eff_incid_any_relapse_PCR","eff_incid_any_relapse_LM","eff_incid_any_relapse_D","eff_incid_relapse_PCR","eff_incid_relapse_LM","eff_incid_relapse_D","eff_risk_relapse_PCR","eff_risk_relapse_LM","eff_risk_relapse_D"
1043,1,0,0.01538462,180,1,0,0.75,0.25,45,1,0,0.680638656735368,0.736050110103738,0.755229877388473,0.79290758659393,0.799507964327263,0.811201353076627,0.825798765735033,0.861026033170034,0.684259629101284,0.666592891760905,0.741518518518518,0.719641056787124,0.710161123853211,0.768696,0.746458278145695,0.741356155778894,0.832362831858407,0.759951749095296,0.754887218045113,0.83
1044,1,0,0.01538462,180,1,0,0.75,0.25,45,1,0,0.716014789825949,0.743574630941156,0.760559452010303,0.792518234130158,0.788124053662116,0.808299681966214,0.82442250951517,0.858375865001306,0.69493636534835,0.696676485199333,0.785664859490363,0.728654922203309,0.735074836606317,0.818545818545819,0.744915312907294,0.752204097331348,0.852148444741037,0.753026634382567,0.748520710059172,0.844036697247706
1045,1,0,0.01538462,180,1,0,0.75,0.25,45,1,0,0.686402524163854,0.782727913490223,0.704467265816278,0.808343661163715,0.730204744338121,0.817473090441767,0.836604923220461,0.86184656751601,0.693585337915235,0.716457023060797,0.676923076923077,0.720809071406681,0.74025974025974,0.694214876033058,0.732379979570991,0.752830188679245,0.673076923076923,0.755053507728894,0.762589928057554,0.670103092783505
