"param_id","eir_equil","sig_het","ff","trial_duration","trial_PQ_eff_stratum_1","trial_PQ_eff_stratum_2","trial_PQ_prop_stratum_1","trial_PQ_prop_stratum_2","trial_PQ_proph","is_LLIN_distributed","is_IRS_administered","eff_cph_recurrent_LM","eff_cph_recurrent_PCR","eff_cph_any_relapse_LM","eff_cph_any_relapse_PCR","eff_cph_relapse_LM_trial","eff_cph_relapse_PCR_trial","eff_cph_relapse_LM_all","eff_cph_relapse_PCR_all","eff_incid_recurrent_PCR","eff_incid_recurrent_LM","eff_incid_recurrent_D","eff_incid_any_relapse_PCR","eff_incid_any_relapse_LM","eff_incid_any_relapse_D","eff_incid_relapse_PCR","eff_incid_relapse_LM","eff_incid_relapse_D","eff_risk_relapse_PCR","eff_risk_relapse_LM","eff_risk_relapse_D"
1113,1,0,0.01538462,180,1,0,0.75,0.25,45,1,0,0.623324543241159,0.721872674298317,0.673149346065259,0.768277234004836,0.701048978349579,0.782777084721482,0.822030564852374,0.848938017732345,0.691125290023202,0.684182305630027,0.626865671641791,0.726485148514851,0.718535469107552,0.645161290322581,0.746835443037975,0.737341772151899,0.658119658119658,0.745098039215686,0.7518573551263,0.642857142857143
1114,1,0,0.01538462,180,1,0,0.75,0.25,45,1,0,0.702515543624279,0.749923984433371,0.748700606712875,0.787157219710492,0.785122312666437,0.811533057446205,0.831285317329019,0.858423387408319,0.695751354433989,0.696954052658751,0.630252100840336,0.727932285368803,0.726677577741408,0.672727272727273,0.752120026092629,0.750294464075383,0.728155339805825,0.755924170616114,0.760461760461761,0.741935483870968
1115,1,0,0.01538462,180,1,0,0.75,0.25,45,1,0,0.633369198777504,0.708013663993116,0.693738862401706,0.768587438651072,0.752947975233399,0.804360640533915,0.829582952001285,0.873794597833641,0.692285549798503,0.661530286928799,0.6015625,0.730627306273063,0.702733485193622,0.683333333333333,0.757190635451505,0.726474278544542,0.714285714285714,0.781622911694511,0.769578313253012,0.754901960784314
