"param_id","eir_equil","sig_het","ff","trial_duration","trial_PQ_eff_stratum_1","trial_PQ_eff_stratum_2","trial_PQ_prop_stratum_1","trial_PQ_prop_stratum_2","trial_PQ_proph","is_LLIN_distributed","is_IRS_administered","eff_cph_recurrent_LM","eff_cph_recurrent_PCR","eff_cph_any_relapse_LM","eff_cph_any_relapse_PCR","eff_cph_relapse_LM_trial","eff_cph_relapse_PCR_trial","eff_cph_relapse_LM_all","eff_cph_relapse_PCR_all","eff_incid_recurrent_PCR","eff_incid_recurrent_LM","eff_incid_recurrent_D","eff_incid_any_relapse_PCR","eff_incid_any_relapse_LM","eff_incid_any_relapse_D","eff_incid_relapse_PCR","eff_incid_relapse_LM","eff_incid_relapse_D","eff_risk_relapse_PCR","eff_risk_relapse_LM","eff_risk_relapse_D"
110,0.1,0,0.01538462,180,1,0,0.75,0.25,28,1,0,0.814235648255109,0.837058213612378,0.816126297273786,0.837715130633321,0.81831560726291,0.840353632809021,0.834556913307517,0.841376284610239,0.744877551020408,0.743399002493766,0.75025,0.74844925124792,0.747278647463995,0.75263995215311,0.761930957683742,0.762651162790698,0.776003597122302,0.764864864864865,0.767241379310345,0.784046692607004
1100,1,0,0.01538462,180,1,0,0.75,0.25,45,1,0,0.702707146881214,0.76210571765267,0.73313709706668,0.790520885595858,0.747009567053138,0.807530361223305,0.829744037344758,0.863127582429448,0.700454855526105,0.691569742331164,0.694350839389007,0.730971629327384,0.719370976856007,0.751817933636115,0.75463744994995,0.742139277022998,0.774549324098874,0.760191846522782,0.763081395348837,0.761904761904762
1101,1,0,0.01538462,180,1,0,0.75,0.25,45,1,0,0.684351810565889,0.75143801585938,0.729512071671408,0.799432320719361,0.774509726522071,0.834993056541129,0.844084559974789,0.865415888668093,0.7312366745681,0.73702026350675,0.739756563285975,0.76554412632844,0.774089999089999,0.761301124132983,0.79767927098888,0.81061920816522,0.823706059000177,0.764775413711584,0.788321167883212,0.822222222222222
