"param_id","eir_equil","sig_het","ff","trial_duration","trial_PQ_eff_stratum_1","trial_PQ_eff_stratum_2","trial_PQ_prop_stratum_1","trial_PQ_prop_stratum_2","trial_PQ_proph","is_LLIN_distributed","is_IRS_administered","eff_cph_recurrent_LM","eff_cph_recurrent_PCR","eff_cph_any_relapse_LM","eff_cph_any_relapse_PCR","eff_cph_relapse_LM_trial","eff_cph_relapse_PCR_trial","eff_cph_relapse_LM_all","eff_cph_relapse_PCR_all","eff_incid_recurrent_PCR","eff_incid_recurrent_LM","eff_incid_recurrent_D","eff_incid_any_relapse_PCR","eff_incid_any_relapse_LM","eff_incid_any_relapse_D","eff_incid_relapse_PCR","eff_incid_relapse_LM","eff_incid_relapse_D","eff_risk_relapse_PCR","eff_risk_relapse_LM","eff_risk_relapse_D"
390,1,0,0.01538462,180,1,0,0.75,0.25,28,1,0,0.696750633003747,0.752641832484426,0.750878726020451,0.802784142416958,0.790934205688437,0.827788272535573,0.819628031516321,0.859532439594037,0.678270960255294,0.654033567948024,0.738461538461539,0.711193568336425,0.689476710753306,0.777777777777778,0.741089441829186,0.723791588198368,0.811965811965812,0.75263774912075,0.75036496350365,0.788461538461538
391,1,0,0.01538462,180,1,0,0.75,0.25,28,1,0,0.632241166040074,0.728601508754484,0.692444296503314,0.786021159814758,0.70086554355597,0.794984067508125,0.813934857145818,0.859774837203625,0.657090325365258,0.622598722248675,0.690867028173995,0.696193944308851,0.659859075134748,0.733604305384963,0.725474474569506,0.686850716358089,0.741120171377237,0.745939675174014,0.736011477761837,0.697916666666667
392,1,0,0.01538462,180,1,0,0.75,0.25,28,1,0,0.647387973677044,0.727705114163233,0.677887293022146,0.753240214167774,0.721500163400121,0.784516378218802,0.81102078635681,0.849656117714753,0.685511363636364,0.68179419525066,0.729166666666667,0.720747889022919,0.714365567356065,0.759398496240602,0.75445994161531,0.743636363636364,0.770491803278688,0.75,0.745588235294118,0.79646017699115
