"param_id","eir_equil","sig_het","ff","trial_duration","trial_PQ_eff_stratum_1","trial_PQ_eff_stratum_2","trial_PQ_prop_stratum_1","trial_PQ_prop_stratum_2","trial_PQ_proph","is_LLIN_distributed","is_IRS_administered","eff_cph_recurrent_LM","eff_cph_recurrent_PCR","eff_cph_any_relapse_LM","eff_cph_any_relapse_PCR","eff_cph_relapse_LM_trial","eff_cph_relapse_PCR_trial","eff_cph_relapse_LM_all","eff_cph_relapse_PCR_all","eff_incid_recurrent_PCR","eff_incid_recurrent_LM","eff_incid_recurrent_D","eff_incid_any_relapse_PCR","eff_incid_any_relapse_LM","eff_incid_any_relapse_D","eff_incid_relapse_PCR","eff_incid_relapse_LM","eff_incid_relapse_D","eff_risk_relapse_PCR","eff_risk_relapse_LM","eff_risk_relapse_D"
1243,10,0,0.01538462,180,1,0,0.75,0.25,45,1,0,0.701066961712694,0.696350790188843,0.729368388637915,0.756797213869465,0.786900246360419,0.830552457804929,0.829625345151682,0.91032606647533,0.66635687732342,0.739917695473251,0.88,0.722412556768385,0.764814814814815,0.956521739130435,0.763417103930774,0.778732545649839,0.941176470588235,0.753036437246964,0.817042606516291,0.9375
1244,10,0,0.01538462,180,1,0,0.75,0.25,45,1,0,0.64754845676279,0.707258459490317,0.673933269639362,0.771336956625926,0.641921221917891,0.810293059121638,0.795596718202422,0.905999368613641,0.675522346755223,0.761016949152542,0.769230769230769,0.729205175600739,0.774436090225564,0.8,0.768560872624912,0.805496828752643,0.818181818181818,0.741379310344828,0.785529715762274,0.80952380952381
1245,10,0,0.01538462,180,1,0,0.75,0.25,45,1,0,0.630405509674951,0.693827294799327,0.669866428547707,0.776180409813178,0.69710279023203,0.823592801575854,0.77079355449005,0.906749910185118,0.663103489349776,0.731174955595027,0.909181818181818,0.717568785134291,0.75025,0.904857142857143,0.75047391070468,0.761550904977376,0.9445,0.741152679474216,0.753351206434316,0.944444444444444
