"param_id","eir_equil","sig_het","ff","trial_duration","trial_PQ_eff_stratum_1","trial_PQ_eff_stratum_2","trial_PQ_prop_stratum_1","trial_PQ_prop_stratum_2","trial_PQ_proph","is_LLIN_distributed","is_IRS_administered","eff_cph_recurrent_LM","eff_cph_recurrent_PCR","eff_cph_any_relapse_LM","eff_cph_any_relapse_PCR","eff_cph_relapse_LM_trial","eff_cph_relapse_PCR_trial","eff_cph_relapse_LM_all","eff_cph_relapse_PCR_all","eff_incid_recurrent_PCR","eff_incid_recurrent_LM","eff_incid_recurrent_D","eff_incid_any_relapse_PCR","eff_incid_any_relapse_LM","eff_incid_any_relapse_D","eff_incid_relapse_PCR","eff_incid_relapse_LM","eff_incid_relapse_D","eff_risk_relapse_PCR","eff_risk_relapse_LM","eff_risk_relapse_D"
1010,1,0,0.01538462,180,1,0,0.75,0.25,45,1,0,0.66124176484807,0.735287405059144,0.679891991576627,0.761431697051346,0.730839972909438,0.787180754013868,0.805485694913455,0.833531360953013,0.682238588630636,0.67764857881137,0.687648854961832,0.713448502994012,0.707444690265487,0.68064,0.745424604455925,0.742721822541967,0.70748275862069,0.72496984318456,0.730205278592375,0.730769230769231
1011,1,0,0.01538462,180,1,0,0.75,0.25,45,1,0,0.700610383085272,0.750059476653779,0.752912521497935,0.79347288674051,0.762507407778787,0.804717315016434,0.825819581581001,0.856614742640327,0.702651262916188,0.700195173137461,0.685798387096774,0.7377625,0.731102965864578,0.726769230769231,0.760385021445068,0.748288217522659,0.757,0.752392344497608,0.753979739507959,0.767676767676768
1012,1,0,0.01538462,180,1,0,0.75,0.25,45,1,0,0.630888086661083,0.713521421510479,0.658004872498788,0.736245195527696,0.723341367908894,0.772109966126759,0.807000179123337,0.84109651726921,0.664269580287985,0.667246933803539,0.663612940166046,0.692706491414201,0.69313627254509,0.722521967010945,0.713570235312555,0.716530231434579,0.755608778532675,0.735894357743097,0.737226277372263,0.764150943396226
