"param_id","eir_equil","sig_het","ff","trial_duration","trial_PQ_eff_stratum_1","trial_PQ_eff_stratum_2","trial_PQ_prop_stratum_1","trial_PQ_prop_stratum_2","trial_PQ_proph","is_LLIN_distributed","is_IRS_administered","eff_cph_recurrent_LM","eff_cph_recurrent_PCR","eff_cph_any_relapse_LM","eff_cph_any_relapse_PCR","eff_cph_relapse_LM_trial","eff_cph_relapse_PCR_trial","eff_cph_relapse_LM_all","eff_cph_relapse_PCR_all","eff_incid_recurrent_PCR","eff_incid_recurrent_LM","eff_incid_recurrent_D","eff_incid_any_relapse_PCR","eff_incid_any_relapse_LM","eff_incid_any_relapse_D","eff_incid_relapse_PCR","eff_incid_relapse_LM","eff_incid_relapse_D","eff_risk_relapse_PCR","eff_risk_relapse_LM","eff_risk_relapse_D"
1284,10,0,0.01538462,180,1,0,0.75,0.25,45,1,0,0.597709892072621,0.70327107289491,0.629713685315132,0.76847956721615,0.633607627318334,0.821169281505989,0.769985798447138,0.913136806773779,0.67956344080397,0.744978947751911,0.695347521434478,0.737546285994671,0.76553991850359,0.726999726999727,0.778182621810385,0.788228795862384,0.74974974974975,0.766497461928934,0.762273901808786,0.75
1285,10,0,0.01538462,180,1,0,0.75,0.25,45,1,0,0.479693766726069,0.687869219190867,0.507486623704603,0.757624936740164,0.523699660223485,0.808274771133241,0.760037965368582,0.90204167293506,0.651942224091993,0.686995515695067,0.708333333333333,0.711940879035395,0.716885743174924,0.857142857142857,0.751960784313725,0.72938443670151,0.894736842105263,0.743147208121827,0.758354755784062,0.894736842105263
1286,10,0,0.01538462,180,1,0,0.75,0.25,45,1,0,0.67009687819026,0.717663282866887,0.711715849474949,0.794512915952001,0.744585345933805,0.848053070074664,0.799977468411011,0.917132311204472,0.657122507122507,0.666025024061598,0.727272727272727,0.718720228644014,0.713375796178344,0.758620689655172,0.764498006524103,0.735042735042735,0.75,0.766129032258065,0.779840848806366,0.772727272727273
