"param_id","eir_equil","sig_het","ff","trial_duration","trial_PQ_eff_stratum_1","trial_PQ_eff_stratum_2","trial_PQ_prop_stratum_1","trial_PQ_prop_stratum_2","trial_PQ_proph","is_LLIN_distributed","is_IRS_administered","eff_cph_recurrent_LM","eff_cph_recurrent_PCR","eff_cph_any_relapse_LM","eff_cph_any_relapse_PCR","eff_cph_relapse_LM_trial","eff_cph_relapse_PCR_trial","eff_cph_relapse_LM_all","eff_cph_relapse_PCR_all","eff_incid_recurrent_PCR","eff_incid_recurrent_LM","eff_incid_recurrent_D","eff_incid_any_relapse_PCR","eff_incid_any_relapse_LM","eff_incid_any_relapse_D","eff_incid_relapse_PCR","eff_incid_relapse_LM","eff_incid_relapse_D","eff_risk_relapse_PCR","eff_risk_relapse_LM","eff_risk_relapse_D"
422,10,0,0.01538462,180,1,0,0.75,0.25,28,1,0,0.638581967162703,0.640690574965289,0.70586558642745,0.740298339646484,0.708860693171212,0.799018687605651,0.766989535232723,0.90228063657411,0.636536430834213,0.718722271517303,0.681818181818182,0.698061591370955,0.74604743083004,0.8,0.752592062924562,0.775919732441471,0.888888888888889,0.74216380182002,0.750684931506849,0.888888888888889
423,10,0,0.01538462,180,1,0,0.75,0.25,28,1,0,0.567632853412645,0.647438342952043,0.67041515761499,0.740913410035737,0.743724703501131,0.794970688351856,0.767367434601687,0.897191556890037,0.644532046489499,0.727199354317998,0.875,0.700037893141341,0.751336898395722,0.833333333333333,0.7507426175083,0.790224032586558,0.823529411764706,0.730496453900709,0.760309278350515,0.823529411764706
424,10,0,0.01538462,180,1,0,0.75,0.25,28,1,0,0.644338121546062,0.63098101161702,0.7191443622841,0.724672760099189,0.739969247902428,0.776997533298699,0.788779954579574,0.892421260282679,0.618335684062059,0.69485614646905,0.870967741935484,0.675639721417951,0.725790987535954,0.931034482758621,0.723794125572622,0.751895991332611,0.925925925925926,0.722222222222222,0.784263959390863,0.923076923076923
