"param_id","eir_equil","sig_het","ff","trial_duration","trial_PQ_eff_stratum_1","trial_PQ_eff_stratum_2","trial_PQ_prop_stratum_1","trial_PQ_prop_stratum_2","trial_PQ_proph","is_LLIN_distributed","is_IRS_administered","eff_cph_recurrent_LM","eff_cph_recurrent_PCR","eff_cph_any_relapse_LM","eff_cph_any_relapse_PCR","eff_cph_relapse_LM_trial","eff_cph_relapse_PCR_trial","eff_cph_relapse_LM_all","eff_cph_relapse_PCR_all","eff_incid_recurrent_PCR","eff_incid_recurrent_LM","eff_incid_recurrent_D","eff_incid_any_relapse_PCR","eff_incid_any_relapse_LM","eff_incid_any_relapse_D","eff_incid_relapse_PCR","eff_incid_relapse_LM","eff_incid_relapse_D","eff_risk_relapse_PCR","eff_risk_relapse_LM","eff_risk_relapse_D"
1373,10,0,0.01538462,180,1,0,0.75,0.25,45,1,0,0.613302230048694,0.679912083803451,0.640193241956154,0.740706012554947,0.6281800847207,0.78602150868508,0.794285246856064,0.896385796342664,0.641820212171971,0.727502102607233,0.821428571428571,0.698409002716337,0.764651162790698,0.88,0.734114909611598,0.772921108742004,0.863636363636364,0.729757085020243,0.797530864197531,0.857142857142857
1374,10,0,0.01538462,180,1,0,0.75,0.25,45,1,0,0.620213627168553,0.729570386059274,0.66398389829929,0.789928891724062,0.682934504406335,0.828947011355495,0.766645439390254,0.911611246114341,0.669619073794146,0.729009023789992,0.9002,0.728137619594336,0.753905368516834,0.896758620689655,0.768055065116686,0.770012513034411,0.88024,0.751515151515151,0.753351206434316,0.875
1375,10,0,0.01538462,180,1,0,0.75,0.25,45,1,0,0.460619208469632,0.66431873883691,0.502950840210221,0.74025747521759,0.54566552117516,0.800108047139731,0.816719500692887,0.903806037450989,0.661054276783177,0.703068592057762,0.736842105263158,0.718799618926643,0.739,0.722222222222222,0.761991114334935,0.77662037037037,0.8125,0.745436105476673,0.823376623376623,0.8125
