"param_id","eir_equil","sig_het","ff","trial_duration","trial_PQ_eff_stratum_1","trial_PQ_eff_stratum_2","trial_PQ_prop_stratum_1","trial_PQ_prop_stratum_2","trial_PQ_proph","is_LLIN_distributed","is_IRS_administered","eff_cph_recurrent_LM","eff_cph_recurrent_PCR","eff_cph_any_relapse_LM","eff_cph_any_relapse_PCR","eff_cph_relapse_LM_trial","eff_cph_relapse_PCR_trial","eff_cph_relapse_LM_all","eff_cph_relapse_PCR_all","eff_incid_recurrent_PCR","eff_incid_recurrent_LM","eff_incid_recurrent_D","eff_incid_any_relapse_PCR","eff_incid_any_relapse_LM","eff_incid_any_relapse_D","eff_incid_relapse_PCR","eff_incid_relapse_LM","eff_incid_relapse_D","eff_risk_relapse_PCR","eff_risk_relapse_LM","eff_risk_relapse_D"
1562,100,0,0.01538462,180,1,0,0.75,0.25,45,1,0,0.408134485462091,0.379299454411633,0.494082892846638,0.625908903053352,0.633012049759452,0.682620352219203,0.757658062699154,0.902222820702092,0.443839158092998,0.559124204962132,0.788249576075227,0.592688436015471,0.622065315738977,0.713999427426281,0.742764578392779,0.748786997071065,0.666332665330661,0.73313192346425,0.736585365853659,0.642857142857143
1563,100,0,0.01538462,180,1,0,0.75,0.25,45,1,0,0.40033406144322,0.457347605593937,0.526143097429177,0.651041878479671,0.729639125088511,0.759591748676376,0.833241658743955,0.920823527035114,0.45820608726607,0.60693579944971,0.58375,0.612881880905955,0.694369863013699,0.72368085106383,0.781886575638773,0.84114262295082,0.92008,0.764587525150905,0.805936073059361,0.909090909090909
1564,100,0,0.01538462,180,1,0,0.75,0.25,45,1,0,0.422939372213532,0.38668103667179,0.51739625667964,0.666648049916558,0.687425639009889,0.759301622409625,0.832848327157301,0.915495573939437,0.460965496058155,0.628148148148148,0.5,0.616628436054601,0.692650334075724,0.552631578947368,0.774499690530225,0.833333333333333,0.8125,0.760606060606061,0.8207343412527,0.8125
