"param_id","eir_equil","sig_het","ff","trial_duration","trial_PQ_eff_stratum_1","trial_PQ_eff_stratum_2","trial_PQ_prop_stratum_1","trial_PQ_prop_stratum_2","trial_PQ_proph","is_LLIN_distributed","is_IRS_administered","eff_cph_recurrent_LM","eff_cph_recurrent_PCR","eff_cph_any_relapse_LM","eff_cph_any_relapse_PCR","eff_cph_relapse_LM_trial","eff_cph_relapse_PCR_trial","eff_cph_relapse_LM_all","eff_cph_relapse_PCR_all","eff_incid_recurrent_PCR","eff_incid_recurrent_LM","eff_incid_recurrent_D","eff_incid_any_relapse_PCR","eff_incid_any_relapse_LM","eff_incid_any_relapse_D","eff_incid_relapse_PCR","eff_incid_relapse_LM","eff_incid_relapse_D","eff_risk_relapse_PCR","eff_risk_relapse_LM","eff_risk_relapse_D"
347,1,0,0.01538462,180,1,0,0.75,0.25,28,1,0,0.672600121169486,0.740784349166262,0.714401342381855,0.78640354421648,0.755731357753912,0.814825202174851,0.83355315645688,0.865882301488751,0.687342127420713,0.666152263374486,0.673758865248227,0.727272727272727,0.70840197693575,0.725190839694656,0.762321660181582,0.748948948948949,0.789915966386555,0.770432692307692,0.767004341534009,0.785046728971963
348,1,0,0.01538462,180,1,0,0.75,0.25,28,1,0,0.671920726509352,0.736702029056719,0.70116560142032,0.782661193322377,0.746781618206066,0.805987972789242,0.821862680701845,0.85260765328712,0.672198096220794,0.678431940489764,0.609903630790994,0.705250464763161,0.708562154183435,0.655655310621242,0.73418604237102,0.741868764266501,0.683894103997469,0.748815165876777,0.751803751803752,0.68
349,1,0,0.01538462,180,1,0,0.75,0.25,28,1,0,0.667400754025156,0.714562018190216,0.715029308884028,0.753800996949201,0.741565122003808,0.783844208250066,0.787308784351288,0.831531345640453,0.632755072037636,0.629569892473118,0.729032258064516,0.661144107533604,0.651601830663616,0.73469387755102,0.697972972972973,0.69047619047619,0.733333333333333,0.711003627569528,0.69969512195122,0.743589743589744
