"param_id","eir_equil","sig_het","ff","trial_duration","trial_PQ_eff_stratum_1","trial_PQ_eff_stratum_2","trial_PQ_prop_stratum_1","trial_PQ_prop_stratum_2","trial_PQ_proph","is_LLIN_distributed","is_IRS_administered","eff_cph_recurrent_LM","eff_cph_recurrent_PCR","eff_cph_any_relapse_LM","eff_cph_any_relapse_PCR","eff_cph_relapse_LM_trial","eff_cph_relapse_PCR_trial","eff_cph_relapse_LM_all","eff_cph_relapse_PCR_all","eff_incid_recurrent_PCR","eff_incid_recurrent_LM","eff_incid_recurrent_D","eff_incid_any_relapse_PCR","eff_incid_any_relapse_LM","eff_incid_any_relapse_D","eff_incid_relapse_PCR","eff_incid_relapse_LM","eff_incid_relapse_D","eff_risk_relapse_PCR","eff_risk_relapse_LM","eff_risk_relapse_D"
839,0.1,0,0.01538462,180,1,0,0.75,0.25,45,1,0,0.804594052905475,0.817895421970636,0.804324022135973,0.819967837255015,0.807542472202399,0.823483498756394,0.817823962330698,0.827631832727958,0.701941475126425,0.698898410307806,0.710727562579414,0.704334515174048,0.699994796019261,0.712324247757319,0.717465597935182,0.713255972629052,0.732471454505353,0.744310575635877,0.742253521126761,0.72865275142315
84,0.1,0,0.01538462,180,1,0,0.75,0.25,28,1,0,0.809099428993832,0.838600226764239,0.814626024462412,0.842796986705919,0.816070148355107,0.843523974974046,0.842828914201094,0.847315297467137,0.771215598553728,0.775119299524806,0.771369002138233,0.772802769473136,0.776298583580442,0.774388860984353,0.788324774412699,0.793244125737829,0.797897660130439,0.777173913043478,0.779036827195467,0.790697674418605
840,0.1,0,0.01538462,180,1,0,0.75,0.25,45,1,0,0.795407068197975,0.814620105898795,0.799653318368967,0.819654074559534,0.799659314767622,0.819833611088934,0.812448934291958,0.82197941359915,0.692924365413448,0.692195371992068,0.735864100845605,0.693985972800462,0.692147390357109,0.736382345077997,0.702585068438727,0.702666584109883,0.754118207983545,0.728971962616823,0.727785613540197,0.754491017964072
