"param_id","eir_equil","sig_het","ff","trial_duration","trial_PQ_eff_stratum_1","trial_PQ_eff_stratum_2","trial_PQ_prop_stratum_1","trial_PQ_prop_stratum_2","trial_PQ_proph","is_LLIN_distributed","is_IRS_administered","eff_cph_recurrent_LM","eff_cph_recurrent_PCR","eff_cph_any_relapse_LM","eff_cph_any_relapse_PCR","eff_cph_relapse_LM_trial","eff_cph_relapse_PCR_trial","eff_cph_relapse_LM_all","eff_cph_relapse_PCR_all","eff_incid_recurrent_PCR","eff_incid_recurrent_LM","eff_incid_recurrent_D","eff_incid_any_relapse_PCR","eff_incid_any_relapse_LM","eff_incid_any_relapse_D","eff_incid_relapse_PCR","eff_incid_relapse_LM","eff_incid_relapse_D","eff_risk_relapse_PCR","eff_risk_relapse_LM","eff_risk_relapse_D"
225,1,0,0.01538462,180,1,0,0.75,0.25,28,1,0,0.715720414483638,0.75465271634967,0.743032368285697,0.805348993278639,0.760653011321958,0.822650900185699,0.827835698659477,0.868355106568815,0.698930481283423,0.691457286432161,0.733333333333333,0.731296402055968,0.727517501346257,0.768115942028985,0.75846010555728,0.745562130177515,0.790322580645161,0.761682242990654,0.756521739130435,0.772727272727273
226,1,0,0.01538462,180,1,0,0.75,0.25,28,1,0,0.70836136901805,0.731984730968787,0.759614078438958,0.783846870489792,0.783849514960635,0.803571220774221,0.841854452883416,0.872433635900205,0.695731665228645,0.691620075553157,0.7165,0.734784181483752,0.726705031810295,0.752021276595745,0.769410714285714,0.757761278195489,0.736264,0.766081871345029,0.769679300291545,0.752293577981651
227,1,0,0.01538462,180,1,0,0.75,0.25,28,1,0,0.697320668291695,0.744515888629196,0.7460009646454,0.798799925271187,0.776511577685586,0.820687091005472,0.822595629937287,0.865164697739203,0.687980802507926,0.686007960621704,0.622195210092316,0.728060371173133,0.727810599554086,0.69939879759519,0.754319315228844,0.744933724002974,0.768054627774067,0.754365541327125,0.750724637681159,0.77
