"param_id","eir_equil","sig_het","ff","trial_duration","trial_PQ_eff_stratum_1","trial_PQ_eff_stratum_2","trial_PQ_prop_stratum_1","trial_PQ_prop_stratum_2","trial_PQ_proph","is_LLIN_distributed","is_IRS_administered","eff_cph_recurrent_LM","eff_cph_recurrent_PCR","eff_cph_any_relapse_LM","eff_cph_any_relapse_PCR","eff_cph_relapse_LM_trial","eff_cph_relapse_PCR_trial","eff_cph_relapse_LM_all","eff_cph_relapse_PCR_all","eff_incid_recurrent_PCR","eff_incid_recurrent_LM","eff_incid_recurrent_D","eff_incid_any_relapse_PCR","eff_incid_any_relapse_LM","eff_incid_any_relapse_D","eff_incid_relapse_PCR","eff_incid_relapse_LM","eff_incid_relapse_D","eff_risk_relapse_PCR","eff_risk_relapse_LM","eff_risk_relapse_D"
1349,10,0,0.01538462,180,1,0,0.75,0.25,45,1,0,0.646758670856465,0.701743448033816,0.696710943065704,0.775895107393229,0.716279642966265,0.821687391910514,0.779453215003735,0.912232905549393,0.662825827302747,0.689075630252101,0.5,0.726491721337082,0.713097713097713,0.5625,0.772803979038991,0.722557297949337,0.461538461538462,0.760649087221095,0.764248704663212,0.692307692307692
135,0.1,0,0.01538462,180,1,0,0.75,0.25,28,1,0,0.780983550903539,0.820729113728282,0.78622299784085,0.823714406317294,0.787734882514625,0.823797702302915,0.824764582238148,0.834724221166283,0.707500586759104,0.708251548025448,0.679183570392818,0.709731503708378,0.710799419599999,0.680157317359515,0.724140326106759,0.727134527955588,0.703443823351217,0.745989304812834,0.740585774058577,0.729559748427673
1350,10,0,0.01538462,180,1,0,0.75,0.25,45,1,0,0.679523914022782,0.700269008466465,0.739960486582161,0.771869584958687,0.738894966474439,0.822390421326329,0.813071022801769,0.915855365883972,0.675045699295872,0.769400159744409,0.758862068965517,0.732283065322767,0.806991055456172,0.807884615384615,0.775229374671571,0.815600405679513,0.818363636363636,0.759634888438134,0.797066014669927,0.818181818181818
