"param_id","eir_equil","sig_het","ff","trial_duration","trial_PQ_eff_stratum_1","trial_PQ_eff_stratum_2","trial_PQ_prop_stratum_1","trial_PQ_prop_stratum_2","trial_PQ_proph","is_LLIN_distributed","is_IRS_administered","eff_cph_recurrent_LM","eff_cph_recurrent_PCR","eff_cph_any_relapse_LM","eff_cph_any_relapse_PCR","eff_cph_relapse_LM_trial","eff_cph_relapse_PCR_trial","eff_cph_relapse_LM_all","eff_cph_relapse_PCR_all","eff_incid_recurrent_PCR","eff_incid_recurrent_LM","eff_incid_recurrent_D","eff_incid_any_relapse_PCR","eff_incid_any_relapse_LM","eff_incid_any_relapse_D","eff_incid_relapse_PCR","eff_incid_relapse_LM","eff_incid_relapse_D","eff_risk_relapse_PCR","eff_risk_relapse_LM","eff_risk_relapse_D"
436,10,0,0.01538462,180,1,0,0.75,0.25,28,1,0,0.614584809972701,0.677689127330916,0.684114296868801,0.797629812507426,0.73921241535111,0.861592983635604,0.800596661292267,0.917959126401857,0.667501565435191,0.711397058823529,0.863636363636364,0.733585956229217,0.766734279918864,0.894736842105263,0.792784050811574,0.823461091753775,0.941176470588235,0.774519716885743,0.8125,0.941176470588235
437,10,0,0.01538462,180,1,0,0.75,0.25,28,1,0,0.595322935805103,0.660764437877823,0.651160214614737,0.760041822478741,0.640874898211377,0.822503629297522,0.75517752472504,0.914025027689201,0.643685692382744,0.704005249343832,0.616153846153846,0.705864056552474,0.732385285575992,0.654538461538462,0.767050506846879,0.751890746934225,0.682454545454545,0.766430738119313,0.748663101604278,0.772727272727273
438,10,0,0.01538462,180,1,0,0.75,0.25,28,1,0,0.629756926930106,0.657547523393151,0.686247490444277,0.751174721979514,0.7468762374672,0.810553251441339,0.779311909178601,0.902226004911835,0.627732459847844,0.688646482635797,0.667,0.69453743942473,0.735216504854369,0.714571428571429,0.749804017857143,0.773260674157303,0.769461538461538,0.728470111448835,0.745945945945946,0.769230769230769
