"param_id","eir_equil","sig_het","ff","trial_duration","trial_PQ_eff_stratum_1","trial_PQ_eff_stratum_2","trial_PQ_prop_stratum_1","trial_PQ_prop_stratum_2","trial_PQ_proph","is_LLIN_distributed","is_IRS_administered","eff_cph_recurrent_LM","eff_cph_recurrent_PCR","eff_cph_any_relapse_LM","eff_cph_any_relapse_PCR","eff_cph_relapse_LM_trial","eff_cph_relapse_PCR_trial","eff_cph_relapse_LM_all","eff_cph_relapse_PCR_all","eff_incid_recurrent_PCR","eff_incid_recurrent_LM","eff_incid_recurrent_D","eff_incid_any_relapse_PCR","eff_incid_any_relapse_LM","eff_incid_any_relapse_D","eff_incid_relapse_PCR","eff_incid_relapse_LM","eff_incid_relapse_D","eff_risk_relapse_PCR","eff_risk_relapse_LM","eff_risk_relapse_D"
1527,100,0,0.01538462,180,1,0,0.75,0.25,45,1,0,0.316833430641838,0.376942139824117,0.414504980616007,0.640505629720376,0.673337296486545,0.728641408011129,0.785161670477408,0.906275346312314,0.463440568534571,0.531132235316113,0.595682593256689,0.608390889749413,0.60728532798045,0.624248496993988,0.752996193606325,0.744275044627487,0.799599198396794,0.737688442211055,0.75615763546798,0.8
1528,100,0,0.01538462,180,1,0,0.75,0.25,45,1,0,0.340965963121834,0.452872353707361,0.480786852417578,0.640351143770892,0.623300289548507,0.755764017346606,0.833228024906476,0.927316124574343,0.475937057669278,0.578902093649067,0.650444094888539,0.626888470370285,0.671787621343903,0.760630195412804,0.794586114021308,0.793599630600446,0.856999856999857,0.78391959798995,0.81038374717833,0.846153846153846
1529,100,0,0.01538462,180,1,0,0.75,0.25,45,1,0,0.377154821583049,0.402939686715858,0.56059626647528,0.651953955060441,0.729187401340612,0.742370216883979,0.819904299380191,0.908890757574096,0.453619324970649,0.605469667198062,0.267124267124267,0.610778482689443,0.698204315678286,0.499499499499499,0.772302455592874,0.819115927047243,0.683894420736526,0.749746707193516,0.8,0.789473684210526
