"param_id","eir_equil","sig_het","ff","trial_duration","trial_PQ_eff_stratum_1","trial_PQ_eff_stratum_2","trial_PQ_prop_stratum_1","trial_PQ_prop_stratum_2","trial_PQ_proph","is_LLIN_distributed","is_IRS_administered","eff_cph_recurrent_LM","eff_cph_recurrent_PCR","eff_cph_any_relapse_LM","eff_cph_any_relapse_PCR","eff_cph_relapse_LM_trial","eff_cph_relapse_PCR_trial","eff_cph_relapse_LM_all","eff_cph_relapse_PCR_all","eff_incid_recurrent_PCR","eff_incid_recurrent_LM","eff_incid_recurrent_D","eff_incid_any_relapse_PCR","eff_incid_any_relapse_LM","eff_incid_any_relapse_D","eff_incid_relapse_PCR","eff_incid_relapse_LM","eff_incid_relapse_D","eff_risk_relapse_PCR","eff_risk_relapse_LM","eff_risk_relapse_D"
393,1,0,0.01538462,180,1,0,0.75,0.25,28,1,0,0.643528158752196,0.724075677980425,0.676528771448814,0.761199733852561,0.72103191751247,0.787788248130358,0.824859014528885,0.863268184206574,0.693153050108932,0.7015,0.725901408450704,0.725347624565469,0.728879319510898,0.75987969924812,0.765047648902821,0.76757331799885,0.795491803278689,0.752056404230317,0.745350500715308,0.774509803921569
394,1,0,0.01538462,180,1,0,0.75,0.25,28,1,0,0.70141473293777,0.724865166506315,0.745721135900086,0.781081579930659,0.773607702327172,0.803605091134155,0.817078663130649,0.849245371295147,0.679538904899135,0.679254783484391,0.651851851851852,0.719654959950708,0.720682302771855,0.700787401574803,0.752793769048425,0.752504419563936,0.761061946902655,0.741896758703481,0.744186046511628,0.757575757575758
395,1,0,0.01538462,180,1,0,0.75,0.25,28,1,0,0.6551736899116,0.694147875991684,0.70473657917024,0.753896090952867,0.751768879704792,0.778276772410038,0.802243467994971,0.837648727350845,0.632658749248346,0.650840554592721,0.6878125,0.674197096774193,0.690947923124613,0.726688679245283,0.706072938689218,0.727792915531335,0.752824742268041,0.726290516206483,0.730650154798762,0.727272727272727
