"param_id","eir_equil","sig_het","ff","trial_duration","trial_PQ_eff_stratum_1","trial_PQ_eff_stratum_2","trial_PQ_prop_stratum_1","trial_PQ_prop_stratum_2","trial_PQ_proph","is_LLIN_distributed","is_IRS_administered","eff_cph_recurrent_LM","eff_cph_recurrent_PCR","eff_cph_any_relapse_LM","eff_cph_any_relapse_PCR","eff_cph_relapse_LM_trial","eff_cph_relapse_PCR_trial","eff_cph_relapse_LM_all","eff_cph_relapse_PCR_all","eff_incid_recurrent_PCR","eff_incid_recurrent_LM","eff_incid_recurrent_D","eff_incid_any_relapse_PCR","eff_incid_any_relapse_LM","eff_incid_any_relapse_D","eff_incid_relapse_PCR","eff_incid_relapse_LM","eff_incid_relapse_D","eff_risk_relapse_PCR","eff_risk_relapse_LM","eff_risk_relapse_D"
1595,100,0,0.01538462,180,1,0,0.75,0.25,45,1,0,0.468823123537578,0.350799561215244,0.565603944911889,0.634830994096574,0.675586927089191,0.73122315778919,0.818313659876693,0.90245160564901,0.431803473894023,0.604980018444513,0.478260869565217,0.589384304915661,0.682310469314079,0.5,0.749965944694183,0.815471394037067,0.727272727272727,0.746951219512195,0.80045871559633,0.714285714285714
1596,100,0,0.01538462,180,1,0,0.75,0.25,45,1,0,0.439823398484872,0.388917230570897,0.590565262221853,0.654247279496781,0.67916273759496,0.770068697453475,0.819921740998243,0.921795786502609,0.470558908472022,0.652072873830196,0.670723354933881,0.628485617814374,0.725189380361794,0.744842882097784,0.791235085352732,0.827663544477704,0.726999726999727,0.779575328614762,0.792873051224944,0.7
1597,100,0,0.01538462,180,1,0,0.75,0.25,45,1,0,0.441220143794795,0.431126914884618,0.569432761637973,0.620839223795318,0.636191818537085,0.718965199391241,0.845433421182223,0.919146651342229,0.457863988744679,0.621785547467889,0.672749672749673,0.609124623352343,0.705271677927928,0.666332999666333,0.778882330606468,0.831252258436724,0.777555333110889,0.767676767676768,0.827338129496403,0.777777777777778
