"param_id","eir_equil","sig_het","ff","trial_duration","trial_PQ_eff_stratum_1","trial_PQ_eff_stratum_2","trial_PQ_prop_stratum_1","trial_PQ_prop_stratum_2","trial_PQ_proph","is_LLIN_distributed","is_IRS_administered","eff_cph_recurrent_LM","eff_cph_recurrent_PCR","eff_cph_any_relapse_LM","eff_cph_any_relapse_PCR","eff_cph_relapse_LM_trial","eff_cph_relapse_PCR_trial","eff_cph_relapse_LM_all","eff_cph_relapse_PCR_all","eff_incid_recurrent_PCR","eff_incid_recurrent_LM","eff_incid_recurrent_D","eff_incid_any_relapse_PCR","eff_incid_any_relapse_LM","eff_incid_any_relapse_D","eff_incid_relapse_PCR","eff_incid_relapse_LM","eff_incid_relapse_D","eff_risk_relapse_PCR","eff_risk_relapse_LM","eff_risk_relapse_D"
1257,10,0,0.01538462,180,1,0,0.75,0.25,45,1,0,0.609940375414073,0.674354529135782,0.627774880079744,0.754809547835384,0.676295299117702,0.798383714056506,0.769879024881818,0.896350801489885,0.664278371156826,0.69838011269273,0.666332999666333,0.715765147863913,0.73630110616412,0.721944166388611,0.744784467006689,0.762636888385391,0.768999768999769,0.732925586136595,0.771276595744681,0.769230769230769
1258,10,0,0.01538462,180,1,0,0.75,0.25,45,1,0,0.596617794667535,0.681453514030874,0.621744609543783,0.766255033475377,0.680889402877156,0.818839590028492,0.787075388906516,0.91381642894784,0.693045726728362,0.730346576500423,0.631578947368421,0.748728073505961,0.746452223273415,0.647058823529412,0.786952714535902,0.766004415011038,0.692307692307692,0.753549695740365,0.775456919060052,0.666666666666667
1259,10,0,0.01538462,180,1,0,0.75,0.25,45,1,0,0.586408299052986,0.689398405011114,0.629363859998351,0.771388641036974,0.712583606255985,0.826009198840742,0.76776667216384,0.913777032391896,0.673689333889584,0.707506471095772,0.681818181818182,0.73234632974188,0.730401529636711,0.736842105263158,0.771047046338875,0.761853448275862,0.833333333333333,0.75226586102719,0.747252747252747,0.823529411764706
