"param_id","eir_equil","sig_het","ff","trial_duration","trial_PQ_eff_stratum_1","trial_PQ_eff_stratum_2","trial_PQ_prop_stratum_1","trial_PQ_prop_stratum_2","trial_PQ_proph","is_LLIN_distributed","is_IRS_administered","eff_cph_recurrent_LM","eff_cph_recurrent_PCR","eff_cph_any_relapse_LM","eff_cph_any_relapse_PCR","eff_cph_relapse_LM_trial","eff_cph_relapse_PCR_trial","eff_cph_relapse_LM_all","eff_cph_relapse_PCR_all","eff_incid_recurrent_PCR","eff_incid_recurrent_LM","eff_incid_recurrent_D","eff_incid_any_relapse_PCR","eff_incid_any_relapse_LM","eff_incid_any_relapse_D","eff_incid_relapse_PCR","eff_incid_relapse_LM","eff_incid_relapse_D","eff_risk_relapse_PCR","eff_risk_relapse_LM","eff_risk_relapse_D"
1079,1,0,0.01538462,180,1,0,0.75,0.25,45,1,0,0.741087914250359,0.733615164408397,0.768685674467012,0.770869225461809,0.794756622447269,0.798509421047715,0.828081837477389,0.856438114961909,0.66157689087357,0.668668004012036,0.789242236024845,0.694285038438794,0.698365671641791,0.827269230769231,0.715717370593839,0.719617731721359,0.843171428571429,0.738675958188153,0.744154057771664,0.827868852459016
108,0.1,0,0.01538462,180,1,0,0.75,0.25,28,1,0,0.75938344215986,0.785893339796047,0.764486364780348,0.790680713048894,0.76200877540026,0.791521250277523,0.796901390296889,0.805224274458315,0.677308887835204,0.666332999666333,0.683763365355405,0.680848249130187,0.669335144913551,0.685542864516582,0.702195270062306,0.693742902022333,0.71740875128579,0.713709677419355,0.714486638537271,0.711111111111111
1080,1,0,0.01538462,180,1,0,0.75,0.25,45,1,0,0.669514622294455,0.741011276506762,0.729750140318337,0.780258956268966,0.750290851990891,0.803626238133545,0.827140151306298,0.867498923472733,0.6949427618783,0.680774560496381,0.703686440677966,0.731802135864729,0.726293825799339,0.7595,0.759149598715891,0.75487223880597,0.76024,0.750881316098707,0.74302496328928,0.726190476190476
