"param_id","eir_equil","sig_het","ff","trial_duration","trial_PQ_eff_stratum_1","trial_PQ_eff_stratum_2","trial_PQ_prop_stratum_1","trial_PQ_prop_stratum_2","trial_PQ_proph","is_LLIN_distributed","is_IRS_administered","eff_cph_recurrent_LM","eff_cph_recurrent_PCR","eff_cph_any_relapse_LM","eff_cph_any_relapse_PCR","eff_cph_relapse_LM_trial","eff_cph_relapse_PCR_trial","eff_cph_relapse_LM_all","eff_cph_relapse_PCR_all","eff_incid_recurrent_PCR","eff_incid_recurrent_LM","eff_incid_recurrent_D","eff_incid_any_relapse_PCR","eff_incid_any_relapse_LM","eff_incid_any_relapse_D","eff_incid_relapse_PCR","eff_incid_relapse_LM","eff_incid_relapse_D","eff_risk_relapse_PCR","eff_risk_relapse_LM","eff_risk_relapse_D"
741,100,0,0.01538462,180,1,0,0.75,0.25,28,1,0,0.358307495968101,0.291197493907363,0.535510865572533,0.612709007261022,0.710607600617184,0.758567824524237,0.803764960769951,0.909136163330563,0.36873926785914,0.502847862197974,0.624624624624625,0.524167118969559,0.584330092804669,0.63963963963964,0.752321922357999,0.774021513151948,0.83983983983984,0.745951417004049,0.771618625277162,0.84
742,100,0,0.01538462,180,1,0,0.75,0.25,28,1,0,0.465683018829363,0.288031601542496,0.542313912311545,0.605283231950881,0.750550293297818,0.78801293148831,0.792326944947312,0.914981629630671,0.39164939733267,0.56822967969838,0.703000595786167,0.551400319117644,0.641627789416979,0.780220440881764,0.774996789102111,0.781441536749318,0.923154000308309,0.762865792129163,0.772093023255814,0.92
743,100,0,0.01538462,180,1,0,0.75,0.25,28,1,0,0.382098191890947,0.219921169383412,0.470900745353637,0.574476110521031,0.667606768254996,0.739471414183509,0.811272107757676,0.914554964370797,0.38077284339277,0.555470514429109,0.627611940298507,0.546662476810661,0.642589531680441,0.696260869565217,0.780366356928122,0.803710900473934,0.862344827586207,0.774647887323944,0.813636363636364,0.862068965517241
