"param_id","eir_equil","sig_het","ff","trial_duration","trial_PQ_eff_stratum_1","trial_PQ_eff_stratum_2","trial_PQ_prop_stratum_1","trial_PQ_prop_stratum_2","trial_PQ_proph","is_LLIN_distributed","is_IRS_administered","eff_cph_recurrent_LM","eff_cph_recurrent_PCR","eff_cph_any_relapse_LM","eff_cph_any_relapse_PCR","eff_cph_relapse_LM_trial","eff_cph_relapse_PCR_trial","eff_cph_relapse_LM_all","eff_cph_relapse_PCR_all","eff_incid_recurrent_PCR","eff_incid_recurrent_LM","eff_incid_recurrent_D","eff_incid_any_relapse_PCR","eff_incid_any_relapse_LM","eff_incid_any_relapse_D","eff_incid_relapse_PCR","eff_incid_relapse_LM","eff_incid_relapse_D","eff_risk_relapse_PCR","eff_risk_relapse_LM","eff_risk_relapse_D"
1316,10,0,0.01538462,180,1,0,0.75,0.25,45,1,0,0.523371453103093,0.695079288106507,0.595101703989827,0.755511641190221,0.625693512687617,0.809766796620135,0.760830254170582,0.9047615562292,0.667677672847591,0.719207579672696,0.71875,0.727564592569943,0.76280834914611,0.741935483870968,0.762792333391947,0.771490750816104,0.806451612903226,0.748987854251012,0.753731343283582,0.806451612903226
1317,10,0,0.01538462,180,1,0,0.75,0.25,45,1,0,0.7540966616793,0.685853767114786,0.785169745501261,0.767746164919913,0.806081392520639,0.821557558577555,0.786075933015545,0.908804342789207,0.661296619212451,0.734047506778262,0.916583166332665,0.722363002028551,0.769506117498154,0.899899799599198,0.76532656966295,0.799799599198397,0.88877755511022,0.75,0.773371104815864,0.888888888888889
1318,10,0,0.01538462,180,1,0,0.75,0.25,45,1,0,0.458259994589745,0.663591308582713,0.481371215209042,0.741514266412602,0.520193062701034,0.78616275820054,0.765235234509838,0.895498263527798,0.643549329437038,0.741454804517868,0.757818424485091,0.700591062876602,0.76236071387032,0.778000222444667,0.742534120785124,0.778839314476463,0.8335001668335,0.719512195121951,0.759259259259259,0.818181818181818
