"param_id","eir_equil","sig_het","ff","trial_duration","trial_PQ_eff_stratum_1","trial_PQ_eff_stratum_2","trial_PQ_prop_stratum_1","trial_PQ_prop_stratum_2","trial_PQ_proph","is_LLIN_distributed","is_IRS_administered","eff_cph_recurrent_LM","eff_cph_recurrent_PCR","eff_cph_any_relapse_LM","eff_cph_any_relapse_PCR","eff_cph_relapse_LM_trial","eff_cph_relapse_PCR_trial","eff_cph_relapse_LM_all","eff_cph_relapse_PCR_all","eff_incid_recurrent_PCR","eff_incid_recurrent_LM","eff_incid_recurrent_D","eff_incid_any_relapse_PCR","eff_incid_any_relapse_LM","eff_incid_any_relapse_D","eff_incid_relapse_PCR","eff_incid_relapse_LM","eff_incid_relapse_D","eff_risk_relapse_PCR","eff_risk_relapse_LM","eff_risk_relapse_D"
1438,100,0,0.01538462,180,1,0,0.75,0.25,45,1,0,0.470531484071581,0.39648200699893,0.614582063072418,0.656422198198418,0.754837221767529,0.718041943043508,0.812855476425748,0.907555551312977,0.446468958857462,0.57173645320197,0.666666666666667,0.594206161582048,0.653474459272895,0.704545454545455,0.755749831876261,0.794486215538847,0.863636363636364,0.747729566094854,0.787810383747178,0.85
1439,100,0,0.01538462,180,1,0,0.75,0.25,45,1,0,0.268666385172773,0.378805875533499,0.366280294507052,0.610150865114624,0.536358945536985,0.689709754415009,0.798265707725041,0.902834068013587,0.451160294978782,0.545974653083503,0.692924310158779,0.600028051086785,0.637363327950076,0.584168336673347,0.751150828044025,0.812021302879732,0.737369475793693,0.739350912778905,0.799065420560748,0.722222222222222
144,0.1,0,0.01538462,180,1,0,0.75,0.25,28,1,0,0.811245672453108,0.835214089584513,0.815034708200267,0.83462213970141,0.815815074781953,0.834663192641582,0.824135304558117,0.82729156300467,0.716766867067468,0.707439570499023,0.714039952050219,0.716626611551974,0.707412344838468,0.71420504238718,0.72352913169752,0.713802605210421,0.7248262457708,0.746594005449591,0.7524893314367,0.753371868978805
