"param_id","eir_equil","sig_het","ff","trial_duration","trial_PQ_eff_stratum_1","trial_PQ_eff_stratum_2","trial_PQ_prop_stratum_1","trial_PQ_prop_stratum_2","trial_PQ_proph","is_LLIN_distributed","is_IRS_administered","eff_cph_recurrent_LM","eff_cph_recurrent_PCR","eff_cph_any_relapse_LM","eff_cph_any_relapse_PCR","eff_cph_relapse_LM_trial","eff_cph_relapse_PCR_trial","eff_cph_relapse_LM_all","eff_cph_relapse_PCR_all","eff_incid_recurrent_PCR","eff_incid_recurrent_LM","eff_incid_recurrent_D","eff_incid_any_relapse_PCR","eff_incid_any_relapse_LM","eff_incid_any_relapse_D","eff_incid_relapse_PCR","eff_incid_relapse_LM","eff_incid_relapse_D","eff_risk_relapse_PCR","eff_risk_relapse_LM","eff_risk_relapse_D"
603,100,0,0.01538462,180,1,0,0.75,0.25,28,1,0,0.259513906429812,0.290271399506202,0.355297374030992,0.59248367705086,0.561057611434933,0.783707570566014,0.820098886093749,0.913645396515049,0.394340318524728,0.570978918423465,0.443423076923077,0.550752736374164,0.662948181818182,0.501,0.7799801168805,0.835389641434263,0.737368421052632,0.756072874493927,0.811946902654867,0.777777777777778
604,100,0,0.01538462,180,1,0,0.75,0.25,28,1,0,0.320832245289771,0.233259613022324,0.517773943456463,0.627021292749197,0.524391743497846,0.778886176276614,0.802797775708828,0.910460582753074,0.387222007970176,0.544326777609682,0.3,0.543187417093045,0.638418079096045,0.4375,0.761527967257844,0.793602437166794,0.684210526315789,0.749748743718593,0.777777777777778,0.684210526315789
605,100,0,0.01538462,180,1,0,0.75,0.25,28,1,0,0.339325883548803,0.276142868036513,0.53813513277711,0.614101287940575,0.782394842438771,0.75515108606564,0.801364738205135,0.913529861044791,0.390987455019217,0.485679317905812,0.448428019856591,0.548671873312161,0.582096322913705,0.578525894315368,0.768122128162356,0.753190403969506,0.817999817999818,0.750251762336354,0.778048780487805,0.80952380952381
