"param_id","eir_equil","sig_het","ff","trial_duration","trial_PQ_eff_stratum_1","trial_PQ_eff_stratum_2","trial_PQ_prop_stratum_1","trial_PQ_prop_stratum_2","trial_PQ_proph","is_LLIN_distributed","is_IRS_administered","eff_cph_recurrent_LM","eff_cph_recurrent_PCR","eff_cph_any_relapse_LM","eff_cph_any_relapse_PCR","eff_cph_relapse_LM_trial","eff_cph_relapse_PCR_trial","eff_cph_relapse_LM_all","eff_cph_relapse_PCR_all","eff_incid_recurrent_PCR","eff_incid_recurrent_LM","eff_incid_recurrent_D","eff_incid_any_relapse_PCR","eff_incid_any_relapse_LM","eff_incid_any_relapse_D","eff_incid_relapse_PCR","eff_incid_relapse_LM","eff_incid_relapse_D","eff_risk_relapse_PCR","eff_risk_relapse_LM","eff_risk_relapse_D"
1105,1,0,0.01538462,180,1,0,0.75,0.25,45,1,0,0.727712182073515,0.752214002847928,0.777224155783385,0.782976099079653,0.789849986022652,0.790132205468896,0.813627011514304,0.831438377922161,0.650670640834575,0.681549220010758,0.66,0.680520304568528,0.711098398169336,0.723404255319149,0.69050051072523,0.724539877300614,0.744186046511628,0.716004813477738,0.733905579399142,0.790123456790123
1106,1,0,0.01538462,180,1,0,0.75,0.25,45,1,0,0.667480262431428,0.755863974882544,0.70709269353781,0.797303844121951,0.725284703664122,0.819945426060706,0.814928504006068,0.856636840820186,0.683937823834197,0.689672801635992,0.742647058823529,0.717143736534318,0.72200983069361,0.790697674418605,0.740642596886386,0.746022392457278,0.80327868852459,0.762130177514793,0.751079136690648,0.807339449541284
1107,1,0,0.01538462,180,1,0,0.75,0.25,45,1,0,0.693399352196852,0.742232020032472,0.721065264144658,0.782969283130964,0.745884639048566,0.802400464216197,0.809992578862479,0.854491574526886,0.685424039568499,0.68826553970009,0.749749498997996,0.716311512591993,0.719377215970402,0.777555110220441,0.733088019265819,0.738199475874827,0.820332973639587,0.744655581947743,0.733727810650888,0.813725490196078
