"param_id","eir_equil","sig_het","ff","trial_duration","trial_PQ_eff_stratum_1","trial_PQ_eff_stratum_2","trial_PQ_prop_stratum_1","trial_PQ_prop_stratum_2","trial_PQ_proph","is_LLIN_distributed","is_IRS_administered","eff_cph_recurrent_LM","eff_cph_recurrent_PCR","eff_cph_any_relapse_LM","eff_cph_any_relapse_PCR","eff_cph_relapse_LM_trial","eff_cph_relapse_PCR_trial","eff_cph_relapse_LM_all","eff_cph_relapse_PCR_all","eff_incid_recurrent_PCR","eff_incid_recurrent_LM","eff_incid_recurrent_D","eff_incid_any_relapse_PCR","eff_incid_any_relapse_LM","eff_incid_any_relapse_D","eff_incid_relapse_PCR","eff_incid_relapse_LM","eff_incid_relapse_D","eff_risk_relapse_PCR","eff_risk_relapse_LM","eff_risk_relapse_D"
671,100,0,0.01538462,180,1,0,0.75,0.25,28,1,0,0.358234343839753,0.269230277142037,0.461352502791197,0.559463284449178,0.649060212010483,0.726706597348064,0.786347692805937,0.902666246567746,0.364380784028283,0.554050073637703,0.585714285714286,0.521417565485362,0.636123348017621,0.692307692307692,0.747854228225693,0.79169992019154,0.96,0.74167507568113,0.757142857142857,0.95
672,100,0,0.01538462,180,1,0,0.75,0.25,28,1,0,0.391560394315626,0.236861944101342,0.518575356821395,0.613004455314359,0.713474098407508,0.796862869827797,0.832612503473955,0.914485191860124,0.383344982009267,0.551058530510585,0.362068965517241,0.552054639447568,0.65048098946404,0.416666666666667,0.781163247342406,0.838449111470113,0.76,0.770325203252032,0.821686746987952,0.75
673,100,0,0.01538462,180,1,0,0.75,0.25,28,1,0,0.304949946925974,0.284898319314777,0.435118428651055,0.595890431539662,0.443174051583943,0.727774702479382,0.766731068639,0.902485290762974,0.383044875116592,0.534328358208955,0.468085106382979,0.542643353439719,0.620774130328271,0.571428571428571,0.75631067961165,0.788669064748201,0.714285714285714,0.740890688259109,0.775,0.714285714285714
