"param_id","eir_equil","sig_het","ff","trial_duration","trial_PQ_eff_stratum_1","trial_PQ_eff_stratum_2","trial_PQ_prop_stratum_1","trial_PQ_prop_stratum_2","trial_PQ_proph","is_LLIN_distributed","is_IRS_administered","eff_cph_recurrent_LM","eff_cph_recurrent_PCR","eff_cph_any_relapse_LM","eff_cph_any_relapse_PCR","eff_cph_relapse_LM_trial","eff_cph_relapse_PCR_trial","eff_cph_relapse_LM_all","eff_cph_relapse_PCR_all","eff_incid_recurrent_PCR","eff_incid_recurrent_LM","eff_incid_recurrent_D","eff_incid_any_relapse_PCR","eff_incid_any_relapse_LM","eff_incid_any_relapse_D","eff_incid_relapse_PCR","eff_incid_relapse_LM","eff_incid_relapse_D","eff_risk_relapse_PCR","eff_risk_relapse_LM","eff_risk_relapse_D"
899,0.1,0,0.01538462,180,1,0,0.75,0.25,45,1,0,0.823474372552833,0.844454214710057,0.831889867408473,0.846543488076675,0.831889867408473,0.848501645229745,0.842771903418765,0.846847620669133,0.733749160134379,0.734028295819936,0.740632298136646,0.735245367770915,0.735748387096774,0.743399002493766,0.750811235955056,0.752346029696578,0.768022471910112,0.76747311827957,0.77247191011236,0.783730158730159
9,0.1,0,0.01538462,180,1,0,0.75,0.25,28,1,0,0.81749913298712,0.828839228734476,0.823684298736086,0.832138423647538,0.826077796683388,0.834144233599072,0.832496625306083,0.834082471960475,0.747441165564988,0.751925590311057,0.764746885074497,0.750158627882468,0.755060683164081,0.769911861637968,0.762344163162211,0.769047813495329,0.789575588231094,0.746594005449591,0.755395683453237,0.76984126984127
90,0.1,0,0.01538462,180,1,0,0.75,0.25,28,1,0,0.816999621314435,0.847856176681797,0.818182434487703,0.849116387322018,0.819121542785598,0.850788462724744,0.839654174845281,0.849329369122771,0.741333350191445,0.739881957699677,0.775012988940845,0.743685683603494,0.742149335345508,0.777074426953559,0.758100458709283,0.755788367917709,0.789358042449591,0.766581632653061,0.765729585006693,0.780718336483932
