"param_id","eir_equil","sig_het","ff","trial_duration","trial_PQ_eff_stratum_1","trial_PQ_eff_stratum_2","trial_PQ_prop_stratum_1","trial_PQ_prop_stratum_2","trial_PQ_proph","is_LLIN_distributed","is_IRS_administered","eff_cph_recurrent_LM","eff_cph_recurrent_PCR","eff_cph_any_relapse_LM","eff_cph_any_relapse_PCR","eff_cph_relapse_LM_trial","eff_cph_relapse_PCR_trial","eff_cph_relapse_LM_all","eff_cph_relapse_PCR_all","eff_incid_recurrent_PCR","eff_incid_recurrent_LM","eff_incid_recurrent_D","eff_incid_any_relapse_PCR","eff_incid_any_relapse_LM","eff_incid_any_relapse_D","eff_incid_relapse_PCR","eff_incid_relapse_LM","eff_incid_relapse_D","eff_risk_relapse_PCR","eff_risk_relapse_LM","eff_risk_relapse_D"
314,1,0,0.01538462,180,1,0,0.75,0.25,28,1,0,0.66014347720646,0.716567695650135,0.731632204564272,0.769308658905637,0.761156303539127,0.802650878556642,0.806484694501807,0.838594034619825,0.648182649002577,0.64985146330496,0.652196955895262,0.689269674652571,0.687891188539544,0.766774929168682,0.73015204350945,0.737338755180263,0.775251437454348,0.733009708737864,0.731386861313869,0.78
315,1,0,0.01538462,180,1,0,0.75,0.25,28,1,0,0.600732462537927,0.668481775138037,0.655893990011488,0.732553794467706,0.687177003307945,0.760999478413041,0.788643249034318,0.826533656689828,0.616797900262467,0.619530416221985,0.630434782608696,0.658066521603979,0.651826484018265,0.654135338345865,0.693843594009983,0.688191881918819,0.689075630252101,0.709523809523809,0.708751793400287,0.718446601941748
316,1,0,0.01538462,180,1,0,0.75,0.25,28,1,0,0.658018005788737,0.690482761277422,0.734198303056343,0.751062757902756,0.76141308900359,0.786533924966333,0.81612805287859,0.844053769176152,0.645095763203714,0.638065522620905,0.573529411764706,0.681959082455053,0.674094707520891,0.578125,0.713716373297908,0.706268656716418,0.610169491525424,0.722819593787336,0.730994152046784,0.679245283018868
