"param_id","eir_equil","sig_het","ff","trial_duration","trial_PQ_eff_stratum_1","trial_PQ_eff_stratum_2","trial_PQ_prop_stratum_1","trial_PQ_prop_stratum_2","trial_PQ_proph","is_LLIN_distributed","is_IRS_administered","eff_cph_recurrent_LM","eff_cph_recurrent_PCR","eff_cph_any_relapse_LM","eff_cph_any_relapse_PCR","eff_cph_relapse_LM_trial","eff_cph_relapse_PCR_trial","eff_cph_relapse_LM_all","eff_cph_relapse_PCR_all","eff_incid_recurrent_PCR","eff_incid_recurrent_LM","eff_incid_recurrent_D","eff_incid_any_relapse_PCR","eff_incid_any_relapse_LM","eff_incid_any_relapse_D","eff_incid_relapse_PCR","eff_incid_relapse_LM","eff_incid_relapse_D","eff_risk_relapse_PCR","eff_risk_relapse_LM","eff_risk_relapse_D"
1254,10,0,0.01538462,180,1,0,0.75,0.25,45,1,0,0.628301077291103,0.682750333005125,0.631135671614987,0.747499396545112,0.690988785861803,0.795558008505488,0.782550719440304,0.90347898157824,0.667109766390835,0.736263209317102,0.922999922999923,0.721105040416121,0.762297775542809,0.956478217347783,0.75371079838192,0.78862889147353,0.94994994994995,0.742424242424242,0.767379679144385,0.95
1255,10,0,0.01538462,180,1,0,0.75,0.25,45,1,0,0.681439000743779,0.715210846366096,0.728896406765265,0.77044844784994,0.777529354232843,0.825102796710848,0.795316939841621,0.907349893302075,0.663626312880044,0.701357466063348,0.777777777777778,0.717543724478003,0.735085945399393,0.777777777777778,0.758308157099698,0.762827822120867,0.882352941176471,0.740927419354839,0.778625954198473,0.882352941176471
1256,10,0,0.01538462,180,1,0,0.75,0.25,45,1,0,0.619596511983672,0.691139737976244,0.614890817838651,0.78327498776257,0.63528254658627,0.811554293104929,0.798399359069624,0.913236781298108,0.666906183969573,0.678272644098811,0.667,0.725535666640509,0.708752293577982,0.667,0.763125577602609,0.724332547169811,0.727545454545454,0.754563894523327,0.785353535353535,0.727272727272727
