"param_id","eir_equil","sig_het","ff","trial_duration","trial_PQ_eff_stratum_1","trial_PQ_eff_stratum_2","trial_PQ_prop_stratum_1","trial_PQ_prop_stratum_2","trial_PQ_proph","is_LLIN_distributed","is_IRS_administered","eff_cph_recurrent_LM","eff_cph_recurrent_PCR","eff_cph_any_relapse_LM","eff_cph_any_relapse_PCR","eff_cph_relapse_LM_trial","eff_cph_relapse_PCR_trial","eff_cph_relapse_LM_all","eff_cph_relapse_PCR_all","eff_incid_recurrent_PCR","eff_incid_recurrent_LM","eff_incid_recurrent_D","eff_incid_any_relapse_PCR","eff_incid_any_relapse_LM","eff_incid_any_relapse_D","eff_incid_relapse_PCR","eff_incid_relapse_LM","eff_incid_relapse_D","eff_risk_relapse_PCR","eff_risk_relapse_LM","eff_risk_relapse_D"
344,1,0,0.01538462,180,1,0,0.75,0.25,28,1,0,0.692864434807201,0.724104336003465,0.757429748789617,0.792278342323452,0.784051959457237,0.820051909286266,0.831299591431676,0.860630793093025,0.677931831311381,0.70606531881804,0.774390243902439,0.716876729173071,0.743109151047409,0.833333333333333,0.749917300694674,0.771462403789224,0.843971631205674,0.763593380614657,0.773722627737226,0.841666666666667
345,1,0,0.01538462,180,1,0,0.75,0.25,28,1,0,0.730400232770979,0.711852788155158,0.780163926651078,0.776755155635148,0.804570076627794,0.802855659496311,0.82794755336938,0.846320639148121,0.661326105267215,0.664244317348125,0.713999713999714,0.702233879449069,0.703960455757028,0.738477215954693,0.736220519645576,0.730661592523454,0.780733114066447,0.736276849642005,0.753228120516499,0.783505154639175
346,1,0,0.01538462,180,1,0,0.75,0.25,28,1,0,0.625841038195184,0.709489983585794,0.690211979128228,0.773100288014806,0.73896087651529,0.800570112637054,0.810078305084897,0.844862511304594,0.644940476190476,0.648809523809524,0.589147286821705,0.683959261616805,0.694954128440367,0.661157024793388,0.721470690253208,0.733500942803268,0.745454545454545,0.735115431348724,0.733031674208145,0.728260869565217
