"param_id","eir_equil","sig_het","ff","trial_duration","trial_PQ_eff_stratum_1","trial_PQ_eff_stratum_2","trial_PQ_prop_stratum_1","trial_PQ_prop_stratum_2","trial_PQ_proph","is_LLIN_distributed","is_IRS_administered","eff_cph_recurrent_LM","eff_cph_recurrent_PCR","eff_cph_any_relapse_LM","eff_cph_any_relapse_PCR","eff_cph_relapse_LM_trial","eff_cph_relapse_PCR_trial","eff_cph_relapse_LM_all","eff_cph_relapse_PCR_all","eff_incid_recurrent_PCR","eff_incid_recurrent_LM","eff_incid_recurrent_D","eff_incid_any_relapse_PCR","eff_incid_any_relapse_LM","eff_incid_any_relapse_D","eff_incid_relapse_PCR","eff_incid_relapse_LM","eff_incid_relapse_D","eff_risk_relapse_PCR","eff_risk_relapse_LM","eff_risk_relapse_D"
396,1,0,0.01538462,180,1,0,0.75,0.25,28,1,0,0.673247712361996,0.705145621371468,0.743506213591139,0.76133764479859,0.771569171571053,0.791158453169087,0.791960530877266,0.838535871068059,0.627921092564492,0.617762788083193,0.7,0.674943566591422,0.670637284097677,0.771653543307087,0.719541825754946,0.713917525773196,0.793103448275862,0.724759615384615,0.713855421686747,0.752688172043011
397,1,0,0.01538462,180,1,0,0.75,0.25,28,1,0,0.734372583827493,0.745707311166892,0.787012750358492,0.816870228991212,0.797940804083972,0.834714160988293,0.82914753657124,0.862431727147318,0.705610400119746,0.709642692639505,0.705213410131443,0.745225882025634,0.74784745129963,0.780921272149342,0.773305363100596,0.773904285589402,0.825417650660369,0.765567765567766,0.761261261261261,0.833333333333333
398,1,0,0.01538462,180,1,0,0.75,0.25,28,1,0,0.699210417657908,0.757341380370488,0.746396205649705,0.803812655756238,0.766033628061162,0.826341164717689,0.837310981919112,0.858482442091541,0.655344070278185,0.687071240105541,0.692307692307692,0.693143034439963,0.720090293453725,0.776,0.726078167115903,0.751537515375154,0.777777777777778,0.756853396901073,0.7677793904209,0.77
