"param_id","eir_equil","sig_het","ff","trial_duration","trial_PQ_eff_stratum_1","trial_PQ_eff_stratum_2","trial_PQ_prop_stratum_1","trial_PQ_prop_stratum_2","trial_PQ_proph","is_LLIN_distributed","is_IRS_administered","eff_cph_recurrent_LM","eff_cph_recurrent_PCR","eff_cph_any_relapse_LM","eff_cph_any_relapse_PCR","eff_cph_relapse_LM_trial","eff_cph_relapse_PCR_trial","eff_cph_relapse_LM_all","eff_cph_relapse_PCR_all","eff_incid_recurrent_PCR","eff_incid_recurrent_LM","eff_incid_recurrent_D","eff_incid_any_relapse_PCR","eff_incid_any_relapse_LM","eff_incid_any_relapse_D","eff_incid_relapse_PCR","eff_incid_relapse_LM","eff_incid_relapse_D","eff_risk_relapse_PCR","eff_risk_relapse_LM","eff_risk_relapse_D"
139,0.1,0,0.01538462,180,1,0,0.75,0.25,28,1,0,0.840289729765828,0.858794141084793,0.840403836793175,0.859114821072406,0.84129714672291,0.863022520793193,0.854631745810952,0.861227052979232,0.754872554204125,0.754364246491763,0.758227272727273,0.757143312101911,0.756983455882353,0.7595,0.7687648,0.770358942839582,0.781430160692213,0.779373368146214,0.779452054794521,0.789370078740158
1390,10,0,0.01538462,180,1,0,0.75,0.25,45,1,0,0.587137730229328,0.664432859862355,0.614231819183798,0.762533868625414,0.680696340962992,0.813187643901718,0.776036068652246,0.901684004964625,0.657131630399305,0.737981104440732,0.721944166388611,0.717495447339528,0.770999770999771,0.691999691999692,0.756881701326146,0.793056703625809,0.726999726999727,0.731781376518219,0.763779527559055,0.7
1391,10,0,0.01538462,180,1,0,0.75,0.25,45,1,0,0.693066859466901,0.686432455918009,0.741660389293077,0.756944205528245,0.739500892990733,0.800942390592845,0.797272342653638,0.906078527967922,0.664678645125573,0.738477215954694,0.791458124791458,0.722021944244166,0.766433099766433,0.809333142666476,0.759777626801277,0.787092214709141,0.777555333110889,0.740141557128413,0.782258064516129,0.764705882352941
