"param_id","eir_equil","sig_het","ff","trial_duration","trial_PQ_eff_stratum_1","trial_PQ_eff_stratum_2","trial_PQ_prop_stratum_1","trial_PQ_prop_stratum_2","trial_PQ_proph","is_LLIN_distributed","is_IRS_administered","eff_cph_recurrent_LM","eff_cph_recurrent_PCR","eff_cph_any_relapse_LM","eff_cph_any_relapse_PCR","eff_cph_relapse_LM_trial","eff_cph_relapse_PCR_trial","eff_cph_relapse_LM_all","eff_cph_relapse_PCR_all","eff_incid_recurrent_PCR","eff_incid_recurrent_LM","eff_incid_recurrent_D","eff_incid_any_relapse_PCR","eff_incid_any_relapse_LM","eff_incid_any_relapse_D","eff_incid_relapse_PCR","eff_incid_relapse_LM","eff_incid_relapse_D","eff_risk_relapse_PCR","eff_risk_relapse_LM","eff_risk_relapse_D"
209,1,0,0.01538462,180,1,0,0.75,0.25,28,1,0,0.651387521507013,0.724054621888963,0.699786947130587,0.781034211632885,0.743576745776533,0.793133845905651,0.798608982715547,0.84707890267576,0.683652613553336,0.66218744543028,0.615669695555495,0.720937770950841,0.69756076912023,0.692241626109362,0.743320906858109,0.719606276993127,0.710358216432866,0.741586538461538,0.720760233918129,0.739495798319328
21,0.1,0,0.01538462,180,1,0,0.75,0.25,28,1,0,0.809989130329372,0.835885311078466,0.815317522412491,0.838111397834309,0.81694443455457,0.838988310638811,0.832155912866212,0.840712951277006,0.725103734439834,0.723086124401914,0.735763097949886,0.727604166666667,0.724924924924925,0.739130434782609,0.736482939632546,0.733494851605088,0.751724137931035,0.750663129973475,0.748261474269819,0.75894538606403
210,1,0,0.01538462,180,1,0,0.75,0.25,28,1,0,0.678042814872392,0.726889724348757,0.719258084400957,0.788488286373263,0.765180528671282,0.822246333062475,0.83364882521125,0.876553093881251,0.710422487010145,0.70341087649196,0.642696245203585,0.748913030739842,0.740766936923957,0.67434869739479,0.79220969515457,0.781682963321551,0.717617052286391,0.777906976744186,0.772133526850508,0.714285714285714
