"param_id","eir_equil","sig_het","ff","trial_duration","trial_PQ_eff_stratum_1","trial_PQ_eff_stratum_2","trial_PQ_prop_stratum_1","trial_PQ_prop_stratum_2","trial_PQ_proph","is_LLIN_distributed","is_IRS_administered","eff_cph_recurrent_LM","eff_cph_recurrent_PCR","eff_cph_any_relapse_LM","eff_cph_any_relapse_PCR","eff_cph_relapse_LM_trial","eff_cph_relapse_PCR_trial","eff_cph_relapse_LM_all","eff_cph_relapse_PCR_all","eff_incid_recurrent_PCR","eff_incid_recurrent_LM","eff_incid_recurrent_D","eff_incid_any_relapse_PCR","eff_incid_any_relapse_LM","eff_incid_any_relapse_D","eff_incid_relapse_PCR","eff_incid_relapse_LM","eff_incid_relapse_D","eff_risk_relapse_PCR","eff_risk_relapse_LM","eff_risk_relapse_D"
277,1,0,0.01538462,180,1,0,0.75,0.25,28,1,0,0.627694229057245,0.715736187413345,0.686709177628789,0.775185640286746,0.749463868530114,0.818841424184227,0.842540590664395,0.861644220337177,0.655032593809915,0.671113636363636,0.51659375,0.698299387219142,0.717250786988457,0.587034482758621,0.740672172808132,0.75236729994243,0.723767857142857,0.752955082742317,0.776967930029155,0.684210526315789
278,1,0,0.01538462,180,1,0,0.75,0.25,28,1,0,0.677304025954166,0.735811737270886,0.71793337907796,0.78382491018492,0.738207001700229,0.793658934605474,0.801524542652094,0.82981898644763,0.667383640552995,0.661109261186264,0.6878125,0.703,0.70057520661157,0.719289256198347,0.721606639839034,0.723577669902913,0.75025,0.717548076923077,0.72478386167147,0.747474747474747
279,1,0,0.01538462,180,1,0,0.75,0.25,28,1,0,0.624859379054548,0.718922019369849,0.679477273821376,0.759840720284105,0.708213334177165,0.778835869482369,0.789368744260852,0.838556576385438,0.65581674422098,0.625721838413669,0.467208610769927,0.68852360152143,0.663426155446782,0.534016308479027,0.717163962305625,0.694275250007404,0.57229914374203,0.728351126927639,0.713868613138686,0.67
