"param_id","eir_equil","sig_het","ff","trial_duration","trial_PQ_eff_stratum_1","trial_PQ_eff_stratum_2","trial_PQ_prop_stratum_1","trial_PQ_prop_stratum_2","trial_PQ_proph","is_LLIN_distributed","is_IRS_administered","eff_cph_recurrent_LM","eff_cph_recurrent_PCR","eff_cph_any_relapse_LM","eff_cph_any_relapse_PCR","eff_cph_relapse_LM_trial","eff_cph_relapse_PCR_trial","eff_cph_relapse_LM_all","eff_cph_relapse_PCR_all","eff_incid_recurrent_PCR","eff_incid_recurrent_LM","eff_incid_recurrent_D","eff_incid_any_relapse_PCR","eff_incid_any_relapse_LM","eff_incid_any_relapse_D","eff_incid_relapse_PCR","eff_incid_relapse_LM","eff_incid_relapse_D","eff_risk_relapse_PCR","eff_risk_relapse_LM","eff_risk_relapse_D"
1321,10,0,0.01538462,180,1,0,0.75,0.25,45,1,0,0.637034416916987,0.709500787968546,0.695903301939949,0.786225307672804,0.703811451124447,0.828815197997045,0.784668798864473,0.915362603721197,0.678171256989025,0.735381363244176,0.556,0.73742711760655,0.761591304347826,0.545909090909091,0.773330284818396,0.776641824249166,0.545909090909091,0.767441860465116,0.766404199475066,0.545454545454545
1322,10,0,0.01538462,180,1,0,0.75,0.25,45,1,0,0.49920658441706,0.676128578456895,0.574084004598733,0.753052679311477,0.601517754279783,0.792222729761392,0.763593895509249,0.904094608418057,0.676473422505169,0.708111403584655,0.904857238190572,0.728975768917393,0.740075260445631,0.894842210631684,0.75776218539842,0.750512317144007,0.875125125125125,0.748987854251012,0.772277227722772,0.866666666666667
1323,10,0,0.01538462,180,1,0,0.75,0.25,45,1,0,0.524048773679653,0.6830547705366,0.566215115848101,0.760609795915313,0.603852628359459,0.808641877676094,0.776497575502862,0.902228158254329,0.655214680979801,0.68026963016943,0.630840628625672,0.709300881813193,0.702545922645697,0.58741011434634,0.74258571273348,0.706589104134194,0.665998663994656,0.737588652482269,0.761038961038961,0.666666666666667
