"param_id","eir_equil","sig_het","ff","trial_duration","trial_PQ_eff_stratum_1","trial_PQ_eff_stratum_2","trial_PQ_prop_stratum_1","trial_PQ_prop_stratum_2","trial_PQ_proph","is_LLIN_distributed","is_IRS_administered","eff_cph_recurrent_LM","eff_cph_recurrent_PCR","eff_cph_any_relapse_LM","eff_cph_any_relapse_PCR","eff_cph_relapse_LM_trial","eff_cph_relapse_PCR_trial","eff_cph_relapse_LM_all","eff_cph_relapse_PCR_all","eff_incid_recurrent_PCR","eff_incid_recurrent_LM","eff_incid_recurrent_D","eff_incid_any_relapse_PCR","eff_incid_any_relapse_LM","eff_incid_any_relapse_D","eff_incid_relapse_PCR","eff_incid_relapse_LM","eff_incid_relapse_D","eff_risk_relapse_PCR","eff_risk_relapse_LM","eff_risk_relapse_D"
806,0.1,0,0.01538462,180,1,0,0.75,0.25,45,1,0,0.823681512375409,0.823032148602509,0.828684283286452,0.82855420358966,0.835300957785534,0.832027165901487,0.840151986925531,0.8377945314943,0.726138828633406,0.7347316471314,0.744803695150116,0.731919521479065,0.740878169449598,0.749710312862109,0.747138964577657,0.755885997521685,0.774044032444959,0.75033921302578,0.763456090651558,0.786666666666667
807,0.1,0,0.01538462,180,1,0,0.75,0.25,45,1,0,0.787838965654524,0.82388011777909,0.794800752067998,0.827100698471561,0.794477050168358,0.82623652439829,0.82448608624291,0.829294213275404,0.720022624434389,0.719504240052185,0.715572715572716,0.722569641841956,0.721967213114754,0.719275549805951,0.727220630372493,0.726009265387161,0.726918075422627,0.750337381916329,0.751753155680224,0.745059288537549
808,0.1,0,0.01538462,180,1,0,0.75,0.25,45,1,0,0.807683996655458,0.82726974144551,0.809930328652569,0.830343877116306,0.808837616161187,0.830153381609759,0.831635908442522,0.843013573252785,0.718791247782377,0.713697072838666,0.733683354192741,0.720658767772512,0.715155525238745,0.734601503759398,0.735698573127229,0.731275154004107,0.753705660377359,0.761838440111421,0.757037037037037,0.75251509054326
