"param_id","eir_equil","sig_het","ff","trial_duration","trial_PQ_eff_stratum_1","trial_PQ_eff_stratum_2","trial_PQ_prop_stratum_1","trial_PQ_prop_stratum_2","trial_PQ_proph","is_LLIN_distributed","is_IRS_administered","eff_cph_recurrent_LM","eff_cph_recurrent_PCR","eff_cph_any_relapse_LM","eff_cph_any_relapse_PCR","eff_cph_relapse_LM_trial","eff_cph_relapse_PCR_trial","eff_cph_relapse_LM_all","eff_cph_relapse_PCR_all","eff_incid_recurrent_PCR","eff_incid_recurrent_LM","eff_incid_recurrent_D","eff_incid_any_relapse_PCR","eff_incid_any_relapse_LM","eff_incid_any_relapse_D","eff_incid_relapse_PCR","eff_incid_relapse_LM","eff_incid_relapse_D","eff_risk_relapse_PCR","eff_risk_relapse_LM","eff_risk_relapse_D"
1454,100,0,0.01538462,180,1,0,0.75,0.25,45,1,0,0.415570287450356,0.39909793567084,0.506187639026293,0.636997010708014,0.595510406934462,0.729461931701505,0.827064358577748,0.902617458148122,0.442291619177874,0.633223190147191,0.652173913043478,0.58456541218638,0.698104693140794,0.714285714285714,0.726714362850972,0.793689320388349,0.909090909090909,0.732323232323232,0.808755760368664,0.909090909090909
1455,100,0,0.01538462,180,1,0,0.75,0.25,45,1,0,0.331936856810356,0.406290963956951,0.447796533247817,0.643261733351991,0.582256017382817,0.757281456893769,0.828084572067584,0.913801571965804,0.467260230612706,0.656014432989691,0.689965517241379,0.613527171492205,0.726158009602794,0.667,0.781310109654988,0.846914691943128,0.789684210526316,0.759315206445116,0.835789473684211,0.789473684210526
1456,100,0,0.01538462,180,1,0,0.75,0.25,45,1,0,0.568019369546443,0.396205646288286,0.625067158248609,0.645394209611871,0.697395206983121,0.721973958692107,0.826209974615348,0.915424444522738,0.455996340440672,0.631117824773414,0.538461538461538,0.604768351383875,0.705422794117647,0.666666666666667,0.769537857771162,0.82794001578532,0.761904761904762,0.757028112449799,0.804301075268817,0.8
