"param_id","eir_equil","sig_het","ff","trial_duration","trial_PQ_eff_stratum_1","trial_PQ_eff_stratum_2","trial_PQ_prop_stratum_1","trial_PQ_prop_stratum_2","trial_PQ_proph","is_LLIN_distributed","is_IRS_administered","eff_cph_recurrent_LM","eff_cph_recurrent_PCR","eff_cph_any_relapse_LM","eff_cph_any_relapse_PCR","eff_cph_relapse_LM_trial","eff_cph_relapse_PCR_trial","eff_cph_relapse_LM_all","eff_cph_relapse_PCR_all","eff_incid_recurrent_PCR","eff_incid_recurrent_LM","eff_incid_recurrent_D","eff_incid_any_relapse_PCR","eff_incid_any_relapse_LM","eff_incid_any_relapse_D","eff_incid_relapse_PCR","eff_incid_relapse_LM","eff_incid_relapse_D","eff_risk_relapse_PCR","eff_risk_relapse_LM","eff_risk_relapse_D"
736,100,0,0.01538462,180,1,0,0.75,0.25,28,1,0,0.313814857944263,0.225740268672278,0.489113084552954,0.613476768720307,0.635952330917164,0.738153665575922,0.808020775707335,0.910775117106905,0.390328652183832,0.52567544141252,0.565652173913044,0.547793483146067,0.627224558050645,0.772954545454545,0.765234658274612,0.784817474048443,0.91675,0.759798994974874,0.805164319248826,0.909090909090909
737,100,0,0.01538462,180,1,0,0.75,0.25,28,1,0,0.402304909282173,0.217815066178631,0.462647102632406,0.606888367314418,0.509686402337527,0.7325773272731,0.779468107403687,0.909629430097038,0.395545081344078,0.545661358466038,0.537037037037037,0.554776544691062,0.631733594515181,0.5,0.773481033903995,0.804141501294219,0.6,0.747230614300101,0.773493975903614,0.578947368421053
738,100,0,0.01538462,180,1,0,0.75,0.25,28,1,0,0.385006116135586,0.295426590981846,0.545697680954147,0.622963250646317,0.7531189922346,0.716453513793413,0.781223156748958,0.908123600152793,0.38434997553879,0.519669421487603,0.568965517241379,0.542953248422087,0.628475551294343,0.634146341463415,0.762813522355507,0.786721991701245,0.875,0.741935483870968,0.762910798122066,0.875
