"param_id","eir_equil","sig_het","ff","trial_duration","trial_PQ_eff_stratum_1","trial_PQ_eff_stratum_2","trial_PQ_prop_stratum_1","trial_PQ_prop_stratum_2","trial_PQ_proph","is_LLIN_distributed","is_IRS_administered","eff_cph_recurrent_LM","eff_cph_recurrent_PCR","eff_cph_any_relapse_LM","eff_cph_any_relapse_PCR","eff_cph_relapse_LM_trial","eff_cph_relapse_PCR_trial","eff_cph_relapse_LM_all","eff_cph_relapse_PCR_all","eff_incid_recurrent_PCR","eff_incid_recurrent_LM","eff_incid_recurrent_D","eff_incid_any_relapse_PCR","eff_incid_any_relapse_LM","eff_incid_any_relapse_D","eff_incid_relapse_PCR","eff_incid_relapse_LM","eff_incid_relapse_D","eff_risk_relapse_PCR","eff_risk_relapse_LM","eff_risk_relapse_D"
1024,1,0,0.01538462,180,1,0,0.75,0.25,45,1,0,0.701506823502683,0.751878754851266,0.756474688649738,0.785876803776104,0.790564673087086,0.813994804179484,0.824255002120069,0.864426755722439,0.692031003217315,0.675547407019382,0.683415492957747,0.73151875,0.710418578623391,0.707984615384615,0.758355995900239,0.74327374301676,0.741925,0.76303317535545,0.755952380952381,0.764705882352941
1025,1,0,0.01538462,180,1,0,0.75,0.25,45,1,0,0.706006360535143,0.750430318081864,0.711241274532642,0.776682310568209,0.733330974472124,0.798894627493821,0.813579264137651,0.866484974292833,0.729814623935188,0.695672921849248,0.703656423816905,0.752415953561764,0.715705750131951,0.730900017124544,0.767940490376435,0.730332195813747,0.756024831250508,0.770956316410862,0.747368421052632,0.744897959183674
1026,1,0,0.01538462,180,1,0,0.75,0.25,45,1,0,0.628915094319956,0.740685523079874,0.695840728215695,0.779771782916555,0.758921307514966,0.811631462567954,0.82623248022886,0.86517642446579,0.679856115107914,0.655370177267987,0.705479452054794,0.718297369198936,0.695482431678751,0.75,0.739443535188216,0.727160493827161,0.786324786324786,0.75531914893617,0.744927536231884,0.80952380952381
