"param_id","eir_equil","sig_het","ff","trial_duration","trial_PQ_eff_stratum_1","trial_PQ_eff_stratum_2","trial_PQ_prop_stratum_1","trial_PQ_prop_stratum_2","trial_PQ_proph","is_LLIN_distributed","is_IRS_administered","eff_cph_recurrent_LM","eff_cph_recurrent_PCR","eff_cph_any_relapse_LM","eff_cph_any_relapse_PCR","eff_cph_relapse_LM_trial","eff_cph_relapse_PCR_trial","eff_cph_relapse_LM_all","eff_cph_relapse_PCR_all","eff_incid_recurrent_PCR","eff_incid_recurrent_LM","eff_incid_recurrent_D","eff_incid_any_relapse_PCR","eff_incid_any_relapse_LM","eff_incid_any_relapse_D","eff_incid_relapse_PCR","eff_incid_relapse_LM","eff_incid_relapse_D","eff_risk_relapse_PCR","eff_risk_relapse_LM","eff_risk_relapse_D"
1132,1,0,0.01538462,180,1,0,0.75,0.25,45,1,0,0.757240604868745,0.761647525871465,0.810032867142463,0.804517128473738,0.825596832009013,0.819475817960048,0.83644690296493,0.868655036299587,0.725242870178517,0.709473421919774,0.808632161573338,0.7553440176391,0.740837502284648,0.84905540461096,0.773406847361831,0.762247021686729,0.865411630117512,0.763466042154567,0.766233766233766,0.866666666666667
1133,1,0,0.01538462,180,1,0,0.75,0.25,45,1,0,0.704427969756142,0.775038615367969,0.746921904415304,0.803111806687013,0.766624831619963,0.82401470561186,0.829222851067617,0.859646778567024,0.687643020594966,0.708071278825996,0.767605633802817,0.716687041564792,0.739373601789709,0.810606060606061,0.733288992351181,0.758515815085158,0.836206896551724,0.754982415005862,0.76530612244898,0.841121495327103
1134,1,0,0.01538462,180,1,0,0.75,0.25,45,1,0,0.63781707143246,0.741472704137754,0.689361660606485,0.778031254852827,0.720191591350045,0.802262926622232,0.814456846487439,0.846989046985632,0.69701283236406,0.684703231553417,0.717274526434832,0.725566220567735,0.709168628087547,0.745777523555301,0.750323154578474,0.734667016339833,0.745359394482201,0.734866828087167,0.736377025036819,0.747572815533981
