"param_id","eir_equil","sig_het","ff","trial_duration","trial_PQ_eff_stratum_1","trial_PQ_eff_stratum_2","trial_PQ_prop_stratum_1","trial_PQ_prop_stratum_2","trial_PQ_proph","is_LLIN_distributed","is_IRS_administered","eff_cph_recurrent_LM","eff_cph_recurrent_PCR","eff_cph_any_relapse_LM","eff_cph_any_relapse_PCR","eff_cph_relapse_LM_trial","eff_cph_relapse_PCR_trial","eff_cph_relapse_LM_all","eff_cph_relapse_PCR_all","eff_incid_recurrent_PCR","eff_incid_recurrent_LM","eff_incid_recurrent_D","eff_incid_any_relapse_PCR","eff_incid_any_relapse_LM","eff_incid_any_relapse_D","eff_incid_relapse_PCR","eff_incid_relapse_LM","eff_incid_relapse_D","eff_risk_relapse_PCR","eff_risk_relapse_LM","eff_risk_relapse_D"
466,10,0,0.01538462,180,1,0,0.75,0.25,28,1,0,0.669144504958843,0.652226960244402,0.711462493017253,0.763147477601551,0.769433650166953,0.834902852670663,0.790122123602532,0.919036040094636,0.646561858275981,0.732683956553382,0.427426281133696,0.711205118730192,0.748535532603669,0.271269812351977,0.773538977938268,0.785442850380673,0.498997995991984,0.772267206477733,0.773333333333333,0.5
467,10,0,0.01538462,180,1,0,0.75,0.25,28,1,0,0.60969648855747,0.684521170420524,0.648116780075068,0.764377846548244,0.722420672179656,0.843456970479947,0.822147066624778,0.912619756965262,0.645509456101601,0.709397877984085,0.334,0.71199034408767,0.727902654867257,0.58375,0.776964989444054,0.762835386338186,0.58375,0.75152749490835,0.805194805194805,0.666666666666667
468,10,0,0.01538462,180,1,0,0.75,0.25,28,1,0,0.65494423585361,0.674308252235926,0.705565994656642,0.769916338869369,0.761900036012722,0.819298025261304,0.819362888651241,0.915825868039703,0.656574416844423,0.751629834254144,0.913130434782609,0.722150729086723,0.785237004405286,0.956565217391304,0.777579471365639,0.818177914110429,0.952428571428571,0.768218623481781,0.805825242718447,0.952380952380952
