"param_id","eir_equil","sig_het","ff","trial_duration","trial_PQ_eff_stratum_1","trial_PQ_eff_stratum_2","trial_PQ_prop_stratum_1","trial_PQ_prop_stratum_2","trial_PQ_proph","is_LLIN_distributed","is_IRS_administered","eff_cph_recurrent_LM","eff_cph_recurrent_PCR","eff_cph_any_relapse_LM","eff_cph_any_relapse_PCR","eff_cph_relapse_LM_trial","eff_cph_relapse_PCR_trial","eff_cph_relapse_LM_all","eff_cph_relapse_PCR_all","eff_incid_recurrent_PCR","eff_incid_recurrent_LM","eff_incid_recurrent_D","eff_incid_any_relapse_PCR","eff_incid_any_relapse_LM","eff_incid_any_relapse_D","eff_incid_relapse_PCR","eff_incid_relapse_LM","eff_incid_relapse_D","eff_risk_relapse_PCR","eff_risk_relapse_LM","eff_risk_relapse_D"
247,1,0,0.01538462,180,1,0,0.75,0.25,28,1,0,0.616003997715675,0.700955752350076,0.682998500342896,0.758716718670782,0.738595812221495,0.794571340541865,0.819517116383096,0.852829859474275,0.674004621618126,0.671168753294357,0.671099671099671,0.715944692760767,0.718575718575719,0.787666454333121,0.759223209809474,0.764687764687765,0.844106401483451,0.743742550655542,0.746376811594203,0.830188679245283
248,1,0,0.01538462,180,1,0,0.75,0.25,28,1,0,0.71851706353361,0.751182210720615,0.754907991477254,0.797990394609134,0.795106569009677,0.827868337913409,0.834701906810021,0.870704812891853,0.693098443532798,0.713078330574192,0.67488823801449,0.733268661754465,0.749034905905472,0.700634914689191,0.768387818337768,0.79025428523295,0.814247050802636,0.774850299401198,0.771513353115727,0.811111111111111
249,1,0,0.01538462,180,1,0,0.75,0.25,28,1,0,0.698077062741103,0.744846048922613,0.747442724631584,0.800311998307634,0.778042763407301,0.818521611575168,0.810157002244112,0.853056232199265,0.679817038307604,0.676216216216216,0.772727272727273,0.714937633100091,0.715357967667437,0.805084745762712,0.738655183835707,0.740037950664137,0.815533980582524,0.754878048780488,0.745426829268293,0.797872340425532
