"param_id","eir_equil","sig_het","ff","trial_duration","trial_PQ_eff_stratum_1","trial_PQ_eff_stratum_2","trial_PQ_prop_stratum_1","trial_PQ_prop_stratum_2","trial_PQ_proph","is_LLIN_distributed","is_IRS_administered","eff_cph_recurrent_LM","eff_cph_recurrent_PCR","eff_cph_any_relapse_LM","eff_cph_any_relapse_PCR","eff_cph_relapse_LM_trial","eff_cph_relapse_PCR_trial","eff_cph_relapse_LM_all","eff_cph_relapse_PCR_all","eff_incid_recurrent_PCR","eff_incid_recurrent_LM","eff_incid_recurrent_D","eff_incid_any_relapse_PCR","eff_incid_any_relapse_LM","eff_incid_any_relapse_D","eff_incid_relapse_PCR","eff_incid_relapse_LM","eff_incid_relapse_D","eff_risk_relapse_PCR","eff_risk_relapse_LM","eff_risk_relapse_D"
709,100,0,0.01538462,180,1,0,0.75,0.25,28,1,0,0.340335461116085,0.216154230103261,0.4608080342791,0.611398697988395,0.631333234947076,0.752871780173709,0.788732385804144,0.911515316088399,0.382884906591415,0.497569548983431,0.524114278212639,0.539253965809475,0.59242937565275,0.604255418208907,0.766767112296971,0.783567351134919,0.83983983983984,0.762626262626263,0.770114942528736,0.826086956521739
71,0.1,0,0.01538462,180,1,0,0.75,0.25,28,1,0,0.764497015165438,0.822352429844993,0.769322359877524,0.823226545983214,0.772671966784113,0.826600363347545,0.821216154438746,0.834006585001689,0.710437569569301,0.717148911881398,0.729050845224645,0.711531288079113,0.718162752720973,0.730199315255855,0.724283469878663,0.731805499459451,0.746740220661986,0.75609756097561,0.748930099857347,0.728571428571429
710,100,0,0.01538462,180,1,0,0.75,0.25,28,1,0,0.392254722053482,0.348323288459193,0.5143902484802,0.594701482898257,0.643003474707997,0.762434332839778,0.81675057373618,0.922957432263051,0.399168876198246,0.569716088328076,0.467741935483871,0.559568813863832,0.651270207852194,0.531914893617021,0.790812864703488,0.802553191489362,0.666666666666667,0.78159757330637,0.812785388127854,0.615384615384615
