"param_id","eir_equil","sig_het","ff","trial_duration","trial_PQ_eff_stratum_1","trial_PQ_eff_stratum_2","trial_PQ_prop_stratum_1","trial_PQ_prop_stratum_2","trial_PQ_proph","is_LLIN_distributed","is_IRS_administered","eff_cph_recurrent_LM","eff_cph_recurrent_PCR","eff_cph_any_relapse_LM","eff_cph_any_relapse_PCR","eff_cph_relapse_LM_trial","eff_cph_relapse_PCR_trial","eff_cph_relapse_LM_all","eff_cph_relapse_PCR_all","eff_incid_recurrent_PCR","eff_incid_recurrent_LM","eff_incid_recurrent_D","eff_incid_any_relapse_PCR","eff_incid_any_relapse_LM","eff_incid_any_relapse_D","eff_incid_relapse_PCR","eff_incid_relapse_LM","eff_incid_relapse_D","eff_risk_relapse_PCR","eff_risk_relapse_LM","eff_risk_relapse_D"
366,1,0,0.01538462,180,1,0,0.75,0.25,28,1,0,0.70480073743577,0.747595217924596,0.753985490784467,0.803478252114166,0.777775119222923,0.823070844486859,0.84083112697572,0.86812033810099,0.721558003957551,0.725454215730572,0.710214030824718,0.758570199515081,0.753543653543653,0.740097821398634,0.787158264958132,0.784065790137436,0.772954772954773,0.782178217821782,0.784615384615385,0.787878787878788
367,1,0,0.01538462,180,1,0,0.75,0.25,28,1,0,0.581296452719874,0.700413609910949,0.649429891256129,0.758813447272029,0.694184807139587,0.789987210593446,0.822415515548423,0.855804630921011,0.674696814183691,0.677616424798389,0.697176167764403,0.722172440833634,0.724479239770642,0.725389105920079,0.749577992542989,0.749114596830333,0.773358263924302,0.752701080432173,0.753731343283582,0.74468085106383
368,1,0,0.01538462,180,1,0,0.75,0.25,28,1,0,0.665926452802415,0.722505574346717,0.715024505597679,0.782195503320207,0.74996674035642,0.801999229339609,0.828013319038539,0.856469058097679,0.653969565217391,0.6382088091354,0.54912389380531,0.690837087318729,0.679533294730747,0.637617647058824,0.722201412239408,0.715194635059264,0.667,0.750294464075383,0.756521739130435,0.697674418604651
