"param_id","eir_equil","sig_het","ff","trial_duration","trial_PQ_eff_stratum_1","trial_PQ_eff_stratum_2","trial_PQ_prop_stratum_1","trial_PQ_prop_stratum_2","trial_PQ_proph","is_LLIN_distributed","is_IRS_administered","eff_cph_recurrent_LM","eff_cph_recurrent_PCR","eff_cph_any_relapse_LM","eff_cph_any_relapse_PCR","eff_cph_relapse_LM_trial","eff_cph_relapse_PCR_trial","eff_cph_relapse_LM_all","eff_cph_relapse_PCR_all","eff_incid_recurrent_PCR","eff_incid_recurrent_LM","eff_incid_recurrent_D","eff_incid_any_relapse_PCR","eff_incid_any_relapse_LM","eff_incid_any_relapse_D","eff_incid_relapse_PCR","eff_incid_relapse_LM","eff_incid_relapse_D","eff_risk_relapse_PCR","eff_risk_relapse_LM","eff_risk_relapse_D"
100,0.1,0,0.01538462,180,1,0,0.75,0.25,28,1,0,0.800471371263167,0.806410950593316,0.80607702260835,0.809865560353552,0.809295489803176,0.814866480718601,0.812479611208376,0.820141869233148,0.708499623493976,0.697377637846367,0.717223109304689,0.711928654566045,0.700758836450776,0.723474308357978,0.732003604971065,0.723072028695387,0.752898730845713,0.735135135135135,0.734463276836158,0.757692307692308
1000,1,0,0.01538462,180,1,0,0.75,0.25,45,1,0,0.715334293532781,0.727651831314651,0.759940717322158,0.788869387454088,0.796015905517917,0.817270304901188,0.816850085455741,0.842845585675879,0.683664879356568,0.683641241451867,0.688717391304348,0.724359355246523,0.727696398891967,0.717839694656489,0.751186030664395,0.7544125,0.744256,0.745432399512789,0.75,0.723809523809524
1001,1,0,0.01538462,180,1,0,0.75,0.25,45,1,0,0.587076009150895,0.72670736053369,0.658601972691372,0.771339898013372,0.695811180112467,0.798945794942618,0.82235002565388,0.860504514046717,0.690169813310832,0.676334210222834,0.64214142570856,0.721114747848714,0.717501746876953,0.713713140566848,0.739562632572033,0.731031060230101,0.715219913511233,0.759036144578313,0.747430249632893,0.7
