"param_id","eir_equil","sig_het","ff","trial_duration","trial_PQ_eff_stratum_1","trial_PQ_eff_stratum_2","trial_PQ_prop_stratum_1","trial_PQ_prop_stratum_2","trial_PQ_proph","is_LLIN_distributed","is_IRS_administered","eff_cph_recurrent_LM","eff_cph_recurrent_PCR","eff_cph_any_relapse_LM","eff_cph_any_relapse_PCR","eff_cph_relapse_LM_trial","eff_cph_relapse_PCR_trial","eff_cph_relapse_LM_all","eff_cph_relapse_PCR_all","eff_incid_recurrent_PCR","eff_incid_recurrent_LM","eff_incid_recurrent_D","eff_incid_any_relapse_PCR","eff_incid_any_relapse_LM","eff_incid_any_relapse_D","eff_incid_relapse_PCR","eff_incid_relapse_LM","eff_incid_relapse_D","eff_risk_relapse_PCR","eff_risk_relapse_LM","eff_risk_relapse_D"
655,100,0,0.01538462,180,1,0,0.75,0.25,28,1,0,0.286265329100156,0.208196054400739,0.421427724749451,0.574414297150541,0.609624564065363,0.723880341913897,0.784762022703494,0.892760684449661,0.361569981702446,0.488485241647746,0.46031746031746,0.516095812037532,0.567423876268729,0.651162790697674,0.730771879088343,0.76268271711092,0.75,0.724798387096774,0.767281105990783,0.722222222222222
656,100,0,0.01538462,180,1,0,0.75,0.25,28,1,0,0.421762138229804,0.278015127831753,0.578100275721547,0.628983432350006,0.769551689223737,0.782895043340013,0.822359692393641,0.914770905454138,0.382875689042296,0.54424504950495,0.746478873239437,0.545026932706168,0.630663615560641,0.76,0.776942182972264,0.825946817082998,0.766666666666667,0.762917933130699,0.797356828193833,0.793103448275862
657,100,0,0.01538462,180,1,0,0.75,0.25,28,1,0,0.467606256148294,0.248048161265433,0.626227944284836,0.622462240518957,0.77306997163807,0.783642556556543,0.858546967425267,0.920968531471236,0.399538340562616,0.609537572254335,0.746835443037975,0.56105758458436,0.688821752265861,0.842105263157895,0.785564641481381,0.858761329305136,0.878787878787879,0.769617706237425,0.836206896551724,0.857142857142857
