"param_id","eir_equil","sig_het","ff","trial_duration","trial_PQ_eff_stratum_1","trial_PQ_eff_stratum_2","trial_PQ_prop_stratum_1","trial_PQ_prop_stratum_2","trial_PQ_proph","is_LLIN_distributed","is_IRS_administered","eff_cph_recurrent_LM","eff_cph_recurrent_PCR","eff_cph_any_relapse_LM","eff_cph_any_relapse_PCR","eff_cph_relapse_LM_trial","eff_cph_relapse_PCR_trial","eff_cph_relapse_LM_all","eff_cph_relapse_PCR_all","eff_incid_recurrent_PCR","eff_incid_recurrent_LM","eff_incid_recurrent_D","eff_incid_any_relapse_PCR","eff_incid_any_relapse_LM","eff_incid_any_relapse_D","eff_incid_relapse_PCR","eff_incid_relapse_LM","eff_incid_relapse_D","eff_risk_relapse_PCR","eff_risk_relapse_LM","eff_risk_relapse_D"
1073,1,0,0.01538462,180,1,0,0.75,0.25,45,1,0,0.750376400192844,0.778253972708838,0.768872689808676,0.798122339636795,0.781049810486716,0.814711330401333,0.835447049335367,0.875095448134326,0.736827509706045,0.738009283135637,0.669014084507042,0.765869501033363,0.766904892798241,0.702290076335878,0.780830670926518,0.778771615980918,0.725,0.775558166862515,0.766272189349112,0.754716981132076
1074,1,0,0.01538462,180,1,0,0.75,0.25,45,1,0,0.690829127512059,0.755782735594128,0.715583901719504,0.789419878925053,0.750471730835317,0.810364964691904,0.832121199895222,0.863065380798506,0.723248143053645,0.713623403168115,0.690232558139535,0.757452913478517,0.745075245365322,0.71695,0.776262300319489,0.772739336492891,0.763872727272727,0.764218009478673,0.768115942028985,0.737373737373737
1075,1,0,0.01538462,180,1,0,0.75,0.25,45,1,0,0.707139921382338,0.755822242043525,0.763946544984778,0.801477784305136,0.790339115465563,0.826999485158508,0.836125844520019,0.862240478509748,0.689806582429767,0.690814467623087,0.671427152343183,0.722841940325949,0.727198525669307,0.702827827827828,0.744122429307615,0.755535025244569,0.728542101423457,0.757931844888367,0.760330578512397,0.764705882352941
