"param_id","eir_equil","sig_het","ff","trial_duration","trial_PQ_eff_stratum_1","trial_PQ_eff_stratum_2","trial_PQ_prop_stratum_1","trial_PQ_prop_stratum_2","trial_PQ_proph","is_LLIN_distributed","is_IRS_administered","eff_cph_recurrent_LM","eff_cph_recurrent_PCR","eff_cph_any_relapse_LM","eff_cph_any_relapse_PCR","eff_cph_relapse_LM_trial","eff_cph_relapse_PCR_trial","eff_cph_relapse_LM_all","eff_cph_relapse_PCR_all","eff_incid_recurrent_PCR","eff_incid_recurrent_LM","eff_incid_recurrent_D","eff_incid_any_relapse_PCR","eff_incid_any_relapse_LM","eff_incid_any_relapse_D","eff_incid_relapse_PCR","eff_incid_relapse_LM","eff_incid_relapse_D","eff_risk_relapse_PCR","eff_risk_relapse_LM","eff_risk_relapse_D"
1016,1,0,0.01538462,180,1,0,0.75,0.25,45,1,0,0.747413766949642,0.784314663845402,0.798624425107368,0.821920063821429,0.817396092475103,0.839521895451854,0.864521618712198,0.88996790129223,0.740591397849462,0.731815932706581,0.724832214765101,0.772467086433887,0.762605042016807,0.807142857142857,0.793306476603657,0.785917092561045,0.814516129032258,0.798143851508121,0.807313642756681,0.814814814814815
1017,1,0,0.01538462,180,1,0,0.75,0.25,45,1,0,0.735907363203705,0.735051244197336,0.770724501336636,0.781170235454229,0.80754859152974,0.815284517352361,0.832862854561067,0.86717299400876,0.687623902577174,0.68978102189781,0.753424657534247,0.723795180722892,0.715002788622421,0.777777777777778,0.753500488440247,0.743932038834952,0.793650793650794,0.753231492361927,0.752906976744186,0.769230769230769
1018,1,0,0.01538462,180,1,0,0.75,0.25,45,1,0,0.661753587897051,0.73953356960112,0.704280872873682,0.786601075808456,0.722760534223242,0.796496388332518,0.820363258532187,0.85185443328557,0.683094024604569,0.698823125659979,0.659431818181818,0.718818350898946,0.739100446428572,0.704296,0.738317407283662,0.757359781950333,0.720618644067797,0.737980769230769,0.742983751846381,0.731481481481481
