"param_id","eir_equil","sig_het","ff","trial_duration","trial_PQ_eff_stratum_1","trial_PQ_eff_stratum_2","trial_PQ_prop_stratum_1","trial_PQ_prop_stratum_2","trial_PQ_proph","is_LLIN_distributed","is_IRS_administered","eff_cph_recurrent_LM","eff_cph_recurrent_PCR","eff_cph_any_relapse_LM","eff_cph_any_relapse_PCR","eff_cph_relapse_LM_trial","eff_cph_relapse_PCR_trial","eff_cph_relapse_LM_all","eff_cph_relapse_PCR_all","eff_incid_recurrent_PCR","eff_incid_recurrent_LM","eff_incid_recurrent_D","eff_incid_any_relapse_PCR","eff_incid_any_relapse_LM","eff_incid_any_relapse_D","eff_incid_relapse_PCR","eff_incid_relapse_LM","eff_incid_relapse_D","eff_risk_relapse_PCR","eff_risk_relapse_LM","eff_risk_relapse_D"
600,100,0,0.01538462,180,1,0,0.75,0.25,28,1,0,0.372508632704447,0.281660285260212,0.446246458781266,0.571577840702612,0.726846585816584,0.749176078447755,0.815126566086018,0.908787258190111,0.378016842970114,0.548831635710006,0.451612903225806,0.531967556452534,0.62082957619477,0.627906976744186,0.753225250086237,0.784627702161729,0.769230769230769,0.746208291203236,0.769736842105263,0.739130434782609
601,100,0,0.01538462,180,1,0,0.75,0.25,28,1,0,0.470733864733243,0.305957215666765,0.647702209535198,0.626639882635966,0.78518485752368,0.78762713387203,0.864679219923861,0.926351244397309,0.38842216049287,0.590003947302422,0.643711508118288,0.557481981446524,0.683918565678419,0.697371790395046,0.793726064099985,0.850748484628266,0.91991991991992,0.781909547738693,0.844638949671772,0.91304347826087
602,100,0,0.01538462,180,1,0,0.75,0.25,28,1,0,0.381252457580172,0.245446573552649,0.551629004649649,0.557329050924445,0.716296657723855,0.724457847498744,0.771206071711661,0.897169410369397,0.378717475328867,0.499328971219942,0.5995995995996,0.53009216191,0.576479638623605,0.707024097268,0.730849706927897,0.722254843297674,0.83983983983984,0.723340040241449,0.745283018867924,0.80952380952381
