"param_id","eir_equil","sig_het","ff","trial_duration","trial_PQ_eff_stratum_1","trial_PQ_eff_stratum_2","trial_PQ_prop_stratum_1","trial_PQ_prop_stratum_2","trial_PQ_proph","is_LLIN_distributed","is_IRS_administered","eff_cph_recurrent_LM","eff_cph_recurrent_PCR","eff_cph_any_relapse_LM","eff_cph_any_relapse_PCR","eff_cph_relapse_LM_trial","eff_cph_relapse_PCR_trial","eff_cph_relapse_LM_all","eff_cph_relapse_PCR_all","eff_incid_recurrent_PCR","eff_incid_recurrent_LM","eff_incid_recurrent_D","eff_incid_any_relapse_PCR","eff_incid_any_relapse_LM","eff_incid_any_relapse_D","eff_incid_relapse_PCR","eff_incid_relapse_LM","eff_incid_relapse_D","eff_risk_relapse_PCR","eff_risk_relapse_LM","eff_risk_relapse_D"
1273,10,0,0.01538462,180,1,0,0.75,0.25,45,1,0,0.614026841854166,0.692480931386398,0.649949378590271,0.768562689367242,0.707249775842649,0.818756545950841,0.82915830850878,0.911472787040652,0.650210143781276,0.673586630108369,0.555110666221777,0.705896225760716,0.719876432205199,0.63963963963964,0.746616657214435,0.751120233047944,0.651825738782261,0.75,0.800498753117207,0.818181818181818
1274,10,0,0.01538462,180,1,0,0.75,0.25,45,1,0,0.596012069452454,0.685898786333938,0.60993290984583,0.757703902143473,0.636132662716735,0.803943613570879,0.764046791388405,0.896767346121199,0.647551215214039,0.736979166666667,0.928571428571429,0.702704918032787,0.755278310940499,0.964285714285714,0.736628619941515,0.781897491821156,0.958333333333333,0.736040609137056,0.765463917525773,0.958333333333333
1275,10,0,0.01538462,180,1,0,0.75,0.25,45,1,0,0.635531510234617,0.725688970126037,0.699045640492828,0.795127965227006,0.783460001414896,0.83027902273706,0.839864169694989,0.916149460220124,0.692360444383487,0.7981220657277,0.833333333333333,0.747087933003426,0.831903945111492,0.842105263157895,0.781418860031375,0.847208619000979,0.833333333333333,0.76417004048583,0.827930174563591,0.833333333333333
