"param_id","eir_equil","sig_het","ff","trial_duration","trial_PQ_eff_stratum_1","trial_PQ_eff_stratum_2","trial_PQ_prop_stratum_1","trial_PQ_prop_stratum_2","trial_PQ_proph","is_LLIN_distributed","is_IRS_administered","eff_cph_recurrent_LM","eff_cph_recurrent_PCR","eff_cph_any_relapse_LM","eff_cph_any_relapse_PCR","eff_cph_relapse_LM_trial","eff_cph_relapse_PCR_trial","eff_cph_relapse_LM_all","eff_cph_relapse_PCR_all","eff_incid_recurrent_PCR","eff_incid_recurrent_LM","eff_incid_recurrent_D","eff_incid_any_relapse_PCR","eff_incid_any_relapse_LM","eff_incid_any_relapse_D","eff_incid_relapse_PCR","eff_incid_relapse_LM","eff_incid_relapse_D","eff_risk_relapse_PCR","eff_risk_relapse_LM","eff_risk_relapse_D"
485,10,0,0.01538462,180,1,0,0.75,0.25,28,1,0,0.675556472083924,0.658543614488445,0.681352415135301,0.779557815681142,0.734247926291625,0.832930538892328,0.793142887394401,0.90410026682406,0.648114735541458,0.748962547736983,0.899899799599198,0.713281215806546,0.768931695991101,0.866533066132265,0.766438690929345,0.798793567033565,0.908999817817453,0.752032520325203,0.795061728395062,0.9
486,10,0,0.01538462,180,1,0,0.75,0.25,28,1,0,0.470838828523139,0.637446633004253,0.472085748270107,0.737631323262,0.588207949886168,0.796874715754452,0.76463203293806,0.90223937153485,0.623073514185132,0.653776173285199,0.68032,0.684090162028064,0.679546843177189,0.714571428571429,0.741939892665474,0.738600682593857,0.75025,0.736629667003027,0.740641711229947,0.75
487,10,0,0.01538462,180,1,0,0.75,0.25,28,1,0,0.543221510528785,0.65905148506544,0.631532356666122,0.778238210766227,0.64631211060215,0.846707717153224,0.816405324967881,0.917442299675887,0.657585526084054,0.707413347803073,0.587823117234882,0.726572262390003,0.743767672054525,0.687187187187187,0.786547947353775,0.802011956708089,0.642499642499643,0.765120967741935,0.804071246819338,0.642857142857143
