"param_id","eir_equil","sig_het","ff","trial_duration","trial_PQ_eff_stratum_1","trial_PQ_eff_stratum_2","trial_PQ_prop_stratum_1","trial_PQ_prop_stratum_2","trial_PQ_proph","is_LLIN_distributed","is_IRS_administered","eff_cph_recurrent_LM","eff_cph_recurrent_PCR","eff_cph_any_relapse_LM","eff_cph_any_relapse_PCR","eff_cph_relapse_LM_trial","eff_cph_relapse_PCR_trial","eff_cph_relapse_LM_all","eff_cph_relapse_PCR_all","eff_incid_recurrent_PCR","eff_incid_recurrent_LM","eff_incid_recurrent_D","eff_incid_any_relapse_PCR","eff_incid_any_relapse_LM","eff_incid_any_relapse_D","eff_incid_relapse_PCR","eff_incid_relapse_LM","eff_incid_relapse_D","eff_risk_relapse_PCR","eff_risk_relapse_LM","eff_risk_relapse_D"
1265,10,0,0.01538462,180,1,0,0.75,0.25,45,1,0,0.657781761944378,0.664385077366592,0.705294425540331,0.747259748389397,0.726626926039047,0.817231741295108,0.792218369333912,0.91220920945939,0.666726831507408,0.726160395324811,0.851554961775403,0.726166064764464,0.765264795324916,0.845845537228303,0.765299526151171,0.799189380806603,0.809142093711232,0.752774974772957,0.768831168831169,0.8
1266,10,0,0.01538462,180,1,0,0.75,0.25,45,1,0,0.557164920565301,0.704447973212952,0.59237302860881,0.762444059174927,0.587420828036356,0.810097181478291,0.764040063762717,0.910221649486461,0.678121194361786,0.725978137031678,0.651825738782261,0.732627960992256,0.739624017080664,0.713999713999714,0.767144745989405,0.741177641730128,0.721944166388611,0.744466800804829,0.756906077348066,0.722222222222222
1267,10,0,0.01538462,180,1,0,0.75,0.25,45,1,0,0.651156585733595,0.660957162760919,0.676422978056508,0.771137227730825,0.711579133163233,0.826074707736299,0.809413306795905,0.906532551895452,0.658735044548154,0.748446750902527,0.778,0.718453668861712,0.766866931479642,0.8126875,0.761777617198085,0.786986316989738,0.785928571428571,0.75609756097561,0.809399477806789,0.857142857142857
