"param_id","eir_equil","sig_het","ff","trial_duration","trial_PQ_eff_stratum_1","trial_PQ_eff_stratum_2","trial_PQ_prop_stratum_1","trial_PQ_prop_stratum_2","trial_PQ_proph","is_LLIN_distributed","is_IRS_administered","eff_cph_recurrent_LM","eff_cph_recurrent_PCR","eff_cph_any_relapse_LM","eff_cph_any_relapse_PCR","eff_cph_relapse_LM_trial","eff_cph_relapse_PCR_trial","eff_cph_relapse_LM_all","eff_cph_relapse_PCR_all","eff_incid_recurrent_PCR","eff_incid_recurrent_LM","eff_incid_recurrent_D","eff_incid_any_relapse_PCR","eff_incid_any_relapse_LM","eff_incid_any_relapse_D","eff_incid_relapse_PCR","eff_incid_relapse_LM","eff_incid_relapse_D","eff_risk_relapse_PCR","eff_risk_relapse_LM","eff_risk_relapse_D"
1402,100,0,0.01538462,180,1,0,0.75,0.25,45,1,0,0.452364704801992,0.400380207383257,0.524613387253312,0.619589638676882,0.580408100234198,0.727948572676824,0.801725177426696,0.913020294257634,0.454712712467871,0.574412161053333,0.473523317822085,0.606452315866338,0.641559541847924,0.549098196392786,0.760198316403188,0.756749727279021,0.738607650082774,0.754527162977867,0.78743961352657,0.869565217391304
1403,100,0,0.01538462,180,1,0,0.75,0.25,45,1,0,0.406441022583071,0.446260719675311,0.50334772097481,0.676972100910493,0.681571720698042,0.749152233614905,0.790168125259637,0.915949008083487,0.453325980515875,0.555779324055666,0.667,0.603448678823967,0.646023622047244,0.757,0.768527644230769,0.769734042553192,1,0.75226586102719,0.764705882352941,1
1404,100,0,0.01538462,180,1,0,0.75,0.25,45,1,0,0.370556384933725,0.386550463936542,0.501028476115861,0.648574111406121,0.636432772661255,0.747822873912538,0.834318692997442,0.911519748916571,0.451611231996684,0.610687022900763,0.769230769230769,0.604612913096695,0.689622190339551,0.773584905660377,0.766675873498136,0.847652790079717,0.9375,0.756539235412475,0.832134292565947,0.931034482758621
