"param_id","eir_equil","sig_het","ff","trial_duration","trial_PQ_eff_stratum_1","trial_PQ_eff_stratum_2","trial_PQ_prop_stratum_1","trial_PQ_prop_stratum_2","trial_PQ_proph","is_LLIN_distributed","is_IRS_administered","eff_cph_recurrent_LM","eff_cph_recurrent_PCR","eff_cph_any_relapse_LM","eff_cph_any_relapse_PCR","eff_cph_relapse_LM_trial","eff_cph_relapse_PCR_trial","eff_cph_relapse_LM_all","eff_cph_relapse_PCR_all","eff_incid_recurrent_PCR","eff_incid_recurrent_LM","eff_incid_recurrent_D","eff_incid_any_relapse_PCR","eff_incid_any_relapse_LM","eff_incid_any_relapse_D","eff_incid_relapse_PCR","eff_incid_relapse_LM","eff_incid_relapse_D","eff_risk_relapse_PCR","eff_risk_relapse_LM","eff_risk_relapse_D"
628,100,0,0.01538462,180,1,0,0.75,0.25,28,1,0,0.346320272029559,0.281983061260253,0.443315831785374,0.549999542261294,0.579530141878549,0.717934687230866,0.796153029528437,0.907169316873283,0.379029620322517,0.562559529226196,0.404105860246211,0.537356554500275,0.642990953335781,0.628943228943229,0.756761922161162,0.794180173659001,0.762143095476429,0.748733535967579,0.770240700218818,0.80952380952381
629,100,0,0.01538462,180,1,0,0.75,0.25,28,1,0,0.295206575479259,0.315205632940391,0.439882933538244,0.636826935663945,0.68778373835137,0.767759484676734,0.798127143458629,0.914927987583671,0.39605497582082,0.509675303378157,0.633802816901408,0.552904486360562,0.606692531522793,0.678571428571429,0.773258182805922,0.803223070398643,0.764705882352941,0.758308157099698,0.778301886792453,0.741935483870968
63,0.1,0,0.01538462,180,1,0,0.75,0.25,28,1,0,0.783206492410468,0.8047122766825,0.78976068809288,0.806813566125139,0.791547548219641,0.811249571962044,0.806414852842283,0.811059567903844,0.674885237660568,0.675388234582189,0.691503324796449,0.676583057878022,0.677314482624217,0.696062122728789,0.696464410988618,0.696233128803103,0.722028225065892,0.717914438502674,0.722067039106145,0.726377952755906
