"param_id","eir_equil","sig_het","ff","trial_duration","trial_PQ_eff_stratum_1","trial_PQ_eff_stratum_2","trial_PQ_prop_stratum_1","trial_PQ_prop_stratum_2","trial_PQ_proph","is_LLIN_distributed","is_IRS_administered","eff_cph_recurrent_LM","eff_cph_recurrent_PCR","eff_cph_any_relapse_LM","eff_cph_any_relapse_PCR","eff_cph_relapse_LM_trial","eff_cph_relapse_PCR_trial","eff_cph_relapse_LM_all","eff_cph_relapse_PCR_all","eff_incid_recurrent_PCR","eff_incid_recurrent_LM","eff_incid_recurrent_D","eff_incid_any_relapse_PCR","eff_incid_any_relapse_LM","eff_incid_any_relapse_D","eff_incid_relapse_PCR","eff_incid_relapse_LM","eff_incid_relapse_D","eff_risk_relapse_PCR","eff_risk_relapse_LM","eff_risk_relapse_D"
1543,100,0,0.01538462,180,1,0,0.75,0.25,45,1,0,0.314241325530088,0.412046797601362,0.513429222461924,0.637968426842663,0.59832790780757,0.763875363693598,0.802181579998958,0.918788346075308,0.466511457291799,0.558671279556746,0.443180885803837,0.618215737432078,0.651398592345396,0.639250361472584,0.778613316266556,0.775612100913306,0.727545727545728,0.762865792129163,0.788018433179724,0.761904761904762
1544,100,0,0.01538462,180,1,0,0.75,0.25,45,1,0,0.503142592154911,0.385058726556177,0.60988017112875,0.679285647279136,0.68673238393448,0.739180632400239,0.826876299033483,0.90673956266599,0.457617086978899,0.600616332819723,0.53968253968254,0.608254449072321,0.699369936993699,0.644444444444444,0.763685272360457,0.835856573705179,0.666666666666667,0.744702320887992,0.810690423162584,0.666666666666667
1545,100,0,0.01538462,180,1,0,0.75,0.25,45,1,0,0.423723480609177,0.422038551957628,0.542713890172807,0.621235284015929,0.589326024405159,0.732646513309524,0.823385632338771,0.914840402672115,0.458431268344867,0.639042755623744,0.781030811623247,0.610349475442694,0.721968681008919,0.809332951617521,0.773302090919418,0.853134841110793,0.845999691691074,0.757575757575758,0.822072072072072,0.84
