"param_id","eir_equil","sig_het","ff","trial_duration","trial_PQ_eff_stratum_1","trial_PQ_eff_stratum_2","trial_PQ_prop_stratum_1","trial_PQ_prop_stratum_2","trial_PQ_proph","is_LLIN_distributed","is_IRS_administered","eff_cph_recurrent_LM","eff_cph_recurrent_PCR","eff_cph_any_relapse_LM","eff_cph_any_relapse_PCR","eff_cph_relapse_LM_trial","eff_cph_relapse_PCR_trial","eff_cph_relapse_LM_all","eff_cph_relapse_PCR_all","eff_incid_recurrent_PCR","eff_incid_recurrent_LM","eff_incid_recurrent_D","eff_incid_any_relapse_PCR","eff_incid_any_relapse_LM","eff_incid_any_relapse_D","eff_incid_relapse_PCR","eff_incid_relapse_LM","eff_incid_relapse_D","eff_risk_relapse_PCR","eff_risk_relapse_LM","eff_risk_relapse_D"
847,0.1,0,0.01538462,180,1,0,0.75,0.25,45,1,0,0.813709546895288,0.838305233799424,0.813362794390086,0.83836758059802,0.813100702532031,0.839052516841863,0.83563197260366,0.838017775141382,0.742402514866888,0.741954196948559,0.758666791401359,0.743860197957216,0.743012020030498,0.758710294584822,0.752080985223712,0.750751003009027,0.773198637829657,0.757780784844384,0.761173184357542,0.777131782945736
848,0.1,0,0.01538462,180,1,0,0.75,0.25,45,1,0,0.766195709233727,0.816229806036701,0.767690799159031,0.817760347470606,0.771760503736412,0.8219292098836,0.813978111829452,0.825588045691595,0.705722070844687,0.690932311621967,0.685678073510773,0.709518599562363,0.695067264573991,0.686149936467598,0.728422210005498,0.716216216216216,0.713188220230474,0.744911804613297,0.742446043165468,0.731854838709677
849,0.1,0,0.01538462,180,1,0,0.75,0.25,45,1,0,0.820806229110934,0.834703409993651,0.824307166053508,0.839503923563326,0.824307166053508,0.841211164203894,0.832350361885801,0.836857929672485,0.711608537220198,0.711271850512357,0.736,0.716519020323085,0.714544357272179,0.737986270022883,0.726798748696559,0.72524154589372,0.751716247139588,0.761096605744125,0.765347885402456,0.766355140186916
