"param_id","eir_equil","sig_het","ff","trial_duration","trial_PQ_eff_stratum_1","trial_PQ_eff_stratum_2","trial_PQ_prop_stratum_1","trial_PQ_prop_stratum_2","trial_PQ_proph","is_LLIN_distributed","is_IRS_administered","eff_cph_recurrent_LM","eff_cph_recurrent_PCR","eff_cph_any_relapse_LM","eff_cph_any_relapse_PCR","eff_cph_relapse_LM_trial","eff_cph_relapse_PCR_trial","eff_cph_relapse_LM_all","eff_cph_relapse_PCR_all","eff_incid_recurrent_PCR","eff_incid_recurrent_LM","eff_incid_recurrent_D","eff_incid_any_relapse_PCR","eff_incid_any_relapse_LM","eff_incid_any_relapse_D","eff_incid_relapse_PCR","eff_incid_relapse_LM","eff_incid_relapse_D","eff_risk_relapse_PCR","eff_risk_relapse_LM","eff_risk_relapse_D"
800,0.1,0,0.01538462,180,1,0,0.75,0.25,45,1,0,0.766370005942343,0.820857520707194,0.769552874618499,0.818941297378866,0.771825776362502,0.821903158093796,0.81391265037914,0.825960119682214,0.705583756345178,0.701255783212161,0.689171974522293,0.707413695529145,0.703580901856764,0.691025641025641,0.726704545454545,0.723035952063915,0.717223650385604,0.750696378830084,0.744837758112094,0.727272727272727
801,0.1,0,0.01538462,180,1,0,0.75,0.25,45,1,0,0.844149348014344,0.866328654800469,0.850805994064404,0.870248281143281,0.854864303311447,0.8747901327674,0.865557032827692,0.87413544014166,0.794568451001077,0.78959429242374,0.809920704541018,0.799142845559901,0.794227924539782,0.818560672516426,0.813241783511988,0.807965836069845,0.8344113600335,0.815718157181572,0.813124108416548,0.829268292682927
802,0.1,0,0.01538462,180,1,0,0.75,0.25,45,1,0,0.791082062993315,0.829052617064867,0.796140827344725,0.835308929729631,0.796140827344725,0.836307999737235,0.828283502688327,0.837348376777806,0.760942760942761,0.759715025906736,0.75031847133758,0.764209341586944,0.762833008447044,0.751600512163892,0.775774647887324,0.77423552374756,0.765083440308087,0.76551724137931,0.763425253991292,0.747368421052632
