"param_id","eir_equil","sig_het","ff","trial_duration","trial_PQ_eff_stratum_1","trial_PQ_eff_stratum_2","trial_PQ_prop_stratum_1","trial_PQ_prop_stratum_2","trial_PQ_proph","is_LLIN_distributed","is_IRS_administered","eff_cph_recurrent_LM","eff_cph_recurrent_PCR","eff_cph_any_relapse_LM","eff_cph_any_relapse_PCR","eff_cph_relapse_LM_trial","eff_cph_relapse_PCR_trial","eff_cph_relapse_LM_all","eff_cph_relapse_PCR_all","eff_incid_recurrent_PCR","eff_incid_recurrent_LM","eff_incid_recurrent_D","eff_incid_any_relapse_PCR","eff_incid_any_relapse_LM","eff_incid_any_relapse_D","eff_incid_relapse_PCR","eff_incid_relapse_LM","eff_incid_relapse_D","eff_risk_relapse_PCR","eff_risk_relapse_LM","eff_risk_relapse_D"
547,10,0,0.01538462,180,1,0,0.75,0.25,28,1,0,0.652021876711212,0.648917577138982,0.708617467297596,0.769179641653873,0.727156424365632,0.840365120820747,0.814735269880703,0.921677452502005,0.670335756317065,0.718126626192541,0.681818181818182,0.736643571978445,0.763862332695985,0.7,0.79651574106827,0.803474484256243,0.705882352941176,0.771486349848332,0.796246648793566,0.6875
548,10,0,0.01538462,180,1,0,0.75,0.25,28,1,0,0.510624392168635,0.647514081670625,0.575908336118979,0.757569072760428,0.609357966328496,0.808191268565741,0.774681110495704,0.900886726181037,0.645792297765401,0.733755942947702,0.6,0.706233021430728,0.759162303664921,0.736842105263158,0.756228373702422,0.792547834843907,0.875,0.738071065989848,0.76039119804401,0.875
549,10,0,0.01538462,180,1,0,0.75,0.25,28,1,0,0.724554914271723,0.690583002749966,0.742598955552996,0.769144585691612,0.751687891081908,0.834327677751691,0.81836845692376,0.9119958769797,0.662878880097383,0.76726941362916,0.793310344827586,0.725532125948749,0.802443005181347,0.76024,0.786732252559727,0.826813907933399,0.727545454545454,0.756319514661274,0.80622009569378,0.736842105263158
