"param_id","eir_equil","sig_het","ff","trial_duration","trial_PQ_eff_stratum_1","trial_PQ_eff_stratum_2","trial_PQ_prop_stratum_1","trial_PQ_prop_stratum_2","trial_PQ_proph","is_LLIN_distributed","is_IRS_administered","eff_cph_recurrent_LM","eff_cph_recurrent_PCR","eff_cph_any_relapse_LM","eff_cph_any_relapse_PCR","eff_cph_relapse_LM_trial","eff_cph_relapse_PCR_trial","eff_cph_relapse_LM_all","eff_cph_relapse_PCR_all","eff_incid_recurrent_PCR","eff_incid_recurrent_LM","eff_incid_recurrent_D","eff_incid_any_relapse_PCR","eff_incid_any_relapse_LM","eff_incid_any_relapse_D","eff_incid_relapse_PCR","eff_incid_relapse_LM","eff_incid_relapse_D","eff_risk_relapse_PCR","eff_risk_relapse_LM","eff_risk_relapse_D"
1210,10,0,0.01538462,180,1,0,0.75,0.25,45,1,0,0.601615883536526,0.69728330531926,0.657324892602081,0.754665339036114,0.680999250364978,0.795139194869045,0.789811299225972,0.894207476428777,0.63734026119927,0.710884353741497,0.75,0.688582124473561,0.741477272727273,0.722222222222222,0.722913125167755,0.752723311546841,0.545454545454545,0.713272543059777,0.746153846153846,0.545454545454545
1211,10,0,0.01538462,180,1,0,0.75,0.25,45,1,0,0.750029815959548,0.694978449304669,0.730301514997389,0.779009362068782,0.768401057082007,0.818457580686096,0.837126620794372,0.917763632448813,0.692553574203954,0.818072676359306,0.884499884499884,0.750202281847852,0.845794146773666,0.841947210368263,0.785900605219277,0.867944480230482,0.874874874874875,0.753535353535354,0.823821339950372,0.875
1212,10,0,0.01538462,180,1,0,0.75,0.25,45,1,0,0.439614717164445,0.674804157444715,0.541110257560998,0.763076368124743,0.613461867428822,0.811566496129438,0.760934182224257,0.909676710839154,0.672033505154639,0.68512893982808,0.6004,0.727348680646909,0.711971061093248,0.667,0.766882352941176,0.754442446043165,0.684526315789474,0.755060728744939,0.765840220385675,0.789473684210526
