"param_id","eir_equil","sig_het","ff","trial_duration","trial_PQ_eff_stratum_1","trial_PQ_eff_stratum_2","trial_PQ_prop_stratum_1","trial_PQ_prop_stratum_2","trial_PQ_proph","is_LLIN_distributed","is_IRS_administered","eff_cph_recurrent_LM","eff_cph_recurrent_PCR","eff_cph_any_relapse_LM","eff_cph_any_relapse_PCR","eff_cph_relapse_LM_trial","eff_cph_relapse_PCR_trial","eff_cph_relapse_LM_all","eff_cph_relapse_PCR_all","eff_incid_recurrent_PCR","eff_incid_recurrent_LM","eff_incid_recurrent_D","eff_incid_any_relapse_PCR","eff_incid_any_relapse_LM","eff_incid_any_relapse_D","eff_incid_relapse_PCR","eff_incid_relapse_LM","eff_incid_relapse_D","eff_risk_relapse_PCR","eff_risk_relapse_LM","eff_risk_relapse_D"
1116,1,0,0.01538462,180,1,0,0.75,0.25,45,1,0,0.644300274655452,0.732556473019213,0.692685150640957,0.765504801013229,0.736379958776409,0.797476173086291,0.814049501540395,0.856638045370125,0.703624161073825,0.676105315449578,0.663934426229508,0.733903133903134,0.70603813559322,0.711864406779661,0.754078177900893,0.721548238012709,0.714285714285714,0.755269320843091,0.745714285714286,0.764705882352941
1117,1,0,0.01538462,180,1,0,0.75,0.25,45,1,0,0.640059920548373,0.733695773578771,0.672109439380229,0.783649608031993,0.710070418401699,0.813624763609452,0.832022907826029,0.864886033448987,0.678295682013154,0.668308702791461,0.592233009708738,0.715275685447424,0.702498547356188,0.642857142857143,0.747341282629713,0.72972972972973,0.735632183908046,0.766109785202864,0.76831091180867,0.780821917808219
1118,1,0,0.01538462,180,1,0,0.75,0.25,45,1,0,0.741102285048093,0.74480509211595,0.772415204222905,0.767565657401355,0.774265228897606,0.785433354028183,0.819569264180997,0.842944743088303,0.693641768569722,0.694848574473379,0.707672274043955,0.724509257104583,0.728466654536693,0.759018277536796,0.737687449839521,0.735829772912591,0.752329649236866,0.743620899149453,0.75366568914956,0.735632183908046
