"param_id","eir_equil","sig_het","ff","trial_duration","trial_PQ_eff_stratum_1","trial_PQ_eff_stratum_2","trial_PQ_prop_stratum_1","trial_PQ_prop_stratum_2","trial_PQ_proph","is_LLIN_distributed","is_IRS_administered","eff_cph_recurrent_LM","eff_cph_recurrent_PCR","eff_cph_any_relapse_LM","eff_cph_any_relapse_PCR","eff_cph_relapse_LM_trial","eff_cph_relapse_PCR_trial","eff_cph_relapse_LM_all","eff_cph_relapse_PCR_all","eff_incid_recurrent_PCR","eff_incid_recurrent_LM","eff_incid_recurrent_D","eff_incid_any_relapse_PCR","eff_incid_any_relapse_LM","eff_incid_any_relapse_D","eff_incid_relapse_PCR","eff_incid_relapse_LM","eff_incid_relapse_D","eff_risk_relapse_PCR","eff_risk_relapse_LM","eff_risk_relapse_D"
696,100,0,0.01538462,180,1,0,0.75,0.25,28,1,0,0.317202138309739,0.25744065226143,0.319899227945593,0.597306007864475,0.701242907200445,0.774932013995618,0.804845457048664,0.92264856441,0.379825375566859,0.470227583880633,0.281171037727629,0.538645362992277,0.56301354559143,0.405060120240481,0.774132228147672,0.763921110600297,0.624248496993988,0.768072289156627,0.781326781326781,0.625
697,100,0,0.01538462,180,1,0,0.75,0.25,28,1,0,0.449626421995583,0.301864632923859,0.547748812715055,0.616120175861965,0.688400726242118,0.716278286891712,0.818380643372024,0.906676303669425,0.376224994219059,0.539891240446796,0.671092783505155,0.532512412018467,0.630088339222615,0.766328125,0.750901930240433,0.813014604150653,0.9003,0.74167507568113,0.797802197802198,0.896551724137931
698,100,0,0.01538462,180,1,0,0.75,0.25,28,1,0,0.34516585693626,0.235420331537625,0.566356334657966,0.569645365263636,0.703415626430166,0.729891303458977,0.795560443276912,0.910701307590667,0.379980939134019,0.497374868743437,0.693548387096774,0.53821329587304,0.603734439834025,0.733333333333333,0.756938719428414,0.786618444846293,0.769230769230769,0.743951612903226,0.767726161369193,0.772727272727273
