"param_id","eir_equil","sig_het","ff","trial_duration","trial_PQ_eff_stratum_1","trial_PQ_eff_stratum_2","trial_PQ_prop_stratum_1","trial_PQ_prop_stratum_2","trial_PQ_proph","is_LLIN_distributed","is_IRS_administered","eff_cph_recurrent_LM","eff_cph_recurrent_PCR","eff_cph_any_relapse_LM","eff_cph_any_relapse_PCR","eff_cph_relapse_LM_trial","eff_cph_relapse_PCR_trial","eff_cph_relapse_LM_all","eff_cph_relapse_PCR_all","eff_incid_recurrent_PCR","eff_incid_recurrent_LM","eff_incid_recurrent_D","eff_incid_any_relapse_PCR","eff_incid_any_relapse_LM","eff_incid_any_relapse_D","eff_incid_relapse_PCR","eff_incid_relapse_LM","eff_incid_relapse_D","eff_risk_relapse_PCR","eff_risk_relapse_LM","eff_risk_relapse_D"
1449,100,0,0.01538462,180,1,0,0.75,0.25,45,1,0,0.393381351924058,0.391774176598554,0.525525216305244,0.662844802032127,0.559331912948606,0.716159572894325,0.801425419714876,0.89826286685577,0.450328082314193,0.640738498789346,0.519230769230769,0.594885394961167,0.708958617553433,0.7,0.740289100500103,0.797570850202429,0.807692307692308,0.733063700707786,0.789356984478936,0.791666666666667
145,0.1,0,0.01538462,180,1,0,0.75,0.25,28,1,0,0.765622980614179,0.796482078950304,0.768709771881608,0.797407893147549,0.767711233172011,0.797857005631493,0.801538643462768,0.808309594050151,0.697368421052632,0.696040868454662,0.721369539551358,0.698403962575674,0.697435897435897,0.722748815165877,0.703867403314917,0.702702702702703,0.731823599523242,0.724279835390947,0.72478386167147,0.729083665338645
1450,100,0,0.01538462,180,1,0,0.75,0.25,45,1,0,0.399380088374762,0.382961847036307,0.506111692555277,0.585563492057908,0.66868159060055,0.680333984736225,0.773777564394733,0.900701644058788,0.442573096227296,0.568171693897081,0.282615230460922,0.592910034458396,0.653396364922358,0.341446049994726,0.745613836189144,0.768437036410483,0.37437374749499,0.730846774193548,0.742388758782201,0.357142857142857
