"param_id","eir_equil","sig_het","ff","trial_duration","trial_PQ_eff_stratum_1","trial_PQ_eff_stratum_2","trial_PQ_prop_stratum_1","trial_PQ_prop_stratum_2","trial_PQ_proph","is_LLIN_distributed","is_IRS_administered","eff_cph_recurrent_LM","eff_cph_recurrent_PCR","eff_cph_any_relapse_LM","eff_cph_any_relapse_PCR","eff_cph_relapse_LM_trial","eff_cph_relapse_PCR_trial","eff_cph_relapse_LM_all","eff_cph_relapse_PCR_all","eff_incid_recurrent_PCR","eff_incid_recurrent_LM","eff_incid_recurrent_D","eff_incid_any_relapse_PCR","eff_incid_any_relapse_LM","eff_incid_any_relapse_D","eff_incid_relapse_PCR","eff_incid_relapse_LM","eff_incid_relapse_D","eff_risk_relapse_PCR","eff_risk_relapse_LM","eff_risk_relapse_D"
566,10,0,0.01538462,180,1,0,0.75,0.25,28,1,0,0.612815174196926,0.623869819618022,0.682177024772598,0.754471770809911,0.701145699590126,0.822560851338729,0.788923612336664,0.906200482549453,0.647294639175258,0.767751030502885,0.821607142857143,0.713950126021538,0.798926229508197,0.8002,0.771381002638522,0.833674345549738,0.772954545454545,0.74059003051882,0.778645833333333,0.772727272727273
567,10,0,0.01538462,180,1,0,0.75,0.25,28,1,0,0.583082009027963,0.660545468973479,0.661231761625721,0.774058583514193,0.697151982589687,0.850702711502736,0.824056587333881,0.920445426210633,0.665858914481683,0.77434762285966,0.599198396793587,0.735246321253856,0.818796929146661,0.69939879759519,0.80368246057022,0.852348115804162,0.799599198396794,0.773930753564155,0.825136612021858,0.8
568,10,0,0.01538462,180,1,0,0.75,0.25,28,1,0,0.646433501282626,0.648887622412727,0.675046718739639,0.745489491372908,0.676189154940679,0.814670302773813,0.80600672822291,0.909363833193312,0.637522249911,0.724423963133641,0.833333333333333,0.698671545620873,0.74974358974359,0.882352941176471,0.756788773464553,0.780232558139535,0.866666666666667,0.740442655935614,0.794270833333333,0.866666666666667
