"param_id","eir_equil","sig_het","ff","trial_duration","trial_PQ_eff_stratum_1","trial_PQ_eff_stratum_2","trial_PQ_prop_stratum_1","trial_PQ_prop_stratum_2","trial_PQ_proph","is_LLIN_distributed","is_IRS_administered","eff_cph_recurrent_LM","eff_cph_recurrent_PCR","eff_cph_any_relapse_LM","eff_cph_any_relapse_PCR","eff_cph_relapse_LM_trial","eff_cph_relapse_PCR_trial","eff_cph_relapse_LM_all","eff_cph_relapse_PCR_all","eff_incid_recurrent_PCR","eff_incid_recurrent_LM","eff_incid_recurrent_D","eff_incid_any_relapse_PCR","eff_incid_any_relapse_LM","eff_incid_any_relapse_D","eff_incid_relapse_PCR","eff_incid_relapse_LM","eff_incid_relapse_D","eff_risk_relapse_PCR","eff_risk_relapse_LM","eff_risk_relapse_D"
1051,1,0,0.01538462,180,1,0,0.75,0.25,45,1,0,0.673427761428669,0.731662930380606,0.706674198957503,0.771403022518645,0.740625020115369,0.798272409522275,0.802884578290165,0.847998771710396,0.672452328237261,0.653539747562352,0.646262449711453,0.71180009973808,0.689806749176745,0.666332665330661,0.739026834156117,0.717108129302082,0.677938485666986,0.741896758703481,0.726470588235294,0.692307692307692
1052,1,0,0.01538462,180,1,0,0.75,0.25,45,1,0,0.701475987354372,0.774566810893384,0.766981786521609,0.817997724087662,0.801432785493468,0.83868506386786,0.827305118204913,0.867564350542224,0.696475330523748,0.679833038858783,0.68118054290399,0.730487082239768,0.714942191194065,0.725256965543991,0.760290816620186,0.74404993953102,0.764234351055051,0.766109785202864,0.761549925484352,0.754716981132076
1053,1,0,0.01538462,180,1,0,0.75,0.25,45,1,0,0.738040724264936,0.770791610689942,0.776700344521038,0.810435587326705,0.808949782446258,0.830297537379787,0.850145356883298,0.869291005267752,0.713397434735888,0.735295175414936,0.70572122510107,0.745614524036798,0.761440934872669,0.725275275275275,0.766487850079181,0.776621341838733,0.758862310586448,0.755294117647059,0.773109243697479,0.780952380952381
