"param_id","eir_equil","sig_het","ff","trial_duration","trial_PQ_eff_stratum_1","trial_PQ_eff_stratum_2","trial_PQ_prop_stratum_1","trial_PQ_prop_stratum_2","trial_PQ_proph","is_LLIN_distributed","is_IRS_administered","eff_cph_recurrent_LM","eff_cph_recurrent_PCR","eff_cph_any_relapse_LM","eff_cph_any_relapse_PCR","eff_cph_relapse_LM_trial","eff_cph_relapse_PCR_trial","eff_cph_relapse_LM_all","eff_cph_relapse_PCR_all","eff_incid_recurrent_PCR","eff_incid_recurrent_LM","eff_incid_recurrent_D","eff_incid_any_relapse_PCR","eff_incid_any_relapse_LM","eff_incid_any_relapse_D","eff_incid_relapse_PCR","eff_incid_relapse_LM","eff_incid_relapse_D","eff_risk_relapse_PCR","eff_risk_relapse_LM","eff_risk_relapse_D"
233,1,0,0.01538462,180,1,0,0.75,0.25,28,1,0,0.644491874057328,0.709311396088569,0.705657994070938,0.767099621239538,0.744930872745102,0.792009116102466,0.804640465535522,0.848141914231524,0.651900539898248,0.634198136070795,0.613058436587848,0.695493300852619,0.677170047540418,0.654521778415584,0.729629962188102,0.711776453069985,0.725215411489921,0.748531139835488,0.743401759530792,0.739130434782609
234,1,0,0.01538462,180,1,0,0.75,0.25,28,1,0,0.716607778821126,0.735307379171153,0.749778984928274,0.769560120376807,0.78525769629859,0.810749690651624,0.81959516747099,0.869213068852971,0.661995915985998,0.646382256297919,0.70371875,0.702644320297952,0.675532863849765,0.733866666666667,0.742419365609349,0.712667946257198,0.73027027027027,0.764982373678026,0.746290801186944,0.731182795698925
235,1,0,0.01538462,180,1,0,0.75,0.25,28,1,0,0.675515589734342,0.757567066442035,0.745146068691046,0.815937343284971,0.772584668257843,0.840077541173061,0.846918361985175,0.865798508037872,0.703886996024986,0.712976253298153,0.735823529411765,0.74643452021726,0.756695259593679,0.795685039370079,0.787343264248705,0.804396844660194,0.796867256637168,0.761961722488038,0.781575037147103,0.798076923076923
