"param_id","eir_equil","sig_het","ff","trial_duration","trial_PQ_eff_stratum_1","trial_PQ_eff_stratum_2","trial_PQ_prop_stratum_1","trial_PQ_prop_stratum_2","trial_PQ_proph","is_LLIN_distributed","is_IRS_administered","eff_cph_recurrent_LM","eff_cph_recurrent_PCR","eff_cph_any_relapse_LM","eff_cph_any_relapse_PCR","eff_cph_relapse_LM_trial","eff_cph_relapse_PCR_trial","eff_cph_relapse_LM_all","eff_cph_relapse_PCR_all","eff_incid_recurrent_PCR","eff_incid_recurrent_LM","eff_incid_recurrent_D","eff_incid_any_relapse_PCR","eff_incid_any_relapse_LM","eff_incid_any_relapse_D","eff_incid_relapse_PCR","eff_incid_relapse_LM","eff_incid_relapse_D","eff_risk_relapse_PCR","eff_risk_relapse_LM","eff_risk_relapse_D"
1162,1,0,0.01538462,180,1,0,0.75,0.25,45,1,0,0.633670061457288,0.728816511419287,0.666362027496838,0.770575636132444,0.714796810515156,0.800235407046495,0.826075143425895,0.863568800075265,0.698761415833558,0.681703462117411,0.5708,0.732094161419576,0.710900321543408,0.605233870967742,0.74878947368421,0.736470689655172,0.619849557522124,0.759581881533101,0.756062767475036,0.627450980392157
1163,1,0,0.01538462,180,1,0,0.75,0.25,45,1,0,0.766694263738509,0.77432927625348,0.77957052428379,0.80495845625659,0.804574420608374,0.821230127835142,0.806634758612615,0.847164298682214,0.696865113603681,0.714950853595447,0.641791044776119,0.726769230769231,0.738864142538975,0.634146341463415,0.73487423521414,0.748295102293862,0.688073394495413,0.742442563482467,0.73644578313253,0.683168316831683
1164,1,0,0.01538462,180,1,0,0.75,0.25,45,1,0,0.694974589473339,0.74945251817378,0.728457428371094,0.775711903420341,0.760946593018502,0.796399448049352,0.830092877101154,0.855495052577611,0.692538126361656,0.673751853682649,0.587301587301587,0.72210953346856,0.695881731784583,0.633333333333333,0.742471769134254,0.728205128205128,0.642201834862385,0.743859649122807,0.761024182076814,0.610526315789474
