"param_id","eir_equil","sig_het","ff","trial_duration","trial_PQ_eff_stratum_1","trial_PQ_eff_stratum_2","trial_PQ_prop_stratum_1","trial_PQ_prop_stratum_2","trial_PQ_proph","is_LLIN_distributed","is_IRS_administered","eff_cph_recurrent_LM","eff_cph_recurrent_PCR","eff_cph_any_relapse_LM","eff_cph_any_relapse_PCR","eff_cph_relapse_LM_trial","eff_cph_relapse_PCR_trial","eff_cph_relapse_LM_all","eff_cph_relapse_PCR_all","eff_incid_recurrent_PCR","eff_incid_recurrent_LM","eff_incid_recurrent_D","eff_incid_any_relapse_PCR","eff_incid_any_relapse_LM","eff_incid_any_relapse_D","eff_incid_relapse_PCR","eff_incid_relapse_LM","eff_incid_relapse_D","eff_risk_relapse_PCR","eff_risk_relapse_LM","eff_risk_relapse_D"
560,10,0,0.01538462,180,1,0,0.75,0.25,28,1,0,0.540494774905334,0.661803406025444,0.59375411696956,0.769172912416392,0.659549730186581,0.817485482705928,0.751620409999199,0.909445967864294,0.649627044412509,0.692100538599641,0.782608695652174,0.711649453219927,0.712287712287712,0.80952380952381,0.765553145336226,0.741071428571429,0.947368421052632,0.745454545454545,0.736572890025575,0.944444444444444
561,10,0,0.01538462,180,1,0,0.75,0.25,28,1,0,0.450936241343822,0.656935239883859,0.533534337606602,0.745272112549578,0.569565790160117,0.817285607580213,0.793120521822109,0.913935099728024,0.654511347910324,0.709474489795918,0.52048,0.718669328214971,0.734228301886792,0.542125,0.777611174358525,0.785321276595745,0.667,0.751765893037336,0.784263959390863,0.631578947368421
562,10,0,0.01538462,180,1,0,0.75,0.25,28,1,0,0.603889183345134,0.64430635685075,0.673425468196209,0.768243643180871,0.681653251303868,0.828455443043241,0.789884014836568,0.907953260068799,0.641457164623589,0.677310924369748,0.76,0.710013104139366,0.711610486891386,0.826086956521739,0.77433822882772,0.751351351351351,0.777777777777778,0.752535496957404,0.781094527363184,0.777777777777778
