"param_id","eir_equil","sig_het","ff","trial_duration","trial_PQ_eff_stratum_1","trial_PQ_eff_stratum_2","trial_PQ_prop_stratum_1","trial_PQ_prop_stratum_2","trial_PQ_proph","is_LLIN_distributed","is_IRS_administered","eff_cph_recurrent_LM","eff_cph_recurrent_PCR","eff_cph_any_relapse_LM","eff_cph_any_relapse_PCR","eff_cph_relapse_LM_trial","eff_cph_relapse_PCR_trial","eff_cph_relapse_LM_all","eff_cph_relapse_PCR_all","eff_incid_recurrent_PCR","eff_incid_recurrent_LM","eff_incid_recurrent_D","eff_incid_any_relapse_PCR","eff_incid_any_relapse_LM","eff_incid_any_relapse_D","eff_incid_relapse_PCR","eff_incid_relapse_LM","eff_incid_relapse_D","eff_risk_relapse_PCR","eff_risk_relapse_LM","eff_risk_relapse_D"
1268,10,0,0.01538462,180,1,0,0.75,0.25,45,1,0,0.614865230719752,0.669965758555517,0.669811602197251,0.749988845633441,0.689111671293413,0.804900577579442,0.760889020670996,0.898824853508747,0.652980428048437,0.728301572617946,0.652521739130435,0.709082845775801,0.758932515337423,0.65035,0.747159529956378,0.7681101992966,0.706176470588235,0.734964322120285,0.745205479452055,0.666666666666667
1269,10,0,0.01538462,180,1,0,0.75,0.25,45,1,0,0.619534874406327,0.694580196868877,0.663371495104665,0.76660094787517,0.731116578457459,0.828929907972864,0.800884447113274,0.920273235514549,0.692128039565874,0.785098039215686,0.833333333333333,0.747095483573132,0.809228039041704,0.869565217391304,0.787164258487723,0.832323232323232,0.857142857142857,0.775530839231547,0.8,0.823529411764706
127,0.1,0,0.01538462,180,1,0,0.75,0.25,28,1,0,0.818339276803722,0.837942559557386,0.824913362705283,0.839035819694532,0.824913362705283,0.84184203045279,0.832072879102583,0.837728872122587,0.7232463690156,0.721062539481996,0.717566666666667,0.725490301724138,0.723694303797468,0.721266666666667,0.736906637884512,0.733937856689918,0.736649752475248,0.761394101876676,0.762306610407876,0.757455268389662
