"param_id","eir_equil","sig_het","ff","trial_duration","trial_PQ_eff_stratum_1","trial_PQ_eff_stratum_2","trial_PQ_prop_stratum_1","trial_PQ_prop_stratum_2","trial_PQ_proph","is_LLIN_distributed","is_IRS_administered","eff_cph_recurrent_LM","eff_cph_recurrent_PCR","eff_cph_any_relapse_LM","eff_cph_any_relapse_PCR","eff_cph_relapse_LM_trial","eff_cph_relapse_PCR_trial","eff_cph_relapse_LM_all","eff_cph_relapse_PCR_all","eff_incid_recurrent_PCR","eff_incid_recurrent_LM","eff_incid_recurrent_D","eff_incid_any_relapse_PCR","eff_incid_any_relapse_LM","eff_incid_any_relapse_D","eff_incid_relapse_PCR","eff_incid_relapse_LM","eff_incid_relapse_D","eff_risk_relapse_PCR","eff_risk_relapse_LM","eff_risk_relapse_D"
62,0.1,0,0.01538462,180,1,0,0.75,0.25,28,1,0,0.768241607238906,0.800335138141221,0.768851787505633,0.801761362871543,0.769686504390288,0.802169790679117,0.794748032786061,0.804731103026856,0.6739264,0.668870786516854,0.673723277909739,0.675030546623794,0.669715809284818,0.675354838709677,0.68373095623987,0.679208596713021,0.686304347826087,0.712566844919786,0.713276836158192,0.709302325581395
620,100,0,0.01538462,180,1,0,0.75,0.25,28,1,0,0.342039798779761,0.27342019393473,0.51507888762387,0.609410213219534,0.743108011945165,0.741586536049797,0.8305173279323,0.90651785509842,0.369058029721488,0.537171580182333,0.411175881764117,0.525081144520511,0.625747830415694,0.570999570999571,0.752999752999753,0.821137752172235,0.528940705411294,0.738119312436805,0.799554565701559,0.588235294117647
621,100,0,0.01538462,180,1,0,0.75,0.25,28,1,0,0.221370218021845,0.284492671189591,0.389807268851429,0.60270008679894,0.677730935467155,0.763731227952574,0.804295093079537,0.910635245354693,0.387571189734395,0.543597101026586,0.449449449449449,0.545296317796974,0.640763041098049,0.630064847456152,0.770168262852849,0.811214723495425,0.807499807499807,0.759072580645161,0.781938325991189,0.761904761904762
