"param_id","eir_equil","sig_het","ff","trial_duration","trial_PQ_eff_stratum_1","trial_PQ_eff_stratum_2","trial_PQ_prop_stratum_1","trial_PQ_prop_stratum_2","trial_PQ_proph","is_LLIN_distributed","is_IRS_administered","eff_cph_recurrent_LM","eff_cph_recurrent_PCR","eff_cph_any_relapse_LM","eff_cph_any_relapse_PCR","eff_cph_relapse_LM_trial","eff_cph_relapse_PCR_trial","eff_cph_relapse_LM_all","eff_cph_relapse_PCR_all","eff_incid_recurrent_PCR","eff_incid_recurrent_LM","eff_incid_recurrent_D","eff_incid_any_relapse_PCR","eff_incid_any_relapse_LM","eff_incid_any_relapse_D","eff_incid_relapse_PCR","eff_incid_relapse_LM","eff_incid_relapse_D","eff_risk_relapse_PCR","eff_risk_relapse_LM","eff_risk_relapse_D"
517,10,0,0.01538462,180,1,0,0.75,0.25,28,1,0,0.459104387364866,0.615962434967576,0.530070280329717,0.736201572605467,0.580418025383943,0.799587217964853,0.738274288048014,0.898820432018597,0.616985729202924,0.619883040935673,0.625,0.681122250718893,0.663031624863686,0.652173913043478,0.736627339661137,0.714110429447853,0.727272727272727,0.731584258324924,0.721311475409836,0.714285714285714
518,10,0,0.01538462,180,1,0,0.75,0.25,28,1,0,0.494532010607474,0.628767355072869,0.587157344454797,0.735715563479497,0.658509697226706,0.795752322368624,0.745879570281501,0.894978157299272,0.618211627906977,0.579823869104909,0.619428571428571,0.68233552631579,0.610596091205212,0.647411764705882,0.743372858552336,0.662853051058531,0.8126875,0.72210953346856,0.726541554959786,0.8125
519,10,0,0.01538462,180,1,0,0.75,0.25,28,1,0,0.561859030713856,0.623322171904249,0.621424519858537,0.743069508130025,0.638257085715112,0.798980847780617,0.810984627490133,0.90225924963932,0.608899775464381,0.650512581547064,0.444444444444444,0.670749225069933,0.687435098650052,0.6875,0.72429054933611,0.731308411214953,0.75,0.719758064516129,0.788113695090439,0.75
