"param_id","eir_equil","sig_het","ff","trial_duration","trial_PQ_eff_stratum_1","trial_PQ_eff_stratum_2","trial_PQ_prop_stratum_1","trial_PQ_prop_stratum_2","trial_PQ_proph","is_LLIN_distributed","is_IRS_administered","eff_cph_recurrent_LM","eff_cph_recurrent_PCR","eff_cph_any_relapse_LM","eff_cph_any_relapse_PCR","eff_cph_relapse_LM_trial","eff_cph_relapse_PCR_trial","eff_cph_relapse_LM_all","eff_cph_relapse_PCR_all","eff_incid_recurrent_PCR","eff_incid_recurrent_LM","eff_incid_recurrent_D","eff_incid_any_relapse_PCR","eff_incid_any_relapse_LM","eff_incid_any_relapse_D","eff_incid_relapse_PCR","eff_incid_relapse_LM","eff_incid_relapse_D","eff_risk_relapse_PCR","eff_risk_relapse_LM","eff_risk_relapse_D"
833,0.1,0,0.01538462,180,1,0,0.75,0.25,45,1,0,0.791490380358816,0.805545748193671,0.795618408893594,0.806643753325134,0.796540926230445,0.809784341643234,0.815287352296726,0.819063683480937,0.717853347502657,0.726596404215747,0.745569620253165,0.718783351120598,0.727895392278954,0.74746192893401,0.728395061728395,0.739348370927318,0.765006385696041,0.717948717948718,0.725321888412017,0.744
834,0.1,0,0.01538462,180,1,0,0.75,0.25,45,1,0,0.824580575669162,0.848905257492093,0.826404005427969,0.847709476473243,0.83280313594192,0.851529593864316,0.844372398519836,0.852338316652828,0.738977072310406,0.732734806629834,0.763925729442971,0.741573033707865,0.734722222222222,0.76502002670227,0.753449310137972,0.7475317348378,0.78319783197832,0.780898876404494,0.780269058295964,0.795407098121086
835,0.1,0,0.01538462,180,1,0,0.75,0.25,45,1,0,0.821108790755429,0.824958005632247,0.824316779767307,0.824221666011038,0.826595082073276,0.826399069485293,0.817017726216914,0.825892781537243,0.716069489685125,0.703303684879288,0.711491442542787,0.718340611353712,0.706070287539936,0.715166461159063,0.732564524986271,0.720720720720721,0.73697270471464,0.751381215469613,0.748905109489051,0.756
