"param_id","eir_equil","sig_het","ff","trial_duration","trial_PQ_eff_stratum_1","trial_PQ_eff_stratum_2","trial_PQ_prop_stratum_1","trial_PQ_prop_stratum_2","trial_PQ_proph","is_LLIN_distributed","is_IRS_administered","eff_cph_recurrent_LM","eff_cph_recurrent_PCR","eff_cph_any_relapse_LM","eff_cph_any_relapse_PCR","eff_cph_relapse_LM_trial","eff_cph_relapse_PCR_trial","eff_cph_relapse_LM_all","eff_cph_relapse_PCR_all","eff_incid_recurrent_PCR","eff_incid_recurrent_LM","eff_incid_recurrent_D","eff_incid_any_relapse_PCR","eff_incid_any_relapse_LM","eff_incid_any_relapse_D","eff_incid_relapse_PCR","eff_incid_relapse_LM","eff_incid_relapse_D","eff_risk_relapse_PCR","eff_risk_relapse_LM","eff_risk_relapse_D"
193,0.1,0,0.01538462,180,1,0,0.75,0.25,28,1,0,0.77646041399163,0.809858133250205,0.779033998940065,0.810251641402744,0.777823852676652,0.810825470859559,0.803378041144001,0.814503807655467,0.663499161542761,0.648508430609598,0.623697916666667,0.662915025323579,0.647942521227956,0.62565445026178,0.685195689166194,0.671061305207647,0.660927152317881,0.731774415405777,0.726752503576538,0.720833333333333
194,0.1,0,0.01538462,180,1,0,0.75,0.25,28,1,0,0.802770633140014,0.818906842041344,0.81369151302042,0.826276479516806,0.815008046825413,0.827999655371491,0.822750733168082,0.832927240253998,0.710016602102933,0.702141466580143,0.737980769230769,0.714206437291898,0.707221860767729,0.74488567990373,0.723025583982202,0.717915309446254,0.759036144578313,0.75,0.748563218390805,0.772373540856031
195,0.1,0,0.01538462,180,1,0,0.75,0.25,28,1,0,0.801595681947915,0.827704474901613,0.807605790801594,0.833640097013122,0.807734751820186,0.834782540734624,0.832758887710634,0.841426702861869,0.735184196476241,0.740467404674047,0.751700680272109,0.738197424892704,0.742733457019171,0.754566210045662,0.756084369929692,0.76386292834891,0.783256880733945,0.763368983957219,0.761904761904762,0.759469696969697
