"param_id","eir_equil","sig_het","ff","trial_duration","trial_PQ_eff_stratum_1","trial_PQ_eff_stratum_2","trial_PQ_prop_stratum_1","trial_PQ_prop_stratum_2","trial_PQ_proph","is_LLIN_distributed","is_IRS_administered","eff_cph_recurrent_LM","eff_cph_recurrent_PCR","eff_cph_any_relapse_LM","eff_cph_any_relapse_PCR","eff_cph_relapse_LM_trial","eff_cph_relapse_PCR_trial","eff_cph_relapse_LM_all","eff_cph_relapse_PCR_all","eff_incid_recurrent_PCR","eff_incid_recurrent_LM","eff_incid_recurrent_D","eff_incid_any_relapse_PCR","eff_incid_any_relapse_LM","eff_incid_any_relapse_D","eff_incid_relapse_PCR","eff_incid_relapse_LM","eff_incid_relapse_D","eff_risk_relapse_PCR","eff_risk_relapse_LM","eff_risk_relapse_D"
293,1,0,0.01538462,180,1,0,0.75,0.25,28,1,0,0.627349688130591,0.697141071004995,0.686178071276471,0.760404465035018,0.708937525204863,0.77497651800958,0.820063009109943,0.855043056814893,0.694508009153318,0.687954309449637,0.757575757575758,0.730921252660383,0.720596355604638,0.804878048780488,0.751569210439379,0.741896758703481,0.781818181818182,0.745519713261649,0.747041420118343,0.78494623655914
294,1,0,0.01538462,180,1,0,0.75,0.25,28,1,0,0.723446955950785,0.755706419903425,0.749678721990555,0.793249667510378,0.777105120424428,0.819218761889849,0.829878839248545,0.862644232053059,0.66774425919916,0.665974140550412,0.619849938434009,0.698544537984514,0.692446707290028,0.63761801016703,0.733004103848094,0.720729003234913,0.667000333667,0.749422632794457,0.757489300998573,0.654761904761905
295,1,0,0.01538462,180,1,0,0.75,0.25,28,1,0,0.678166948225717,0.71855548662144,0.721644696395697,0.766831016092681,0.756969148529612,0.797935005083909,0.82450462078734,0.864364338109454,0.700952691216947,0.680294701481142,0.773210710710711,0.74176303963538,0.729352736660213,0.812820951032333,0.777767589472424,0.765865500980932,0.836042939491215,0.766746411483254,0.761194029850746,0.825242718446602
