"param_id","eir_equil","sig_het","ff","trial_duration","trial_PQ_eff_stratum_1","trial_PQ_eff_stratum_2","trial_PQ_prop_stratum_1","trial_PQ_prop_stratum_2","trial_PQ_proph","is_LLIN_distributed","is_IRS_administered","eff_cph_recurrent_LM","eff_cph_recurrent_PCR","eff_cph_any_relapse_LM","eff_cph_any_relapse_PCR","eff_cph_relapse_LM_trial","eff_cph_relapse_PCR_trial","eff_cph_relapse_LM_all","eff_cph_relapse_PCR_all","eff_incid_recurrent_PCR","eff_incid_recurrent_LM","eff_incid_recurrent_D","eff_incid_any_relapse_PCR","eff_incid_any_relapse_LM","eff_incid_any_relapse_D","eff_incid_relapse_PCR","eff_incid_relapse_LM","eff_incid_relapse_D","eff_risk_relapse_PCR","eff_risk_relapse_LM","eff_risk_relapse_D"
763,100,0,0.01538462,180,1,0,0.75,0.25,28,1,0,0.249955521026306,0.272851859151009,0.370189980513593,0.612644191513556,0.536357755006845,0.708370933205733,0.792781714367684,0.897053091591109,0.392108788514521,0.541825653067215,0.357142857142857,0.539482983076065,0.613996478873239,0.4,0.731209259012904,0.739296636085627,0.578947368421053,0.716161616161616,0.765486725663717,0.578947368421053
764,100,0,0.01538462,180,1,0,0.75,0.25,28,1,0,0.317581794229532,0.312552552775499,0.368665423067509,0.613067336665697,0.560725602932653,0.759541645787079,0.790208135407443,0.908321294683475,0.380096716721812,0.511642949547219,0.409836065573771,0.536612758310872,0.609625668449198,0.526315789473684,0.762187000532765,0.782018659881255,0.869565217391304,0.742943548387097,0.763636363636364,0.863636363636364
765,100,0,0.01538462,180,1,0,0.75,0.25,28,1,0,0.3895612645304,0.270962709640954,0.465492165319509,0.60671388672992,0.608269504159581,0.728116256827005,0.804987551726491,0.905021320512133,0.392027932818513,0.550199570156586,0.589041095890411,0.542150561882212,0.61863240018357,0.645833333333333,0.751243781094527,0.765391014975042,0.882352941176471,0.722952477249747,0.779735682819383,0.862068965517241
