"param_id","eir_equil","sig_het","ff","trial_duration","trial_PQ_eff_stratum_1","trial_PQ_eff_stratum_2","trial_PQ_prop_stratum_1","trial_PQ_prop_stratum_2","trial_PQ_proph","is_LLIN_distributed","is_IRS_administered","eff_cph_recurrent_LM","eff_cph_recurrent_PCR","eff_cph_any_relapse_LM","eff_cph_any_relapse_PCR","eff_cph_relapse_LM_trial","eff_cph_relapse_PCR_trial","eff_cph_relapse_LM_all","eff_cph_relapse_PCR_all","eff_incid_recurrent_PCR","eff_incid_recurrent_LM","eff_incid_recurrent_D","eff_incid_any_relapse_PCR","eff_incid_any_relapse_LM","eff_incid_any_relapse_D","eff_incid_relapse_PCR","eff_incid_relapse_LM","eff_incid_relapse_D","eff_risk_relapse_PCR","eff_risk_relapse_LM","eff_risk_relapse_D"
1135,1,0,0.01538462,180,1,0,0.75,0.25,45,1,0,0.722029593730379,0.758178917005961,0.762873510315971,0.803711576234998,0.79087720042221,0.824205649820697,0.862420585042924,0.871705250116859,0.736952861952862,0.754371786034055,0.681499681499681,0.771494170525354,0.783842632909903,0.685960470274196,0.795093820559051,0.804578139951457,0.708041374708041,0.777777777777778,0.80559646539028,0.72289156626506
1136,1,0,0.01538462,180,1,0,0.75,0.25,45,1,0,0.70885420634076,0.731747903190304,0.740018023103873,0.771491793814119,0.773886839120372,0.794048923991452,0.826135472477894,0.859188322279832,0.689160943565243,0.702431289640592,0.690647482014389,0.717239185750636,0.726553672316384,0.717741935483871,0.733196159122085,0.745421245421245,0.745614035087719,0.752997601918465,0.752577319587629,0.721649484536082
1137,1,0,0.01538462,180,1,0,0.75,0.25,45,1,0,0.72758801092486,0.7582980471154,0.775221360335541,0.795599119573114,0.812222533239952,0.81829642463508,0.828836300583104,0.856632745583791,0.684676596963621,0.672193722943723,0.690542635658915,0.71979580674567,0.70819723183391,0.704939130434783,0.750418861788618,0.742611283323001,0.734477064220183,0.744860943168077,0.751461988304094,0.736842105263158
