"param_id","eir_equil","sig_het","ff","trial_duration","trial_PQ_eff_stratum_1","trial_PQ_eff_stratum_2","trial_PQ_prop_stratum_1","trial_PQ_prop_stratum_2","trial_PQ_proph","is_LLIN_distributed","is_IRS_administered","eff_cph_recurrent_LM","eff_cph_recurrent_PCR","eff_cph_any_relapse_LM","eff_cph_any_relapse_PCR","eff_cph_relapse_LM_trial","eff_cph_relapse_PCR_trial","eff_cph_relapse_LM_all","eff_cph_relapse_PCR_all","eff_incid_recurrent_PCR","eff_incid_recurrent_LM","eff_incid_recurrent_D","eff_incid_any_relapse_PCR","eff_incid_any_relapse_LM","eff_incid_any_relapse_D","eff_incid_relapse_PCR","eff_incid_relapse_LM","eff_incid_relapse_D","eff_risk_relapse_PCR","eff_risk_relapse_LM","eff_risk_relapse_D"
1519,100,0,0.01538462,180,1,0,0.75,0.25,45,1,0,0.470745016817164,0.405680900069264,0.671613574331908,0.638535211292493,0.721629095560424,0.727503706159478,0.820565570236312,0.903174596896192,0.441395005213499,0.618562803398058,0.621827586206897,0.589798237720285,0.723227494456763,0.766659574468085,0.742640350286292,0.81409205350118,0.821964285714286,0.729566094853683,0.793650793650794,0.814814814814815
152,0.1,0,0.01538462,180,1,0,0.75,0.25,28,1,0,0.803714984075293,0.818359558414784,0.803580528812429,0.821471977534727,0.802030295636869,0.822111275051884,0.8259680915604,0.830358340481352,0.708376852164155,0.7093483061225,0.689226771467534,0.70928312508694,0.710128559443628,0.688111556532609,0.730133421092325,0.734142407905714,0.722633691383691,0.740987983978638,0.743767313019391,0.742690058479532
1520,100,0,0.01538462,180,1,0,0.75,0.25,45,1,0,0.44189347168311,0.378846453867334,0.613354599170881,0.603412730580365,0.711671088523534,0.736375506132778,0.824052271389276,0.915647426782776,0.457906589045726,0.588581178539338,0.603051327189258,0.615776251958556,0.677418282069445,0.805360916472028,0.780667393535736,0.807177361616223,0.782391086738913,0.757852077001013,0.794871794871795,0.736842105263158
