"param_id","eir_equil","sig_het","ff","trial_duration","trial_PQ_eff_stratum_1","trial_PQ_eff_stratum_2","trial_PQ_prop_stratum_1","trial_PQ_prop_stratum_2","trial_PQ_proph","is_LLIN_distributed","is_IRS_administered","eff_cph_recurrent_LM","eff_cph_recurrent_PCR","eff_cph_any_relapse_LM","eff_cph_any_relapse_PCR","eff_cph_relapse_LM_trial","eff_cph_relapse_PCR_trial","eff_cph_relapse_LM_all","eff_cph_relapse_PCR_all","eff_incid_recurrent_PCR","eff_incid_recurrent_LM","eff_incid_recurrent_D","eff_incid_any_relapse_PCR","eff_incid_any_relapse_LM","eff_incid_any_relapse_D","eff_incid_relapse_PCR","eff_incid_relapse_LM","eff_incid_relapse_D","eff_risk_relapse_PCR","eff_risk_relapse_LM","eff_risk_relapse_D"
1076,1,0,0.01538462,180,1,0,0.75,0.25,45,1,0,0.686489148760854,0.743364054772126,0.755520018438813,0.796046557754916,0.754025909306022,0.806745416888342,0.827317335468036,0.848954668666354,0.68683829787234,0.676259893048128,0.792208,0.715350106092755,0.716199657729606,0.826260869565217,0.728138843515191,0.730613636363636,0.816697247706422,0.733955659276546,0.753602305475504,0.808080808080808
1077,1,0,0.01538462,180,1,0,0.75,0.25,45,1,0,0.642738639430424,0.727747534347902,0.68583847078574,0.769972279519899,0.708269512489583,0.786863016451987,0.805223827204219,0.840059131866112,0.673602853745541,0.667548967707782,0.730496453900709,0.70796178343949,0.697594501718213,0.770992366412214,0.728472222222222,0.715452261306533,0.793103448275862,0.738760631834751,0.738165680473373,0.780952380952381
1078,1,0,0.01538462,180,1,0,0.75,0.25,45,1,0,0.738432410746243,0.758296623867722,0.767323502881692,0.801599153269411,0.809316330471563,0.826663123430993,0.847586249220351,0.874955365395906,0.72187141216992,0.727737973387922,0.698412698412698,0.757195345988977,0.761618370694369,0.771186440677966,0.775374376039933,0.783075089392133,0.805555555555556,0.778985507246377,0.78023598820059,0.769230769230769
