"param_id","eir_equil","sig_het","ff","trial_duration","trial_PQ_eff_stratum_1","trial_PQ_eff_stratum_2","trial_PQ_prop_stratum_1","trial_PQ_prop_stratum_2","trial_PQ_proph","is_LLIN_distributed","is_IRS_administered","eff_cph_recurrent_LM","eff_cph_recurrent_PCR","eff_cph_any_relapse_LM","eff_cph_any_relapse_PCR","eff_cph_relapse_LM_trial","eff_cph_relapse_PCR_trial","eff_cph_relapse_LM_all","eff_cph_relapse_PCR_all","eff_incid_recurrent_PCR","eff_incid_recurrent_LM","eff_incid_recurrent_D","eff_incid_any_relapse_PCR","eff_incid_any_relapse_LM","eff_incid_any_relapse_D","eff_incid_relapse_PCR","eff_incid_relapse_LM","eff_incid_relapse_D","eff_risk_relapse_PCR","eff_risk_relapse_LM","eff_risk_relapse_D"
693,100,0,0.01538462,180,1,0,0.75,0.25,28,1,0,0.258635858022632,0.246564773171408,0.393194401055543,0.606549586060405,0.593426161399338,0.766946914554786,0.784659125886566,0.900354341749641,0.389786064324264,0.512356288656646,0.646704820343383,0.539611106266652,0.592237074164231,0.733065864259445,0.751755569882862,0.736312965742866,0.903128741061895,0.734549138804458,0.758620689655172,0.903225806451613
694,100,0,0.01538462,180,1,0,0.75,0.25,28,1,0,0.335605425471185,0.221456397591629,0.399039786659978,0.624592347924214,0.506395414215306,0.730736931714674,0.78851895188325,0.903831855807274,0.387334120606885,0.5549631043257,0.57896875,0.547514720277088,0.617602322206096,0.639021276595745,0.759518072289157,0.791095866314864,0.647764705882353,0.751521298174442,0.779904306220096,0.625
695,100,0,0.01538462,180,1,0,0.75,0.25,28,1,0,0.399626364533495,0.257889678931421,0.534060180933532,0.601294845732109,0.634631743322655,0.763749527212879,0.812383666942756,0.907872603284513,0.384005296924129,0.525446745933941,0.638527416305194,0.540937163578673,0.613754234826324,0.792245075263943,0.753662291733358,0.773914667531689,0.843593593593594,0.755060728744939,0.799126637554585,0.838709677419355
