"param_id","eir_equil","sig_het","ff","trial_duration","trial_PQ_eff_stratum_1","trial_PQ_eff_stratum_2","trial_PQ_prop_stratum_1","trial_PQ_prop_stratum_2","trial_PQ_proph","is_LLIN_distributed","is_IRS_administered","eff_cph_recurrent_LM","eff_cph_recurrent_PCR","eff_cph_any_relapse_LM","eff_cph_any_relapse_PCR","eff_cph_relapse_LM_trial","eff_cph_relapse_PCR_trial","eff_cph_relapse_LM_all","eff_cph_relapse_PCR_all","eff_incid_recurrent_PCR","eff_incid_recurrent_LM","eff_incid_recurrent_D","eff_incid_any_relapse_PCR","eff_incid_any_relapse_LM","eff_incid_any_relapse_D","eff_incid_relapse_PCR","eff_incid_relapse_LM","eff_incid_relapse_D","eff_risk_relapse_PCR","eff_risk_relapse_LM","eff_risk_relapse_D"
1019,1,0,0.01538462,180,1,0,0.75,0.25,45,1,0,0.659867380653222,0.754539374237345,0.69015393632013,0.769351176963991,0.709900345675838,0.801933194273218,0.801406175404961,0.845622491792491,0.69035682947208,0.66774239420479,0.702425830085404,0.717335073987166,0.694515987640234,0.735113901780568,0.741808725762294,0.725094416338656,0.803615581393359,0.740072202166065,0.732223903177005,0.798076923076923
102,0.1,0,0.01538462,180,1,0,0.75,0.25,28,1,0,0.809757078681212,0.828672930338549,0.814232717660077,0.832174450083341,0.818720382991737,0.834417308067477,0.82504522270826,0.833317483579637,0.727467108899945,0.722991025641026,0.752853773584906,0.731499722067815,0.726064432989691,0.756412322274882,0.742829513694802,0.737572538860104,0.765945238095238,0.754362416107383,0.755334281650071,0.764818355640535
1020,1,0,0.01538462,180,1,0,0.75,0.25,45,1,0,0.668674633496011,0.733907021476133,0.687398695151704,0.764372280471364,0.733430157814799,0.790095043876763,0.801315462806431,0.844543858162892,0.67528788999034,0.660795699339596,0.617938549236259,0.705203805856182,0.687294376043662,0.622573393065196,0.726814390765511,0.714089089089089,0.654521778415584,0.738351254480287,0.723529411764706,0.660194174757281
