"param_id","eir_equil","sig_het","ff","trial_duration","trial_PQ_eff_stratum_1","trial_PQ_eff_stratum_2","trial_PQ_prop_stratum_1","trial_PQ_prop_stratum_2","trial_PQ_proph","is_LLIN_distributed","is_IRS_administered","eff_cph_recurrent_LM","eff_cph_recurrent_PCR","eff_cph_any_relapse_LM","eff_cph_any_relapse_PCR","eff_cph_relapse_LM_trial","eff_cph_relapse_PCR_trial","eff_cph_relapse_LM_all","eff_cph_relapse_PCR_all","eff_incid_recurrent_PCR","eff_incid_recurrent_LM","eff_incid_recurrent_D","eff_incid_any_relapse_PCR","eff_incid_any_relapse_LM","eff_incid_any_relapse_D","eff_incid_relapse_PCR","eff_incid_relapse_LM","eff_incid_relapse_D","eff_risk_relapse_PCR","eff_risk_relapse_LM","eff_risk_relapse_D"
514,10,0,0.01538462,180,1,0,0.75,0.25,28,1,0,0.498049854852391,0.613651007656284,0.608942530707403,0.72613151069938,0.7561955745603,0.801951823516309,0.777861908937976,0.909556735894849,0.638352700317685,0.656612322274882,0.739652173913043,0.703955744546815,0.690894291754757,0.789894736842105,0.763870944221655,0.728038929440389,0.944555555555556,0.752284263959391,0.764204545454545,0.941176470588235
515,10,0,0.01538462,180,1,0,0.75,0.25,28,1,0,0.603879284526299,0.660047919907654,0.670682010418554,0.762283815069182,0.709799707682728,0.80715092376713,0.759968281303783,0.905637618298588,0.638415261133664,0.675327176091313,0.772499544543633,0.699908279345614,0.71104080081345,0.799799599198397,0.750152334717727,0.749187138321587,0.899899799599198,0.743951612903226,0.746803069053708,0.894736842105263
516,10,0,0.01538462,180,1,0,0.75,0.25,28,1,0,0.485341962324143,0.648227050115391,0.501106385127002,0.750317840779941,0.565590290839762,0.825713468991026,0.797816948585632,0.906983577465791,0.633462486791124,0.723549488054608,0.782608695652174,0.702590592470846,0.761545711592837,0.833333333333333,0.764648088603073,0.806451612903226,0.944444444444444,0.741935483870968,0.78117048346056,0.941176470588235
