"param_id","eir_equil","sig_het","ff","trial_duration","trial_PQ_eff_stratum_1","trial_PQ_eff_stratum_2","trial_PQ_prop_stratum_1","trial_PQ_prop_stratum_2","trial_PQ_proph","is_LLIN_distributed","is_IRS_administered","eff_cph_recurrent_LM","eff_cph_recurrent_PCR","eff_cph_any_relapse_LM","eff_cph_any_relapse_PCR","eff_cph_relapse_LM_trial","eff_cph_relapse_PCR_trial","eff_cph_relapse_LM_all","eff_cph_relapse_PCR_all","eff_incid_recurrent_PCR","eff_incid_recurrent_LM","eff_incid_recurrent_D","eff_incid_any_relapse_PCR","eff_incid_any_relapse_LM","eff_incid_any_relapse_D","eff_incid_relapse_PCR","eff_incid_relapse_LM","eff_incid_relapse_D","eff_risk_relapse_PCR","eff_risk_relapse_LM","eff_risk_relapse_D"
106,0.1,0,0.01538462,180,1,0,0.75,0.25,28,1,0,0.812924010471126,0.821383998814229,0.814089745169706,0.82674121084023,0.81753410771903,0.829000276059031,0.830728822638635,0.834107162830628,0.685175484546883,0.683649289099526,0.700892857142857,0.688619599578504,0.687127532777116,0.704161979752531,0.723460721868365,0.724324324324324,0.753409090909091,0.743190661478599,0.74496644295302,0.75894538606403
1060,1,0,0.01538462,180,1,0,0.75,0.25,45,1,0,0.613093705954419,0.737785629747034,0.668731579420885,0.771422809775975,0.693789999732324,0.791723074959709,0.823667668064261,0.859605415762713,0.704807421984819,0.680984808800419,0.605633802816901,0.738365155131265,0.721511951083936,0.627906976744186,0.753238341968912,0.737447065940714,0.649572649572649,0.759302325581395,0.763456090651558,0.692307692307692
1061,1,0,0.01538462,180,1,0,0.75,0.25,45,1,0,0.745636459477725,0.759276161901424,0.774353621872951,0.788776538206022,0.781990012157771,0.803262090433976,0.81145585348016,0.851542748429551,0.692065858335376,0.693249778761294,0.753376317853097,0.724709086681651,0.724515325916457,0.776699552952058,0.738473921615929,0.728343456143055,0.799799599198397,0.74582338902148,0.738872403560831,0.801801801801802
