"param_id","eir_equil","sig_het","ff","trial_duration","trial_PQ_eff_stratum_1","trial_PQ_eff_stratum_2","trial_PQ_prop_stratum_1","trial_PQ_prop_stratum_2","trial_PQ_proph","is_LLIN_distributed","is_IRS_administered","eff_cph_recurrent_LM","eff_cph_recurrent_PCR","eff_cph_any_relapse_LM","eff_cph_any_relapse_PCR","eff_cph_relapse_LM_trial","eff_cph_relapse_PCR_trial","eff_cph_relapse_LM_all","eff_cph_relapse_PCR_all","eff_incid_recurrent_PCR","eff_incid_recurrent_LM","eff_incid_recurrent_D","eff_incid_any_relapse_PCR","eff_incid_any_relapse_LM","eff_incid_any_relapse_D","eff_incid_relapse_PCR","eff_incid_relapse_LM","eff_incid_relapse_D","eff_risk_relapse_PCR","eff_risk_relapse_LM","eff_risk_relapse_D"
893,0.1,0,0.01538462,180,1,0,0.75,0.25,45,1,0,0.78752332056172,0.805469369738798,0.790635483274593,0.808191840903243,0.796578192125798,0.813534591604978,0.80658447533802,0.817166445873099,0.721050690579776,0.717274526434832,0.745369640352137,0.724208313165368,0.720591269887044,0.747686437910231,0.73832987917495,0.735181494560537,0.76348663699499,0.738356164383562,0.732474964234621,0.745059288537549
894,0.1,0,0.01538462,180,1,0,0.75,0.25,45,1,0,0.803926316178338,0.828616502330946,0.811273535795252,0.833232269155952,0.810716257280333,0.832835023428451,0.822882778365676,0.829674344047325,0.732640787315473,0.72168905950096,0.738705738705739,0.734503565551289,0.72400513478819,0.741421568627451,0.743942731277533,0.731487443657437,0.753071253071253,0.746328437917223,0.747206703910615,0.755424063116371
895,0.1,0,0.01538462,180,1,0,0.75,0.25,45,1,0,0.798463509744338,0.821129123428281,0.803337421006386,0.823826370783732,0.803003632319305,0.825627274876881,0.816241442789057,0.823592881483011,0.730083953241233,0.72720515970516,0.730078291814947,0.732127001067236,0.728489821098088,0.73052807646356,0.742590005373455,0.739032298136646,0.743886746987952,0.745283018867924,0.743016759776536,0.749514563106796
