"param_id","eir_equil","sig_het","ff","trial_duration","trial_PQ_eff_stratum_1","trial_PQ_eff_stratum_2","trial_PQ_prop_stratum_1","trial_PQ_prop_stratum_2","trial_PQ_proph","is_LLIN_distributed","is_IRS_administered","eff_cph_recurrent_LM","eff_cph_recurrent_PCR","eff_cph_any_relapse_LM","eff_cph_any_relapse_PCR","eff_cph_relapse_LM_trial","eff_cph_relapse_PCR_trial","eff_cph_relapse_LM_all","eff_cph_relapse_PCR_all","eff_incid_recurrent_PCR","eff_incid_recurrent_LM","eff_incid_recurrent_D","eff_incid_any_relapse_PCR","eff_incid_any_relapse_LM","eff_incid_any_relapse_D","eff_incid_relapse_PCR","eff_incid_relapse_LM","eff_incid_relapse_D","eff_risk_relapse_PCR","eff_risk_relapse_LM","eff_risk_relapse_D"
811,0.1,0,0.01538462,180,1,0,0.75,0.25,45,1,0,0.825037573521464,0.854874233994058,0.82723584845451,0.852567573613846,0.829290015612083,0.855960754658998,0.840190199957727,0.850257876245715,0.734375,0.730358265241986,0.756038647342995,0.735675675675676,0.730599369085174,0.756986634264885,0.744299674267101,0.740646797717184,0.772616136919315,0.767596281540505,0.763790664780764,0.764822134387352
812,0.1,0,0.01538462,180,1,0,0.75,0.25,45,1,0,0.780333627221003,0.815634922234558,0.787376170107812,0.819812593475926,0.788686630902453,0.821785732743785,0.817923441353702,0.826094272490058,0.71849829738933,0.725113415424498,0.735302030456853,0.72087899543379,0.728054758800522,0.73616091954023,0.729756351039261,0.735707509881423,0.747276485788114,0.750352609308886,0.746312684365782,0.75
813,0.1,0,0.01538462,180,1,0,0.75,0.25,45,1,0,0.80264103600558,0.831134019426574,0.80537602920599,0.830139234558474,0.808267102201486,0.832164949347855,0.820293887745013,0.83073263916078,0.729315470814375,0.722282980595337,0.732990384855978,0.730970722712055,0.724051403540577,0.734660447174212,0.74735093189574,0.741637403246861,0.756020012690529,0.756497948016416,0.751793400286944,0.758349705304519
