"param_id","eir_equil","sig_het","ff","trial_duration","trial_PQ_eff_stratum_1","trial_PQ_eff_stratum_2","trial_PQ_prop_stratum_1","trial_PQ_prop_stratum_2","trial_PQ_proph","is_LLIN_distributed","is_IRS_administered","eff_cph_recurrent_LM","eff_cph_recurrent_PCR","eff_cph_any_relapse_LM","eff_cph_any_relapse_PCR","eff_cph_relapse_LM_trial","eff_cph_relapse_PCR_trial","eff_cph_relapse_LM_all","eff_cph_relapse_PCR_all","eff_incid_recurrent_PCR","eff_incid_recurrent_LM","eff_incid_recurrent_D","eff_incid_any_relapse_PCR","eff_incid_any_relapse_LM","eff_incid_any_relapse_D","eff_incid_relapse_PCR","eff_incid_relapse_LM","eff_incid_relapse_D","eff_risk_relapse_PCR","eff_risk_relapse_LM","eff_risk_relapse_D"
782,100,0,0.01538462,180,1,0,0.75,0.25,28,1,0,0.290072177773793,0.305506894715929,0.398106929729383,0.635669233306764,0.725683875339185,0.739669991491116,0.810524885755753,0.914544027460041,0.392597833143642,0.556796895905807,0.516758137447793,0.548505166482695,0.635532968866302,0.674674674674675,0.767164944527522,0.813233855787047,0.916583249916583,0.756319514661274,0.784580498866213,0.91304347826087
783,100,0,0.01538462,180,1,0,0.75,0.25,28,1,0,0.361406310610913,0.314567926331761,0.417478515326292,0.589926890892932,0.714079183687062,0.768061195732303,0.81392445440111,0.921101194050744,0.400075115681535,0.511029738943664,0.560535705557456,0.552409212444773,0.590868349274614,0.552743785443227,0.782280520748205,0.800144178201498,0.766432865731463,0.774519716885743,0.793269230769231,0.740740740740741
784,100,0,0.01538462,180,1,0,0.75,0.25,28,1,0,0.198222458004765,0.26867186690724,0.340701430851865,0.604608444361608,0.685097771825233,0.761962678534847,0.816703402900527,0.911437518041529,0.385013657758687,0.513409556313993,0.578192307692308,0.540798003567769,0.607978183663115,0.695361111111111,0.761512444994499,0.8006,1,0.750505050505051,0.795180722891566,1
