"param_id","eir_equil","sig_het","ff","trial_duration","trial_PQ_eff_stratum_1","trial_PQ_eff_stratum_2","trial_PQ_prop_stratum_1","trial_PQ_prop_stratum_2","trial_PQ_proph","is_LLIN_distributed","is_IRS_administered","eff_cph_recurrent_LM","eff_cph_recurrent_PCR","eff_cph_any_relapse_LM","eff_cph_any_relapse_PCR","eff_cph_relapse_LM_trial","eff_cph_relapse_PCR_trial","eff_cph_relapse_LM_all","eff_cph_relapse_PCR_all","eff_incid_recurrent_PCR","eff_incid_recurrent_LM","eff_incid_recurrent_D","eff_incid_any_relapse_PCR","eff_incid_any_relapse_LM","eff_incid_any_relapse_D","eff_incid_relapse_PCR","eff_incid_relapse_LM","eff_incid_relapse_D","eff_risk_relapse_PCR","eff_risk_relapse_LM","eff_risk_relapse_D"
1579,100,0,0.01538462,180,1,0,0.75,0.25,45,1,0,0.489182830329489,0.397409644821336,0.612975036099511,0.62341914180053,0.744409031793175,0.731058413658809,0.848673770308464,0.91994172961925,0.446163587771935,0.654020564229666,0.706373039706373,0.604958788632258,0.721918288693533,0.6996996996997,0.765102103478995,0.834587568829477,0.82591286939113,0.771629778672032,0.815850815850816,0.826086956521739
158,0.1,0,0.01538462,180,1,0,0.75,0.25,28,1,0,0.78924259354953,0.817212585506314,0.793941612096319,0.822219415891649,0.799002923275152,0.826359910902241,0.812167250278059,0.821379177595567,0.705352411234764,0.703589108910891,0.731829573934837,0.709952102182012,0.709136109384711,0.738364779874214,0.720556745182013,0.721701063164478,0.74968394437421,0.743519781718963,0.741750358680057,0.759920634920635
1580,100,0,0.01538462,180,1,0,0.75,0.25,45,1,0,0.369197114494501,0.378412088518706,0.48252025967245,0.616221653420573,0.577748231724294,0.713626507303984,0.801436247592647,0.908262354963691,0.455029262464198,0.584752124393619,0.50748955538195,0.605245824122276,0.654687861779336,0.673766136925013,0.763895607306567,0.764546761367258,0.863363089815996,0.75177304964539,0.792056074766355,0.833333333333333
