"param_id","eir_equil","sig_het","ff","trial_duration","trial_PQ_eff_stratum_1","trial_PQ_eff_stratum_2","trial_PQ_prop_stratum_1","trial_PQ_prop_stratum_2","trial_PQ_proph","is_LLIN_distributed","is_IRS_administered","eff_cph_recurrent_LM","eff_cph_recurrent_PCR","eff_cph_any_relapse_LM","eff_cph_any_relapse_PCR","eff_cph_relapse_LM_trial","eff_cph_relapse_PCR_trial","eff_cph_relapse_LM_all","eff_cph_relapse_PCR_all","eff_incid_recurrent_PCR","eff_incid_recurrent_LM","eff_incid_recurrent_D","eff_incid_any_relapse_PCR","eff_incid_any_relapse_LM","eff_incid_any_relapse_D","eff_incid_relapse_PCR","eff_incid_relapse_LM","eff_incid_relapse_D","eff_risk_relapse_PCR","eff_risk_relapse_LM","eff_risk_relapse_D"
1095,1,0,0.01538462,180,1,0,0.75,0.25,45,1,0,0.708092703871356,0.756962530479753,0.732677548566278,0.782897545147888,0.754127209512728,0.790551046638309,0.799557699182819,0.842870814638818,0.701050363587396,0.679919476597886,0.537735849056604,0.727062896710906,0.705434782608696,0.597938144329897,0.737870195337114,0.717780429594272,0.616279069767442,0.736904761904762,0.72953216374269,0.6875
1096,1,0,0.01538462,180,1,0,0.75,0.25,45,1,0,0.599648377623988,0.704571893942211,0.657284635822396,0.755857866042222,0.687600925948238,0.781966183150664,0.800166484797756,0.840368893239584,0.677403889752418,0.645915373236898,0.605905117716141,0.71695408019799,0.68607320703817,0.683016349683016,0.739868116513408,0.713640867969601,0.68109702622977,0.726076555023923,0.723625557206538,0.6875
1097,1,0,0.01538462,180,1,0,0.75,0.25,45,1,0,0.741361067263374,0.751351427445317,0.791894319997854,0.790944302365344,0.811405253724714,0.808974419081324,0.834702748923854,0.854013462276331,0.690835164835165,0.70663840539023,0.788090909090909,0.723781714647263,0.738428400239664,0.806915966386555,0.736689690721649,0.750086871325931,0.834947826086957,0.74849578820698,0.768436578171091,0.858490566037736
