"param_id","eir_equil","sig_het","ff","trial_duration","trial_PQ_eff_stratum_1","trial_PQ_eff_stratum_2","trial_PQ_prop_stratum_1","trial_PQ_prop_stratum_2","trial_PQ_proph","is_LLIN_distributed","is_IRS_administered","eff_cph_recurrent_LM","eff_cph_recurrent_PCR","eff_cph_any_relapse_LM","eff_cph_any_relapse_PCR","eff_cph_relapse_LM_trial","eff_cph_relapse_PCR_trial","eff_cph_relapse_LM_all","eff_cph_relapse_PCR_all","eff_incid_recurrent_PCR","eff_incid_recurrent_LM","eff_incid_recurrent_D","eff_incid_any_relapse_PCR","eff_incid_any_relapse_LM","eff_incid_any_relapse_D","eff_incid_relapse_PCR","eff_incid_relapse_LM","eff_incid_relapse_D","eff_risk_relapse_PCR","eff_risk_relapse_LM","eff_risk_relapse_D"
1332,10,0,0.01538462,180,1,0,0.75,0.25,45,1,0,0.649721493213238,0.686239516348448,0.69418295356905,0.762725054192242,0.736935172216036,0.826790426470155,0.799640761664611,0.904373051107585,0.651087302453115,0.764680085249987,0.7997997997998,0.711323570066033,0.800781173330193,0.782391086738913,0.757341233851301,0.817277595055373,0.7997997997998,0.745694022289767,0.802083333333333,0.789473684210526
1333,10,0,0.01538462,180,1,0,0.75,0.25,45,1,0,0.503597315517263,0.691194287468939,0.598797056194957,0.762323899466696,0.683066389494664,0.81398052374479,0.760124049183867,0.910075376496398,0.676418627658823,0.727359389895138,0.75,0.735391140433553,0.75825346112886,0.857142857142857,0.770133622246298,0.783233532934132,0.857142857142857,0.754793138244198,0.768392370572207,0.857142857142857
1334,10,0,0.01538462,180,1,0,0.75,0.25,45,1,0,0.668889618110068,0.690810093549934,0.663966191541015,0.758570912695244,0.737539363027467,0.813069033468566,0.77374122554784,0.903287236466611,0.665860732408447,0.715849609667095,0.69939879759519,0.721529883834692,0.73816515764678,0.599198396793587,0.756658649014641,0.743920502723368,0.58249832999332,0.736097067745197,0.757033248081841,0.666666666666667
