"param_id","eir_equil","sig_het","ff","trial_duration","trial_PQ_eff_stratum_1","trial_PQ_eff_stratum_2","trial_PQ_prop_stratum_1","trial_PQ_prop_stratum_2","trial_PQ_proph","is_LLIN_distributed","is_IRS_administered","eff_cph_recurrent_LM","eff_cph_recurrent_PCR","eff_cph_any_relapse_LM","eff_cph_any_relapse_PCR","eff_cph_relapse_LM_trial","eff_cph_relapse_PCR_trial","eff_cph_relapse_LM_all","eff_cph_relapse_PCR_all","eff_incid_recurrent_PCR","eff_incid_recurrent_LM","eff_incid_recurrent_D","eff_incid_any_relapse_PCR","eff_incid_any_relapse_LM","eff_incid_any_relapse_D","eff_incid_relapse_PCR","eff_incid_relapse_LM","eff_incid_relapse_D","eff_risk_relapse_PCR","eff_risk_relapse_LM","eff_risk_relapse_D"
1049,1,0,0.01538462,180,1,0,0.75,0.25,45,1,0,0.729067006740413,0.758908227242455,0.788845623603092,0.795514065346585,0.798987001516046,0.814243514847375,0.825113225302772,0.861261083279931,0.710445506320705,0.69725580089307,0.661315450789135,0.740418860127299,0.730031459275246,0.707024097268,0.755042051114559,0.739167739167739,0.692675131271623,0.751764705882353,0.750716332378224,0.721153846153846
105,0.1,0,0.01538462,180,1,0,0.75,0.25,28,1,0,0.81397814293456,0.837069199042984,0.81686950763198,0.839490172982543,0.817881382431979,0.840003931368915,0.836488665494238,0.842818654187539,0.71558655601992,0.721377149202864,0.731283177041105,0.719026781241054,0.72490079454232,0.734349468167103,0.731935056553786,0.737090913344198,0.754618185787918,0.76043068640646,0.759493670886076,0.760649087221095
1050,1,0,0.01538462,180,1,0,0.75,0.25,45,1,0,0.688784153212899,0.748854118672956,0.724441135749824,0.777000189620168,0.747407420047673,0.79707725976794,0.818667637069436,0.853242164145944,0.691701654654378,0.692557086559155,0.557079203096902,0.721139159839308,0.715731141157668,0.584490150527886,0.742268787591835,0.73897342318395,0.62962962962963,0.742086752637749,0.743813682678311,0.648936170212766
