"param_id","eir_equil","sig_het","ff","trial_duration","trial_PQ_eff_stratum_1","trial_PQ_eff_stratum_2","trial_PQ_prop_stratum_1","trial_PQ_prop_stratum_2","trial_PQ_proph","is_LLIN_distributed","is_IRS_administered","eff_cph_recurrent_LM","eff_cph_recurrent_PCR","eff_cph_any_relapse_LM","eff_cph_any_relapse_PCR","eff_cph_relapse_LM_trial","eff_cph_relapse_PCR_trial","eff_cph_relapse_LM_all","eff_cph_relapse_PCR_all","eff_incid_recurrent_PCR","eff_incid_recurrent_LM","eff_incid_recurrent_D","eff_incid_any_relapse_PCR","eff_incid_any_relapse_LM","eff_incid_any_relapse_D","eff_incid_relapse_PCR","eff_incid_relapse_LM","eff_incid_relapse_D","eff_risk_relapse_PCR","eff_risk_relapse_LM","eff_risk_relapse_D"
18,0.1,0,0.01538462,180,1,0,0.75,0.25,28,1,0,0.799742076279114,0.828011645246591,0.809886358489177,0.830831965107219,0.810963372828294,0.832803399110897,0.830365360723484,0.839625389980115,0.730031948881789,0.725295214418894,0.707729468599034,0.732620320855615,0.727840199750312,0.712029161603888,0.748927038626609,0.743894802755166,0.737226277372263,0.763265306122449,0.761087267525036,0.757396449704142
180,0.1,0,0.01538462,180,1,0,0.75,0.25,28,1,0,0.787261486059948,0.824725893635813,0.7935741981864,0.831486937021375,0.798799987938427,0.835823069337011,0.83042156163197,0.83828081466652,0.724708087841457,0.715037271004422,0.712355889724311,0.730255776464267,0.719826362484157,0.719155778894472,0.748213477088949,0.738603941513032,0.744522068095839,0.758807588075881,0.758132956152758,0.75
181,0.1,0,0.01538462,180,1,0,0.75,0.25,28,1,0,0.805024956739707,0.813020706750822,0.808042851623151,0.814364681588653,0.808042851623151,0.816728783262961,0.815349284160342,0.81982817143555,0.72027972027972,0.718905472636816,0.751732101616628,0.723060344827586,0.720872274143302,0.753472222222222,0.734088457389428,0.730505302557704,0.764774044032445,0.736698499317872,0.740740740740741,0.756809338521401
