"param_id","eir_equil","sig_het","ff","trial_duration","trial_PQ_eff_stratum_1","trial_PQ_eff_stratum_2","trial_PQ_prop_stratum_1","trial_PQ_prop_stratum_2","trial_PQ_proph","is_LLIN_distributed","is_IRS_administered","eff_cph_recurrent_LM","eff_cph_recurrent_PCR","eff_cph_any_relapse_LM","eff_cph_any_relapse_PCR","eff_cph_relapse_LM_trial","eff_cph_relapse_PCR_trial","eff_cph_relapse_LM_all","eff_cph_relapse_PCR_all","eff_incid_recurrent_PCR","eff_incid_recurrent_LM","eff_incid_recurrent_D","eff_incid_any_relapse_PCR","eff_incid_any_relapse_LM","eff_incid_any_relapse_D","eff_incid_relapse_PCR","eff_incid_relapse_LM","eff_incid_relapse_D","eff_risk_relapse_PCR","eff_risk_relapse_LM","eff_risk_relapse_D"
1087,1,0,0.01538462,180,1,0,0.75,0.25,45,1,0,0.657609612396495,0.716059330373811,0.69648202547091,0.760859788389107,0.7089714420056,0.773520867395749,0.80695193341583,0.858002849826943,0.657985117344018,0.637049003769521,0.607407407407407,0.689246658566221,0.663599769982749,0.658730158730159,0.704918032786885,0.682835820895522,0.689075630252101,0.750877192982456,0.732456140350877,0.688679245283019
1088,1,0,0.01538462,180,1,0,0.75,0.25,45,1,0,0.713215638011888,0.742496338896975,0.756836458588464,0.77976724230954,0.801551239816809,0.817391933708846,0.834699419606921,0.859238713666236,0.690615521291079,0.682179511421774,0.578525894315368,0.726803726803727,0.712701924840325,0.629258888518148,0.745433631128592,0.738923876854911,0.693571122142551,0.755743651753325,0.763582966226138,0.71264367816092
1089,1,0,0.01538462,180,1,0,0.75,0.25,45,1,0,0.715574757125149,0.751428774796739,0.753106275063035,0.78935969550787,0.763764747269331,0.81031925035685,0.817952684315719,0.855540325711055,0.679206161137441,0.6768,0.74,0.712625628140704,0.705448354143019,0.773049645390071,0.733783783783784,0.724984653161449,0.786259541984733,0.759569377990431,0.752212389380531,0.789915966386555
