"param_id","eir_equil","sig_het","ff","trial_duration","trial_PQ_eff_stratum_1","trial_PQ_eff_stratum_2","trial_PQ_prop_stratum_1","trial_PQ_prop_stratum_2","trial_PQ_proph","is_LLIN_distributed","is_IRS_administered","eff_cph_recurrent_LM","eff_cph_recurrent_PCR","eff_cph_any_relapse_LM","eff_cph_any_relapse_PCR","eff_cph_relapse_LM_trial","eff_cph_relapse_PCR_trial","eff_cph_relapse_LM_all","eff_cph_relapse_PCR_all","eff_incid_recurrent_PCR","eff_incid_recurrent_LM","eff_incid_recurrent_D","eff_incid_any_relapse_PCR","eff_incid_any_relapse_LM","eff_incid_any_relapse_D","eff_incid_relapse_PCR","eff_incid_relapse_LM","eff_incid_relapse_D","eff_risk_relapse_PCR","eff_risk_relapse_LM","eff_risk_relapse_D"
511,10,0,0.01538462,180,1,0,0.75,0.25,28,1,0,0.685870762699625,0.689862236647419,0.762224274611521,0.791461641053631,0.820648111875207,0.841994950067636,0.801908407420788,0.916772566950482,0.662987122985815,0.688198938992042,0.778,0.730933160779537,0.729623880597015,0.909181818181818,0.785666550096171,0.783417707150965,1,0.758341759352882,0.774611398963731,1
512,10,0,0.01538462,180,1,0,0.75,0.25,28,1,0,0.624464947802392,0.644127007225495,0.724647185808742,0.765476727690102,0.792433259197518,0.829768495376503,0.813846115666018,0.918144428210238,0.671782519714807,0.742241983967936,0.742599484683653,0.733606136874823,0.774448338016816,0.733066132264529,0.788662853738768,0.803451323247353,0.777555110220441,0.777327935222672,0.796875,0.769230769230769
513,10,0,0.01538462,180,1,0,0.75,0.25,28,1,0,0.594323167213802,0.672560358080137,0.634325450675667,0.777989068610415,0.675293699116927,0.831695539172126,0.8163021061968,0.904200817805425,0.646699438202247,0.719965427830596,0.689655172413793,0.709793491864831,0.754571703561116,0.714285714285714,0.764838129496403,0.793562708102109,0.708333333333333,0.75,0.801033591731266,0.708333333333333
