"param_id","eir_equil","sig_het","ff","trial_duration","trial_PQ_eff_stratum_1","trial_PQ_eff_stratum_2","trial_PQ_prop_stratum_1","trial_PQ_prop_stratum_2","trial_PQ_proph","is_LLIN_distributed","is_IRS_administered","eff_cph_recurrent_LM","eff_cph_recurrent_PCR","eff_cph_any_relapse_LM","eff_cph_any_relapse_PCR","eff_cph_relapse_LM_trial","eff_cph_relapse_PCR_trial","eff_cph_relapse_LM_all","eff_cph_relapse_PCR_all","eff_incid_recurrent_PCR","eff_incid_recurrent_LM","eff_incid_recurrent_D","eff_incid_any_relapse_PCR","eff_incid_any_relapse_LM","eff_incid_any_relapse_D","eff_incid_relapse_PCR","eff_incid_relapse_LM","eff_incid_relapse_D","eff_risk_relapse_PCR","eff_risk_relapse_LM","eff_risk_relapse_D"
506,10,0,0.01538462,180,1,0,0.75,0.25,28,1,0,0.561450193143956,0.652576083422523,0.633322026349476,0.762047357379854,0.727737119126996,0.841943308109991,0.796578531251136,0.910778949424383,0.644289235825801,0.741228193832599,0.334,0.710775950901652,0.766607038123167,0.2674,0.768213255733148,0.799336933045356,0.334,0.748987854251012,0.786259541984733,0.666666666666667
507,10,0,0.01538462,180,1,0,0.75,0.25,28,1,0,0.516423497757504,0.667755748358212,0.591974107985376,0.769755452119636,0.684805605646771,0.825692989236316,0.802115669649149,0.900241728540214,0.627983400193664,0.737687979539642,0.667,0.693284786429281,0.767718336483932,0.737105263157895,0.745267238361918,0.805361679224973,0.75025,0.733805668016194,0.803664921465969,0.75
508,10,0,0.01538462,180,1,0,0.75,0.25,28,1,0,0.56094776564394,0.661357719181201,0.583431936333952,0.740413725886669,0.674897237014459,0.818019353624777,0.807914320880061,0.915969512011279,0.657572415785933,0.723383272366636,0.5995995995996,0.719539078593217,0.745386412053079,0.555110666221777,0.770919227362712,0.78398209530285,0.687187187187187,0.755060728744939,0.78961038961039,0.666666666666667
