"param_id","eir_equil","sig_het","ff","trial_duration","trial_PQ_eff_stratum_1","trial_PQ_eff_stratum_2","trial_PQ_prop_stratum_1","trial_PQ_prop_stratum_2","trial_PQ_proph","is_LLIN_distributed","is_IRS_administered","eff_cph_recurrent_LM","eff_cph_recurrent_PCR","eff_cph_any_relapse_LM","eff_cph_any_relapse_PCR","eff_cph_relapse_LM_trial","eff_cph_relapse_PCR_trial","eff_cph_relapse_LM_all","eff_cph_relapse_PCR_all","eff_incid_recurrent_PCR","eff_incid_recurrent_LM","eff_incid_recurrent_D","eff_incid_any_relapse_PCR","eff_incid_any_relapse_LM","eff_incid_any_relapse_D","eff_incid_relapse_PCR","eff_incid_relapse_LM","eff_incid_relapse_D","eff_risk_relapse_PCR","eff_risk_relapse_LM","eff_risk_relapse_D"
666,100,0,0.01538462,180,1,0,0.75,0.25,28,1,0,0.288440991838895,0.260842799719707,0.468360560150713,0.604287295302167,0.604314823304865,0.768818841846661,0.799737135108581,0.920289376990756,0.381163149768399,0.518272425249169,0.5,0.545406306852638,0.607872446437469,0.6,0.777823436750907,0.805626598465473,0.846153846153846,0.776992936427851,0.781553398058252,0.8125
667,100,0,0.01538462,180,1,0,0.75,0.25,28,1,0,0.228553863323678,0.228843533094836,0.393854841301658,0.595081832379912,0.593889713054364,0.70976085327016,0.778610948707839,0.909115042648852,0.392018840553853,0.537603447068468,0.541207874541208,0.542818351102685,0.607924145911826,0.617799617799618,0.767697922679472,0.766739216280501,0.768999768999769,0.740181268882175,0.766666666666667,0.7
668,100,0,0.01538462,180,1,0,0.75,0.25,28,1,0,0.350477919897218,0.297094863943641,0.493067276993582,0.624478009405066,0.630885629432482,0.727274918767846,0.806554997520368,0.903888787668646,0.388776985848569,0.570164348925411,0.571428571428571,0.54625533862111,0.646728971962617,0.58974358974359,0.755773751901535,0.801666666666667,0.705882352941176,0.74847250509165,0.802222222222222,0.764705882352941
