"param_id","eir_equil","sig_het","ff","trial_duration","trial_PQ_eff_stratum_1","trial_PQ_eff_stratum_2","trial_PQ_prop_stratum_1","trial_PQ_prop_stratum_2","trial_PQ_proph","is_LLIN_distributed","is_IRS_administered","eff_cph_recurrent_LM","eff_cph_recurrent_PCR","eff_cph_any_relapse_LM","eff_cph_any_relapse_PCR","eff_cph_relapse_LM_trial","eff_cph_relapse_PCR_trial","eff_cph_relapse_LM_all","eff_cph_relapse_PCR_all","eff_incid_recurrent_PCR","eff_incid_recurrent_LM","eff_incid_recurrent_D","eff_incid_any_relapse_PCR","eff_incid_any_relapse_LM","eff_incid_any_relapse_D","eff_incid_relapse_PCR","eff_incid_relapse_LM","eff_incid_relapse_D","eff_risk_relapse_PCR","eff_risk_relapse_LM","eff_risk_relapse_D"
333,1,0,0.01538462,180,1,0,0.75,0.25,28,1,0,0.743450494454126,0.757080384368089,0.77787817987627,0.801548951254504,0.807019438535931,0.827862617166653,0.863625876188745,0.868972409662754,0.6965859030837,0.72156862745098,0.666666666666667,0.734158561744769,0.756685894074463,0.737704918032787,0.771474878444084,0.793623188405797,0.792452830188679,0.763505402160864,0.802325581395349,0.821052631578947
334,1,0,0.01538462,180,1,0,0.75,0.25,28,1,0,0.664982769469072,0.727735644082327,0.730877215708922,0.77412959713928,0.741287365491415,0.799145119717659,0.807519249447134,0.845991932203873,0.667756603237717,0.672803177857509,0.687335877862595,0.705469314079422,0.711472312703583,0.709967741935484,0.7349658203125,0.732190476190476,0.75025,0.729857819905213,0.721664275466284,0.754716981132076
335,1,0,0.01538462,180,1,0,0.75,0.25,28,1,0,0.67165286581798,0.743432673953546,0.704329607837306,0.783040710876936,0.738214196269999,0.792443662767396,0.821087962256889,0.849382974756566,0.684236622954499,0.701775624891457,0.708369787109945,0.716845917087172,0.73154479126249,0.7578223384675,0.736352347059551,0.744028023209732,0.785499785499785,0.743373493975904,0.748892171344165,0.77
