"param_id","eir_equil","sig_het","ff","trial_duration","trial_PQ_eff_stratum_1","trial_PQ_eff_stratum_2","trial_PQ_prop_stratum_1","trial_PQ_prop_stratum_2","trial_PQ_proph","is_LLIN_distributed","is_IRS_administered","eff_cph_recurrent_LM","eff_cph_recurrent_PCR","eff_cph_any_relapse_LM","eff_cph_any_relapse_PCR","eff_cph_relapse_LM_trial","eff_cph_relapse_PCR_trial","eff_cph_relapse_LM_all","eff_cph_relapse_PCR_all","eff_incid_recurrent_PCR","eff_incid_recurrent_LM","eff_incid_recurrent_D","eff_incid_any_relapse_PCR","eff_incid_any_relapse_LM","eff_incid_any_relapse_D","eff_incid_relapse_PCR","eff_incid_relapse_LM","eff_incid_relapse_D","eff_risk_relapse_PCR","eff_risk_relapse_LM","eff_risk_relapse_D"
425,10,0,0.01538462,180,1,0,0.75,0.25,28,1,0,0.572833033200512,0.625307474741505,0.623376507856036,0.750576350390899,0.689000427512254,0.815786379942832,0.789977861879466,0.912807632155402,0.645927954051989,0.705780853037831,0.5005005005005,0.71263497573507,0.73005771729176,0.538923538923539,0.76911942399714,0.763651456334383,0.636727636727637,0.760935910478128,0.775510204081633,0.555555555555556
426,10,0,0.01538462,180,1,0,0.75,0.25,28,1,0,0.5321913617751,0.671407700228437,0.581150088252217,0.753882909903472,0.572600804848545,0.809680366011839,0.784117532183187,0.903954638967776,0.640644610757502,0.7348095659876,0.714857142857143,0.709373199408238,0.770223320158103,0.809904761904762,0.766807336150319,0.817508571428571,0.894947368421053,0.746464646464646,0.785529715762274,0.894736842105263
427,10,0,0.01538462,180,1,0,0.75,0.25,28,1,0,0.62005690495418,0.651178378858952,0.671515315334736,0.771515578419679,0.731382764168496,0.83824035031461,0.797914400987259,0.915406445308464,0.659685494675975,0.78143972246314,0.727272727272727,0.726288333860259,0.7998046875,0.714285714285714,0.783663456296566,0.828798185941043,0.736842105263158,0.770392749244713,0.801047120418848,0.722222222222222
