"param_id","eir_equil","sig_het","ff","trial_duration","trial_PQ_eff_stratum_1","trial_PQ_eff_stratum_2","trial_PQ_prop_stratum_1","trial_PQ_prop_stratum_2","trial_PQ_proph","is_LLIN_distributed","is_IRS_administered","eff_cph_recurrent_LM","eff_cph_recurrent_PCR","eff_cph_any_relapse_LM","eff_cph_any_relapse_PCR","eff_cph_relapse_LM_trial","eff_cph_relapse_PCR_trial","eff_cph_relapse_LM_all","eff_cph_relapse_PCR_all","eff_incid_recurrent_PCR","eff_incid_recurrent_LM","eff_incid_recurrent_D","eff_incid_any_relapse_PCR","eff_incid_any_relapse_LM","eff_incid_any_relapse_D","eff_incid_relapse_PCR","eff_incid_relapse_LM","eff_incid_relapse_D","eff_risk_relapse_PCR","eff_risk_relapse_LM","eff_risk_relapse_D"
711,100,0,0.01538462,180,1,0,0.75,0.25,28,1,0,0.320933706240993,0.212517915083869,0.429534276611914,0.614887586768852,0.591960963084786,0.742078630100738,0.790945130622356,0.900931152459029,0.386387455722982,0.551615219369449,0.635634175253032,0.540276019933389,0.628921278761658,0.599197592778335,0.755517313361404,0.775911919431765,0.749498495486459,0.738555442522889,0.766826923076923,0.736842105263158
712,100,0,0.01538462,180,1,0,0.75,0.25,28,1,0,0.321732175742651,0.287605850893565,0.553990387524301,0.63023141274983,0.692640146587347,0.786790804796823,0.825189504488423,0.910474652198927,0.39248476300811,0.530464824120603,0.662337662337662,0.546332046332046,0.637232589895312,0.813559322033898,0.766295600858369,0.813758389261745,0.96969696969697,0.744444444444444,0.798561151079137,0.964285714285714
713,100,0,0.01538462,180,1,0,0.75,0.25,28,1,0,0.302796122417216,0.213317576227903,0.404033002715521,0.611001401899951,0.603770682132933,0.711534409473886,0.790733953685433,0.908667693619082,0.387122899522766,0.52531188340465,0.589332922666256,0.547741640199061,0.613974411882163,0.550570979142408,0.761656777246978,0.779712258633001,0.695347521434478,0.742684157416751,0.775413711583924,0.681818181818182
