"param_id","eir_equil","sig_het","ff","trial_duration","trial_PQ_eff_stratum_1","trial_PQ_eff_stratum_2","trial_PQ_prop_stratum_1","trial_PQ_prop_stratum_2","trial_PQ_proph","is_LLIN_distributed","is_IRS_administered","eff_cph_recurrent_LM","eff_cph_recurrent_PCR","eff_cph_any_relapse_LM","eff_cph_any_relapse_PCR","eff_cph_relapse_LM_trial","eff_cph_relapse_PCR_trial","eff_cph_relapse_LM_all","eff_cph_relapse_PCR_all","eff_incid_recurrent_PCR","eff_incid_recurrent_LM","eff_incid_recurrent_D","eff_incid_any_relapse_PCR","eff_incid_any_relapse_LM","eff_incid_any_relapse_D","eff_incid_relapse_PCR","eff_incid_relapse_LM","eff_incid_relapse_D","eff_risk_relapse_PCR","eff_risk_relapse_LM","eff_risk_relapse_D"
544,10,0,0.01538462,180,1,0,0.75,0.25,28,1,0,0.504996262483933,0.64644727431933,0.57316912732098,0.748972776713378,0.591509916928207,0.824582190058678,0.743253354305471,0.898803466205175,0.619256870563896,0.663567803530971,0.884499884499884,0.684561522580158,0.707399707399707,0.856999856999857,0.7474492787135,0.735234073981174,0.888777666555444,0.740628166160081,0.741666666666667,0.875
545,10,0,0.01538462,180,1,0,0.75,0.25,28,1,0,0.341991909604738,0.638087013629022,0.462992366323509,0.736500592980643,0.484435083150865,0.80837921832206,0.761813149934115,0.913083784552533,0.64783401093509,0.663375224416517,0.647058823529412,0.714674758792406,0.710685483870968,0.875,0.776927185330248,0.748863636363636,0.928571428571429,0.760448521916412,0.751351351351351,0.923076923076923
546,10,0,0.01538462,180,1,0,0.75,0.25,28,1,0,0.544927363642618,0.675461308666624,0.598727933901533,0.780617254236842,0.675126616667451,0.816962035750237,0.79999515221337,0.909359522197661,0.65425569707401,0.700337137840211,0.889111111111111,0.713291857273559,0.731823416506718,0.866933333333333,0.761667742779862,0.781930880713489,0.857428571428571,0.741641337386018,0.78125,0.857142857142857
