"param_id","eir_equil","sig_het","ff","trial_duration","trial_PQ_eff_stratum_1","trial_PQ_eff_stratum_2","trial_PQ_prop_stratum_1","trial_PQ_prop_stratum_2","trial_PQ_proph","is_LLIN_distributed","is_IRS_administered","eff_cph_recurrent_LM","eff_cph_recurrent_PCR","eff_cph_any_relapse_LM","eff_cph_any_relapse_PCR","eff_cph_relapse_LM_trial","eff_cph_relapse_PCR_trial","eff_cph_relapse_LM_all","eff_cph_relapse_PCR_all","eff_incid_recurrent_PCR","eff_incid_recurrent_LM","eff_incid_recurrent_D","eff_incid_any_relapse_PCR","eff_incid_any_relapse_LM","eff_incid_any_relapse_D","eff_incid_relapse_PCR","eff_incid_relapse_LM","eff_incid_relapse_D","eff_risk_relapse_PCR","eff_risk_relapse_LM","eff_risk_relapse_D"
1592,100,0,0.01538462,180,1,0,0.75,0.25,45,1,0,0.407009125480465,0.36092424073793,0.507788251875998,0.581119694971931,0.687790092105939,0.694550515645295,0.817895282806486,0.904126045302427,0.466104288802889,0.651122559374146,0.508599508599509,0.610543139163674,0.720154937546242,0.443888332777222,0.757778626060743,0.821665197342967,0.705587940882058,0.73780487804878,0.796498905908096,0.705882352941176
1593,100,0,0.01538462,180,1,0,0.75,0.25,45,1,0,0.417595950174902,0.445350521694376,0.40050843962138,0.668348687241428,0.536661218644269,0.770633804344723,0.81091570621519,0.907655206466992,0.463142588941842,0.575836206340354,0.580976325162372,0.60543569399658,0.650529435685686,0.519519519519519,0.760906345186459,0.783297035586794,0.691999691999692,0.742943548387097,0.791946308724832,0.692307692307692
1594,100,0,0.01538462,180,1,0,0.75,0.25,45,1,0,0.417199703234372,0.418280417834531,0.51747508929535,0.641434334939704,0.708390365749092,0.721234442280924,0.822274633256354,0.901621258070946,0.454558530654038,0.621068965517241,0.604169811320755,0.603120604518929,0.701474231464738,0.771657142857143,0.756635086551265,0.845311212814645,0.909181818181818,0.744959677419355,0.815144766146993,0.909090909090909
