"param_id","eir_equil","sig_het","ff","trial_duration","trial_PQ_eff_stratum_1","trial_PQ_eff_stratum_2","trial_PQ_prop_stratum_1","trial_PQ_prop_stratum_2","trial_PQ_proph","is_LLIN_distributed","is_IRS_administered","eff_cph_recurrent_LM","eff_cph_recurrent_PCR","eff_cph_any_relapse_LM","eff_cph_any_relapse_PCR","eff_cph_relapse_LM_trial","eff_cph_relapse_PCR_trial","eff_cph_relapse_LM_all","eff_cph_relapse_PCR_all","eff_incid_recurrent_PCR","eff_incid_recurrent_LM","eff_incid_recurrent_D","eff_incid_any_relapse_PCR","eff_incid_any_relapse_LM","eff_incid_any_relapse_D","eff_incid_relapse_PCR","eff_incid_relapse_LM","eff_incid_relapse_D","eff_risk_relapse_PCR","eff_risk_relapse_LM","eff_risk_relapse_D"
1173,1,0,0.01538462,180,1,0,0.75,0.25,45,1,0,0.681952361793336,0.721091278031906,0.721719245895094,0.748237842182153,0.766813400581638,0.778481826470389,0.809520324323826,0.841963596334575,0.673524505000916,0.659631151133971,0.716702060838094,0.707081130586966,0.696742526148187,0.730429112192639,0.729212932584277,0.723961080054846,0.778000445335115,0.73469387755102,0.73598820058997,0.79047619047619
1174,1,0,0.01538462,180,1,0,0.75,0.25,45,1,0,0.68452541171321,0.74697655670357,0.727228737843902,0.774959108791538,0.764799477458871,0.802864443092478,0.821737966848394,0.855938604877875,0.663544956162804,0.678433798605472,0.707984907984908,0.693809181606329,0.71138758896196,0.739391565478522,0.716881482032997,0.735265265265265,0.788673288673289,0.746144721233689,0.744219653179191,0.775280898876405
1175,1,0,0.01538462,180,1,0,0.75,0.25,45,1,0,0.735976938690535,0.724690560073022,0.772673900907746,0.770032573531653,0.78814558706916,0.786656959346292,0.824177789571356,0.845566225405492,0.668515900056786,0.68220625,0.752682170542636,0.695042398546336,0.704695968645017,0.779352459016393,0.713227615611676,0.727490668272125,0.767056074766355,0.729952830188679,0.748917748917749,0.765957446808511
