"param_id","eir_equil","sig_het","ff","trial_duration","trial_PQ_eff_stratum_1","trial_PQ_eff_stratum_2","trial_PQ_prop_stratum_1","trial_PQ_prop_stratum_2","trial_PQ_proph","is_LLIN_distributed","is_IRS_administered","eff_cph_recurrent_LM","eff_cph_recurrent_PCR","eff_cph_any_relapse_LM","eff_cph_any_relapse_PCR","eff_cph_relapse_LM_trial","eff_cph_relapse_PCR_trial","eff_cph_relapse_LM_all","eff_cph_relapse_PCR_all","eff_incid_recurrent_PCR","eff_incid_recurrent_LM","eff_incid_recurrent_D","eff_incid_any_relapse_PCR","eff_incid_any_relapse_LM","eff_incid_any_relapse_D","eff_incid_relapse_PCR","eff_incid_relapse_LM","eff_incid_relapse_D","eff_risk_relapse_PCR","eff_risk_relapse_LM","eff_risk_relapse_D"
382,1,0,0.01538462,180,1,0,0.75,0.25,28,1,0,0.630422718351379,0.683870217248486,0.694266593453137,0.745470537794731,0.743707342458296,0.780412007932926,0.810357785238486,0.844739324556598,0.66288770821367,0.664960183767228,0.615139344262295,0.70357993249463,0.707369171695008,0.64,0.733666666666667,0.73233669235329,0.731038461538462,0.733252131546894,0.735512630014859,0.728260869565217
383,1,0,0.01538462,180,1,0,0.75,0.25,28,1,0,0.696626481867258,0.748327649527635,0.737846715925182,0.79718973147107,0.784929566080737,0.823891673022332,0.833367523041087,0.858849409522913,0.679210034694422,0.689975550122249,0.632352941176471,0.71,0.718553459119497,0.689922480620155,0.741995648119366,0.750287026406429,0.791304347826087,0.75,0.759887005649718,0.788461538461538
384,1,0,0.01538462,180,1,0,0.75,0.25,28,1,0,0.671857399392406,0.712266447996189,0.703130454430864,0.761759916413426,0.752545381151011,0.796732074524352,0.818041421217386,0.857916851007587,0.674179858078603,0.6656772591857,0.667,0.715644778709864,0.707571202531646,0.708625,0.754073102155576,0.746429461756374,0.752186046511628,0.746776084407972,0.740425531914894,0.775862068965517
