"param_id","eir_equil","sig_het","ff","trial_duration","trial_PQ_eff_stratum_1","trial_PQ_eff_stratum_2","trial_PQ_prop_stratum_1","trial_PQ_prop_stratum_2","trial_PQ_proph","is_LLIN_distributed","is_IRS_administered","eff_cph_recurrent_LM","eff_cph_recurrent_PCR","eff_cph_any_relapse_LM","eff_cph_any_relapse_PCR","eff_cph_relapse_LM_trial","eff_cph_relapse_PCR_trial","eff_cph_relapse_LM_all","eff_cph_relapse_PCR_all","eff_incid_recurrent_PCR","eff_incid_recurrent_LM","eff_incid_recurrent_D","eff_incid_any_relapse_PCR","eff_incid_any_relapse_LM","eff_incid_any_relapse_D","eff_incid_relapse_PCR","eff_incid_relapse_LM","eff_incid_relapse_D","eff_risk_relapse_PCR","eff_risk_relapse_LM","eff_risk_relapse_D"
785,100,0,0.01538462,180,1,0,0.75,0.25,28,1,0,0.277694084208084,0.251978026923098,0.424436827774406,0.564556728293119,0.644484784260349,0.753536604401003,0.808235111740189,0.908171405276999,0.389930265506302,0.483873960861409,0.399399399399399,0.543119140249998,0.584985749107886,0.411175881764117,0.756063094764115,0.789218748950293,0.631210157525947,0.746208291203236,0.788372093023256,0.611111111111111
786,100,0,0.01538462,180,1,0,0.75,0.25,28,1,0,0.355537413951547,0.28747390276978,0.527511763003707,0.620326272106571,0.760568073256752,0.792753564943552,0.823649855055055,0.914700208755191,0.383184980560671,0.540471637985978,0.626865671641791,0.535726431135462,0.618320610687023,0.761904761904762,0.761218496004371,0.805092186128183,0.92,0.757788944723618,0.797266514806378,0.909090909090909
787,100,0,0.01538462,180,1,0,0.75,0.25,28,1,0,0.299041445780222,0.260936675047684,0.464687216624157,0.615424751763923,0.655368903022265,0.726135057699491,0.83512190747639,0.908897501084799,0.377766300441524,0.540142857142857,0.707984615384615,0.539563147778239,0.638443313953488,0.829439024390244,0.765158940843552,0.828647793505412,0.75025,0.748738647830474,0.818965517241379,0.761904761904762
