"param_id","eir_equil","sig_het","ff","trial_duration","trial_PQ_eff_stratum_1","trial_PQ_eff_stratum_2","trial_PQ_prop_stratum_1","trial_PQ_prop_stratum_2","trial_PQ_proph","is_LLIN_distributed","is_IRS_administered","eff_cph_recurrent_LM","eff_cph_recurrent_PCR","eff_cph_any_relapse_LM","eff_cph_any_relapse_PCR","eff_cph_relapse_LM_trial","eff_cph_relapse_PCR_trial","eff_cph_relapse_LM_all","eff_cph_relapse_PCR_all","eff_incid_recurrent_PCR","eff_incid_recurrent_LM","eff_incid_recurrent_D","eff_incid_any_relapse_PCR","eff_incid_any_relapse_LM","eff_incid_any_relapse_D","eff_incid_relapse_PCR","eff_incid_relapse_LM","eff_incid_relapse_D","eff_risk_relapse_PCR","eff_risk_relapse_LM","eff_risk_relapse_D"
1202,10,0,0.01538462,180,1,0,0.75,0.25,45,1,0,0.629764306373776,0.706632280581006,0.704306957794807,0.779742904873056,0.679955733004179,0.820175047987941,0.79850524764984,0.899958727424466,0.667322897908297,0.785393838467943,0.684526315789474,0.724238780694327,0.813653321201092,0.667,0.761894541272229,0.822656512605042,0.571857142857143,0.739307535641548,0.796875,0.571428571428571
1203,10,0,0.01538462,180,1,0,0.75,0.25,45,1,0,0.559810701492372,0.693490609549327,0.623179287050214,0.77605189284984,0.687552553821144,0.823898036264177,0.792095943751874,0.908244987966567,0.679561150096556,0.736498487830637,0.737105526579211,0.735912658270288,0.768851274313042,0.812687687687688,0.77022141293986,0.777871002550863,0.8668001334668,0.74847250509165,0.786486486486486,0.866666666666667
1204,10,0,0.01538462,180,1,0,0.75,0.25,45,1,0,0.607789338944185,0.66518693461393,0.655641772392661,0.749946217701617,0.659361097267729,0.803104468018911,0.805955984774217,0.904705707909483,0.658360239649976,0.733119829196691,0.791458124791458,0.717656409712993,0.765988210432655,0.809333142666476,0.761417615084783,0.783759418647857,0.764470352705647,0.748983739837398,0.794554455445545,0.764705882352941
