"param_id","eir_equil","sig_het","ff","trial_duration","trial_PQ_eff_stratum_1","trial_PQ_eff_stratum_2","trial_PQ_prop_stratum_1","trial_PQ_prop_stratum_2","trial_PQ_proph","is_LLIN_distributed","is_IRS_administered","eff_cph_recurrent_LM","eff_cph_recurrent_PCR","eff_cph_any_relapse_LM","eff_cph_any_relapse_PCR","eff_cph_relapse_LM_trial","eff_cph_relapse_PCR_trial","eff_cph_relapse_LM_all","eff_cph_relapse_PCR_all","eff_incid_recurrent_PCR","eff_incid_recurrent_LM","eff_incid_recurrent_D","eff_incid_any_relapse_PCR","eff_incid_any_relapse_LM","eff_incid_any_relapse_D","eff_incid_relapse_PCR","eff_incid_relapse_LM","eff_incid_relapse_D","eff_risk_relapse_PCR","eff_risk_relapse_LM","eff_risk_relapse_D"
1092,1,0,0.01538462,180,1,0,0.75,0.25,45,1,0,0.730785732277998,0.745603107662935,0.788678148228615,0.804835637364512,0.829280079805784,0.832272437477241,0.846159377372243,0.875710805146842,0.708333333333333,0.711282051282051,0.656716417910448,0.747105966162066,0.748768472906404,0.731707317073171,0.773651921214078,0.774001192605844,0.785046728971963,0.777115613825983,0.776141384388807,0.826530612244898
1093,1,0,0.01538462,180,1,0,0.75,0.25,45,1,0,0.634457514540556,0.728855679729981,0.708834014440853,0.779770423206383,0.730518612845668,0.80083497200742,0.819998037506011,0.856723857506048,0.681699736611062,0.673761388286334,0.502,0.71828130783467,0.709786206896552,0.637818181818182,0.742273173927285,0.73953591160221,0.674384615384615,0.745215311004785,0.740356083086053,0.705263157894737
1094,1,0,0.01538462,180,1,0,0.75,0.25,45,1,0,0.690112958809058,0.750967111494087,0.735586870182256,0.799441093273827,0.7509522580802,0.819870565025961,0.831036783114933,0.870012106789991,0.710206498569305,0.694790739566859,0.671671671671672,0.738948675118888,0.726586325109891,0.69797383590487,0.759626956973557,0.74553993245582,0.738055812822168,0.781362007168459,0.771802325581395,0.731958762886598
