"param_id","eir_equil","sig_het","ff","trial_duration","trial_PQ_eff_stratum_1","trial_PQ_eff_stratum_2","trial_PQ_prop_stratum_1","trial_PQ_prop_stratum_2","trial_PQ_proph","is_LLIN_distributed","is_IRS_administered","eff_cph_recurrent_LM","eff_cph_recurrent_PCR","eff_cph_any_relapse_LM","eff_cph_any_relapse_PCR","eff_cph_relapse_LM_trial","eff_cph_relapse_PCR_trial","eff_cph_relapse_LM_all","eff_cph_relapse_PCR_all","eff_incid_recurrent_PCR","eff_incid_recurrent_LM","eff_incid_recurrent_D","eff_incid_any_relapse_PCR","eff_incid_any_relapse_LM","eff_incid_any_relapse_D","eff_incid_relapse_PCR","eff_incid_relapse_LM","eff_incid_relapse_D","eff_risk_relapse_PCR","eff_risk_relapse_LM","eff_risk_relapse_D"
52,0.1,0,0.01538462,180,1,0,0.75,0.25,28,1,0,0.815165948126344,0.831139852955941,0.81749914702694,0.832925208025957,0.820984399443298,0.835247603578135,0.841440341172015,0.847532772590373,0.758938244853738,0.756418284283031,0.771393643031785,0.761283306144644,0.758642363293526,0.774509803921569,0.779355543418897,0.77763739734681,0.797029702970297,0.767217630853995,0.765804597701149,0.763747454175153
520,10,0,0.01538462,180,1,0,0.75,0.25,28,1,0,0.635810379229811,0.679899137053916,0.692294757408917,0.778788902808117,0.735856329583562,0.84201491358967,0.806134608411384,0.918389302543984,0.654767409168021,0.715745350613772,0.789684421263369,0.725103513218806,0.744801164801165,0.778000222444667,0.786061832053131,0.780158869206976,0.8002002002002,0.770938446014127,0.783715012722646,0.785714285714286
521,10,0,0.01538462,180,1,0,0.75,0.25,28,1,0,0.519151606093882,0.671310547767283,0.595656043898156,0.786067164606398,0.619603206108369,0.835912060271558,0.780052267340795,0.909500201753372,0.659955105094892,0.733333333333333,0.764705882352941,0.721312712184081,0.765862377122431,0.8,0.773902481346521,0.788990825688073,0.857142857142857,0.749494949494949,0.768292682926829,0.833333333333333
