"param_id","eir_equil","sig_het","ff","trial_duration","trial_PQ_eff_stratum_1","trial_PQ_eff_stratum_2","trial_PQ_prop_stratum_1","trial_PQ_prop_stratum_2","trial_PQ_proph","is_LLIN_distributed","is_IRS_administered","eff_cph_recurrent_LM","eff_cph_recurrent_PCR","eff_cph_any_relapse_LM","eff_cph_any_relapse_PCR","eff_cph_relapse_LM_trial","eff_cph_relapse_PCR_trial","eff_cph_relapse_LM_all","eff_cph_relapse_PCR_all","eff_incid_recurrent_PCR","eff_incid_recurrent_LM","eff_incid_recurrent_D","eff_incid_any_relapse_PCR","eff_incid_any_relapse_LM","eff_incid_any_relapse_D","eff_incid_relapse_PCR","eff_incid_relapse_LM","eff_incid_relapse_D","eff_risk_relapse_PCR","eff_risk_relapse_LM","eff_risk_relapse_D"
1468,100,0,0.01538462,180,1,0,0.75,0.25,45,1,0,0.358212698697062,0.387145642480153,0.414746955119858,0.626012637759141,0.540627240255252,0.699322744494994,0.786874625470967,0.899385679138353,0.44834859553452,0.57618437900128,0.542372881355932,0.594507575757576,0.670582476749878,0.552631578947368,0.739675016926202,0.775438596491228,0.68,0.735887096774194,0.768321513002364,0.652173913043478
1469,100,0,0.01538462,180,1,0,0.75,0.25,45,1,0,0.54117365228242,0.401791557993511,0.622362997997117,0.630429279209293,0.706247881582556,0.70230853868732,0.81139483038629,0.907034909396089,0.457206774594601,0.635683663461441,0.75616642283309,0.607810950799509,0.713933906294698,0.728895562228896,0.764490494462445,0.836405985273299,0.856999856999857,0.753036437246964,0.805225653206651,0.818181818181818
147,0.1,0,0.01538462,180,1,0,0.75,0.25,28,1,0,0.805841411847372,0.831340932493279,0.809036990519159,0.83415323846689,0.812819296333322,0.836885027685168,0.840372537597409,0.845167437118616,0.729067015706806,0.735104637336504,0.736502293577982,0.731564805057956,0.737859533771668,0.739290993071594,0.741354066985646,0.746630434782609,0.75025,0.76063829787234,0.763966480446927,0.760154738878143
