"param_id","eir_equil","sig_het","ff","trial_duration","trial_PQ_eff_stratum_1","trial_PQ_eff_stratum_2","trial_PQ_prop_stratum_1","trial_PQ_prop_stratum_2","trial_PQ_proph","is_LLIN_distributed","is_IRS_administered","eff_cph_recurrent_LM","eff_cph_recurrent_PCR","eff_cph_any_relapse_LM","eff_cph_any_relapse_PCR","eff_cph_relapse_LM_trial","eff_cph_relapse_PCR_trial","eff_cph_relapse_LM_all","eff_cph_relapse_PCR_all","eff_incid_recurrent_PCR","eff_incid_recurrent_LM","eff_incid_recurrent_D","eff_incid_any_relapse_PCR","eff_incid_any_relapse_LM","eff_incid_any_relapse_D","eff_incid_relapse_PCR","eff_incid_relapse_LM","eff_incid_relapse_D","eff_risk_relapse_PCR","eff_risk_relapse_LM","eff_risk_relapse_D"
1568,100,0,0.01538462,180,1,0,0.75,0.25,45,1,0,0.428360954788029,0.36624131256437,0.448402154282538,0.608255987253338,0.470760772127271,0.65610530159338,0.797365833678226,0.899102282134473,0.456710993211809,0.632399014160993,0.681499681499681,0.60164629788023,0.693682753792043,0.710821933044155,0.745047196716793,0.772935875172297,0.74974974974975,0.736363636363636,0.786492374727669,0.75
1569,100,0,0.01538462,180,1,0,0.75,0.25,45,1,0,0.475930074285326,0.386537875005822,0.593272462289553,0.647562311859472,0.635046054530435,0.706732706764351,0.813630699771551,0.905528385301303,0.447369778236204,0.652132399745385,0.54,0.603949471120919,0.727187646233037,0.529411764705882,0.755561735261402,0.83041958041958,0.6,0.744162436548223,0.80787037037037,0.538461538461538
157,0.1,0,0.01538462,180,1,0,0.75,0.25,28,1,0,0.836913418781625,0.841137862600994,0.838055757455061,0.843696196366431,0.837128194488286,0.843132246056547,0.83326654556911,0.837312484814167,0.746070083682008,0.7486,0.776734321550741,0.74736119873817,0.749646739130435,0.777745412844037,0.75740084835631,0.760142595978062,0.788650867052023,0.752,0.753481894150418,0.784499054820416
