"param_id","eir_equil","sig_het","ff","trial_duration","trial_PQ_eff_stratum_1","trial_PQ_eff_stratum_2","trial_PQ_prop_stratum_1","trial_PQ_prop_stratum_2","trial_PQ_proph","is_LLIN_distributed","is_IRS_administered","eff_cph_recurrent_LM","eff_cph_recurrent_PCR","eff_cph_any_relapse_LM","eff_cph_any_relapse_PCR","eff_cph_relapse_LM_trial","eff_cph_relapse_PCR_trial","eff_cph_relapse_LM_all","eff_cph_relapse_PCR_all","eff_incid_recurrent_PCR","eff_incid_recurrent_LM","eff_incid_recurrent_D","eff_incid_any_relapse_PCR","eff_incid_any_relapse_LM","eff_incid_any_relapse_D","eff_incid_relapse_PCR","eff_incid_relapse_LM","eff_incid_relapse_D","eff_risk_relapse_PCR","eff_risk_relapse_LM","eff_risk_relapse_D"
325,1,0,0.01538462,180,1,0,0.75,0.25,28,1,0,0.68491894351941,0.736062458012183,0.728164177957508,0.772629493517893,0.771786004940662,0.806415936586846,0.819217065699603,0.851941142158249,0.66453031410616,0.660337641908253,0.656311592119014,0.700059988002399,0.694689059038211,0.702812140124076,0.733642112391263,0.725211136367683,0.753227937781599,0.749400479616307,0.747093023255814,0.775862068965517
326,1,0,0.01538462,180,1,0,0.75,0.25,28,1,0,0.673414179147051,0.709337456528264,0.716990926379365,0.769593398878021,0.747285516793783,0.798024789105104,0.826898694908306,0.849612068429827,0.680398985074578,0.665495986454851,0.719157472417252,0.721013491449034,0.70315258443795,0.747067288822991,0.757357042592584,0.743443981797023,0.762925139053524,0.742890995260663,0.758670520231214,0.75
327,1,0,0.01538462,180,1,0,0.75,0.25,28,1,0,0.60597382820917,0.68138563069623,0.670403440794837,0.755551724967004,0.704746920071246,0.77438179909158,0.808022779005347,0.848941083627739,0.657608695652174,0.635237068965517,0.573770491803279,0.701437748546956,0.679212507237985,0.603603603603604,0.731993299832496,0.705732484076433,0.612903225806452,0.741007194244604,0.735820895522388,0.650602409638554
