"param_id","eir_equil","sig_het","ff","trial_duration","trial_PQ_eff_stratum_1","trial_PQ_eff_stratum_2","trial_PQ_prop_stratum_1","trial_PQ_prop_stratum_2","trial_PQ_proph","is_LLIN_distributed","is_IRS_administered","eff_cph_recurrent_LM","eff_cph_recurrent_PCR","eff_cph_any_relapse_LM","eff_cph_any_relapse_PCR","eff_cph_relapse_LM_trial","eff_cph_relapse_PCR_trial","eff_cph_relapse_LM_all","eff_cph_relapse_PCR_all","eff_incid_recurrent_PCR","eff_incid_recurrent_LM","eff_incid_recurrent_D","eff_incid_any_relapse_PCR","eff_incid_any_relapse_LM","eff_incid_any_relapse_D","eff_incid_relapse_PCR","eff_incid_relapse_LM","eff_incid_relapse_D","eff_risk_relapse_PCR","eff_risk_relapse_LM","eff_risk_relapse_D"
614,100,0,0.01538462,180,1,0,0.75,0.25,28,1,0,0.416425917316659,0.284219639582423,0.569381282932122,0.635648698080365,0.747777789678765,0.770431101329622,0.812761582412413,0.907917879455692,0.373427652733119,0.52,0.58974358974359,0.534804753820034,0.596217494089834,0.684210526315789,0.753565822698424,0.773144286905755,0.78125,0.745454545454545,0.783216783216783,0.766666666666667
615,100,0,0.01538462,180,1,0,0.75,0.25,28,1,0,0.362469645439345,0.285656183417306,0.503488066063502,0.623687918180633,0.642560058536113,0.786308877630528,0.834919011032938,0.909891705025664,0.384410597721746,0.55337345581248,0.272727272727273,0.54436197867611,0.656117146905999,0.296296296296296,0.775781090463549,0.791274593669803,0.615384615384615,0.757056451612903,0.821192052980132,0.615384615384615
616,100,0,0.01538462,180,1,0,0.75,0.25,28,1,0,0.39506188697686,0.278332479065807,0.515358284636595,0.594751119064753,0.641371910319983,0.735300148706751,0.822557633229435,0.914957511377473,0.384690232824858,0.542833678811648,0.661974551512664,0.541358623158587,0.634448049192848,0.740221183106955,0.763503836448324,0.792858892518425,0.874749498997996,0.756565656565657,0.802721088435374,0.857142857142857
