"param_id","eir_equil","sig_het","ff","trial_duration","trial_PQ_eff_stratum_1","trial_PQ_eff_stratum_2","trial_PQ_prop_stratum_1","trial_PQ_prop_stratum_2","trial_PQ_proph","is_LLIN_distributed","is_IRS_administered","eff_cph_recurrent_LM","eff_cph_recurrent_PCR","eff_cph_any_relapse_LM","eff_cph_any_relapse_PCR","eff_cph_relapse_LM_trial","eff_cph_relapse_PCR_trial","eff_cph_relapse_LM_all","eff_cph_relapse_PCR_all","eff_incid_recurrent_PCR","eff_incid_recurrent_LM","eff_incid_recurrent_D","eff_incid_any_relapse_PCR","eff_incid_any_relapse_LM","eff_incid_any_relapse_D","eff_incid_relapse_PCR","eff_incid_relapse_LM","eff_incid_relapse_D","eff_risk_relapse_PCR","eff_risk_relapse_LM","eff_risk_relapse_D"
758,100,0,0.01538462,180,1,0,0.75,0.25,28,1,0,0.19120007421577,0.254539496340899,0.281365059041287,0.618586168807391,0.500414112944511,0.746118312224613,0.795450006844475,0.911454604736925,0.385471486892444,0.481527394957983,0.534948275862069,0.539287111077424,0.569156374501992,0.486228571428571,0.767894639934534,0.758061662198391,0.609086956521739,0.756565656565657,0.778337531486146,0.608695652173913
759,100,0,0.01538462,180,1,0,0.75,0.25,28,1,0,0.273670603751148,0.196355519000236,0.436698470711515,0.593641354191804,0.642554046869231,0.686111258374053,0.817405287745953,0.90904264751367,0.374919231862707,0.540784557907846,0.446428571428572,0.53823909900312,0.632934682612696,0.5,0.763413102630294,0.793515358361775,0.6,0.755825734549139,0.798657718120805,0.571428571428571
76,0.1,0,0.01538462,180,1,0,0.75,0.25,28,1,0,0.813910546968832,0.826568268374354,0.818354992490603,0.829212066225429,0.815798299079181,0.827596655240404,0.82527521605845,0.830976943744748,0.736842105263158,0.734314980793854,0.756332931242461,0.737896494156928,0.73586118251928,0.756067961165048,0.74548532731377,0.743155149934811,0.765067650676507,0.755129958960328,0.756132756132756,0.775390625
