"param_id","eir_equil","sig_het","ff","trial_duration","trial_PQ_eff_stratum_1","trial_PQ_eff_stratum_2","trial_PQ_prop_stratum_1","trial_PQ_prop_stratum_2","trial_PQ_proph","is_LLIN_distributed","is_IRS_administered","eff_cph_recurrent_LM","eff_cph_recurrent_PCR","eff_cph_any_relapse_LM","eff_cph_any_relapse_PCR","eff_cph_relapse_LM_trial","eff_cph_relapse_PCR_trial","eff_cph_relapse_LM_all","eff_cph_relapse_PCR_all","eff_incid_recurrent_PCR","eff_incid_recurrent_LM","eff_incid_recurrent_D","eff_incid_any_relapse_PCR","eff_incid_any_relapse_LM","eff_incid_any_relapse_D","eff_incid_relapse_PCR","eff_incid_relapse_LM","eff_incid_relapse_D","eff_risk_relapse_PCR","eff_risk_relapse_LM","eff_risk_relapse_D"
730,100,0,0.01538462,180,1,0,0.75,0.25,28,1,0,0.477540049460186,0.327192468943007,0.60434320793931,0.603367541202789,0.766287108604171,0.785057908914623,0.845532153006292,0.924610253521942,0.399084529459328,0.58615265348267,0.689500311121933,0.554986232707609,0.675547215527472,0.731038731038731,0.784170186795421,0.83292898387238,0.75025025025025,0.772956609485368,0.828162291169451,0.807692307692308
731,100,0,0.01538462,180,1,0,0.75,0.25,28,1,0,0.402500437518399,0.272262369250601,0.567048930551106,0.610104649716923,0.7293037658726,0.767583117472931,0.826867009144807,0.911789321868846,0.390195708001729,0.514034838709677,0.339123076923077,0.544372340824673,0.610534782608696,0.415219512195122,0.764082410249566,0.805773457311919,0.667,0.75,0.798185941043084,0.65
732,100,0,0.01538462,180,1,0,0.75,0.25,28,1,0,0.405420580777481,0.239007908605275,0.479834932191421,0.622192195536627,0.713121619681809,0.758244759666399,0.802855992208904,0.912199040368845,0.39061188144002,0.603742332535642,0.424818758152091,0.54555163202838,0.686474867724868,0.348478913696305,0.772350953721187,0.821690747645541,0.500500500500501,0.756319514661274,0.781818181818182,0.45
