"param_id","eir_equil","sig_het","ff","trial_duration","trial_PQ_eff_stratum_1","trial_PQ_eff_stratum_2","trial_PQ_prop_stratum_1","trial_PQ_prop_stratum_2","trial_PQ_proph","is_LLIN_distributed","is_IRS_administered","eff_cph_recurrent_LM","eff_cph_recurrent_PCR","eff_cph_any_relapse_LM","eff_cph_any_relapse_PCR","eff_cph_relapse_LM_trial","eff_cph_relapse_PCR_trial","eff_cph_relapse_LM_all","eff_cph_relapse_PCR_all","eff_incid_recurrent_PCR","eff_incid_recurrent_LM","eff_incid_recurrent_D","eff_incid_any_relapse_PCR","eff_incid_any_relapse_LM","eff_incid_any_relapse_D","eff_incid_relapse_PCR","eff_incid_relapse_LM","eff_incid_relapse_D","eff_risk_relapse_PCR","eff_risk_relapse_LM","eff_risk_relapse_D"
682,100,0,0.01538462,180,1,0,0.75,0.25,28,1,0,0.332355667450836,0.268206999774995,0.463244161125883,0.590422114734889,0.595505276352108,0.708966305722209,0.809530042492978,0.905179649653208,0.382053148100943,0.515647238327739,0.689246753246753,0.538083211459857,0.621294573643411,0.768139534883721,0.75633223151646,0.817405186385737,0.818727272727273,0.732793522267206,0.79295154185022,0.777777777777778
683,100,0,0.01538462,180,1,0,0.75,0.25,28,1,0,0.364437029768698,0.240195975486142,0.468467247678474,0.616743798228697,0.719286270352768,0.723493708167974,0.814069454209562,0.902364334665997,0.375878133538734,0.537562294915236,0.392765314333942,0.535332380492434,0.621208670753666,0.424818758152091,0.749776874101199,0.790606858012214,0.667000333667,0.743174924165824,0.796116504854369,0.888888888888889
684,100,0,0.01538462,180,1,0,0.75,0.25,28,1,0,0.404828784759378,0.272242606661081,0.379362761408258,0.632230676808003,0.569282907824026,0.782513863380936,0.827969995489114,0.916320497356222,0.390670715433152,0.551790596566716,0.678924207226094,0.553525698049935,0.617690581245249,0.705587940882058,0.784066127761458,0.809982552943498,0.888777666555444,0.764646464646465,0.822384428223844,0.888888888888889
