"param_id","eir_equil","sig_het","ff","trial_duration","trial_PQ_eff_stratum_1","trial_PQ_eff_stratum_2","trial_PQ_prop_stratum_1","trial_PQ_prop_stratum_2","trial_PQ_proph","is_LLIN_distributed","is_IRS_administered","eff_cph_recurrent_LM","eff_cph_recurrent_PCR","eff_cph_any_relapse_LM","eff_cph_any_relapse_PCR","eff_cph_relapse_LM_trial","eff_cph_relapse_PCR_trial","eff_cph_relapse_LM_all","eff_cph_relapse_PCR_all","eff_incid_recurrent_PCR","eff_incid_recurrent_LM","eff_incid_recurrent_D","eff_incid_any_relapse_PCR","eff_incid_any_relapse_LM","eff_incid_any_relapse_D","eff_incid_relapse_PCR","eff_incid_relapse_LM","eff_incid_relapse_D","eff_risk_relapse_PCR","eff_risk_relapse_LM","eff_risk_relapse_D"
674,100,0,0.01538462,180,1,0,0.75,0.25,28,1,0,0.1476778302198,0.314351993755428,0.226786331381325,0.590111112757257,0.543473278563817,0.730850181707791,0.776910709367456,0.908862862362992,0.388407326449084,0.492962356792144,0.428571428571429,0.544043174509297,0.56648806624452,0.459459459459459,0.753956643170634,0.733451015004413,0.545454545454545,0.741188318227593,0.76056338028169,0.523809523809524
675,100,0,0.01538462,180,1,0,0.75,0.25,28,1,0,0.215310838022496,0.252704880985414,0.380246280517638,0.615045765552003,0.666120856071078,0.743156494422266,0.806425983559454,0.907646282609395,0.377824313946344,0.557191219512195,0.607535714285714,0.53617721950665,0.624765853658537,0.7225,0.757560841845479,0.7939,0.8126875,0.747983870967742,0.786570743405276,0.866666666666667
676,100,0,0.01538462,180,1,0,0.75,0.25,28,1,0,0.335459217119165,0.292669463640194,0.470298832095826,0.608272476394369,0.70615170551247,0.764657178228059,0.845470346048115,0.91513958403617,0.371063811166311,0.551136872401663,0.455090909090909,0.539887636637769,0.646966366650876,0.548838709677419,0.767191908293999,0.850310096153846,0.75025,0.764350453172205,0.832579185520362,0.75
