"param_id","eir_equil","sig_het","ff","trial_duration","trial_PQ_eff_stratum_1","trial_PQ_eff_stratum_2","trial_PQ_prop_stratum_1","trial_PQ_prop_stratum_2","trial_PQ_proph","is_LLIN_distributed","is_IRS_administered","eff_cph_recurrent_LM","eff_cph_recurrent_PCR","eff_cph_any_relapse_LM","eff_cph_any_relapse_PCR","eff_cph_relapse_LM_trial","eff_cph_relapse_PCR_trial","eff_cph_relapse_LM_all","eff_cph_relapse_PCR_all","eff_incid_recurrent_PCR","eff_incid_recurrent_LM","eff_incid_recurrent_D","eff_incid_any_relapse_PCR","eff_incid_any_relapse_LM","eff_incid_any_relapse_D","eff_incid_relapse_PCR","eff_incid_relapse_LM","eff_incid_relapse_D","eff_risk_relapse_PCR","eff_risk_relapse_LM","eff_risk_relapse_D"
1124,1,0,0.01538462,180,1,0,0.75,0.25,45,1,0,0.643776265937499,0.740574069870599,0.682273213675896,0.777233877024878,0.702085578438429,0.794137904374752,0.81674228494935,0.856593404783003,0.688084112149533,0.695604395604396,0.705426356589147,0.718594527363184,0.724883177570093,0.713114754098361,0.741761936785474,0.745569620253165,0.754385964912281,0.746411483253589,0.742128935532234,0.757575757575758
1125,1,0,0.01538462,180,1,0,0.75,0.25,45,1,0,0.67284919185682,0.750540841867697,0.706406179706174,0.786353804632845,0.726285161999972,0.800394407570332,0.806537101361786,0.858319002083344,0.697789821246611,0.682621984780258,0.674471219186666,0.72797910017641,0.713453911927194,0.669394164807009,0.738244928985066,0.719216824479982,0.676146734970264,0.762295081967213,0.745296671490593,0.715789473684211
1126,1,0,0.01538462,180,1,0,0.75,0.25,45,1,0,0.645420568585869,0.706480786021974,0.676966238208323,0.74860982886965,0.686637715075612,0.762689687485296,0.810442033859172,0.839573626106078,0.692346441572448,0.687732884243916,0.699045450679438,0.718440176685579,0.717144302081081,0.73584695806918,0.746038753130952,0.746947890731037,0.758882970561803,0.726076555023923,0.735549132947977,0.732758620689655
