"param_id","eir_equil","sig_het","ff","trial_duration","trial_PQ_eff_stratum_1","trial_PQ_eff_stratum_2","trial_PQ_prop_stratum_1","trial_PQ_prop_stratum_2","trial_PQ_proph","is_LLIN_distributed","is_IRS_administered","eff_cph_recurrent_LM","eff_cph_recurrent_PCR","eff_cph_any_relapse_LM","eff_cph_any_relapse_PCR","eff_cph_relapse_LM_trial","eff_cph_relapse_PCR_trial","eff_cph_relapse_LM_all","eff_cph_relapse_PCR_all","eff_incid_recurrent_PCR","eff_incid_recurrent_LM","eff_incid_recurrent_D","eff_incid_any_relapse_PCR","eff_incid_any_relapse_LM","eff_incid_any_relapse_D","eff_incid_relapse_PCR","eff_incid_relapse_LM","eff_incid_relapse_D","eff_risk_relapse_PCR","eff_risk_relapse_LM","eff_risk_relapse_D"
500,10,0,0.01538462,180,1,0,0.75,0.25,28,1,0,0.492800596860992,0.636539318660677,0.552189398629739,0.755449513885437,0.608603439675936,0.836400330098796,0.767824771659425,0.912513265450258,0.641810642709053,0.699115044247788,0.545454545454545,0.710717842641538,0.738326848249027,0.571428571428571,0.774094266619768,0.791712104689204,0.7,0.762096774193548,0.758064516129032,0.7
501,10,0,0.01538462,180,1,0,0.75,0.25,28,1,0,0.552824295904906,0.633510092511462,0.577795815387787,0.743082772365543,0.570734576782847,0.811763535488738,0.774112432665858,0.910588436107869,0.63780132960112,0.70227289048474,0.4672,0.700417116060961,0.720927125506073,0.5005,0.760662781314445,0.735148837209302,0.5005,0.745454545454545,0.762032085561497,0.6
502,10,0,0.01538462,180,1,0,0.75,0.25,28,1,0,0.467088860298221,0.670247356677049,0.50769174741792,0.749799209466194,0.572885534198215,0.81009322962245,0.743863116247902,0.902223352984025,0.627349142349484,0.661751951431049,0.705882352941176,0.689405487804878,0.705938697318008,0.6875,0.748340901152637,0.751086956521739,0.75,0.734549138804458,0.730666666666667,0.75
