"param_id","eir_equil","sig_het","ff","trial_duration","trial_PQ_eff_stratum_1","trial_PQ_eff_stratum_2","trial_PQ_prop_stratum_1","trial_PQ_prop_stratum_2","trial_PQ_proph","is_LLIN_distributed","is_IRS_administered","eff_cph_recurrent_LM","eff_cph_recurrent_PCR","eff_cph_any_relapse_LM","eff_cph_any_relapse_PCR","eff_cph_relapse_LM_trial","eff_cph_relapse_PCR_trial","eff_cph_relapse_LM_all","eff_cph_relapse_PCR_all","eff_incid_recurrent_PCR","eff_incid_recurrent_LM","eff_incid_recurrent_D","eff_incid_any_relapse_PCR","eff_incid_any_relapse_LM","eff_incid_any_relapse_D","eff_incid_relapse_PCR","eff_incid_relapse_LM","eff_incid_relapse_D","eff_risk_relapse_PCR","eff_risk_relapse_LM","eff_risk_relapse_D"
244,1,0,0.01538462,180,1,0,0.75,0.25,28,1,0,0.647499007138287,0.690570782236737,0.711148713964649,0.76532484587865,0.720305582000759,0.783992809755213,0.814534667490185,0.845471506398164,0.642446869615164,0.629260618772942,0.684210526315789,0.681274900398406,0.670028011204482,0.758064516129032,0.706774519716886,0.69882498453927,0.761061946902655,0.743405275779377,0.74310595065312,0.780952380952381
245,1,0,0.01538462,180,1,0,0.75,0.25,28,1,0,0.626949338352864,0.719153345187949,0.664320995074636,0.763733438697092,0.714442686735621,0.789498232833255,0.81231301298204,0.849621929170986,0.660876593279258,0.63669298245614,0.626764227642276,0.695967414694129,0.663634874195436,0.654897196261682,0.725773284719921,0.700092757306226,0.698520833333333,0.739808153477218,0.742222222222222,0.704545454545455
246,1,0,0.01538462,180,1,0,0.75,0.25,28,1,0,0.711401440680505,0.729501343947102,0.748210763426884,0.78011760369271,0.783547024207497,0.817495693601457,0.847507184532733,0.863404895647909,0.675829100687183,0.70016120365395,0.7578125,0.722838137472284,0.744450768355151,0.766666666666667,0.760625637538252,0.778255528255528,0.820754716981132,0.761501210653753,0.781524926686217,0.810526315789474
