"param_id","eir_equil","sig_het","ff","trial_duration","trial_PQ_eff_stratum_1","trial_PQ_eff_stratum_2","trial_PQ_prop_stratum_1","trial_PQ_prop_stratum_2","trial_PQ_proph","is_LLIN_distributed","is_IRS_administered","eff_cph_recurrent_LM","eff_cph_recurrent_PCR","eff_cph_any_relapse_LM","eff_cph_any_relapse_PCR","eff_cph_relapse_LM_trial","eff_cph_relapse_PCR_trial","eff_cph_relapse_LM_all","eff_cph_relapse_PCR_all","eff_incid_recurrent_PCR","eff_incid_recurrent_LM","eff_incid_recurrent_D","eff_incid_any_relapse_PCR","eff_incid_any_relapse_LM","eff_incid_any_relapse_D","eff_incid_relapse_PCR","eff_incid_relapse_LM","eff_incid_relapse_D","eff_risk_relapse_PCR","eff_risk_relapse_LM","eff_risk_relapse_D"
1540,100,0,0.01538462,180,1,0,0.75,0.25,45,1,0,0.491501376315985,0.376945797555738,0.531298360511777,0.650608719139374,0.654382236088038,0.736820073017957,0.78430049292876,0.905640979694932,0.456756044792682,0.601307792434072,0.680235791346902,0.608353085174277,0.684616122972287,0.710821933044155,0.758703064375762,0.79478135252531,0.874874874874875,0.745967741935484,0.769230769230769,0.869565217391304
1541,100,0,0.01538462,180,1,0,0.75,0.25,45,1,0,0.429356471790918,0.379009813838744,0.530897987587723,0.605839514979064,0.743020095374931,0.731253353480087,0.796176531197342,0.899464705437883,0.438908709660922,0.559273925321619,0.586620689655172,0.585709380329733,0.640415966386555,0.636727272727273,0.739661159281764,0.761866279069767,0.838870967741935,0.725806451612903,0.756944444444444,0.827586206896552
1542,100,0,0.01538462,180,1,0,0.75,0.25,45,1,0,0.390693214230592,0.442294955534238,0.482891034594585,0.637519352857057,0.598017261242739,0.758373730900773,0.797638450992482,0.91456057615727,0.455385269121813,0.563437,0.590573770491803,0.610108681720511,0.640618834080718,0.605657894736842,0.76907266716146,0.745013673655424,0.791875,0.754793138244198,0.779156327543424,0.761904761904762
