"param_id","eir_equil","sig_het","ff","trial_duration","trial_PQ_eff_stratum_1","trial_PQ_eff_stratum_2","trial_PQ_prop_stratum_1","trial_PQ_prop_stratum_2","trial_PQ_proph","is_LLIN_distributed","is_IRS_administered","eff_cph_recurrent_LM","eff_cph_recurrent_PCR","eff_cph_any_relapse_LM","eff_cph_any_relapse_PCR","eff_cph_relapse_LM_trial","eff_cph_relapse_PCR_trial","eff_cph_relapse_LM_all","eff_cph_relapse_PCR_all","eff_incid_recurrent_PCR","eff_incid_recurrent_LM","eff_incid_recurrent_D","eff_incid_any_relapse_PCR","eff_incid_any_relapse_LM","eff_incid_any_relapse_D","eff_incid_relapse_PCR","eff_incid_relapse_LM","eff_incid_relapse_D","eff_risk_relapse_PCR","eff_risk_relapse_LM","eff_risk_relapse_D"
1270,10,0,0.01538462,180,1,0,0.75,0.25,45,1,0,0.689143352468503,0.674091548272121,0.751620435937795,0.756144831954167,0.772284540413182,0.822766370180204,0.822213904345648,0.908476100539339,0.650142982594402,0.755734645256178,0.849699398797595,0.713635260572443,0.789253459117087,0.823175763291288,0.758392129039643,0.799381134412459,0.785284855425136,0.748987854251012,0.807594936708861,0.785714285714286
1271,10,0,0.01538462,180,1,0,0.75,0.25,45,1,0,0.620978130902797,0.689052800591001,0.670980544467479,0.769072605008632,0.683300251759258,0.804300726012078,0.79307101782878,0.902685593644768,0.669103441328333,0.750860885335213,0.869695782739261,0.725834912010377,0.786310374545669,0.863772863772864,0.763226510195682,0.812255380999199,0.9001001001001,0.741379310344828,0.774509803921569,0.9
1272,10,0,0.01538462,180,1,0,0.75,0.25,45,1,0,0.497640855998064,0.670672975615849,0.595839674099834,0.765356500346934,0.610746509542504,0.813252585930832,0.769334256923242,0.904994997398937,0.658428835226334,0.715754316981311,0.578525894315368,0.715455410681755,0.746873310091701,0.499499499499499,0.74974974974975,0.763560469962236,0.399399399399399,0.745197168857432,0.761038961038961,0.6
