"param_id","eir_equil","sig_het","ff","trial_duration","trial_PQ_eff_stratum_1","trial_PQ_eff_stratum_2","trial_PQ_prop_stratum_1","trial_PQ_prop_stratum_2","trial_PQ_proph","is_LLIN_distributed","is_IRS_administered","eff_cph_recurrent_LM","eff_cph_recurrent_PCR","eff_cph_any_relapse_LM","eff_cph_any_relapse_PCR","eff_cph_relapse_LM_trial","eff_cph_relapse_PCR_trial","eff_cph_relapse_LM_all","eff_cph_relapse_PCR_all","eff_incid_recurrent_PCR","eff_incid_recurrent_LM","eff_incid_recurrent_D","eff_incid_any_relapse_PCR","eff_incid_any_relapse_LM","eff_incid_any_relapse_D","eff_incid_relapse_PCR","eff_incid_relapse_LM","eff_incid_relapse_D","eff_risk_relapse_PCR","eff_risk_relapse_LM","eff_risk_relapse_D"
374,1,0,0.01538462,180,1,0,0.75,0.25,28,1,0,0.721430576411736,0.773374114926787,0.762919839224085,0.824362661938795,0.782827239140717,0.837000578499831,0.851082800805115,0.875576916644558,0.720537344555955,0.729642870383611,0.646164346164346,0.755586036932547,0.759762011730516,0.712115962115962,0.792055935534196,0.79332845368276,0.720989807011312,0.780838323353293,0.78757225433526,0.758620689655172
375,1,0,0.01538462,180,1,0,0.75,0.25,28,1,0,0.689717930658884,0.722322347326813,0.729105463338773,0.779351024177453,0.758914753849266,0.800493867919888,0.823999867524497,0.8642394124906,0.659871869539895,0.639978213507625,0.664285714285714,0.695503875968992,0.672832369942197,0.702290076335878,0.732118758434548,0.699614890885751,0.723577235772358,0.762971698113208,0.754411764705882,0.738738738738739
376,1,0,0.01538462,180,1,0,0.75,0.25,28,1,0,0.695354541036173,0.724071197452653,0.742887816831664,0.775260758281678,0.770260940502567,0.81432541151992,0.834418323114779,0.853714354495257,0.691681292617848,0.707713828083289,0.648352,0.725441447159632,0.741825042881647,0.669895652173913,0.755739010989011,0.769128252788104,0.707839622641509,0.753939393939394,0.776435045317221,0.698924731182796
