"param_id","eir_equil","sig_het","ff","trial_duration","trial_PQ_eff_stratum_1","trial_PQ_eff_stratum_2","trial_PQ_prop_stratum_1","trial_PQ_prop_stratum_2","trial_PQ_proph","is_LLIN_distributed","is_IRS_administered","eff_cph_recurrent_LM","eff_cph_recurrent_PCR","eff_cph_any_relapse_LM","eff_cph_any_relapse_PCR","eff_cph_relapse_LM_trial","eff_cph_relapse_PCR_trial","eff_cph_relapse_LM_all","eff_cph_relapse_PCR_all","eff_incid_recurrent_PCR","eff_incid_recurrent_LM","eff_incid_recurrent_D","eff_incid_any_relapse_PCR","eff_incid_any_relapse_LM","eff_incid_any_relapse_D","eff_incid_relapse_PCR","eff_incid_relapse_LM","eff_incid_relapse_D","eff_risk_relapse_PCR","eff_risk_relapse_LM","eff_risk_relapse_D"
688,100,0,0.01538462,180,1,0,0.75,0.25,28,1,0,0.484129940806715,0.265151817632716,0.610419849674823,0.619968083195123,0.740017222331933,0.763007399149052,0.831377315264123,0.910803624789278,0.37850652687307,0.577681566068516,0.808076923076923,0.537289170021085,0.650553379040157,0.7505,0.761746243739566,0.794340386384545,0.852148148148148,0.745711402623612,0.805620608899297,0.846153846153846
689,100,0,0.01538462,180,1,0,0.75,0.25,28,1,0,0.360303822756241,0.298795666790514,0.449985444046648,0.65429635806751,0.637787805971684,0.764023593261884,0.816250669000803,0.909084409764569,0.369096719325825,0.578553560371517,0.718512820512821,0.531666919575114,0.654978450252178,0.808076923076923,0.754767740605894,0.797410981697171,0.885942857142857,0.743434343434343,0.784897025171625,0.882352941176471
69,0.1,0,0.01538462,180,1,0,0.75,0.25,28,1,0,0.834079761596251,0.843803287909514,0.838490365565623,0.850712000564576,0.839901489119161,0.852648965264007,0.849708960207448,0.856403362858581,0.75025025025025,0.750561271109216,0.781955675051443,0.753700565602797,0.752123373373373,0.785449879409611,0.767130621840574,0.766816879457681,0.803108819906132,0.782666666666667,0.784011220196353,0.802218114602588
