"param_id","eir_equil","sig_het","ff","trial_duration","trial_PQ_eff_stratum_1","trial_PQ_eff_stratum_2","trial_PQ_prop_stratum_1","trial_PQ_prop_stratum_2","trial_PQ_proph","is_LLIN_distributed","is_IRS_administered","eff_cph_recurrent_LM","eff_cph_recurrent_PCR","eff_cph_any_relapse_LM","eff_cph_any_relapse_PCR","eff_cph_relapse_LM_trial","eff_cph_relapse_PCR_trial","eff_cph_relapse_LM_all","eff_cph_relapse_PCR_all","eff_incid_recurrent_PCR","eff_incid_recurrent_LM","eff_incid_recurrent_D","eff_incid_any_relapse_PCR","eff_incid_any_relapse_LM","eff_incid_any_relapse_D","eff_incid_relapse_PCR","eff_incid_relapse_LM","eff_incid_relapse_D","eff_risk_relapse_PCR","eff_risk_relapse_LM","eff_risk_relapse_D"
1510,100,0,0.01538462,180,1,0,0.75,0.25,45,1,0,0.356720473563197,0.405117095563758,0.506524794687464,0.611117956536193,0.561797488366311,0.713708033874056,0.813994829218952,0.909222136849709,0.455894750287393,0.597863542384562,0.773584905660377,0.604591354336069,0.686673448626653,0.846153846153846,0.755759108619865,0.806228373702422,0.8,0.746975806451613,0.80091533180778,0.8
1511,100,0,0.01538462,180,1,0,0.75,0.25,45,1,0,0.395834465828907,0.388308961247278,0.465102383580114,0.628978115495811,0.599964366715687,0.700890277886935,0.786674209327769,0.906552999665741,0.451684456388672,0.594908602572802,0.536849354032246,0.599057136350749,0.660841187648133,0.590498769034376,0.759728994464141,0.766088643938689,0.654826548611351,0.74468085106383,0.775981524249423,0.666666666666667
1512,100,0,0.01538462,180,1,0,0.75,0.25,45,1,0,0.530528304465808,0.378645741284125,0.642087240849958,0.651482753878058,0.736516931208846,0.741822623110887,0.835599313229103,0.909470392411175,0.461349110273467,0.600661832915677,0.617404638681234,0.610184803706145,0.686990064735306,0.778000222444667,0.772246464842337,0.819962460364807,0.909181909181909,0.754065040650406,0.8165548098434,0.904761904761905
