"param_id","eir_equil","sig_het","ff","trial_duration","trial_PQ_eff_stratum_1","trial_PQ_eff_stratum_2","trial_PQ_prop_stratum_1","trial_PQ_prop_stratum_2","trial_PQ_proph","is_LLIN_distributed","is_IRS_administered","eff_cph_recurrent_LM","eff_cph_recurrent_PCR","eff_cph_any_relapse_LM","eff_cph_any_relapse_PCR","eff_cph_relapse_LM_trial","eff_cph_relapse_PCR_trial","eff_cph_relapse_LM_all","eff_cph_relapse_PCR_all","eff_incid_recurrent_PCR","eff_incid_recurrent_LM","eff_incid_recurrent_D","eff_incid_any_relapse_PCR","eff_incid_any_relapse_LM","eff_incid_any_relapse_D","eff_incid_relapse_PCR","eff_incid_relapse_LM","eff_incid_relapse_D","eff_risk_relapse_PCR","eff_risk_relapse_LM","eff_risk_relapse_D"
200,1,0,0.01538462,180,1,0,0.75,0.25,28,1,0,0.677464093895019,0.703089983533124,0.719122161872602,0.73600528569753,0.76992820708835,0.770322408678185,0.804006411713479,0.84047208403395,0.655535533065586,0.659019531600515,0.632358241663182,0.6854812715237,0.687960877040773,0.671097921032906,0.713399916431801,0.722171615959191,0.72896612897927,0.720188902007084,0.719322990126939,0.736363636363636
201,1,0,0.01538462,180,1,0,0.75,0.25,28,1,0,0.655497354826409,0.722108863298619,0.700872381264103,0.774225713037626,0.746175544637664,0.796960497840833,0.816454906347761,0.856581676648223,0.672918442739415,0.675213675213675,0.586776859504132,0.711084191399152,0.711494252873563,0.608695652173913,0.748850952068286,0.752029981261711,0.679611650485437,0.745862884160757,0.742175856929955,0.736263736263736
202,1,0,0.01538462,180,1,0,0.75,0.25,28,1,0,0.712015820087429,0.729807858279569,0.768246706127693,0.780884406373919,0.795041749247079,0.806486913256109,0.822246397616641,0.857671477542476,0.680870454852012,0.683108205360998,0.532140367691906,0.720665468868772,0.72513469562075,0.677838435491673,0.749231382018696,0.756926855623293,0.695898125364653,0.761501210653753,0.754437869822485,0.723684210526316
