"param_id","eir_equil","sig_het","ff","trial_duration","trial_PQ_eff_stratum_1","trial_PQ_eff_stratum_2","trial_PQ_prop_stratum_1","trial_PQ_prop_stratum_2","trial_PQ_proph","is_LLIN_distributed","is_IRS_administered","eff_cph_recurrent_LM","eff_cph_recurrent_PCR","eff_cph_any_relapse_LM","eff_cph_any_relapse_PCR","eff_cph_relapse_LM_trial","eff_cph_relapse_PCR_trial","eff_cph_relapse_LM_all","eff_cph_relapse_PCR_all","eff_incid_recurrent_PCR","eff_incid_recurrent_LM","eff_incid_recurrent_D","eff_incid_any_relapse_PCR","eff_incid_any_relapse_LM","eff_incid_any_relapse_D","eff_incid_relapse_PCR","eff_incid_relapse_LM","eff_incid_relapse_D","eff_risk_relapse_PCR","eff_risk_relapse_LM","eff_risk_relapse_D"
400,10,0,0.01538462,180,1,0,0.75,0.25,28,1,0,0.569848130809352,0.648583173824143,0.6089478379761,0.751368359110042,0.684214649168967,0.815418938288525,0.805388910725592,0.911933343123848,0.640532570920233,0.732280640606965,0.651825738782261,0.708503544226132,0.755164383574544,0.713999713999714,0.770046358618298,0.801781979999802,0.7997997997998,0.756811301715439,0.798982188295165,0.777777777777778
401,10,0,0.01538462,180,1,0,0.75,0.25,28,1,0,0.594784024501274,0.646556032175387,0.684388480108808,0.765177021523617,0.779110506711854,0.823176944792983,0.827685337651284,0.912722143082699,0.646484090928535,0.721149721149721,0.666332999666333,0.711078006419929,0.756619364462502,0.764470352705647,0.770635180875773,0.808150879176809,0.7997997997998,0.752525252525252,0.821705426356589,0.8
402,10,0,0.01538462,180,1,0,0.75,0.25,28,1,0,0.529240655761194,0.642522505724749,0.571363572698608,0.73001582327791,0.690497993055348,0.809200529616363,0.774301811479641,0.906926714405061,0.646695475963769,0.729147903706864,0.75025025025025,0.708746190259653,0.762490331833398,0.809714476381143,0.764909670203152,0.803726079020197,0.842263315947526,0.747474747474747,0.779291553133515,0.769230769230769
