"param_id","eir_equil","sig_het","ff","trial_duration","trial_PQ_eff_stratum_1","trial_PQ_eff_stratum_2","trial_PQ_prop_stratum_1","trial_PQ_prop_stratum_2","trial_PQ_proph","is_LLIN_distributed","is_IRS_administered","eff_cph_recurrent_LM","eff_cph_recurrent_PCR","eff_cph_any_relapse_LM","eff_cph_any_relapse_PCR","eff_cph_relapse_LM_trial","eff_cph_relapse_PCR_trial","eff_cph_relapse_LM_all","eff_cph_relapse_PCR_all","eff_incid_recurrent_PCR","eff_incid_recurrent_LM","eff_incid_recurrent_D","eff_incid_any_relapse_PCR","eff_incid_any_relapse_LM","eff_incid_any_relapse_D","eff_incid_relapse_PCR","eff_incid_relapse_LM","eff_incid_relapse_D","eff_risk_relapse_PCR","eff_risk_relapse_LM","eff_risk_relapse_D"
1170,1,0,0.01538462,180,1,0,0.75,0.25,45,1,0,0.705762184278106,0.746776505317831,0.759555137049905,0.790100911575323,0.801684299484094,0.817867179630589,0.828710121401243,0.858341406976304,0.69905607995558,0.729716024340771,0.75,0.727568848090021,0.758360302049622,0.816,0.748790712673331,0.779670975323149,0.855855855855856,0.749108204518431,0.755847953216374,0.854166666666667
1171,1,0,0.01538462,180,1,0,0.75,0.25,45,1,0,0.727396431245683,0.758465655443762,0.761510258987403,0.776958109274791,0.781135967810031,0.787568015919417,0.821071638254128,0.8529984305784,0.687918662686887,0.689332770589624,0.794108765476158,0.714180512999879,0.713166791598464,0.79810367002662,0.733479048456442,0.73575469523117,0.812633396875051,0.743162901307967,0.748546511627907,0.792452830188679
1172,1,0,0.01538462,180,1,0,0.75,0.25,45,1,0,0.666184236236046,0.751107566710869,0.713129873926995,0.797029264981427,0.74970386313491,0.825685744854798,0.820211239982069,0.8620374219611,0.691210846589333,0.671776180748448,0.740198213480656,0.723819839286263,0.706783349474765,0.766433099766433,0.748604065150828,0.735121671011049,0.774549324098874,0.752358490566038,0.748502994011976,0.811881188118812
