"param_id","eir_equil","sig_het","ff","trial_duration","trial_PQ_eff_stratum_1","trial_PQ_eff_stratum_2","trial_PQ_prop_stratum_1","trial_PQ_prop_stratum_2","trial_PQ_proph","is_LLIN_distributed","is_IRS_administered","eff_cph_recurrent_LM","eff_cph_recurrent_PCR","eff_cph_any_relapse_LM","eff_cph_any_relapse_PCR","eff_cph_relapse_LM_trial","eff_cph_relapse_PCR_trial","eff_cph_relapse_LM_all","eff_cph_relapse_PCR_all","eff_incid_recurrent_PCR","eff_incid_recurrent_LM","eff_incid_recurrent_D","eff_incid_any_relapse_PCR","eff_incid_any_relapse_LM","eff_incid_any_relapse_D","eff_incid_relapse_PCR","eff_incid_relapse_LM","eff_incid_relapse_D","eff_risk_relapse_PCR","eff_risk_relapse_LM","eff_risk_relapse_D"
1335,10,0,0.01538462,180,1,0,0.75,0.25,45,1,0,0.575844211528212,0.700676745081476,0.637009236842417,0.764306552873409,0.635740910614186,0.814407161845693,0.821066781954426,0.910132326870466,0.66856351576679,0.765806495070971,0.804682731512,0.721784170603068,0.786244577911245,0.841947210368263,0.758462775958012,0.799203374178548,0.833166499833166,0.745711402623612,0.81203007518797,0.791666666666667
1336,10,0,0.01538462,180,1,0,0.75,0.25,45,1,0,0.611821606997915,0.712072002470054,0.632201402616967,0.80428135897954,0.690482421014278,0.839944512648579,0.818213505444817,0.919867392629781,0.696666117291581,0.774513866231648,0.287142857142857,0.754212455898144,0.791894832275612,0.334666666666667,0.79353249977831,0.817033333333333,0.313875,0.770875763747454,0.79840848806366,0.785714285714286
1337,10,0,0.01538462,180,1,0,0.75,0.25,45,1,0,0.614435470927492,0.708686613193543,0.661911649065502,0.793097312349363,0.727984407679439,0.8444935267609,0.824838224598991,0.919278911011555,0.684652928416486,0.759438103599649,0.8,0.743330058196659,0.783073929961089,0.833333333333333,0.776157205240175,0.811447811447811,0.8125,0.761856710393542,0.811414392059553,0.8125
