"param_id","eir_equil","sig_het","ff","trial_duration","trial_PQ_eff_stratum_1","trial_PQ_eff_stratum_2","trial_PQ_prop_stratum_1","trial_PQ_prop_stratum_2","trial_PQ_proph","is_LLIN_distributed","is_IRS_administered","eff_cph_recurrent_LM","eff_cph_recurrent_PCR","eff_cph_any_relapse_LM","eff_cph_any_relapse_PCR","eff_cph_relapse_LM_trial","eff_cph_relapse_PCR_trial","eff_cph_relapse_LM_all","eff_cph_relapse_PCR_all","eff_incid_recurrent_PCR","eff_incid_recurrent_LM","eff_incid_recurrent_D","eff_incid_any_relapse_PCR","eff_incid_any_relapse_LM","eff_incid_any_relapse_D","eff_incid_relapse_PCR","eff_incid_relapse_LM","eff_incid_relapse_D","eff_risk_relapse_PCR","eff_risk_relapse_LM","eff_risk_relapse_D"
1287,10,0,0.01538462,180,1,0,0.75,0.25,45,1,0,0.607357949786843,0.664370189040407,0.667686517094264,0.745489825923483,0.700764222104876,0.794971020102802,0.796735667041401,0.906813512659235,0.65587553994155,0.729764486708931,0.888777666555444,0.715462040542773,0.776280578572842,0.874874874874875,0.751026761408602,0.796789270473481,0.904666571333238,0.740141557128413,0.784461152882206,0.9
1288,10,0,0.01538462,180,1,0,0.75,0.25,45,1,0,0.529776452841669,0.698490450535254,0.611322014947227,0.756558074989786,0.622973390900037,0.803387009843718,0.802535887320453,0.903529265786334,0.659531754349193,0.748453237410072,0.909181818181818,0.71147986236021,0.785858407079646,0.947421052631579,0.743055555555556,0.813802455357143,0.947421052631579,0.726262626262626,0.787234042553192,0.947368421052632
1289,10,0,0.01538462,180,1,0,0.75,0.25,45,1,0,0.546435068891763,0.675938963440249,0.598345793536124,0.747802141513496,0.536683887954498,0.815953005200094,0.784624648088476,0.905699783616499,0.652685322947264,0.744442648194687,0.618666285332952,0.709864958091909,0.773189782110389,0.736578683947105,0.750041861921183,0.785499785499785,0.687187187187187,0.752786220871327,0.78125,0.6875
