"param_id","eir_equil","sig_het","ff","trial_duration","trial_PQ_eff_stratum_1","trial_PQ_eff_stratum_2","trial_PQ_prop_stratum_1","trial_PQ_prop_stratum_2","trial_PQ_proph","is_LLIN_distributed","is_IRS_administered","eff_cph_recurrent_LM","eff_cph_recurrent_PCR","eff_cph_any_relapse_LM","eff_cph_any_relapse_PCR","eff_cph_relapse_LM_trial","eff_cph_relapse_PCR_trial","eff_cph_relapse_LM_all","eff_cph_relapse_PCR_all","eff_incid_recurrent_PCR","eff_incid_recurrent_LM","eff_incid_recurrent_D","eff_incid_any_relapse_PCR","eff_incid_any_relapse_LM","eff_incid_any_relapse_D","eff_incid_relapse_PCR","eff_incid_relapse_LM","eff_incid_relapse_D","eff_risk_relapse_PCR","eff_risk_relapse_LM","eff_risk_relapse_D"
1038,1,0,0.01538462,180,1,0,0.75,0.25,45,1,0,0.698167066635245,0.746402164977535,0.731555249852789,0.778306315858521,0.743181169131124,0.799944370142643,0.817310251601982,0.864677488068384,0.712472394681665,0.705403937068075,0.736697938248326,0.735358615809521,0.72681095334817,0.735801917620099,0.751686510791942,0.74050462809927,0.717097628602053,0.754079254079254,0.737068965517241,0.719626168224299
1039,1,0,0.01538462,180,1,0,0.75,0.25,45,1,0,0.730073201284614,0.764546356587126,0.797917341811233,0.817065487569888,0.833004239357427,0.831860179213323,0.842202516773079,0.869114859779436,0.718830962343096,0.71187595712098,0.717839694656489,0.750398749255509,0.745748771163299,0.787098360655738,0.767280261011419,0.765821942446043,0.8002,0.764705882352941,0.77521613832853,0.8125
104,0.1,0,0.01538462,180,1,0,0.75,0.25,28,1,0,0.82485448297351,0.855187683597634,0.827764295122781,0.859009594208719,0.830318007558976,0.861782954996615,0.862618603511782,0.86675891024615,0.768599562363238,0.777565328234544,0.788957055214724,0.770925110132159,0.780628608082104,0.792079207920792,0.781042128603104,0.791478373143964,0.808457711442786,0.8,0.800285306704708,0.799180327868853
