"param_id","eir_equil","sig_het","ff","trial_duration","trial_PQ_eff_stratum_1","trial_PQ_eff_stratum_2","trial_PQ_prop_stratum_1","trial_PQ_prop_stratum_2","trial_PQ_proph","is_LLIN_distributed","is_IRS_administered","eff_cph_recurrent_LM","eff_cph_recurrent_PCR","eff_cph_any_relapse_LM","eff_cph_any_relapse_PCR","eff_cph_relapse_LM_trial","eff_cph_relapse_PCR_trial","eff_cph_relapse_LM_all","eff_cph_relapse_PCR_all","eff_incid_recurrent_PCR","eff_incid_recurrent_LM","eff_incid_recurrent_D","eff_incid_any_relapse_PCR","eff_incid_any_relapse_LM","eff_incid_any_relapse_D","eff_incid_relapse_PCR","eff_incid_relapse_LM","eff_incid_relapse_D","eff_risk_relapse_PCR","eff_risk_relapse_LM","eff_risk_relapse_D"
206,1,0,0.01538462,180,1,0,0.75,0.25,28,1,0,0.650493251195402,0.719801114444545,0.702166236620508,0.77641859817297,0.726840369518457,0.813028004908235,0.839843892169979,0.866805165641384,0.675804128715546,0.669584891661167,0.650092433224963,0.717615918218328,0.709038904759933,0.72213222638453,0.749745279241348,0.745114206827309,0.73583424607521,0.773923444976077,0.77956204379562,0.742574257425743
207,1,0,0.01538462,180,1,0,0.75,0.25,28,1,0,0.629564779977514,0.70822899061999,0.671028867459351,0.756714543174161,0.718533085659458,0.787968979002826,0.823239923624131,0.855520448244115,0.658455577082757,0.644817073170732,0.6328125,0.696052241021075,0.682288828337875,0.681034482758621,0.732131358660657,0.724158298877732,0.747663551401869,0.752701080432173,0.751445086705202,0.770833333333333
208,1,0,0.01538462,180,1,0,0.75,0.25,28,1,0,0.675528361543635,0.727457821855813,0.744225596445043,0.799284954993768,0.754404140941862,0.810589580426372,0.815003299753055,0.860280881983869,0.701654616240267,0.694426804123711,0.776567164179105,0.738428613831998,0.730864061640066,0.829609756097561,0.761042253521127,0.752282142857143,0.837931623931624,0.756693830034924,0.75036496350365,0.815533980582524
