"param_id","eir_equil","sig_het","ff","trial_duration","trial_PQ_eff_stratum_1","trial_PQ_eff_stratum_2","trial_PQ_prop_stratum_1","trial_PQ_prop_stratum_2","trial_PQ_proph","is_LLIN_distributed","is_IRS_administered","eff_cph_recurrent_LM","eff_cph_recurrent_PCR","eff_cph_any_relapse_LM","eff_cph_any_relapse_PCR","eff_cph_relapse_LM_trial","eff_cph_relapse_PCR_trial","eff_cph_relapse_LM_all","eff_cph_relapse_PCR_all","eff_incid_recurrent_PCR","eff_incid_recurrent_LM","eff_incid_recurrent_D","eff_incid_any_relapse_PCR","eff_incid_any_relapse_LM","eff_incid_any_relapse_D","eff_incid_relapse_PCR","eff_incid_relapse_LM","eff_incid_relapse_D","eff_risk_relapse_PCR","eff_risk_relapse_LM","eff_risk_relapse_D"
490,10,0,0.01538462,180,1,0,0.75,0.25,28,1,0,0.614366075623749,0.641368061021148,0.659160448682591,0.748607212678415,0.663809393959947,0.819609384992355,0.783970287346109,0.90494098167054,0.643213750579543,0.685711119467925,0.761666428333095,0.704593413433578,0.727824501238398,0.7997997997998,0.756358785623596,0.765012423240271,0.823352764529235,0.743434343434343,0.768229166666667,0.823529411764706
491,10,0,0.01538462,180,1,0,0.75,0.25,28,1,0,0.665807572008015,0.66776552978348,0.733643618965431,0.767231968902745,0.785270779381326,0.841124385447376,0.810375483170997,0.911269094335849,0.632260529788042,0.729005901845408,0.499499499499499,0.702826590924653,0.771006527763284,0.537999537999538,0.763633543354779,0.78996853996854,0.544999544999545,0.752797558494405,0.792,0.545454545454545
492,10,0,0.01538462,180,1,0,0.75,0.25,28,1,0,0.540393216615073,0.664394502855398,0.596718247584595,0.759354859523434,0.645574918950688,0.822713957053746,0.800099364538441,0.910168458450701,0.657294302011951,0.727310572741828,0.884499884499884,0.723309387697206,0.767744734187687,0.874874874874875,0.776790542998794,0.794329848974658,0.908999908999909,0.756072874493927,0.8,0.904761904761905
