"param_id","eir_equil","sig_het","ff","trial_duration","trial_PQ_eff_stratum_1","trial_PQ_eff_stratum_2","trial_PQ_prop_stratum_1","trial_PQ_prop_stratum_2","trial_PQ_proph","is_LLIN_distributed","is_IRS_administered","eff_cph_recurrent_LM","eff_cph_recurrent_PCR","eff_cph_any_relapse_LM","eff_cph_any_relapse_PCR","eff_cph_relapse_LM_trial","eff_cph_relapse_PCR_trial","eff_cph_relapse_LM_all","eff_cph_relapse_PCR_all","eff_incid_recurrent_PCR","eff_incid_recurrent_LM","eff_incid_recurrent_D","eff_incid_any_relapse_PCR","eff_incid_any_relapse_LM","eff_incid_any_relapse_D","eff_incid_relapse_PCR","eff_incid_relapse_LM","eff_incid_relapse_D","eff_risk_relapse_PCR","eff_risk_relapse_LM","eff_risk_relapse_D"
499,10,0,0.01538462,180,1,0,0.75,0.25,28,1,0,0.498777669863732,0.625225275904984,0.547345442393938,0.732402920168959,0.526671434611282,0.803667349238725,0.792446925537141,0.900611233363693,0.635008112724167,0.679167307692308,0.769461538461538,0.697868421052632,0.713030237580994,0.714571428571429,0.751355188295855,0.75961185006046,0.684526315789474,0.73780487804878,0.781420765027322,0.625
5,0.1,0,0.01538462,180,1,0,0.75,0.25,28,1,0,0.821863860912201,0.854879825137932,0.821571336338065,0.85338052898441,0.820643770451209,0.85338052898441,0.840662107479005,0.848290407178211,0.751322751322751,0.758726270667483,0.755952380952381,0.750265674814028,0.757836508912108,0.755369928400955,0.763888888888889,0.771799628942486,0.780838323353293,0.774966711051931,0.773239436619718,0.775793650793651
50,0.1,0,0.01538462,180,1,0,0.75,0.25,28,1,0,0.816709087748446,0.854705533748833,0.823777417975076,0.855532287037636,0.827387266789776,0.858493312751374,0.848149804232712,0.850167464553971,0.730130581794428,0.730096588735332,0.723688556812773,0.733860844971956,0.734603024076708,0.732393175016126,0.750177527955306,0.751402657611376,0.753229841725417,0.779753761969904,0.786435786435786,0.768595041322314
