"param_id","eir_equil","sig_het","ff","trial_duration","trial_PQ_eff_stratum_1","trial_PQ_eff_stratum_2","trial_PQ_prop_stratum_1","trial_PQ_prop_stratum_2","trial_PQ_proph","is_LLIN_distributed","is_IRS_administered","eff_cph_recurrent_LM","eff_cph_recurrent_PCR","eff_cph_any_relapse_LM","eff_cph_any_relapse_PCR","eff_cph_relapse_LM_trial","eff_cph_relapse_PCR_trial","eff_cph_relapse_LM_all","eff_cph_relapse_PCR_all","eff_incid_recurrent_PCR","eff_incid_recurrent_LM","eff_incid_recurrent_D","eff_incid_any_relapse_PCR","eff_incid_any_relapse_LM","eff_incid_any_relapse_D","eff_incid_relapse_PCR","eff_incid_relapse_LM","eff_incid_relapse_D","eff_risk_relapse_PCR","eff_risk_relapse_LM","eff_risk_relapse_D"
803,0.1,0,0.01538462,180,1,0,0.75,0.25,45,1,0,0.794887841108218,0.828443990408188,0.797387274773313,0.829098662405119,0.796858785970138,0.828841949247998,0.820078863106911,0.828707588783035,0.729060287248808,0.734870005140275,0.72964815805328,0.728972759115541,0.735117878577794,0.731353290279778,0.737390071962563,0.744605548716794,0.747410962364233,0.750326797385621,0.748290013679891,0.742857142857143
804,0.1,0,0.01538462,180,1,0,0.75,0.25,45,1,0,0.789789817413654,0.814017718159516,0.791653854442066,0.816269002860701,0.794626955868989,0.819338467163448,0.80836538544072,0.820999131129186,0.70005534034311,0.703175631885937,0.705357142857143,0.703272323904603,0.706683971447112,0.70843989769821,0.723179544191217,0.726918075422627,0.736572890025575,0.733423545331529,0.727011494252874,0.73469387755102
805,0.1,0,0.01538462,180,1,0,0.75,0.25,45,1,0,0.811070372363861,0.835013816012208,0.817853056531861,0.836741677802177,0.819225644079873,0.838851328091357,0.845798525236386,0.844725917494394,0.749714055793991,0.755032118591723,0.751693641618497,0.750925365062196,0.755385046728972,0.754325174825175,0.757900984682713,0.762382965299685,0.762929161747344,0.764163372859025,0.773533424283765,0.768339768339768
