"param_id","eir_equil","sig_het","ff","trial_duration","trial_PQ_eff_stratum_1","trial_PQ_eff_stratum_2","trial_PQ_prop_stratum_1","trial_PQ_prop_stratum_2","trial_PQ_proph","is_LLIN_distributed","is_IRS_administered","eff_cph_recurrent_LM","eff_cph_recurrent_PCR","eff_cph_any_relapse_LM","eff_cph_any_relapse_PCR","eff_cph_relapse_LM_trial","eff_cph_relapse_PCR_trial","eff_cph_relapse_LM_all","eff_cph_relapse_PCR_all","eff_incid_recurrent_PCR","eff_incid_recurrent_LM","eff_incid_recurrent_D","eff_incid_any_relapse_PCR","eff_incid_any_relapse_LM","eff_incid_any_relapse_D","eff_incid_relapse_PCR","eff_incid_relapse_LM","eff_incid_relapse_D","eff_risk_relapse_PCR","eff_risk_relapse_LM","eff_risk_relapse_D"
755,100,0,0.01538462,180,1,0,0.75,0.25,28,1,0,0.452665372880354,0.31490451210241,0.516915066612184,0.621705562678491,0.75401753515597,0.790671934430762,0.843020487289242,0.917452448463515,0.386851465344267,0.590596859874357,0.592183959285263,0.541020047527255,0.664661713862571,0.768999305609135,0.763609341991693,0.823636637991206,0.908999726452083,0.760804020100503,0.814569536423841,0.9
756,100,0,0.01538462,180,1,0,0.75,0.25,28,1,0,0.356818334449004,0.251817202842623,0.54540145317647,0.635257711365382,0.662359310038077,0.758586140092961,0.810462272453879,0.908428302341199,0.38224470603207,0.575214539026361,0.581500419338257,0.538715017120082,0.6722720961947,0.558581837651605,0.749570843966927,0.812991273283007,0.68032032032032,0.743951612903226,0.796163069544364,0.791666666666667
757,100,0,0.01538462,180,1,0,0.75,0.25,28,1,0,0.293767875264567,0.297413296741646,0.49673622270657,0.591179836741302,0.701837043454735,0.776854111704515,0.862193880892711,0.927522142030452,0.402847563399524,0.577063811550871,0.635999635999636,0.564291968886263,0.666486763260957,0.674092697348511,0.803088398752866,0.838575067170246,0.91991991991992,0.78714859437751,0.845804988662131,0.909090909090909
