"param_id","eir_equil","sig_het","ff","trial_duration","trial_PQ_eff_stratum_1","trial_PQ_eff_stratum_2","trial_PQ_prop_stratum_1","trial_PQ_prop_stratum_2","trial_PQ_proph","is_LLIN_distributed","is_IRS_administered","eff_cph_recurrent_LM","eff_cph_recurrent_PCR","eff_cph_any_relapse_LM","eff_cph_any_relapse_PCR","eff_cph_relapse_LM_trial","eff_cph_relapse_PCR_trial","eff_cph_relapse_LM_all","eff_cph_relapse_PCR_all","eff_incid_recurrent_PCR","eff_incid_recurrent_LM","eff_incid_recurrent_D","eff_incid_any_relapse_PCR","eff_incid_any_relapse_LM","eff_incid_any_relapse_D","eff_incid_relapse_PCR","eff_incid_relapse_LM","eff_incid_relapse_D","eff_risk_relapse_PCR","eff_risk_relapse_LM","eff_risk_relapse_D"
1127,1,0,0.01538462,180,1,0,0.75,0.25,45,1,0,0.729005931058813,0.764344340205532,0.751899361127905,0.797283908846764,0.781415030560524,0.807699007528001,0.828272570891541,0.854243693678472,0.705091027044097,0.725059875849259,0.747462404483764,0.731453138266766,0.748813445171679,0.753744777690975,0.744468857393502,0.764126793733452,0.775251437454348,0.758241758241758,0.762962962962963,0.795918367346939
1128,1,0,0.01538462,180,1,0,0.75,0.25,45,1,0,0.70410410844651,0.765563791440671,0.737386760620851,0.806729243095277,0.757579609173809,0.820927142969584,0.833603328533723,0.862009072122807,0.723615321025076,0.710362694300518,0.616,0.75470035252644,0.741398446170921,0.643478260869565,0.76883616543764,0.759021406727829,0.669724770642202,0.770156438026474,0.771851851851852,0.705263157894737
1129,1,0,0.01538462,180,1,0,0.75,0.25,45,1,0,0.66451209575204,0.766470001369785,0.717238153789066,0.80640144050802,0.75259326991335,0.827162948341511,0.837475499670082,0.862716190583635,0.695125553914328,0.687014428412875,0.730434782608696,0.726589414343877,0.720449172576832,0.790909090909091,0.748565642929463,0.750780762023735,0.831775700934579,0.762304921968788,0.770925110132159,0.813186813186813
