"param_id","eir_equil","sig_het","ff","trial_duration","trial_PQ_eff_stratum_1","trial_PQ_eff_stratum_2","trial_PQ_prop_stratum_1","trial_PQ_prop_stratum_2","trial_PQ_proph","is_LLIN_distributed","is_IRS_administered","eff_cph_recurrent_LM","eff_cph_recurrent_PCR","eff_cph_any_relapse_LM","eff_cph_any_relapse_PCR","eff_cph_relapse_LM_trial","eff_cph_relapse_PCR_trial","eff_cph_relapse_LM_all","eff_cph_relapse_PCR_all","eff_incid_recurrent_PCR","eff_incid_recurrent_LM","eff_incid_recurrent_D","eff_incid_any_relapse_PCR","eff_incid_any_relapse_LM","eff_incid_any_relapse_D","eff_incid_relapse_PCR","eff_incid_relapse_LM","eff_incid_relapse_D","eff_risk_relapse_PCR","eff_risk_relapse_LM","eff_risk_relapse_D"
116,0.1,0,0.01538462,180,1,0,0.75,0.25,28,1,0,0.786025644032285,0.803546027446134,0.793050051069171,0.805615745852484,0.796053325540889,0.809118940802304,0.810642237434554,0.811831000725213,0.676820395541109,0.680435207302056,0.693491890654127,0.679832011168343,0.683854565572891,0.697182238840627,0.69473638306223,0.700812380142327,0.721386381366321,0.729023383768913,0.736467236467236,0.745059288537549
1160,1,0,0.01538462,180,1,0,0.75,0.25,45,1,0,0.687204153285614,0.727201842249452,0.731305378824068,0.777403202802828,0.768073882588846,0.805284163507955,0.814429202654531,0.856972944987581,0.695450594030716,0.674905964535196,0.647540983606557,0.733868477925286,0.711903392754457,0.711711711711712,0.75990518117169,0.744408945686901,0.717171717171717,0.750599520383693,0.74773413897281,0.75
1161,1,0,0.01538462,180,1,0,0.75,0.25,45,1,0,0.707660776262708,0.738621673010576,0.757489409742819,0.779696327585363,0.766328435326495,0.783036883656556,0.815295359834048,0.862140849941815,0.721157221952065,0.700210114105763,0.668786101614995,0.748304634673504,0.722640163287926,0.723300259054695,0.764155237180873,0.735505162511962,0.694932722588033,0.76,0.744257274119449,0.703296703296703
