"param_id","eir_equil","sig_het","ff","trial_duration","trial_PQ_eff_stratum_1","trial_PQ_eff_stratum_2","trial_PQ_prop_stratum_1","trial_PQ_prop_stratum_2","trial_PQ_proph","is_LLIN_distributed","is_IRS_administered","eff_cph_recurrent_LM","eff_cph_recurrent_PCR","eff_cph_any_relapse_LM","eff_cph_any_relapse_PCR","eff_cph_relapse_LM_trial","eff_cph_relapse_PCR_trial","eff_cph_relapse_LM_all","eff_cph_relapse_PCR_all","eff_incid_recurrent_PCR","eff_incid_recurrent_LM","eff_incid_recurrent_D","eff_incid_any_relapse_PCR","eff_incid_any_relapse_LM","eff_incid_any_relapse_D","eff_incid_relapse_PCR","eff_incid_relapse_LM","eff_incid_relapse_D","eff_risk_relapse_PCR","eff_risk_relapse_LM","eff_risk_relapse_D"
1587,100,0,0.01538462,180,1,0,0.75,0.25,45,1,0,0.374975425721648,0.358723273147318,0.518720080700396,0.666803295544093,0.703196726874435,0.758976585664837,0.804304589031179,0.902404774653913,0.440705211304122,0.607334525939177,0.46551724137931,0.589812538414259,0.68935041979673,0.682926829268293,0.751095652173913,0.805993690851735,0.928571428571429,0.740890688259109,0.790645879732739,0.923076923076923
1588,100,0,0.01538462,180,1,0,0.75,0.25,45,1,0,0.40693088503609,0.417501239923764,0.507695941050992,0.627713277592595,0.662097259148081,0.708141092608824,0.848292403856964,0.919963923302813,0.45793158553085,0.599888584474886,0.574925925925926,0.612113967824387,0.694792963464141,0.546363636363636,0.774107983449773,0.830436893203883,0.857428571428571,0.769230769230769,0.8215859030837,0.85
1589,100,0,0.01538462,180,1,0,0.75,0.25,45,1,0,0.420363306434073,0.368914449426111,0.510874167857968,0.637636958081357,0.721236793115245,0.770287071698873,0.845298302547135,0.914792871234201,0.452198734437699,0.622621221864952,0.648851851851852,0.603635227272727,0.716499040307102,0.703297297297297,0.765139997238713,0.81347423580786,0.789894736842105,0.76751269035533,0.820627802690583,0.764705882352941
