"param_id","eir_equil","sig_het","ff","trial_duration","trial_PQ_eff_stratum_1","trial_PQ_eff_stratum_2","trial_PQ_prop_stratum_1","trial_PQ_prop_stratum_2","trial_PQ_proph","is_LLIN_distributed","is_IRS_administered","eff_cph_recurrent_LM","eff_cph_recurrent_PCR","eff_cph_any_relapse_LM","eff_cph_any_relapse_PCR","eff_cph_relapse_LM_trial","eff_cph_relapse_PCR_trial","eff_cph_relapse_LM_all","eff_cph_relapse_PCR_all","eff_incid_recurrent_PCR","eff_incid_recurrent_LM","eff_incid_recurrent_D","eff_incid_any_relapse_PCR","eff_incid_any_relapse_LM","eff_incid_any_relapse_D","eff_incid_relapse_PCR","eff_incid_relapse_LM","eff_incid_relapse_D","eff_risk_relapse_PCR","eff_risk_relapse_LM","eff_risk_relapse_D"
1276,10,0,0.01538462,180,1,0,0.75,0.25,45,1,0,0.64721485894044,0.708828943153103,0.704790443873254,0.782373223843472,0.759482813650289,0.840057116581431,0.799928693527948,0.916432070711312,0.689041381432267,0.753631523942457,0.683260307237502,0.750021908888134,0.780896086317204,0.788840204825001,0.789353780728118,0.80328671304678,0.822998406985663,0.772126144455748,0.793193717277487,0.823529411764706
1277,10,0,0.01538462,180,1,0,0.75,0.25,45,1,0,0.598548935924721,0.702762713761069,0.665458766240032,0.778017441037196,0.706424150132665,0.815431280758036,0.792058349838869,0.91028800075608,0.67420922244812,0.71355505104392,0.579368842526737,0.727115577414514,0.736582353497776,0.647412118000353,0.761897073176609,0.767245907961018,0.667000333667,0.736575481256332,0.765171503957784,0.666666666666667
1278,10,0,0.01538462,180,1,0,0.75,0.25,45,1,0,0.558270472553462,0.69559228111346,0.609891174880256,0.776093706871089,0.678186265296641,0.815783911101996,0.754337207392029,0.899223045275188,0.657602152822038,0.709647495361781,0.777777777777778,0.713734142305571,0.748453608247423,0.8125,0.756036036036036,0.774498229043684,0.857142857142857,0.734611503531786,0.761904761904762,0.857142857142857
