"param_id","eir_equil","sig_het","ff","trial_duration","trial_PQ_eff_stratum_1","trial_PQ_eff_stratum_2","trial_PQ_prop_stratum_1","trial_PQ_prop_stratum_2","trial_PQ_proph","is_LLIN_distributed","is_IRS_administered","eff_cph_recurrent_LM","eff_cph_recurrent_PCR","eff_cph_any_relapse_LM","eff_cph_any_relapse_PCR","eff_cph_relapse_LM_trial","eff_cph_relapse_PCR_trial","eff_cph_relapse_LM_all","eff_cph_relapse_PCR_all","eff_incid_recurrent_PCR","eff_incid_recurrent_LM","eff_incid_recurrent_D","eff_incid_any_relapse_PCR","eff_incid_any_relapse_LM","eff_incid_any_relapse_D","eff_incid_relapse_PCR","eff_incid_relapse_LM","eff_incid_relapse_D","eff_risk_relapse_PCR","eff_risk_relapse_LM","eff_risk_relapse_D"
211,1,0,0.01538462,180,1,0,0.75,0.25,28,1,0,0.656761955552951,0.696639747530046,0.706408716912863,0.751190529674671,0.752282888790811,0.788118705839614,0.816734132449258,0.849364833168294,0.666369313113292,0.675148890092041,0.676691729323308,0.702215189873418,0.706866705135603,0.700787401574803,0.733242134062927,0.739348370927318,0.743801652892562,0.743341404358353,0.742857142857143,0.704081632653061
212,1,0,0.01538462,180,1,0,0.75,0.25,28,1,0,0.727200464532544,0.741986671573097,0.773612212128502,0.78612253649709,0.800502751204885,0.803594746982979,0.812960491026301,0.856874443161793,0.680260549419428,0.678643724696356,0.825806451612903,0.715571557155716,0.719439956919763,0.859060402684564,0.745295262816353,0.743873978996499,0.886524822695036,0.750585480093677,0.740203193033382,0.87603305785124
213,1,0,0.01538462,180,1,0,0.75,0.25,28,1,0,0.655672139705931,0.725482333536573,0.69848204637355,0.770022963890472,0.721192948246374,0.789766076848148,0.813037590131946,0.848674223913712,0.693450800915332,0.668523659305994,0.660454545454545,0.720533578656854,0.691514333895447,0.705184,0.748160965794769,0.721342431761787,0.721837837837838,0.744835965978129,0.73768115942029,0.737864077669903
