"param_id","eir_equil","sig_het","ff","trial_duration","trial_PQ_eff_stratum_1","trial_PQ_eff_stratum_2","trial_PQ_prop_stratum_1","trial_PQ_prop_stratum_2","trial_PQ_proph","is_LLIN_distributed","is_IRS_administered","eff_cph_recurrent_LM","eff_cph_recurrent_PCR","eff_cph_any_relapse_LM","eff_cph_any_relapse_PCR","eff_cph_relapse_LM_trial","eff_cph_relapse_PCR_trial","eff_cph_relapse_LM_all","eff_cph_relapse_PCR_all","eff_incid_recurrent_PCR","eff_incid_recurrent_LM","eff_incid_recurrent_D","eff_incid_any_relapse_PCR","eff_incid_any_relapse_LM","eff_incid_any_relapse_D","eff_incid_relapse_PCR","eff_incid_relapse_LM","eff_incid_relapse_D","eff_risk_relapse_PCR","eff_risk_relapse_LM","eff_risk_relapse_D"
1516,100,0,0.01538462,180,1,0,0.75,0.25,45,1,0,0.355055449370862,0.401212745783597,0.544668774145967,0.635727047920397,0.716096207184688,0.724974373832369,0.815640126825908,0.908916610010501,0.46859242366654,0.608063450099141,0.726027397260274,0.621182851623449,0.692307692307692,0.816326530612245,0.767156532290684,0.809146877748461,0.870967741935484,0.752763819095477,0.808962264150943,0.866666666666667
1517,100,0,0.01538462,180,1,0,0.75,0.25,45,1,0,0.472566977749592,0.401652561077973,0.612598260475751,0.655196502812358,0.786251912965745,0.746065996888367,0.825881612660489,0.918067986100841,0.456410658347428,0.593317033414833,0.769461769461769,0.608683327332845,0.667459010893354,0.843294274666824,0.766246296258093,0.795894857347371,0.871096903354968,0.771023302938197,0.79372197309417,0.857142857142857
1518,100,0,0.01538462,180,1,0,0.75,0.25,45,1,0,0.364548348132032,0.406219632880532,0.535923503078685,0.658086954267302,0.748282273889131,0.76214948696216,0.848149144035684,0.912848439184172,0.458658816269862,0.610961839224273,0.58375,0.611013545816733,0.700800182066454,0.721209302325581,0.772280290189165,0.842014948859166,0.9001,0.766194331983806,0.829268292682927,0.896551724137931
