"param_id","eir_equil","sig_het","ff","trial_duration","trial_PQ_eff_stratum_1","trial_PQ_eff_stratum_2","trial_PQ_prop_stratum_1","trial_PQ_prop_stratum_2","trial_PQ_proph","is_LLIN_distributed","is_IRS_administered","eff_cph_recurrent_LM","eff_cph_recurrent_PCR","eff_cph_any_relapse_LM","eff_cph_any_relapse_PCR","eff_cph_relapse_LM_trial","eff_cph_relapse_PCR_trial","eff_cph_relapse_LM_all","eff_cph_relapse_PCR_all","eff_incid_recurrent_PCR","eff_incid_recurrent_LM","eff_incid_recurrent_D","eff_incid_any_relapse_PCR","eff_incid_any_relapse_LM","eff_incid_any_relapse_D","eff_incid_relapse_PCR","eff_incid_relapse_LM","eff_incid_relapse_D","eff_risk_relapse_PCR","eff_risk_relapse_LM","eff_risk_relapse_D"
1465,100,0,0.01538462,180,1,0,0.75,0.25,45,1,0,0.400310472612714,0.393096520577987,0.457466461179377,0.677673119792059,0.590558870863217,0.73720770546145,0.807761753943994,0.908797116167574,0.461339031554943,0.641702564269603,0.689830675746169,0.609057699878378,0.700551424689356,0.713999713999714,0.762236881912338,0.81042849505607,0.828399828399828,0.751765893037336,0.795045045045045,0.823529411764706
1466,100,0,0.01538462,180,1,0,0.75,0.25,45,1,0,0.314179985079394,0.389510440562182,0.354462718039154,0.637842602951832,0.414876558855158,0.6775499128169,0.773342169282827,0.915622855745195,0.458738573337933,0.579526086746322,0.338925868514635,0.608807939530236,0.668909641545997,0.331327315279171,0.768425341814918,0.778982137823367,0.582079572049482,0.754793138244198,0.754385964912281,0.545454545454545
1467,100,0,0.01538462,180,1,0,0.75,0.25,45,1,0,0.432050078912458,0.370212537119475,0.535697936032478,0.644972391664397,0.740034855011534,0.706562795639733,0.820571482715744,0.907888535480691,0.453313167895126,0.611871611093799,0.638225,0.602543852412914,0.683874769797422,0.660255319148936,0.752605982848268,0.826902904564315,0.818545454545455,0.741414141414141,0.7995337995338,0.821428571428571
