"param_id","eir_equil","sig_het","ff","trial_duration","trial_PQ_eff_stratum_1","trial_PQ_eff_stratum_2","trial_PQ_prop_stratum_1","trial_PQ_prop_stratum_2","trial_PQ_proph","is_LLIN_distributed","is_IRS_administered","eff_cph_recurrent_LM","eff_cph_recurrent_PCR","eff_cph_any_relapse_LM","eff_cph_any_relapse_PCR","eff_cph_relapse_LM_trial","eff_cph_relapse_PCR_trial","eff_cph_relapse_LM_all","eff_cph_relapse_PCR_all","eff_incid_recurrent_PCR","eff_incid_recurrent_LM","eff_incid_recurrent_D","eff_incid_any_relapse_PCR","eff_incid_any_relapse_LM","eff_incid_any_relapse_D","eff_incid_relapse_PCR","eff_incid_relapse_LM","eff_incid_relapse_D","eff_risk_relapse_PCR","eff_risk_relapse_LM","eff_risk_relapse_D"
428,10,0,0.01538462,180,1,0,0.75,0.25,28,1,0,0.558110480646135,0.646369767504001,0.66567608912278,0.738956549356824,0.70653548571229,0.816925377727076,0.810218657137779,0.90794759274312,0.640483069252279,0.682692274155689,0.692923692923693,0.701513941843097,0.720014246895967,0.76048048048048,0.759064656790932,0.754626732576016,0.739652696174435,0.745417515274949,0.782051282051282,0.727272727272727
429,10,0,0.01538462,180,1,0,0.75,0.25,28,1,0,0.526027288369712,0.632031152121635,0.575888762696085,0.741725017979828,0.651843579607174,0.808682532052568,0.788332296363326,0.913384268271113,0.657801541559614,0.721854304635762,0.68,0.720361920965123,0.767932489451477,0.681818181818182,0.777334751018962,0.799522673031026,0.705882352941176,0.749748743718593,0.775956284153005,0.6875
43,0.1,0,0.01538462,180,1,0,0.75,0.25,28,1,0,0.794609778415877,0.817405290970951,0.796155944291971,0.813153597793661,0.797692353099523,0.817542188928065,0.819318922925053,0.829064384517198,0.734392113910186,0.733502538071066,0.75,0.736813186813187,0.736305732484076,0.752358490566038,0.75096631695196,0.752399232245681,0.771597633136095,0.748993288590604,0.748579545454545,0.774066797642436
