"param_id","eir_equil","sig_het","ff","trial_duration","trial_PQ_eff_stratum_1","trial_PQ_eff_stratum_2","trial_PQ_prop_stratum_1","trial_PQ_prop_stratum_2","trial_PQ_proph","is_LLIN_distributed","is_IRS_administered","eff_cph_recurrent_LM","eff_cph_recurrent_PCR","eff_cph_any_relapse_LM","eff_cph_any_relapse_PCR","eff_cph_relapse_LM_trial","eff_cph_relapse_PCR_trial","eff_cph_relapse_LM_all","eff_cph_relapse_PCR_all","eff_incid_recurrent_PCR","eff_incid_recurrent_LM","eff_incid_recurrent_D","eff_incid_any_relapse_PCR","eff_incid_any_relapse_LM","eff_incid_any_relapse_D","eff_incid_relapse_PCR","eff_incid_relapse_LM","eff_incid_relapse_D","eff_risk_relapse_PCR","eff_risk_relapse_LM","eff_risk_relapse_D"
530,10,0,0.01538462,180,1,0,0.75,0.25,28,1,0,0.644402072450315,0.643165694144172,0.744309666033883,0.755526821806515,0.787769560640023,0.813547639897357,0.804653540173076,0.901311874522435,0.612681894970875,0.677637814805956,0.750500500500501,0.676182735663154,0.720287670482983,0.714857714857715,0.739181807674958,0.757548508960938,0.778222667111556,0.729483282674772,0.778869778869779,0.777777777777778
531,10,0,0.01538462,180,1,0,0.75,0.25,28,1,0,0.624429725987578,0.655511551585298,0.692943859750103,0.75293593845929,0.769426903114153,0.812957968925674,0.809505364985216,0.907612606820916,0.647390789382011,0.663978494623656,0.91304347826087,0.711001006425641,0.703109327983952,0.952380952380952,0.765627766955906,0.758082497212932,0.947368421052632,0.738866396761134,0.776381909547739,0.941176470588235
532,10,0,0.01538462,180,1,0,0.75,0.25,28,1,0,0.667616248478522,0.648405339890532,0.73955796698537,0.756859694986874,0.800885506524749,0.822982847811926,0.825059191390461,0.90358980534713,0.630715742824986,0.693983971504898,0.894842105263158,0.694497331240188,0.729374622356495,1,0.751328445483987,0.75973417721519,1,0.746951219512195,0.813333333333333,1
