"param_id","eir_equil","sig_het","ff","trial_duration","trial_PQ_eff_stratum_1","trial_PQ_eff_stratum_2","trial_PQ_prop_stratum_1","trial_PQ_prop_stratum_2","trial_PQ_proph","is_LLIN_distributed","is_IRS_administered","eff_cph_recurrent_LM","eff_cph_recurrent_PCR","eff_cph_any_relapse_LM","eff_cph_any_relapse_PCR","eff_cph_relapse_LM_trial","eff_cph_relapse_PCR_trial","eff_cph_relapse_LM_all","eff_cph_relapse_PCR_all","eff_incid_recurrent_PCR","eff_incid_recurrent_LM","eff_incid_recurrent_D","eff_incid_any_relapse_PCR","eff_incid_any_relapse_LM","eff_incid_any_relapse_D","eff_incid_relapse_PCR","eff_incid_relapse_LM","eff_incid_relapse_D","eff_risk_relapse_PCR","eff_risk_relapse_LM","eff_risk_relapse_D"
871,0.1,0,0.01538462,180,1,0,0.75,0.25,45,1,0,0.810787020904522,0.826692074016449,0.812024767774264,0.826356015736397,0.810041705701964,0.825882688842678,0.818279783931031,0.82644380193049,0.71828665568369,0.723007712082262,0.738364779874214,0.718543046357616,0.723514211886305,0.738636363636364,0.721293199554069,0.726027397260274,0.744274809160305,0.751724137931034,0.748554913294798,0.752556237218814
872,0.1,0,0.01538462,180,1,0,0.75,0.25,45,1,0,0.8055922213635,0.821741088216806,0.806890595566482,0.82052421774881,0.809689451726784,0.822066195775337,0.8171305643126,0.82261049254333,0.719856375146477,0.714750863798796,0.735064405723088,0.721912442962072,0.717108412760587,0.736198292154971,0.725745274280599,0.720171698923359,0.74277307610641,0.749307479224377,0.752173913043478,0.7624750499002
873,0.1,0,0.01538462,180,1,0,0.75,0.25,45,1,0,0.802802516454392,0.820761614711189,0.806863401526786,0.822170706432215,0.809360650967552,0.824915247097396,0.817188987025167,0.822995617963049,0.724452261306533,0.717239845261122,0.734659730722154,0.725764705882353,0.719091790562379,0.736460122699387,0.731494071146245,0.724526075619296,0.745619283065513,0.745152354570637,0.745664739884393,0.761431411530815
