"param_id","eir_equil","sig_het","ff","trial_duration","trial_PQ_eff_stratum_1","trial_PQ_eff_stratum_2","trial_PQ_prop_stratum_1","trial_PQ_prop_stratum_2","trial_PQ_proph","is_LLIN_distributed","is_IRS_administered","eff_cph_recurrent_LM","eff_cph_recurrent_PCR","eff_cph_any_relapse_LM","eff_cph_any_relapse_PCR","eff_cph_relapse_LM_trial","eff_cph_relapse_PCR_trial","eff_cph_relapse_LM_all","eff_cph_relapse_PCR_all","eff_incid_recurrent_PCR","eff_incid_recurrent_LM","eff_incid_recurrent_D","eff_incid_any_relapse_PCR","eff_incid_any_relapse_LM","eff_incid_any_relapse_D","eff_incid_relapse_PCR","eff_incid_relapse_LM","eff_incid_relapse_D","eff_risk_relapse_PCR","eff_risk_relapse_LM","eff_risk_relapse_D"
1462,100,0,0.01538462,180,1,0,0.75,0.25,45,1,0,0.473661742510276,0.333582617132389,0.510774908948489,0.600875013367078,0.593297608804142,0.717652025415632,0.829710863486316,0.90241410597104,0.452143312589267,0.623292613636364,0.261481481481481,0.596159052261648,0.683214424951267,0.22109375,0.751606183067286,0.812097246127367,0.1899375,0.737108190091001,0.809090909090909,0.214285714285714
1463,100,0,0.01538462,180,1,0,0.75,0.25,45,1,0,0.560898586280715,0.447224223968536,0.606755000581344,0.640726444141758,0.774905985511734,0.742058943383854,0.814241578057183,0.914016894182251,0.449087698646263,0.627297378728533,0.548387096774194,0.603442418752123,0.700136923779096,0.590909090909091,0.767114138783143,0.789689034369885,0.608695652173913,0.75226586102719,0.779017857142857,0.782608695652174
1464,100,0,0.01538462,180,1,0,0.75,0.25,45,1,0,0.420320529898418,0.408288475663183,0.537186588008125,0.658121532919633,0.678659179117474,0.753155368814575,0.820508141810946,0.91573256188597,0.453443861383629,0.599438902743142,0.638888888888889,0.604651162790698,0.691835771590373,0.653061224489796,0.770763675270831,0.813213703099511,0.75,0.75959595959596,0.805104408352668,0.739130434782609
