"param_id","eir_equil","sig_het","ff","trial_duration","trial_PQ_eff_stratum_1","trial_PQ_eff_stratum_2","trial_PQ_prop_stratum_1","trial_PQ_prop_stratum_2","trial_PQ_proph","is_LLIN_distributed","is_IRS_administered","eff_cph_recurrent_LM","eff_cph_recurrent_PCR","eff_cph_any_relapse_LM","eff_cph_any_relapse_PCR","eff_cph_relapse_LM_trial","eff_cph_relapse_PCR_trial","eff_cph_relapse_LM_all","eff_cph_relapse_PCR_all","eff_incid_recurrent_PCR","eff_incid_recurrent_LM","eff_incid_recurrent_D","eff_incid_any_relapse_PCR","eff_incid_any_relapse_LM","eff_incid_any_relapse_D","eff_incid_relapse_PCR","eff_incid_relapse_LM","eff_incid_relapse_D","eff_risk_relapse_PCR","eff_risk_relapse_LM","eff_risk_relapse_D"
809,0.1,0,0.01538462,180,1,0,0.75,0.25,45,1,0,0.80489666816328,0.82811196271881,0.810649291102878,0.828834370556131,0.810154002467496,0.830604362596136,0.837955858903687,0.842608282102055,0.722621577217963,0.722429746835443,0.735521957340025,0.723049504950495,0.723275730622618,0.735780856423174,0.732312154696133,0.733047831632653,0.751511363636364,0.756291390728477,0.758953168044077,0.756335282651072
81,0.1,0,0.01538462,180,1,0,0.75,0.25,28,1,0,0.790631849943308,0.829073171263862,0.797307437116492,0.831900551243334,0.803022509151439,0.836235913743616,0.835568505471294,0.846043257385092,0.715623655913978,0.708526579111945,0.73724154589372,0.720473826227739,0.713067168863779,0.742334545454545,0.738335861321777,0.731646095717884,0.764109090909091,0.775401069518717,0.774330042313117,0.764822134387352
810,0.1,0,0.01538462,180,1,0,0.75,0.25,45,1,0,0.817608853506383,0.846388463588125,0.824558376808577,0.845788507569674,0.824106031791321,0.847236254635533,0.82747835912042,0.845353985740675,0.734417344173442,0.722710163111669,0.726744186046512,0.735725938009788,0.724354940213971,0.730140186915888,0.75204806116876,0.740530303030303,0.753521126760563,0.771276595744681,0.760283687943262,0.767123287671233
