"param_id","eir_equil","sig_het","ff","trial_duration","trial_PQ_eff_stratum_1","trial_PQ_eff_stratum_2","trial_PQ_prop_stratum_1","trial_PQ_prop_stratum_2","trial_PQ_proph","is_LLIN_distributed","is_IRS_administered","eff_cph_recurrent_LM","eff_cph_recurrent_PCR","eff_cph_any_relapse_LM","eff_cph_any_relapse_PCR","eff_cph_relapse_LM_trial","eff_cph_relapse_PCR_trial","eff_cph_relapse_LM_all","eff_cph_relapse_PCR_all","eff_incid_recurrent_PCR","eff_incid_recurrent_LM","eff_incid_recurrent_D","eff_incid_any_relapse_PCR","eff_incid_any_relapse_LM","eff_incid_any_relapse_D","eff_incid_relapse_PCR","eff_incid_relapse_LM","eff_incid_relapse_D","eff_risk_relapse_PCR","eff_risk_relapse_LM","eff_risk_relapse_D"
739,100,0,0.01538462,180,1,0,0.75,0.25,28,1,0,0.252954442834833,0.267646345182637,0.503033120293339,0.634708096967147,0.669784001777038,0.755213990411516,0.802515561618169,0.910967410773232,0.375066340680113,0.546665857564464,0.56623246492986,0.541482408393142,0.645859604326146,0.720650603532647,0.767768629210874,0.827964674596341,0.809332951617521,0.763157894736842,0.78619153674833,0.80952380952381
74,0.1,0,0.01538462,180,1,0,0.75,0.25,28,1,0,0.783065643914527,0.815379260117729,0.792812840076689,0.820986485207911,0.796991619477094,0.82570485418244,0.82735036566368,0.835292745140604,0.690308608554413,0.682360326428123,0.694789081885856,0.695062398263701,0.685966016362492,0.703105590062112,0.715217391304348,0.708070617906683,0.728518057285181,0.757046979865772,0.755994358251058,0.756539235412475
740,100,0,0.01538462,180,1,0,0.75,0.25,28,1,0,0.378674548264351,0.242486078124,0.510364041832585,0.629127176784782,0.79701921144882,0.756833456614349,0.813493692928427,0.90425881630703,0.371982964863944,0.555832186386841,0.640265265265265,0.529155748876998,0.627511655003064,0.822044266488711,0.73694688038561,0.766461304922843,0.874874874874875,0.723340040241449,0.779342723004695,0.846153846153846
