"param_id","eir_equil","sig_het","ff","trial_duration","trial_PQ_eff_stratum_1","trial_PQ_eff_stratum_2","trial_PQ_prop_stratum_1","trial_PQ_prop_stratum_2","trial_PQ_proph","is_LLIN_distributed","is_IRS_administered","eff_cph_recurrent_LM","eff_cph_recurrent_PCR","eff_cph_any_relapse_LM","eff_cph_any_relapse_PCR","eff_cph_relapse_LM_trial","eff_cph_relapse_PCR_trial","eff_cph_relapse_LM_all","eff_cph_relapse_PCR_all","eff_incid_recurrent_PCR","eff_incid_recurrent_LM","eff_incid_recurrent_D","eff_incid_any_relapse_PCR","eff_incid_any_relapse_LM","eff_incid_any_relapse_D","eff_incid_relapse_PCR","eff_incid_relapse_LM","eff_incid_relapse_D","eff_risk_relapse_PCR","eff_risk_relapse_LM","eff_risk_relapse_D"
588,10,0,0.01538462,180,1,0,0.75,0.25,28,1,0,0.534748913391172,0.663557969385731,0.609807349673945,0.751805243179683,0.639595197334234,0.808996958605133,0.756718925698345,0.906077682591385,0.629061062747786,0.677594663129861,0.213499213499214,0.693170749928354,0.723715222653652,0.537999537999538,0.749909479097042,0.758632561570138,0.614999614999615,0.736363636363636,0.737837837837838,0.583333333333333
589,10,0,0.01538462,180,1,0,0.75,0.25,28,1,0,0.53043061919998,0.644316607694515,0.563101029143428,0.728667257344217,0.612533002891997,0.807065925964947,0.800966725837442,0.90477953778159,0.63559620119592,0.714689265536723,0.8,0.697681704260652,0.743940990516333,0.8,0.753853006681514,0.773923444976077,0.823529411764706,0.75,0.8,0.769230769230769
59,0.1,0,0.01538462,180,1,0,0.75,0.25,28,1,0,0.811798721529232,0.851543100405871,0.81519194434471,0.85062035893934,0.820109002071528,0.855455044346375,0.844651740665294,0.85414367761682,0.756359855212941,0.756647361195687,0.758568148987311,0.75749581357058,0.757483947051377,0.758897118272118,0.770416203343033,0.771959379148083,0.777416204082871,0.786103542234332,0.785714285714286,0.772819472616633
