"param_id","eir_equil","sig_het","ff","trial_duration","trial_PQ_eff_stratum_1","trial_PQ_eff_stratum_2","trial_PQ_prop_stratum_1","trial_PQ_prop_stratum_2","trial_PQ_proph","is_LLIN_distributed","is_IRS_administered","eff_cph_recurrent_LM","eff_cph_recurrent_PCR","eff_cph_any_relapse_LM","eff_cph_any_relapse_PCR","eff_cph_relapse_LM_trial","eff_cph_relapse_PCR_trial","eff_cph_relapse_LM_all","eff_cph_relapse_PCR_all","eff_incid_recurrent_PCR","eff_incid_recurrent_LM","eff_incid_recurrent_D","eff_incid_any_relapse_PCR","eff_incid_any_relapse_LM","eff_incid_any_relapse_D","eff_incid_relapse_PCR","eff_incid_relapse_LM","eff_incid_relapse_D","eff_risk_relapse_PCR","eff_risk_relapse_LM","eff_risk_relapse_D"
1538,100,0,0.01538462,180,1,0,0.75,0.25,45,1,0,0.499447652048286,0.399371231781386,0.630523497575443,0.650819687039648,0.763783965841182,0.756919904470737,0.825283218196519,0.909886726462227,0.438469816234342,0.632370465703799,0.653499653499653,0.596007187740633,0.680692227276078,0.793911558617441,0.768264199158508,0.773055498246338,0.772499772499772,0.758585858585859,0.800884955752212,0.772727272727273
1539,100,0,0.01538462,180,1,0,0.75,0.25,45,1,0,0.339148480201081,0.379213994274908,0.470644039362491,0.631938882332776,0.582130021412202,0.706821687544152,0.786539830870858,0.907956254354349,0.442588617761799,0.555468899521531,0.538923076923077,0.59388502764301,0.6243994140625,0.735558823529412,0.75427930895402,0.746732394366197,0.85015,0.744959677419355,0.77536231884058,0.85
154,0.1,0,0.01538462,180,1,0,0.75,0.25,28,1,0,0.785744391822681,0.81960056925002,0.788140224181229,0.816499669227072,0.790859399280751,0.818509000689266,0.819368515436913,0.827097112886983,0.732448866777225,0.726457399103139,0.737397420867526,0.733481399222654,0.72762395363812,0.739952718676123,0.740513392857143,0.736434108527132,0.753262158956109,0.743869209809264,0.7425320056899,0.753295668549906
