"param_id","eir_equil","sig_het","ff","trial_duration","trial_PQ_eff_stratum_1","trial_PQ_eff_stratum_2","trial_PQ_prop_stratum_1","trial_PQ_prop_stratum_2","trial_PQ_proph","is_LLIN_distributed","is_IRS_administered","eff_cph_recurrent_LM","eff_cph_recurrent_PCR","eff_cph_any_relapse_LM","eff_cph_any_relapse_PCR","eff_cph_relapse_LM_trial","eff_cph_relapse_PCR_trial","eff_cph_relapse_LM_all","eff_cph_relapse_PCR_all","eff_incid_recurrent_PCR","eff_incid_recurrent_LM","eff_incid_recurrent_D","eff_incid_any_relapse_PCR","eff_incid_any_relapse_LM","eff_incid_any_relapse_D","eff_incid_relapse_PCR","eff_incid_relapse_LM","eff_incid_relapse_D","eff_risk_relapse_PCR","eff_risk_relapse_LM","eff_risk_relapse_D"
860,0.1,0,0.01538462,180,1,0,0.75,0.25,45,1,0,0.79045733405926,0.812680703240143,0.79625177794508,0.813454833527499,0.798212432546362,0.816193478585145,0.808263755040013,0.816992205029115,0.670366259711432,0.655194805194805,0.667067307692308,0.671866295264624,0.656229615133725,0.670289855072464,0.689887640449438,0.67741935483871,0.701818181818182,0.738950276243094,0.738372093023256,0.732283464566929
861,0.1,0,0.01538462,180,1,0,0.75,0.25,45,1,0,0.807314665917285,0.824287616675257,0.809821273211951,0.825354401327349,0.810772841348297,0.830934001494298,0.842392534315586,0.844761774824496,0.738148744771261,0.732424732424732,0.722569010958524,0.740604391767183,0.734139283978512,0.725975975975976,0.752811766159931,0.747809825329205,0.743462055019844,0.767253044654939,0.774011299435028,0.753564154786151
862,0.1,0,0.01538462,180,1,0,0.75,0.25,45,1,0,0.781972308211278,0.799524628027334,0.792731848086315,0.805433223441584,0.795070258397082,0.808313973698957,0.815050610678834,0.815537077203431,0.730666666666667,0.732838589981447,0.741626794258373,0.733654876741693,0.736645962732919,0.74849578820698,0.738378378378378,0.742642454602379,0.760631834750911,0.732712765957447,0.742024965325936,0.749510763209393
