"param_id","eir_equil","sig_het","ff","trial_duration","trial_PQ_eff_stratum_1","trial_PQ_eff_stratum_2","trial_PQ_prop_stratum_1","trial_PQ_prop_stratum_2","trial_PQ_proph","is_LLIN_distributed","is_IRS_administered","eff_cph_recurrent_LM","eff_cph_recurrent_PCR","eff_cph_any_relapse_LM","eff_cph_any_relapse_PCR","eff_cph_relapse_LM_trial","eff_cph_relapse_PCR_trial","eff_cph_relapse_LM_all","eff_cph_relapse_PCR_all","eff_incid_recurrent_PCR","eff_incid_recurrent_LM","eff_incid_recurrent_D","eff_incid_any_relapse_PCR","eff_incid_any_relapse_LM","eff_incid_any_relapse_D","eff_incid_relapse_PCR","eff_incid_relapse_LM","eff_incid_relapse_D","eff_risk_relapse_PCR","eff_risk_relapse_LM","eff_risk_relapse_D"
417,10,0,0.01538462,180,1,0,0.75,0.25,28,1,0,0.607001950053711,0.672146608160892,0.700078588474391,0.770162195004631,0.795198074230103,0.843497083297882,0.823642226955954,0.920220687869723,0.665987325510055,0.743991522868746,0.738869042432691,0.727446903641333,0.788577154308617,0.772499544543633,0.787212943882282,0.827897901065288,0.849849699398798,0.765120967741935,0.822916666666667,0.894736842105263
418,10,0,0.01538462,180,1,0,0.75,0.25,28,1,0,0.488096775496739,0.637740393022362,0.526660189931639,0.744594015536621,0.593516767989816,0.816753502311747,0.767941580991003,0.90958739079566,0.630664538078031,0.673840931187307,0.691999383382149,0.6980673303128,0.712553519577071,0.738869042432691,0.763133903296492,0.763042250783322,0.809332951617521,0.756072874493927,0.755968169761273,0.8
419,10,0,0.01538462,180,1,0,0.75,0.25,28,1,0,0.454836119325638,0.671159256088689,0.504796215230938,0.751774835618537,0.633252213912972,0.822263341731477,0.801167183536674,0.908885477909466,0.641752224503765,0.691716481639624,0.571428571428571,0.704238189275406,0.730009407337723,0.65,0.764941977139866,0.773118279569892,0.764705882352941,0.741869918699187,0.785714285714286,0.764705882352941
