"param_id","eir_equil","sig_het","ff","trial_duration","trial_PQ_eff_stratum_1","trial_PQ_eff_stratum_2","trial_PQ_prop_stratum_1","trial_PQ_prop_stratum_2","trial_PQ_proph","is_LLIN_distributed","is_IRS_administered","eff_cph_recurrent_LM","eff_cph_recurrent_PCR","eff_cph_any_relapse_LM","eff_cph_any_relapse_PCR","eff_cph_relapse_LM_trial","eff_cph_relapse_PCR_trial","eff_cph_relapse_LM_all","eff_cph_relapse_PCR_all","eff_incid_recurrent_PCR","eff_incid_recurrent_LM","eff_incid_recurrent_D","eff_incid_any_relapse_PCR","eff_incid_any_relapse_LM","eff_incid_any_relapse_D","eff_incid_relapse_PCR","eff_incid_relapse_LM","eff_incid_relapse_D","eff_risk_relapse_PCR","eff_risk_relapse_LM","eff_risk_relapse_D"
322,1,0,0.01538462,180,1,0,0.75,0.25,28,1,0,0.674565951456079,0.72754104667678,0.731097766720891,0.7737530773593,0.75685655797492,0.797592904725971,0.818386008736554,0.848340720543913,0.696884615384615,0.706086890243902,0.680058823529412,0.726968220338983,0.733455531453362,0.7225,0.749922244094488,0.755644483362522,0.7854,0.752701080432173,0.760233918128655,0.745283018867924
323,1,0,0.01538462,180,1,0,0.75,0.25,28,1,0,0.682253517790785,0.741124095409996,0.735914029761868,0.79231749074526,0.781221518479906,0.823276640304741,0.820085832854985,0.861067414801222,0.653437674678591,0.637351267459907,0.692307692307692,0.690320665083135,0.671625344352617,0.699248120300752,0.725239616613419,0.712514757969303,0.781512605042017,0.752662721893491,0.743065693430657,0.785046728971963
324,1,0,0.01538462,180,1,0,0.75,0.25,28,1,0,0.678825696649123,0.744197310643938,0.727709329699851,0.792940378161332,0.749748671919087,0.810054524303081,0.806528735457991,0.839890094557568,0.666294954000558,0.657335406946604,0.714285714285714,0.69868342309994,0.683917640511964,0.744186046511628,0.717284355526402,0.698159509202454,0.775,0.726618705035971,0.725146198830409,0.773584905660377
