"param_id","eir_equil","sig_het","ff","trial_duration","trial_PQ_eff_stratum_1","trial_PQ_eff_stratum_2","trial_PQ_prop_stratum_1","trial_PQ_prop_stratum_2","trial_PQ_proph","is_LLIN_distributed","is_IRS_administered","eff_cph_recurrent_LM","eff_cph_recurrent_PCR","eff_cph_any_relapse_LM","eff_cph_any_relapse_PCR","eff_cph_relapse_LM_trial","eff_cph_relapse_PCR_trial","eff_cph_relapse_LM_all","eff_cph_relapse_PCR_all","eff_incid_recurrent_PCR","eff_incid_recurrent_LM","eff_incid_recurrent_D","eff_incid_any_relapse_PCR","eff_incid_any_relapse_LM","eff_incid_any_relapse_D","eff_incid_relapse_PCR","eff_incid_relapse_LM","eff_incid_relapse_D","eff_risk_relapse_PCR","eff_risk_relapse_LM","eff_risk_relapse_D"
85,0.1,0,0.01538462,180,1,0,0.75,0.25,28,1,0,0.798458698461593,0.810871079821117,0.807263106306337,0.814754328593662,0.809939073678992,0.818124390732462,0.815766704095583,0.828486493059688,0.705123324271141,0.699021264024345,0.73049973049973,0.709233042566376,0.703177122531961,0.737976818797084,0.722832523684494,0.71801908091727,0.757626876270944,0.74108322324967,0.733983286908078,0.758555133079848
850,0.1,0,0.01538462,180,1,0,0.75,0.25,45,1,0,0.815767628279577,0.83697657135022,0.821009150051833,0.838903357804906,0.822300102805408,0.841000860867721,0.833991805934168,0.837457289776938,0.733248234610632,0.725055036180115,0.727736996255515,0.735945667130812,0.727687385118116,0.731750311796715,0.74974974974975,0.741229249425971,0.750913704402076,0.759562841530055,0.762857142857143,0.769230769230769
851,0.1,0,0.01538462,180,1,0,0.75,0.25,45,1,0,0.828332748136941,0.838950075921909,0.825078419958922,0.837245922207208,0.826407217120595,0.839268240494194,0.83899183158474,0.844164895114713,0.735775553213909,0.73570145631068,0.763303135888502,0.735823529411765,0.735917582417582,0.76336406067678,0.744119530416222,0.745642066420664,0.775137162954279,0.765171503957784,0.767537826685007,0.772296015180266
