"param_id","eir_equil","sig_het","ff","trial_duration","trial_PQ_eff_stratum_1","trial_PQ_eff_stratum_2","trial_PQ_prop_stratum_1","trial_PQ_prop_stratum_2","trial_PQ_proph","is_LLIN_distributed","is_IRS_administered","eff_cph_recurrent_LM","eff_cph_recurrent_PCR","eff_cph_any_relapse_LM","eff_cph_any_relapse_PCR","eff_cph_relapse_LM_trial","eff_cph_relapse_PCR_trial","eff_cph_relapse_LM_all","eff_cph_relapse_PCR_all","eff_incid_recurrent_PCR","eff_incid_recurrent_LM","eff_incid_recurrent_D","eff_incid_any_relapse_PCR","eff_incid_any_relapse_LM","eff_incid_any_relapse_D","eff_incid_relapse_PCR","eff_incid_relapse_LM","eff_incid_relapse_D","eff_risk_relapse_PCR","eff_risk_relapse_LM","eff_risk_relapse_D"
1246,10,0,0.01538462,180,1,0,0.75,0.25,45,1,0,0.621155564065183,0.730074909364525,0.697217510998044,0.808340908125576,0.73688056818022,0.84904695469588,0.816989199910807,0.918777782782582,0.69753531598513,0.756904085257549,0.84016,0.755208384239462,0.785224852071006,0.84016,0.795839458751637,0.819061470911087,0.869695652173913,0.766194331983806,0.817480719794344,0.869565217391304
1247,10,0,0.01538462,180,1,0,0.75,0.25,45,1,0,0.601050917269545,0.696024439542558,0.673526039045994,0.774615457459342,0.71259212473205,0.814399627923749,0.814366556256674,0.905178034864893,0.658217385314782,0.755354200988468,0.791666666666667,0.714525993883792,0.79,0.869565217391304,0.752147239263804,0.812435233160622,0.9,0.742943548387097,0.811274509803922,0.882352941176471
1248,10,0,0.01538462,180,1,0,0.75,0.25,45,1,0,0.664795781561427,0.703278790919472,0.747318071881503,0.791822083942842,0.770601219190259,0.834216187126609,0.79557879012189,0.910965218175561,0.672286921894649,0.683364824120603,0.274909090909091,0.729380148495506,0.722484536082474,0.7009,0.767861344158773,0.754941785252264,0.75075,0.757085020242915,0.792397660818713,0.714285714285714
