"param_id","eir_equil","sig_het","ff","trial_duration","trial_PQ_eff_stratum_1","trial_PQ_eff_stratum_2","trial_PQ_prop_stratum_1","trial_PQ_prop_stratum_2","trial_PQ_proph","is_LLIN_distributed","is_IRS_administered","eff_cph_recurrent_LM","eff_cph_recurrent_PCR","eff_cph_any_relapse_LM","eff_cph_any_relapse_PCR","eff_cph_relapse_LM_trial","eff_cph_relapse_PCR_trial","eff_cph_relapse_LM_all","eff_cph_relapse_PCR_all","eff_incid_recurrent_PCR","eff_incid_recurrent_LM","eff_incid_recurrent_D","eff_incid_any_relapse_PCR","eff_incid_any_relapse_LM","eff_incid_any_relapse_D","eff_incid_relapse_PCR","eff_incid_relapse_LM","eff_incid_relapse_D","eff_risk_relapse_PCR","eff_risk_relapse_LM","eff_risk_relapse_D"
639,100,0,0.01538462,180,1,0,0.75,0.25,28,1,0,0.289894098310162,0.329810366041739,0.445453647974472,0.631170110738643,0.607276159296477,0.734697421559735,0.806255846978697,0.90548310847212,0.390706386472686,0.557007513884352,0.423076923076923,0.542594623208681,0.651128557409225,0.560975609756098,0.7493079467963,0.787798408488064,0.55,0.736097067745197,0.787589498806683,0.555555555555556
64,0.1,0,0.01538462,180,1,0,0.75,0.25,28,1,0,0.839649631236775,0.860355253575053,0.841877427350535,0.860952273736553,0.84236863875261,0.862041814678164,0.850389477467304,0.860299271784414,0.786724626125054,0.786702590440908,0.818753664907511,0.788725352635127,0.789032309357513,0.82146236605214,0.798506795277516,0.799172212965316,0.829591496258163,0.795698924731183,0.794797687861272,0.805220883534137
640,100,0,0.01538462,180,1,0,0.75,0.25,28,1,0,0.245881111828616,0.245119910491446,0.419813784332331,0.621884600231777,0.627614457485622,0.771241881381647,0.784184562335804,0.909979460062156,0.383381662346994,0.493712772998015,0.307692307692308,0.539149549003259,0.574092247301276,0.342857142857143,0.767905588714053,0.761694616063548,0.5,0.750252780586451,0.758782201405152,0.7
