"param_id","eir_equil","sig_het","ff","trial_duration","trial_PQ_eff_stratum_1","trial_PQ_eff_stratum_2","trial_PQ_prop_stratum_1","trial_PQ_prop_stratum_2","trial_PQ_proph","is_LLIN_distributed","is_IRS_administered","eff_cph_recurrent_LM","eff_cph_recurrent_PCR","eff_cph_any_relapse_LM","eff_cph_any_relapse_PCR","eff_cph_relapse_LM_trial","eff_cph_relapse_PCR_trial","eff_cph_relapse_LM_all","eff_cph_relapse_PCR_all","eff_incid_recurrent_PCR","eff_incid_recurrent_LM","eff_incid_recurrent_D","eff_incid_any_relapse_PCR","eff_incid_any_relapse_LM","eff_incid_any_relapse_D","eff_incid_relapse_PCR","eff_incid_relapse_LM","eff_incid_relapse_D","eff_risk_relapse_PCR","eff_risk_relapse_LM","eff_risk_relapse_D"
706,100,0,0.01538462,180,1,0,0.75,0.25,28,1,0,0.393210389090625,0.268337488265545,0.594246139620606,0.638427886088705,0.720493190581464,0.776440096143581,0.818983394789087,0.909926226297626,0.380431177446103,0.5640214985773,0.661290322580645,0.538268365817091,0.664495114006515,0.692307692307692,0.753260796107319,0.813659359190557,0.91304347826087,0.74216380182002,0.793427230046948,0.909090909090909
707,100,0,0.01538462,180,1,0,0.75,0.25,28,1,0,0.344267731708982,0.234673634828611,0.56293980277762,0.616041947013526,0.694068454708254,0.766573991560411,0.82695423757267,0.907010945208576,0.371208624469551,0.522778114368271,0.670401779168092,0.539811156403716,0.624509769768265,0.762474100743861,0.775931424893583,0.796420689480226,0.833166332665331,0.756619144602851,0.81390134529148,0.8
708,100,0,0.01538462,180,1,0,0.75,0.25,28,1,0,0.29267672200692,0.25443913474119,0.498525062590815,0.574819945977596,0.605722301439454,0.714081236231441,0.820181951835396,0.91035384056847,0.394565448218051,0.543996227601383,0.6004,0.547395188104756,0.65284985835694,0.628279069767442,0.764381099402644,0.826591871295512,0.769461538461538,0.750756811301715,0.805429864253394,0.739130434782609
