"param_id","eir_equil","sig_het","ff","trial_duration","trial_PQ_eff_stratum_1","trial_PQ_eff_stratum_2","trial_PQ_prop_stratum_1","trial_PQ_prop_stratum_2","trial_PQ_proph","is_LLIN_distributed","is_IRS_administered","eff_cph_recurrent_LM","eff_cph_recurrent_PCR","eff_cph_any_relapse_LM","eff_cph_any_relapse_PCR","eff_cph_relapse_LM_trial","eff_cph_relapse_PCR_trial","eff_cph_relapse_LM_all","eff_cph_relapse_PCR_all","eff_incid_recurrent_PCR","eff_incid_recurrent_LM","eff_incid_recurrent_D","eff_incid_any_relapse_PCR","eff_incid_any_relapse_LM","eff_incid_any_relapse_D","eff_incid_relapse_PCR","eff_incid_relapse_LM","eff_incid_relapse_D","eff_risk_relapse_PCR","eff_risk_relapse_LM","eff_risk_relapse_D"
130,0.1,0,0.01538462,180,1,0,0.75,0.25,28,1,0,0.800067275869826,0.807641365772027,0.801265053007423,0.81248049066888,0.80398125971014,0.816845066090839,0.816345823164162,0.821061037594092,0.692054794520548,0.694391934467549,0.734939759036145,0.694719471947195,0.696835443037975,0.737032569360676,0.704908990623276,0.706218274111675,0.751207729468599,0.728744939271255,0.733050847457627,0.754420432220039
1300,10,0,0.01538462,180,1,0,0.75,0.25,45,1,0,0.605108882260703,0.696496860558016,0.639007703182777,0.757952577859767,0.681437973326692,0.817429836617745,0.801304750409398,0.916176044129049,0.668565708759868,0.726525905236318,0.738869042432691,0.72611568629344,0.74545949040939,0.772499544543633,0.768225835681849,0.759627808248075,0.761666189521901,0.755040322580645,0.779527559055118,0.761904761904762
1301,10,0,0.01538462,180,1,0,0.75,0.25,45,1,0,0.702447010437619,0.712329679015263,0.715101504775643,0.798428748723658,0.747260975257323,0.842910112968294,0.819161625460501,0.914718923740439,0.692066940975238,0.738697688224502,0.814629444259074,0.748147730878116,0.763906639450591,0.807499807499807,0.787213373711264,0.794868760386002,0.82591286939113,0.756811301715439,0.809859154929577,0.80952380952381
