"param_id","eir_equil","sig_het","ff","trial_duration","trial_PQ_eff_stratum_1","trial_PQ_eff_stratum_2","trial_PQ_prop_stratum_1","trial_PQ_prop_stratum_2","trial_PQ_proph","is_LLIN_distributed","is_IRS_administered","eff_cph_recurrent_LM","eff_cph_recurrent_PCR","eff_cph_any_relapse_LM","eff_cph_any_relapse_PCR","eff_cph_relapse_LM_trial","eff_cph_relapse_PCR_trial","eff_cph_relapse_LM_all","eff_cph_relapse_PCR_all","eff_incid_recurrent_PCR","eff_incid_recurrent_LM","eff_incid_recurrent_D","eff_incid_any_relapse_PCR","eff_incid_any_relapse_LM","eff_incid_any_relapse_D","eff_incid_relapse_PCR","eff_incid_relapse_LM","eff_incid_relapse_D","eff_risk_relapse_PCR","eff_risk_relapse_LM","eff_risk_relapse_D"
255,1,0,0.01538462,180,1,0,0.75,0.25,28,1,0,0.627077086036801,0.716774418523397,0.665011393537775,0.756875821169405,0.716016527290604,0.788242083944648,0.820036309656375,0.848744895293879,0.666905182232346,0.665794725956567,0.624436090225564,0.701967526555387,0.701017117614578,0.642634146341464,0.728084790498185,0.728629850746269,0.686754237288136,0.744958481613286,0.749287749287749,0.70873786407767
256,1,0,0.01538462,180,1,0,0.75,0.25,28,1,0,0.721246636002235,0.757508003494056,0.774038554208165,0.805107559462266,0.803707706418241,0.824817484812616,0.836574354873725,0.8707676298073,0.702800609825503,0.685414947542143,0.619774432586102,0.734766739496801,0.719602362619977,0.663528738148566,0.763610803696946,0.751501730386298,0.691279755773229,0.771971496437055,0.772525849335303,0.76
257,1,0,0.01538462,180,1,0,0.75,0.25,28,1,0,0.67069739451078,0.73949701848961,0.734741969248255,0.793869470335331,0.778172990107856,0.825953262839624,0.8319271430761,0.868359928704247,0.72067676347832,0.693089315730825,0.725753150410685,0.757674217573596,0.733812024314818,0.764470352705647,0.79554562491448,0.780032892615674,0.796544511991667,0.779499404052443,0.775330396475771,0.796296296296296
