"param_id","eir_equil","sig_het","ff","trial_duration","trial_PQ_eff_stratum_1","trial_PQ_eff_stratum_2","trial_PQ_prop_stratum_1","trial_PQ_prop_stratum_2","trial_PQ_proph","is_LLIN_distributed","is_IRS_administered","eff_cph_recurrent_LM","eff_cph_recurrent_PCR","eff_cph_any_relapse_LM","eff_cph_any_relapse_PCR","eff_cph_relapse_LM_trial","eff_cph_relapse_PCR_trial","eff_cph_relapse_LM_all","eff_cph_relapse_PCR_all","eff_incid_recurrent_PCR","eff_incid_recurrent_LM","eff_incid_recurrent_D","eff_incid_any_relapse_PCR","eff_incid_any_relapse_LM","eff_incid_any_relapse_D","eff_incid_relapse_PCR","eff_incid_relapse_LM","eff_incid_relapse_D","eff_risk_relapse_PCR","eff_risk_relapse_LM","eff_risk_relapse_D"
1062,1,0,0.01538462,180,1,0,0.75,0.25,45,1,0,0.688335607147442,0.747681331531399,0.733138852159988,0.781184557536412,0.757057086028318,0.792684574082268,0.806924601574217,0.844120789213849,0.689063817824009,0.701047120418848,0.677165354330709,0.714285714285714,0.718943226531759,0.669565217391304,0.72962356792144,0.731361675908811,0.691588785046729,0.734042553191489,0.732946298984035,0.680851063829787
1063,1,0,0.01538462,180,1,0,0.75,0.25,45,1,0,0.6555101182364,0.714535322735556,0.697171627036136,0.768588001734467,0.737556404483378,0.786884912050838,0.808892689855549,0.849211572027476,0.666765578635015,0.658888888888889,0.619047619047619,0.708162622124173,0.7,0.666666666666667,0.743703199455412,0.739490445859873,0.672727272727273,0.74849578820698,0.744744744744745,0.677083333333333
1064,1,0,0.01538462,180,1,0,0.75,0.25,45,1,0,0.68073022386129,0.78235335044134,0.726736389181438,0.814065025087838,0.774828903900476,0.838151719964586,0.83593573189429,0.870307785826465,0.724610179262635,0.717002664456538,0.672085550411167,0.756430944413098,0.750037474258067,0.763399526325378,0.774700437399973,0.772698234897743,0.801781781384551,0.775510204081633,0.775112443778111,0.808510638297872
