"param_id","eir_equil","sig_het","ff","trial_duration","trial_PQ_eff_stratum_1","trial_PQ_eff_stratum_2","trial_PQ_prop_stratum_1","trial_PQ_prop_stratum_2","trial_PQ_proph","is_LLIN_distributed","is_IRS_administered","eff_cph_recurrent_LM","eff_cph_recurrent_PCR","eff_cph_any_relapse_LM","eff_cph_any_relapse_PCR","eff_cph_relapse_LM_trial","eff_cph_relapse_PCR_trial","eff_cph_relapse_LM_all","eff_cph_relapse_PCR_all","eff_incid_recurrent_PCR","eff_incid_recurrent_LM","eff_incid_recurrent_D","eff_incid_any_relapse_PCR","eff_incid_any_relapse_LM","eff_incid_any_relapse_D","eff_incid_relapse_PCR","eff_incid_relapse_LM","eff_incid_relapse_D","eff_risk_relapse_PCR","eff_risk_relapse_LM","eff_risk_relapse_D"
328,1,0,0.01538462,180,1,0,0.75,0.25,28,1,0,0.660755214725988,0.732677842801301,0.713200556729179,0.786359565284516,0.769444131375668,0.82203098373037,0.824818347489271,0.863708028044109,0.674540660105336,0.677505055002426,0.633180055055055,0.712761387179992,0.712724542212443,0.667000333667,0.744894349975181,0.749016918152721,0.721000279558838,0.765700483091787,0.755622188905547,0.75
329,1,0,0.01538462,180,1,0,0.75,0.25,28,1,0,0.681193017312357,0.749764754561062,0.738355042386995,0.801058575826351,0.771092313731937,0.820895910253883,0.817621382407395,0.858491756582012,0.684482032565974,0.680278612118074,0.677953947368421,0.724908709967076,0.71892730299667,0.708321167883212,0.75025,0.738459227467811,0.709967741935484,0.757109004739337,0.748892171344165,0.703703703703704
33,0.1,0,0.01538462,180,1,0,0.75,0.25,28,1,0,0.773739566665018,0.818674850085511,0.780171886750143,0.823241517655133,0.785610386391422,0.826480846144849,0.817630957960981,0.829650777686895,0.721182090207813,0.712767483276693,0.742256969027876,0.726113933648637,0.718177390637849,0.746444870533384,0.738668827015734,0.731910189466208,0.755176618296835,0.746575342465753,0.741279069767442,0.750980392156863
