"param_id","eir_equil","sig_het","ff","trial_duration","trial_PQ_eff_stratum_1","trial_PQ_eff_stratum_2","trial_PQ_prop_stratum_1","trial_PQ_prop_stratum_2","trial_PQ_proph","is_LLIN_distributed","is_IRS_administered","eff_cph_recurrent_LM","eff_cph_recurrent_PCR","eff_cph_any_relapse_LM","eff_cph_any_relapse_PCR","eff_cph_relapse_LM_trial","eff_cph_relapse_PCR_trial","eff_cph_relapse_LM_all","eff_cph_relapse_PCR_all","eff_incid_recurrent_PCR","eff_incid_recurrent_LM","eff_incid_recurrent_D","eff_incid_any_relapse_PCR","eff_incid_any_relapse_LM","eff_incid_any_relapse_D","eff_incid_relapse_PCR","eff_incid_relapse_LM","eff_incid_relapse_D","eff_risk_relapse_PCR","eff_risk_relapse_LM","eff_risk_relapse_D"
799,100,0,0.01538462,180,1,0,0.75,0.25,28,1,0,0.325590381007261,0.305013310986866,0.490032857781522,0.633887941874223,0.737058541232349,0.810459473267614,0.811517080572379,0.924434586518661,0.404583475640382,0.540789947254111,0.562520547945205,0.560916928769658,0.619742870500234,0.530352941176471,0.798373133337758,0.793746666666667,0.759103448275862,0.774874371859297,0.788636363636364,0.785714285714286
8,0.1,0,0.01538462,180,1,0,0.75,0.25,28,1,0,0.806382556829656,0.824323318846345,0.812098755638669,0.82609163864494,0.814300032793393,0.829794680140449,0.821853179897188,0.82581702307287,0.703907539900936,0.705283259070656,0.718045112781955,0.704972375690608,0.706896551724138,0.719143576826196,0.722562674094708,0.7269800386349,0.748091603053435,0.740841248303935,0.745042492917847,0.7578125
80,0.1,0,0.01538462,180,1,0,0.75,0.25,28,1,0,0.81117553686687,0.828531011256064,0.815535663849469,0.829024488637279,0.819118382086284,0.83270379620875,0.830076632599873,0.836870658791938,0.727662471395881,0.72018691588785,0.70489247311828,0.730734787600459,0.723743967828418,0.709477088948787,0.743174438687392,0.737932840832774,0.729905277401894,0.761838440111421,0.760932944606414,0.755274261603376
