"param_id","eir_equil","sig_het","ff","trial_duration","trial_PQ_eff_stratum_1","trial_PQ_eff_stratum_2","trial_PQ_prop_stratum_1","trial_PQ_prop_stratum_2","trial_PQ_proph","is_LLIN_distributed","is_IRS_administered","eff_cph_recurrent_LM","eff_cph_recurrent_PCR","eff_cph_any_relapse_LM","eff_cph_any_relapse_PCR","eff_cph_relapse_LM_trial","eff_cph_relapse_PCR_trial","eff_cph_relapse_LM_all","eff_cph_relapse_PCR_all","eff_incid_recurrent_PCR","eff_incid_recurrent_LM","eff_incid_recurrent_D","eff_incid_any_relapse_PCR","eff_incid_any_relapse_LM","eff_incid_any_relapse_D","eff_incid_relapse_PCR","eff_incid_relapse_LM","eff_incid_relapse_D","eff_risk_relapse_PCR","eff_risk_relapse_LM","eff_risk_relapse_D"
1146,1,0,0.01538462,180,1,0,0.75,0.25,45,1,0,0.684384586176116,0.73336788000504,0.755630238362304,0.796477598429249,0.759633792643713,0.802712141625306,0.814813431974467,0.851529666124773,0.686622004868518,0.696393010346499,0.746407946407946,0.720921284480607,0.731755497724972,0.78709857398382,0.736329772395346,0.747034588236305,0.763872963872964,0.741666666666667,0.740356083086053,0.776699029126214
1147,1,0,0.01538462,180,1,0,0.75,0.25,45,1,0,0.751100802240511,0.766982006785066,0.80015430444872,0.823070357904048,0.827972076709444,0.843215442850023,0.847525244893063,0.875666631771871,0.71079680583578,0.710920814935826,0.755065686929414,0.74814818372515,0.74145351126859,0.780811623246493,0.768219713448249,0.760416002794753,0.787711015250841,0.777245508982036,0.780882352941176,0.792452830188679
1148,1,0,0.01538462,180,1,0,0.75,0.25,45,1,0,0.675023452816689,0.735566406688798,0.717828919263234,0.79424459898171,0.758314993045417,0.814317721389314,0.838819949210832,0.876228167508428,0.693202660628361,0.690942278481013,0.679153284671533,0.728674143679903,0.725436825053996,0.708952755905512,0.752946025515211,0.750984126984127,0.695220338983051,0.780258519388954,0.773121387283237,0.716981132075472
