"param_id","eir_equil","sig_het","ff","trial_duration","trial_PQ_eff_stratum_1","trial_PQ_eff_stratum_2","trial_PQ_prop_stratum_1","trial_PQ_prop_stratum_2","trial_PQ_proph","is_LLIN_distributed","is_IRS_administered","eff_cph_recurrent_LM","eff_cph_recurrent_PCR","eff_cph_any_relapse_LM","eff_cph_any_relapse_PCR","eff_cph_relapse_LM_trial","eff_cph_relapse_PCR_trial","eff_cph_relapse_LM_all","eff_cph_relapse_PCR_all","eff_incid_recurrent_PCR","eff_incid_recurrent_LM","eff_incid_recurrent_D","eff_incid_any_relapse_PCR","eff_incid_any_relapse_LM","eff_incid_any_relapse_D","eff_incid_relapse_PCR","eff_incid_relapse_LM","eff_incid_relapse_D","eff_risk_relapse_PCR","eff_risk_relapse_LM","eff_risk_relapse_D"
900,0.1,0,0.01538462,180,1,0,0.75,0.25,45,1,0,0.784044516977726,0.824696680715361,0.784613822890192,0.823630009467785,0.785959223188743,0.825335232587805,0.823415399266183,0.830741092809616,0.713942245989305,0.714504024767802,0.686413965087282,0.714473060344828,0.714500936914428,0.68734335839599,0.729337655321448,0.730827284105131,0.706102756892231,0.745649263721553,0.747517730496454,0.741176470588235
901,0.1,0,0.01538462,180,1,0,0.75,0.25,45,1,0,0.822037771911375,0.836561245080728,0.824833996490972,0.836905410166577,0.825662639814846,0.839102959025044,0.837890206585045,0.844023721004662,0.721267154955797,0.726550567782785,0.754957366044866,0.723756351928714,0.728367975788279,0.754983929891865,0.736959488030275,0.740557818816606,0.772550781177889,0.764784946236559,0.766619519094767,0.777562862669246
902,0.1,0,0.01538462,180,1,0,0.75,0.25,45,1,0,0.812496168962435,0.834452620223288,0.810409965627345,0.831739809839546,0.814838357934878,0.83391522943351,0.820276513535165,0.826490985607798,0.74973544973545,0.749847094801223,0.745145631067961,0.752259436469963,0.752304855562385,0.749086479902558,0.761345435130806,0.762962962962963,0.765567765567766,0.748308525033829,0.747175141242938,0.76953125
