"param_id","eir_equil","sig_het","ff","trial_duration","trial_PQ_eff_stratum_1","trial_PQ_eff_stratum_2","trial_PQ_prop_stratum_1","trial_PQ_prop_stratum_2","trial_PQ_proph","is_LLIN_distributed","is_IRS_administered","eff_cph_recurrent_LM","eff_cph_recurrent_PCR","eff_cph_any_relapse_LM","eff_cph_any_relapse_PCR","eff_cph_relapse_LM_trial","eff_cph_relapse_PCR_trial","eff_cph_relapse_LM_all","eff_cph_relapse_PCR_all","eff_incid_recurrent_PCR","eff_incid_recurrent_LM","eff_incid_recurrent_D","eff_incid_any_relapse_PCR","eff_incid_any_relapse_LM","eff_incid_any_relapse_D","eff_incid_relapse_PCR","eff_incid_relapse_LM","eff_incid_relapse_D","eff_risk_relapse_PCR","eff_risk_relapse_LM","eff_risk_relapse_D"
458,10,0,0.01538462,180,1,0,0.75,0.25,28,1,0,0.548033889049878,0.657167514737263,0.623708960231315,0.757369643907042,0.665141171083331,0.81340448602822,0.797762379778505,0.908283172418255,0.656695552626101,0.74411247637051,0.857285714285714,0.722048360846315,0.779190987124464,0.823705882352941,0.777631824294039,0.826905940594059,1,0.751765893037336,0.802702702702703,1
459,10,0,0.01538462,180,1,0,0.75,0.25,28,1,0,0.537596064549257,0.653367197215358,0.581247647329437,0.767973331576003,0.604713640342789,0.833871986099996,0.798343606242397,0.921314644472471,0.677237539046584,0.721311475409836,0.633333333333333,0.741567946879952,0.757062146892655,0.689655172413793,0.803554481925632,0.8,0.75,0.772497472194136,0.788321167883212,0.740740740740741
46,0.1,0,0.01538462,180,1,0,0.75,0.25,28,1,0,0.79391385690229,0.819277096178588,0.79524873971343,0.818901221867064,0.796658342830163,0.81922280255293,0.819646610385232,0.823515668796341,0.69973474801061,0.702439024390244,0.724537037037037,0.700959488272921,0.703612982241274,0.724738675958188,0.718514531754575,0.722153465346535,0.74443141852286,0.72608125819135,0.730769230769231,0.736242884250474
