"param_id","eir_equil","sig_het","ff","trial_duration","trial_PQ_eff_stratum_1","trial_PQ_eff_stratum_2","trial_PQ_prop_stratum_1","trial_PQ_prop_stratum_2","trial_PQ_proph","is_LLIN_distributed","is_IRS_administered","eff_cph_recurrent_LM","eff_cph_recurrent_PCR","eff_cph_any_relapse_LM","eff_cph_any_relapse_PCR","eff_cph_relapse_LM_trial","eff_cph_relapse_PCR_trial","eff_cph_relapse_LM_all","eff_cph_relapse_PCR_all","eff_incid_recurrent_PCR","eff_incid_recurrent_LM","eff_incid_recurrent_D","eff_incid_any_relapse_PCR","eff_incid_any_relapse_LM","eff_incid_any_relapse_D","eff_incid_relapse_PCR","eff_incid_relapse_LM","eff_incid_relapse_D","eff_risk_relapse_PCR","eff_risk_relapse_LM","eff_risk_relapse_D"
1240,10,0,0.01538462,180,1,0,0.75,0.25,45,1,0,0.691130826571984,0.719024755710986,0.735180995450359,0.788960349611709,0.762823206974452,0.831742369034493,0.817766664867506,0.920556891323014,0.681691511954511,0.746590659340659,0.529882352941176,0.740123462414579,0.768288911495422,0.5005,0.781676074799021,0.797006849315068,0.462076923076923,0.766666666666667,0.803108808290155,0.538461538461538
1241,10,0,0.01538462,180,1,0,0.75,0.25,45,1,0,0.537216272363527,0.716998926244853,0.566532807395578,0.793815863702321,0.539034493268573,0.841614927512598,0.802455260458509,0.921368572417071,0.695415374008962,0.769500438212095,0.608695652173913,0.758533598652993,0.78423645320197,0.65,0.802581891630807,0.790123456790123,0.588235294117647,0.779575328614762,0.810160427807487,0.5625
1242,10,0,0.01538462,180,1,0,0.75,0.25,45,1,0,0.544608950594296,0.661654875962349,0.599579841089691,0.736563328740699,0.584998450794959,0.789929711350711,0.748788064328072,0.909829434886128,0.659706570417447,0.703342262489375,0.812311935807422,0.714579399532973,0.725063003323316,0.833166165162153,0.755630049947384,0.73157461210447,0.916583082581077,0.753036437246964,0.744505494505495,0.909090909090909
