"param_id","eir_equil","sig_het","ff","trial_duration","trial_PQ_eff_stratum_1","trial_PQ_eff_stratum_2","trial_PQ_prop_stratum_1","trial_PQ_prop_stratum_2","trial_PQ_proph","is_LLIN_distributed","is_IRS_administered","eff_cph_recurrent_LM","eff_cph_recurrent_PCR","eff_cph_any_relapse_LM","eff_cph_any_relapse_PCR","eff_cph_relapse_LM_trial","eff_cph_relapse_PCR_trial","eff_cph_relapse_LM_all","eff_cph_relapse_PCR_all","eff_incid_recurrent_PCR","eff_incid_recurrent_LM","eff_incid_recurrent_D","eff_incid_any_relapse_PCR","eff_incid_any_relapse_LM","eff_incid_any_relapse_D","eff_incid_relapse_PCR","eff_incid_relapse_LM","eff_incid_relapse_D","eff_risk_relapse_PCR","eff_risk_relapse_LM","eff_risk_relapse_D"
203,1,0,0.01538462,180,1,0,0.75,0.25,28,1,0,0.678030522601426,0.743571278558362,0.706972733839026,0.788160278969551,0.731998547506075,0.799971220829917,0.825789894583983,0.856406780636677,0.680112834978843,0.699849170437406,0.656716417910448,0.709706411024566,0.723472668810289,0.67479674796748,0.732689210950081,0.747695852534562,0.660869565217391,0.747099767981439,0.752824858757062,0.705882352941176
204,1,0,0.01538462,180,1,0,0.75,0.25,28,1,0,0.663587736010486,0.712341878010575,0.716258659620579,0.771159373357212,0.76942627468417,0.802056364024588,0.824523670056493,0.861294085386837,0.670290794379122,0.68324119810825,0.654827067669173,0.70489411046689,0.718198660714286,0.72056,0.733035819914558,0.751098321342926,0.769057851239669,0.759389671361502,0.752517985611511,0.783018867924528
205,1,0,0.01538462,180,1,0,0.75,0.25,28,1,0,0.695745700222262,0.746622212551179,0.738004485651141,0.796137621733468,0.803206915714232,0.840913281364173,0.845815141853072,0.871962378624246,0.692579760195306,0.708379498170561,0.726014529058116,0.734763644936933,0.751091165381611,0.772654552803085,0.772751244115024,0.786140294248143,0.80663080547059,0.773696682464455,0.78,0.81
