"param_id","eir_equil","sig_het","ff","trial_duration","trial_PQ_eff_stratum_1","trial_PQ_eff_stratum_2","trial_PQ_prop_stratum_1","trial_PQ_prop_stratum_2","trial_PQ_proph","is_LLIN_distributed","is_IRS_administered","eff_cph_recurrent_LM","eff_cph_recurrent_PCR","eff_cph_any_relapse_LM","eff_cph_any_relapse_PCR","eff_cph_relapse_LM_trial","eff_cph_relapse_PCR_trial","eff_cph_relapse_LM_all","eff_cph_relapse_PCR_all","eff_incid_recurrent_PCR","eff_incid_recurrent_LM","eff_incid_recurrent_D","eff_incid_any_relapse_PCR","eff_incid_any_relapse_LM","eff_incid_any_relapse_D","eff_incid_relapse_PCR","eff_incid_relapse_LM","eff_incid_relapse_D","eff_risk_relapse_PCR","eff_risk_relapse_LM","eff_risk_relapse_D"
1354,10,0,0.01538462,180,1,0,0.75,0.25,45,1,0,0.655585975429665,0.68742788108181,0.656954051783135,0.755167714453023,0.668783020542652,0.805158620466546,0.796579280929971,0.910913696675659,0.679916308866626,0.752686852589641,0.833666666666667,0.739142770582443,0.785575596816976,0.809904761904762,0.783917682663208,0.819,0.894947368421053,0.755849440488301,0.785365853658537,0.894736842105263
1355,10,0,0.01538462,180,1,0,0.75,0.25,45,1,0,0.640010366829621,0.709245051270754,0.638097161230473,0.77782244382834,0.687954542946532,0.846993880475557,0.794913028647355,0.919280138624951,0.691912620694378,0.723673792557403,0.695652173913043,0.74927822519374,0.74645390070922,0.736842105263158,0.791971746059092,0.789210789210789,0.764705882352941,0.762096774193548,0.774111675126903,0.75
1356,10,0,0.01538462,180,1,0,0.75,0.25,45,1,0,0.584734521939472,0.677133371983062,0.63312924614194,0.770457532561584,0.652592695252828,0.814920152466408,0.804406298729724,0.907766906530644,0.670841061690457,0.761706144896667,0.642499284282851,0.725546579803759,0.80126492692613,0.785499570569711,0.758731944884566,0.80601567160016,0.749749498997996,0.737903225806452,0.784615384615385,0.75
