"param_id","eir_equil","sig_het","ff","trial_duration","trial_PQ_eff_stratum_1","trial_PQ_eff_stratum_2","trial_PQ_prop_stratum_1","trial_PQ_prop_stratum_2","trial_PQ_proph","is_LLIN_distributed","is_IRS_administered","eff_cph_recurrent_LM","eff_cph_recurrent_PCR","eff_cph_any_relapse_LM","eff_cph_any_relapse_PCR","eff_cph_relapse_LM_trial","eff_cph_relapse_PCR_trial","eff_cph_relapse_LM_all","eff_cph_relapse_PCR_all","eff_incid_recurrent_PCR","eff_incid_recurrent_LM","eff_incid_recurrent_D","eff_incid_any_relapse_PCR","eff_incid_any_relapse_LM","eff_incid_any_relapse_D","eff_incid_relapse_PCR","eff_incid_relapse_LM","eff_incid_relapse_D","eff_risk_relapse_PCR","eff_risk_relapse_LM","eff_risk_relapse_D"
766,100,0,0.01538462,180,1,0,0.75,0.25,28,1,0,0.428110573023117,0.245511664125833,0.530663671014693,0.618815908160983,0.824962223169472,0.789471245441559,0.844601724842539,0.904651904096921,0.369610178612613,0.577815757575758,0.533193548387097,0.529573443983403,0.647116022099448,0.57531914893617,0.762211608305352,0.827382031905961,0.889111111111111,0.74216380182002,0.813063063063063,0.884615384615385
767,100,0,0.01538462,180,1,0,0.75,0.25,28,1,0,0.342828700337341,0.263627943870407,0.556346236413406,0.589172089074599,0.81055632031107,0.719168433821202,0.851704063926537,0.9141218952485,0.383670672087279,0.56971795656164,0.4265,0.54042518372604,0.659284522706209,0.45055,0.767277633556497,0.837672594987874,0.807884615384615,0.756268806419258,0.831818181818182,0.782608695652174
768,100,0,0.01538462,180,1,0,0.75,0.25,28,1,0,0.367092064519847,0.303173739408601,0.517099805531871,0.624552504628571,0.689042799620603,0.808378381710079,0.822651545409469,0.922001395733885,0.393598369634442,0.577794803464357,0.623942028985507,0.558672243175623,0.638456598093327,0.745607843137255,0.787685257357882,0.817279860505667,0.852148148148148,0.773508594539939,0.804245283018868,0.851851851851852
