"param_id","eir_equil","sig_het","ff","trial_duration","trial_PQ_eff_stratum_1","trial_PQ_eff_stratum_2","trial_PQ_prop_stratum_1","trial_PQ_prop_stratum_2","trial_PQ_proph","is_LLIN_distributed","is_IRS_administered","eff_cph_recurrent_LM","eff_cph_recurrent_PCR","eff_cph_any_relapse_LM","eff_cph_any_relapse_PCR","eff_cph_relapse_LM_trial","eff_cph_relapse_PCR_trial","eff_cph_relapse_LM_all","eff_cph_relapse_PCR_all","eff_incid_recurrent_PCR","eff_incid_recurrent_LM","eff_incid_recurrent_D","eff_incid_any_relapse_PCR","eff_incid_any_relapse_LM","eff_incid_any_relapse_D","eff_incid_relapse_PCR","eff_incid_relapse_LM","eff_incid_relapse_D","eff_risk_relapse_PCR","eff_risk_relapse_LM","eff_risk_relapse_D"
652,100,0,0.01538462,180,1,0,0.75,0.25,28,1,0,0.341049390947621,0.29353803995919,0.510053909612164,0.607833026580067,0.682501073375343,0.744944256383365,0.823573120460571,0.902735818092768,0.37904413388044,0.580035575653014,0.429894271301223,0.530379232208278,0.657329230409818,0.55725404296966,0.743175275632699,0.817448662507201,0.79124916499666,0.73030303030303,0.805164319248826,0.782608695652174
653,100,0,0.01538462,180,1,0,0.75,0.25,28,1,0,0.353531047987226,0.255333070328365,0.451189946224459,0.589043216247713,0.640147964187758,0.75172700873358,0.826309876689337,0.912447972424149,0.397571197574533,0.595831402439024,0.549470588235294,0.552299311627907,0.671943319838057,0.667,0.776046254604994,0.818666111573689,0.823705882352941,0.752786220871327,0.802631578947368,0.823529411764706
654,100,0,0.01538462,180,1,0,0.75,0.25,28,1,0,0.421778759568005,0.310345880322558,0.562281775489816,0.574695186352413,0.72726344931358,0.778094506506272,0.84353565399294,0.915805970493831,0.390992651765369,0.573402948402948,0.455882352941176,0.545819296718271,0.664132379248658,0.612244897959184,0.765610185561425,0.825980392156863,0.730769230769231,0.758064516129032,0.823529411764706,0.681818181818182
