"param_id","eir_equil","sig_het","ff","trial_duration","trial_PQ_eff_stratum_1","trial_PQ_eff_stratum_2","trial_PQ_prop_stratum_1","trial_PQ_prop_stratum_2","trial_PQ_proph","is_LLIN_distributed","is_IRS_administered","eff_cph_recurrent_LM","eff_cph_recurrent_PCR","eff_cph_any_relapse_LM","eff_cph_any_relapse_PCR","eff_cph_relapse_LM_trial","eff_cph_relapse_PCR_trial","eff_cph_relapse_LM_all","eff_cph_relapse_PCR_all","eff_incid_recurrent_PCR","eff_incid_recurrent_LM","eff_incid_recurrent_D","eff_incid_any_relapse_PCR","eff_incid_any_relapse_LM","eff_incid_any_relapse_D","eff_incid_relapse_PCR","eff_incid_relapse_LM","eff_incid_relapse_D","eff_risk_relapse_PCR","eff_risk_relapse_LM","eff_risk_relapse_D"
599,10,0,0.01538462,180,1,0,0.75,0.25,28,1,0,0.531273470110811,0.663296544257529,0.582385456248305,0.76647580023701,0.585134234574304,0.815485151343354,0.765420996549314,0.908383986249224,0.651611573688593,0.675258635961028,0.609086956521739,0.71416496035717,0.715542274052478,0.69595652173913,0.76624556939814,0.746146768893757,0.714571428571429,0.750756811301715,0.774752475247525,0.714285714285714
6,0.1,0,0.01538462,180,1,0,0.75,0.25,28,1,0,0.784603690696914,0.819289479214593,0.791303189051019,0.822845599924069,0.792800192892538,0.824991443025443,0.820014732405883,0.827172937422884,0.727784026996625,0.730519480519481,0.73375,0.729988726042841,0.732421875,0.737171464330413,0.745628877608573,0.748697916666667,0.757196495619524,0.752380952380952,0.756132756132756,0.765873015873016
60,0.1,0,0.01538462,180,1,0,0.75,0.25,28,1,0,0.795380271326436,0.814789486653797,0.797810387860926,0.816537719935548,0.803302402610787,0.820652692705365,0.817881977570935,0.82656264542555,0.692434210526316,0.695817490494297,0.714792899408284,0.698019801980198,0.701207883026065,0.718861209964413,0.722651933701657,0.726053639846743,0.75417661097852,0.740294511378849,0.738700564971751,0.760076775431862
