"param_id","eir_equil","sig_het","ff","trial_duration","trial_PQ_eff_stratum_1","trial_PQ_eff_stratum_2","trial_PQ_prop_stratum_1","trial_PQ_prop_stratum_2","trial_PQ_proph","is_LLIN_distributed","is_IRS_administered","eff_cph_recurrent_LM","eff_cph_recurrent_PCR","eff_cph_any_relapse_LM","eff_cph_any_relapse_PCR","eff_cph_relapse_LM_trial","eff_cph_relapse_PCR_trial","eff_cph_relapse_LM_all","eff_cph_relapse_PCR_all","eff_incid_recurrent_PCR","eff_incid_recurrent_LM","eff_incid_recurrent_D","eff_incid_any_relapse_PCR","eff_incid_any_relapse_LM","eff_incid_any_relapse_D","eff_incid_relapse_PCR","eff_incid_relapse_LM","eff_incid_relapse_D","eff_risk_relapse_PCR","eff_risk_relapse_LM","eff_risk_relapse_D"
360,1,0,0.01538462,180,1,0,0.75,0.25,28,1,0,0.685177534382203,0.716910302527682,0.734454665401605,0.765233048732966,0.732541482355434,0.777983262011705,0.802448456794446,0.843300485246945,0.695113912034595,0.70511743089156,0.734317119086658,0.723453917180155,0.725806554660863,0.786458162226092,0.748069379087916,0.745402018991254,0.778317697341586,0.736904761904762,0.735207100591716,0.752577319587629
361,1,0,0.01538462,180,1,0,0.75,0.25,28,1,0,0.640461001387805,0.705326979618482,0.670341235460473,0.758762982370681,0.693542650357247,0.770524481455295,0.799904975817204,0.839669077640787,0.641492599239078,0.622026397982682,0.584769955140325,0.681555407213705,0.660479192642935,0.625641902064666,0.715466624798193,0.69473921189296,0.630260891522153,0.729794933655006,0.725341426403642,0.652631578947368
362,1,0,0.01538462,180,1,0,0.75,0.25,28,1,0,0.66156451050387,0.730359160703326,0.695316160023659,0.770114398426231,0.733628287120522,0.802702237066613,0.826531919115093,0.854320726964757,0.670317002881844,0.671066525871172,0.694029850746269,0.70698676515851,0.704751131221719,0.727272727272727,0.744552463962454,0.74430067775724,0.758928571428571,0.74468085106383,0.75070821529745,0.77
