"param_id","eir_equil","sig_het","ff","trial_duration","trial_PQ_eff_stratum_1","trial_PQ_eff_stratum_2","trial_PQ_prop_stratum_1","trial_PQ_prop_stratum_2","trial_PQ_proph","is_LLIN_distributed","is_IRS_administered","eff_cph_recurrent_LM","eff_cph_recurrent_PCR","eff_cph_any_relapse_LM","eff_cph_any_relapse_PCR","eff_cph_relapse_LM_trial","eff_cph_relapse_PCR_trial","eff_cph_relapse_LM_all","eff_cph_relapse_PCR_all","eff_incid_recurrent_PCR","eff_incid_recurrent_LM","eff_incid_recurrent_D","eff_incid_any_relapse_PCR","eff_incid_any_relapse_LM","eff_incid_any_relapse_D","eff_incid_relapse_PCR","eff_incid_relapse_LM","eff_incid_relapse_D","eff_risk_relapse_PCR","eff_risk_relapse_LM","eff_risk_relapse_D"
474,10,0,0.01538462,180,1,0,0.75,0.25,28,1,0,0.58905758514388,0.662855737505846,0.677806781904366,0.753271462426642,0.711059951100958,0.821447436245447,0.77257427487882,0.913561306690619,0.667009605645907,0.707474158844004,0.785284855425136,0.725518331827294,0.747906348573623,0.799599198396794,0.783239234346676,0.788352214633348,0.782173041735645,0.754812563323202,0.760814249363868,0.818181818181818
475,10,0,0.01538462,180,1,0,0.75,0.25,28,1,0,0.410552131508275,0.669497373290353,0.496645247862456,0.749284304155913,0.611983330886879,0.814855628416841,0.793630592102081,0.906372367857498,0.65107742505608,0.665526090675791,0.409090909090909,0.713983531011559,0.70311027332705,0.454545454545454,0.766866893009489,0.757127771911299,0.5,0.74216380182002,0.788321167883212,0.6
476,10,0,0.01538462,180,1,0,0.75,0.25,28,1,0,0.502395708548311,0.630526197422098,0.538207521428412,0.75513558917925,0.617724598554135,0.818647812337255,0.806373715979964,0.90379562267831,0.644587293787294,0.708468049792531,0.8004,0.706470588235294,0.74616285452882,0.78304347826087,0.766427417206783,0.775554393305439,0.842421052631579,0.750762970498474,0.799007444168734,0.842105263157895
