"param_id","eir_equil","sig_het","ff","trial_duration","trial_PQ_eff_stratum_1","trial_PQ_eff_stratum_2","trial_PQ_prop_stratum_1","trial_PQ_prop_stratum_2","trial_PQ_proph","is_LLIN_distributed","is_IRS_administered","eff_cph_recurrent_LM","eff_cph_recurrent_PCR","eff_cph_any_relapse_LM","eff_cph_any_relapse_PCR","eff_cph_relapse_LM_trial","eff_cph_relapse_PCR_trial","eff_cph_relapse_LM_all","eff_cph_relapse_PCR_all","eff_incid_recurrent_PCR","eff_incid_recurrent_LM","eff_incid_recurrent_D","eff_incid_any_relapse_PCR","eff_incid_any_relapse_LM","eff_incid_any_relapse_D","eff_incid_relapse_PCR","eff_incid_relapse_LM","eff_incid_relapse_D","eff_risk_relapse_PCR","eff_risk_relapse_LM","eff_risk_relapse_D"
463,10,0,0.01538462,180,1,0,0.75,0.25,28,1,0,0.603990972761877,0.663554020056726,0.648548520355898,0.750666851040511,0.681379392697473,0.809507708836117,0.813227965966827,0.904138604913389,0.635274309518834,0.729848291608021,0.651825738782261,0.700054938444076,0.746666097376998,0.736578683947105,0.75658477861121,0.781329579844956,0.721944166388611,0.740890688259109,0.788413098236776,0.722222222222222
464,10,0,0.01538462,180,1,0,0.75,0.25,28,1,0,0.611786373738801,0.654115263701813,0.731175234309506,0.776140990952389,0.743032774642932,0.836965853894486,0.844791325497863,0.915675570716114,0.661556282365767,0.775677896466721,0.785714285714286,0.723893002871392,0.821362799263352,0.785714285714286,0.775601759986196,0.855799373040752,0.818181818181818,0.755802219979818,0.825974025974026,0.818181818181818
465,10,0,0.01538462,180,1,0,0.75,0.25,28,1,0,0.522592682446277,0.669084169782677,0.579357872450227,0.781107464430947,0.630821215615014,0.843257570491729,0.800978522131577,0.911500298939642,0.639226769443449,0.676795439507304,0.592184777369962,0.707291889322228,0.718081544913134,0.521260390825608,0.76921340923847,0.762074708541518,0.683894420736526,0.751509054325956,0.778061224489796,0.666666666666667
