"param_id","eir_equil","sig_het","ff","trial_duration","trial_PQ_eff_stratum_1","trial_PQ_eff_stratum_2","trial_PQ_prop_stratum_1","trial_PQ_prop_stratum_2","trial_PQ_proph","is_LLIN_distributed","is_IRS_administered","eff_cph_recurrent_LM","eff_cph_recurrent_PCR","eff_cph_any_relapse_LM","eff_cph_any_relapse_PCR","eff_cph_relapse_LM_trial","eff_cph_relapse_PCR_trial","eff_cph_relapse_LM_all","eff_cph_relapse_PCR_all","eff_incid_recurrent_PCR","eff_incid_recurrent_LM","eff_incid_recurrent_D","eff_incid_any_relapse_PCR","eff_incid_any_relapse_LM","eff_incid_any_relapse_D","eff_incid_relapse_PCR","eff_incid_relapse_LM","eff_incid_relapse_D","eff_risk_relapse_PCR","eff_risk_relapse_LM","eff_risk_relapse_D"
1005,1,0,0.01538462,180,1,0,0.75,0.25,45,1,0,0.665059085825779,0.757657417888068,0.705336057349274,0.792167483533018,0.737565858765866,0.818223489348886,0.826877343790361,0.868390692234013,0.687665034199688,0.679701068589957,0.652194567448805,0.722776668884453,0.714649345540884,0.681499681499681,0.747419972139073,0.738095939076331,0.728895562228896,0.756788665879575,0.745614035087719,0.747126436781609
1006,1,0,0.01538462,180,1,0,0.75,0.25,45,1,0,0.647451193204575,0.745419092813426,0.681962831037401,0.785966341731577,0.705438846085668,0.80981357222814,0.811297332760763,0.84850155937532,0.683458958517211,0.682789557805008,0.645516129032258,0.715021773430104,0.71570859419465,0.635147826086957,0.73507182320442,0.732847457627119,0.622826530612245,0.740875912408759,0.736920777279522,0.67032967032967
1007,1,0,0.01538462,180,1,0,0.75,0.25,45,1,0,0.645510344100847,0.726659249335803,0.690923797279821,0.788012316026661,0.720002315110203,0.805890914169361,0.816279378351497,0.861540923498432,0.688100542939253,0.674596612527647,0.751882601555804,0.723851432326009,0.707444106990077,0.801568691979651,0.759333574482056,0.754243788684133,0.810795644128977,0.76547619047619,0.753363228699552,0.815789473684211
