"param_id","eir_equil","sig_het","ff","trial_duration","trial_PQ_eff_stratum_1","trial_PQ_eff_stratum_2","trial_PQ_prop_stratum_1","trial_PQ_prop_stratum_2","trial_PQ_proph","is_LLIN_distributed","is_IRS_administered","eff_cph_recurrent_LM","eff_cph_recurrent_PCR","eff_cph_any_relapse_LM","eff_cph_any_relapse_PCR","eff_cph_relapse_LM_trial","eff_cph_relapse_PCR_trial","eff_cph_relapse_LM_all","eff_cph_relapse_PCR_all","eff_incid_recurrent_PCR","eff_incid_recurrent_LM","eff_incid_recurrent_D","eff_incid_any_relapse_PCR","eff_incid_any_relapse_LM","eff_incid_any_relapse_D","eff_incid_relapse_PCR","eff_incid_relapse_LM","eff_incid_relapse_D","eff_risk_relapse_PCR","eff_risk_relapse_LM","eff_risk_relapse_D"
252,1,0,0.01538462,180,1,0,0.75,0.25,28,1,0,0.677611684797973,0.720287580219793,0.747185554221538,0.762932860793992,0.761964697992793,0.779724548017449,0.813478807156632,0.845792758489044,0.670980998781829,0.676274324161648,0.67511371020143,0.703219215414337,0.713668503477421,0.735029146793853,0.727503359464619,0.730031120165649,0.7997997997998,0.738351254480287,0.742603550295858,0.769230769230769
253,1,0,0.01538462,180,1,0,0.75,0.25,28,1,0,0.716066314920783,0.746108463683864,0.779504214549219,0.810698291255387,0.813041504481487,0.845659986693772,0.870070890945122,0.885332538753539,0.687848036425726,0.699521558441558,0.674928571428571,0.728621695533272,0.741887834821429,0.739391304347826,0.774313383755344,0.781771844660194,0.8002,0.783720930232558,0.80309423347398,0.782608695652174
254,1,0,0.01538462,180,1,0,0.75,0.25,28,1,0,0.688070711856151,0.751296576687647,0.719396892883594,0.799450023296831,0.736980507870798,0.817025662252593,0.8303529397085,0.869824377197446,0.705298951544347,0.698143236074271,0.609090909090909,0.735871864611665,0.721526195899772,0.617021276595745,0.768980123818834,0.748299319727891,0.64367816091954,0.778588807785888,0.768181818181818,0.67948717948718
