"param_id","eir_equil","sig_het","ff","trial_duration","trial_PQ_eff_stratum_1","trial_PQ_eff_stratum_2","trial_PQ_prop_stratum_1","trial_PQ_prop_stratum_2","trial_PQ_proph","is_LLIN_distributed","is_IRS_administered","eff_cph_recurrent_LM","eff_cph_recurrent_PCR","eff_cph_any_relapse_LM","eff_cph_any_relapse_PCR","eff_cph_relapse_LM_trial","eff_cph_relapse_PCR_trial","eff_cph_relapse_LM_all","eff_cph_relapse_PCR_all","eff_incid_recurrent_PCR","eff_incid_recurrent_LM","eff_incid_recurrent_D","eff_incid_any_relapse_PCR","eff_incid_any_relapse_LM","eff_incid_any_relapse_D","eff_incid_relapse_PCR","eff_incid_relapse_LM","eff_incid_relapse_D","eff_risk_relapse_PCR","eff_risk_relapse_LM","eff_risk_relapse_D"
1470,100,0,0.01538462,180,1,0,0.75,0.25,45,1,0,0.449067786463068,0.456912940228892,0.523943174963748,0.59515696863509,0.605961226579604,0.693279062876381,0.825591443392149,0.912277235033987,0.454782735330345,0.655428849328632,0.547935031805999,0.6084299686616,0.735558518407758,0.658194780146,0.765743250152975,0.8256320836966,0.73049973049973,0.751008064516129,0.797235023041475,0.76
1471,100,0,0.01538462,180,1,0,0.75,0.25,45,1,0,0.425467665582061,0.382819595219003,0.514045314210776,0.638001898117488,0.638037597931489,0.715872971407557,0.844045825586317,0.907297440855551,0.441639883554848,0.613083068427139,0.6996996996997,0.597012406350338,0.691075559056699,0.788249788249788,0.758141925341436,0.818951986366037,0.782391086738913,0.75,0.818371607515658,0.736842105263158
1472,100,0,0.01538462,180,1,0,0.75,0.25,45,1,0,0.418319816619795,0.376705354829045,0.533312072717819,0.623526161721631,0.670529378237078,0.727113360067226,0.8023231905784,0.909541230779043,0.443157676563552,0.597776324395029,0.684931506849315,0.599961817487591,0.667155425219941,0.842105263157895,0.762046730915898,0.79656652360515,0.916666666666667,0.762917933130699,0.794871794871795,0.91304347826087
