"param_id","eir_equil","sig_het","ff","trial_duration","trial_PQ_eff_stratum_1","trial_PQ_eff_stratum_2","trial_PQ_prop_stratum_1","trial_PQ_prop_stratum_2","trial_PQ_proph","is_LLIN_distributed","is_IRS_administered","eff_cph_recurrent_LM","eff_cph_recurrent_PCR","eff_cph_any_relapse_LM","eff_cph_any_relapse_PCR","eff_cph_relapse_LM_trial","eff_cph_relapse_PCR_trial","eff_cph_relapse_LM_all","eff_cph_relapse_PCR_all","eff_incid_recurrent_PCR","eff_incid_recurrent_LM","eff_incid_recurrent_D","eff_incid_any_relapse_PCR","eff_incid_any_relapse_LM","eff_incid_any_relapse_D","eff_incid_relapse_PCR","eff_incid_relapse_LM","eff_incid_relapse_D","eff_risk_relapse_PCR","eff_risk_relapse_LM","eff_risk_relapse_D"
169,0.1,0,0.01538462,180,1,0,0.75,0.25,28,1,0,0.781909950152585,0.821875478599372,0.785121611257789,0.820731192345916,0.78878705044898,0.823973595562836,0.807026553731648,0.823009235586227,0.688803512623491,0.674373795761079,0.654777070063694,0.693281938325991,0.679330328396652,0.659003831417625,0.701492537313433,0.687136393018746,0.671794871794872,0.742705570291777,0.733612273361227,0.717647058823529
17,0.1,0,0.01538462,180,1,0,0.75,0.25,28,1,0,0.767565159996143,0.806372520227798,0.773802420504169,0.808393763491039,0.776454804992009,0.811123713455065,0.811058166300561,0.818133584169408,0.654852691808957,0.644876049859931,0.663818498616031,0.659557344979238,0.649232414631112,0.667308473155461,0.670581872722002,0.661773613805507,0.684480951362541,0.72972972972973,0.730985915492958,0.719921104536489
170,0.1,0,0.01538462,180,1,0,0.75,0.25,28,1,0,0.784206412314689,0.81828832943021,0.786996503294951,0.818812090594403,0.791365346769682,0.825921856938411,0.821426536770072,0.833132911948741,0.728150087971435,0.714183350624078,0.724848951634613,0.731371080095033,0.716673191644411,0.729155318117532,0.751555860193457,0.738558776658956,0.750689112894124,0.744565217391304,0.739568345323741,0.741803278688525
