"param_id","eir_equil","sig_het","ff","trial_duration","trial_PQ_eff_stratum_1","trial_PQ_eff_stratum_2","trial_PQ_prop_stratum_1","trial_PQ_prop_stratum_2","trial_PQ_proph","is_LLIN_distributed","is_IRS_administered","eff_cph_recurrent_LM","eff_cph_recurrent_PCR","eff_cph_any_relapse_LM","eff_cph_any_relapse_PCR","eff_cph_relapse_LM_trial","eff_cph_relapse_PCR_trial","eff_cph_relapse_LM_all","eff_cph_relapse_PCR_all","eff_incid_recurrent_PCR","eff_incid_recurrent_LM","eff_incid_recurrent_D","eff_incid_any_relapse_PCR","eff_incid_any_relapse_LM","eff_incid_any_relapse_D","eff_incid_relapse_PCR","eff_incid_relapse_LM","eff_incid_relapse_D","eff_risk_relapse_PCR","eff_risk_relapse_LM","eff_risk_relapse_D"
725,100,0,0.01538462,180,1,0,0.75,0.25,28,1,0,0.464557235638949,0.297527360718036,0.620408363149185,0.627685591451494,0.773536758738371,0.794612646890217,0.856493002213802,0.922138330500413,0.399003308561539,0.609409246575342,0.778,0.562146973738588,0.696411050648807,0.796122448979592,0.788954247025031,0.86036282527881,0.913130434782609,0.772406847935549,0.836644591611479,0.909090909090909
726,100,0,0.01538462,180,1,0,0.75,0.25,28,1,0,0.437912913954906,0.270357999386062,0.523054349082106,0.607502133541803,0.71562807274472,0.742524963271301,0.82054286571067,0.895488440883919,0.366026698278528,0.571330898021309,0.537159420289855,0.521098558242429,0.656562442183164,0.614409090909091,0.730571665057249,0.815276003276003,0.821785714285714,0.730886850152905,0.801435406698565,0.791666666666667
727,100,0,0.01538462,180,1,0,0.75,0.25,28,1,0,0.297749439483282,0.289901974141451,0.435456622232308,0.619656545093159,0.62833870327644,0.744583508493103,0.780559288483269,0.914241261299383,0.397186584503485,0.517604475156301,0.55,0.546485091099555,0.60999510044096,0.637931034482759,0.773949185493062,0.75982905982906,0.771428571428571,0.747474747474747,0.770491803278688,0.793103448275862
