"param_id","eir_equil","sig_het","ff","trial_duration","trial_PQ_eff_stratum_1","trial_PQ_eff_stratum_2","trial_PQ_prop_stratum_1","trial_PQ_prop_stratum_2","trial_PQ_proph","is_LLIN_distributed","is_IRS_administered","eff_cph_recurrent_LM","eff_cph_recurrent_PCR","eff_cph_any_relapse_LM","eff_cph_any_relapse_PCR","eff_cph_relapse_LM_trial","eff_cph_relapse_PCR_trial","eff_cph_relapse_LM_all","eff_cph_relapse_PCR_all","eff_incid_recurrent_PCR","eff_incid_recurrent_LM","eff_incid_recurrent_D","eff_incid_any_relapse_PCR","eff_incid_any_relapse_LM","eff_incid_any_relapse_D","eff_incid_relapse_PCR","eff_incid_relapse_LM","eff_incid_relapse_D","eff_risk_relapse_PCR","eff_risk_relapse_LM","eff_risk_relapse_D"
1179,1,0,0.01538462,180,1,0,0.75,0.25,45,1,0,0.728268474610997,0.750172886737956,0.752923922646002,0.804587092123137,0.752450543454465,0.813207563550778,0.830149480067794,0.860301423152353,0.717644333910084,0.741628037774082,0.788520915281479,0.751893876740878,0.766197484828664,0.816610503633404,0.770333103666437,0.781349272671834,0.830338813389661,0.75812274368231,0.764192139737991,0.801980198019802
118,0.1,0,0.01538462,180,1,0,0.75,0.25,28,1,0,0.813245884609154,0.843066102086615,0.814944209042079,0.84510766714718,0.816021160427995,0.846853714998268,0.834616132376734,0.843392070703673,0.738189365165491,0.741137291280148,0.754038506417736,0.740314441416894,0.743734782608696,0.756112676056338,0.756287912087912,0.759013157894737,0.77575890736342,0.778523489932886,0.773876404494382,0.775390625
1180,1,0,0.01538462,180,1,0,0.75,0.25,45,1,0,0.646350838105465,0.73172598528607,0.70471247331232,0.774914075123145,0.752627844039388,0.79808546243377,0.835891575609664,0.864138560237588,0.67849869071865,0.679193899782135,0.656488549618321,0.705112219451371,0.707288629737609,0.727272727272727,0.718493150684931,0.727974276527331,0.765765765765766,0.754156769596199,0.762886597938144,0.764705882352941
