"param_id","eir_equil","sig_het","ff","trial_duration","trial_PQ_eff_stratum_1","trial_PQ_eff_stratum_2","trial_PQ_prop_stratum_1","trial_PQ_prop_stratum_2","trial_PQ_proph","is_LLIN_distributed","is_IRS_administered","eff_cph_recurrent_LM","eff_cph_recurrent_PCR","eff_cph_any_relapse_LM","eff_cph_any_relapse_PCR","eff_cph_relapse_LM_trial","eff_cph_relapse_PCR_trial","eff_cph_relapse_LM_all","eff_cph_relapse_PCR_all","eff_incid_recurrent_PCR","eff_incid_recurrent_LM","eff_incid_recurrent_D","eff_incid_any_relapse_PCR","eff_incid_any_relapse_LM","eff_incid_any_relapse_D","eff_incid_relapse_PCR","eff_incid_relapse_LM","eff_incid_relapse_D","eff_risk_relapse_PCR","eff_risk_relapse_LM","eff_risk_relapse_D"
113,0.1,0,0.01538462,180,1,0,0.75,0.25,28,1,0,0.794044259079004,0.80807577142378,0.79859336315045,0.809023193726865,0.80138757484905,0.81197940446694,0.815129416630377,0.814335202890979,0.70753064798599,0.708640321500335,0.701017811704835,0.709356725146199,0.710738255033557,0.705732484076433,0.717963721474546,0.719274680993956,0.719745222929936,0.730337078651685,0.740469208211144,0.733870967741935
1130,1,0,0.01538462,180,1,0,0.75,0.25,45,1,0,0.610047695269433,0.707406685965625,0.647977056071082,0.767976558672032,0.688676701094613,0.783522450737141,0.817188756760341,0.849363274218657,0.690655418466527,0.682519491947777,0.624890932961486,0.724004227447443,0.713985707121364,0.659693365811721,0.74288598910405,0.734390596214278,0.685330501307845,0.750898203592814,0.756204379562044,0.703296703296703
1131,1,0,0.01538462,180,1,0,0.75,0.25,45,1,0,0.680269586504468,0.767676081109558,0.736570058093168,0.817226633987436,0.769233070841056,0.833948918709368,0.842750138911771,0.87439246610954,0.718849621954635,0.710357992757372,0.767383458646617,0.756123368920522,0.743934210526316,0.811852459016393,0.776548024413749,0.766298685782557,0.858690265486726,0.78169014084507,0.779829545454545,0.822222222222222
