"param_id","eir_equil","sig_het","ff","trial_duration","trial_PQ_eff_stratum_1","trial_PQ_eff_stratum_2","trial_PQ_prop_stratum_1","trial_PQ_prop_stratum_2","trial_PQ_proph","is_LLIN_distributed","is_IRS_administered","eff_cph_recurrent_LM","eff_cph_recurrent_PCR","eff_cph_any_relapse_LM","eff_cph_any_relapse_PCR","eff_cph_relapse_LM_trial","eff_cph_relapse_PCR_trial","eff_cph_relapse_LM_all","eff_cph_relapse_PCR_all","eff_incid_recurrent_PCR","eff_incid_recurrent_LM","eff_incid_recurrent_D","eff_incid_any_relapse_PCR","eff_incid_any_relapse_LM","eff_incid_any_relapse_D","eff_incid_relapse_PCR","eff_incid_relapse_LM","eff_incid_relapse_D","eff_risk_relapse_PCR","eff_risk_relapse_LM","eff_risk_relapse_D"
1098,1,0,0.01538462,180,1,0,0.75,0.25,45,1,0,0.71710250180514,0.7548792241598,0.742215030940887,0.78684690573233,0.769865118260117,0.815377951974819,0.824012885036866,0.862559717761504,0.688195640896371,0.657532874591376,0.577658959772781,0.720305169697882,0.685021492080316,0.607536107536108,0.737796421758686,0.700428049532909,0.657486057486057,0.762589928057554,0.757164404223228,0.705882352941176
1099,1,0,0.01538462,180,1,0,0.75,0.25,45,1,0,0.66930689095733,0.751295088677876,0.71013558398244,0.783278907130819,0.757010323098682,0.814843406168446,0.821998933050032,0.855892045285784,0.691780821917808,0.684684684684685,0.732283464566929,0.727078891257996,0.723825693265422,0.775862068965517,0.757778521244563,0.759825327510917,0.798165137614679,0.750898203592814,0.751117734724292,0.783505154639175
11,0.1,0,0.01538462,180,1,0,0.75,0.25,28,1,0,0.800285190385837,0.822525786972235,0.800457834710074,0.825392785516092,0.805689862958284,0.83017269942988,0.835826768635552,0.840162917012504,0.698434056761269,0.696316463805253,0.70675453446191,0.702723404255319,0.701820991629105,0.709827250608273,0.719505340078696,0.719191461836999,0.73158924205379,0.764468371467026,0.768033946251768,0.747983870967742
