"param_id","eir_equil","sig_het","ff","trial_duration","trial_PQ_eff_stratum_1","trial_PQ_eff_stratum_2","trial_PQ_prop_stratum_1","trial_PQ_prop_stratum_2","trial_PQ_proph","is_LLIN_distributed","is_IRS_administered","eff_cph_recurrent_LM","eff_cph_recurrent_PCR","eff_cph_any_relapse_LM","eff_cph_any_relapse_PCR","eff_cph_relapse_LM_trial","eff_cph_relapse_PCR_trial","eff_cph_relapse_LM_all","eff_cph_relapse_PCR_all","eff_incid_recurrent_PCR","eff_incid_recurrent_LM","eff_incid_recurrent_D","eff_incid_any_relapse_PCR","eff_incid_any_relapse_LM","eff_incid_any_relapse_D","eff_incid_relapse_PCR","eff_incid_relapse_LM","eff_incid_relapse_D","eff_risk_relapse_PCR","eff_risk_relapse_LM","eff_risk_relapse_D"
641,100,0,0.01538462,180,1,0,0.75,0.25,28,1,0,0.388018892001953,0.268703845983704,0.496175246000984,0.631658581582951,0.543767220513745,0.737399236321256,0.771162740743695,0.906743465042498,0.4063278160803,0.530381824125531,0.5745,0.557460033726813,0.620884839650146,0.631947368421053,0.762504961261384,0.762142857142857,0.684526315789474,0.753784056508577,0.763990267639903,0.666666666666667
642,100,0,0.01538462,180,1,0,0.75,0.25,28,1,0,0.339506432824908,0.289733070141055,0.523153395779151,0.661504397176351,0.72128404394228,0.821077469026214,0.82391050922603,0.92258975486579,0.388458923512748,0.534819175515303,0.586620689655172,0.554513671655227,0.6425303514377,0.7003,0.787071680695085,0.815030859049208,0.762142857142857,0.778002018163471,0.805555555555556,0.736842105263158
643,100,0,0.01538462,180,1,0,0.75,0.25,28,1,0,0.229163695096108,0.296608299158108,0.331449922307934,0.614038724864018,0.55816795198799,0.759950255829641,0.802552855207644,0.921747613524395,0.397225861367765,0.517561406262924,0.482240861551206,0.556759672366609,0.618052145306853,0.582916249582916,0.783605743870645,0.796975105617081,0.587823117234882,0.772956609485368,0.792771084337349,0.588235294117647
