"param_id","eir_equil","sig_het","ff","trial_duration","trial_PQ_eff_stratum_1","trial_PQ_eff_stratum_2","trial_PQ_prop_stratum_1","trial_PQ_prop_stratum_2","trial_PQ_proph","is_LLIN_distributed","is_IRS_administered","eff_cph_recurrent_LM","eff_cph_recurrent_PCR","eff_cph_any_relapse_LM","eff_cph_any_relapse_PCR","eff_cph_relapse_LM_trial","eff_cph_relapse_PCR_trial","eff_cph_relapse_LM_all","eff_cph_relapse_PCR_all","eff_incid_recurrent_PCR","eff_incid_recurrent_LM","eff_incid_recurrent_D","eff_incid_any_relapse_PCR","eff_incid_any_relapse_LM","eff_incid_any_relapse_D","eff_incid_relapse_PCR","eff_incid_relapse_LM","eff_incid_relapse_D","eff_risk_relapse_PCR","eff_risk_relapse_LM","eff_risk_relapse_D"
611,100,0,0.01538462,180,1,0,0.75,0.25,28,1,0,0.318873386009329,0.198898414963797,0.421575731643852,0.57689879111182,0.535035229234494,0.703148799174708,0.780697361564717,0.88973549128095,0.350965941302167,0.517002773768974,0.415496489468405,0.514647341457801,0.610123473869886,0.535655747730998,0.731252824599901,0.780917328255954,0.599197592778335,0.732179226069246,0.770685579196217,0.6
612,100,0,0.01538462,180,1,0,0.75,0.25,28,1,0,0.412978443647776,0.263792178573102,0.513874229561573,0.601839887178713,0.661053609286188,0.735046520955939,0.85090946147025,0.915542113678315,0.392826959969306,0.612232654266312,0.612716417910448,0.550000074987814,0.693770419426049,0.616153846153846,0.767214045019544,0.839411302982732,0.809904761904762,0.755040322580645,0.835140997830803,0.8
613,100,0,0.01538462,180,1,0,0.75,0.25,28,1,0,0.379024340918294,0.256810304519478,0.490089020981491,0.577017575116532,0.69775154232244,0.716239602118353,0.829703534095523,0.9055484390721,0.387581333875559,0.569077926109904,0.65625,0.545165036903825,0.674897119341564,0.733333333333333,0.762763577191674,0.824918566775244,0.9,0.746975806451613,0.814317673378076,0.875
