"param_id","eir_equil","sig_het","ff","trial_duration","trial_PQ_eff_stratum_1","trial_PQ_eff_stratum_2","trial_PQ_prop_stratum_1","trial_PQ_prop_stratum_2","trial_PQ_proph","is_LLIN_distributed","is_IRS_administered","eff_cph_recurrent_LM","eff_cph_recurrent_PCR","eff_cph_any_relapse_LM","eff_cph_any_relapse_PCR","eff_cph_relapse_LM_trial","eff_cph_relapse_PCR_trial","eff_cph_relapse_LM_all","eff_cph_relapse_PCR_all","eff_incid_recurrent_PCR","eff_incid_recurrent_LM","eff_incid_recurrent_D","eff_incid_any_relapse_PCR","eff_incid_any_relapse_LM","eff_incid_any_relapse_D","eff_incid_relapse_PCR","eff_incid_relapse_LM","eff_incid_relapse_D","eff_risk_relapse_PCR","eff_risk_relapse_LM","eff_risk_relapse_D"
1440,100,0,0.01538462,180,1,0,0.75,0.25,45,1,0,0.361537104567149,0.348421088011537,0.534456769647294,0.634281065566165,0.680774840619667,0.744728618286874,0.798730081926967,0.903999665993219,0.442646187150478,0.599867724867725,0.60655737704918,0.59026508226691,0.673418972332016,0.780487804878049,0.748379533857399,0.750883392226148,0.869565217391304,0.742424242424242,0.782816229116945,0.869565217391304
1441,100,0,0.01538462,180,1,0,0.75,0.25,45,1,0,0.468847649616697,0.36799457258234,0.626759478166997,0.674624577202013,0.683995388835068,0.719760415732601,0.814846554844977,0.904572381879454,0.452313167259786,0.645577035735208,0.701298701298701,0.599082499811988,0.710195227765727,0.796296296296296,0.749033177284755,0.829657794676806,0.925925925925926,0.745454545454545,0.795100222717149,0.916666666666667
1442,100,0,0.01538462,180,1,0,0.75,0.25,45,1,0,0.459276201306344,0.389289991409079,0.604377485233012,0.630065254437001,0.695615652106254,0.755728087543861,0.810475421913944,0.913942630488619,0.450156553054662,0.578256345177665,0.724236842105263,0.607917811320755,0.665779542269967,0.84032,0.761454331743069,0.772077246011755,0.92016,0.753286147623862,0.775462962962963,0.916666666666667
