"param_id","eir_equil","sig_het","ff","trial_duration","trial_PQ_eff_stratum_1","trial_PQ_eff_stratum_2","trial_PQ_prop_stratum_1","trial_PQ_prop_stratum_2","trial_PQ_proph","is_LLIN_distributed","is_IRS_administered","eff_cph_recurrent_LM","eff_cph_recurrent_PCR","eff_cph_any_relapse_LM","eff_cph_any_relapse_PCR","eff_cph_relapse_LM_trial","eff_cph_relapse_PCR_trial","eff_cph_relapse_LM_all","eff_cph_relapse_PCR_all","eff_incid_recurrent_PCR","eff_incid_recurrent_LM","eff_incid_recurrent_D","eff_incid_any_relapse_PCR","eff_incid_any_relapse_LM","eff_incid_any_relapse_D","eff_incid_relapse_PCR","eff_incid_relapse_LM","eff_incid_relapse_D","eff_risk_relapse_PCR","eff_risk_relapse_LM","eff_risk_relapse_D"
403,10,0,0.01538462,180,1,0,0.75,0.25,28,1,0,0.502761240283137,0.657531590319276,0.63849363047337,0.745490693586708,0.683235588551599,0.812878772120715,0.792834185199005,0.911278304967016,0.645568697667331,0.667514834806903,0.599599198396794,0.709379133180634,0.725846429701508,0.713999427426281,0.764222081723781,0.776442885771543,0.785499570569711,0.746720484359233,0.774798927613941,0.769230769230769
404,10,0,0.01538462,180,1,0,0.75,0.25,28,1,0,0.672705754732469,0.661804509847444,0.723609093333394,0.761327273445501,0.740085544142719,0.809831943920884,0.806022884958828,0.910160895900281,0.646278027220429,0.759346854304636,0.375625,0.709091450513283,0.794020618556701,0.5005,0.760839707078926,0.823270127118644,0.6004,0.747729566094854,0.795918367346939,0.6
405,10,0,0.01538462,180,1,0,0.75,0.25,28,1,0,0.563310401581241,0.662348181105471,0.609287695591278,0.772561841358357,0.662437570143818,0.826189421678067,0.773305607682551,0.904724476023259,0.659904970486761,0.720828591857081,0.742452647229944,0.716391656296005,0.7440084630227,0.724690760832009,0.766151908920059,0.786908581110719,0.769693232619084,0.744421906693712,0.769035532994924,0.791666666666667
