"param_id","eir_equil","sig_het","ff","trial_duration","trial_PQ_eff_stratum_1","trial_PQ_eff_stratum_2","trial_PQ_prop_stratum_1","trial_PQ_prop_stratum_2","trial_PQ_proph","is_LLIN_distributed","is_IRS_administered","eff_cph_recurrent_LM","eff_cph_recurrent_PCR","eff_cph_any_relapse_LM","eff_cph_any_relapse_PCR","eff_cph_relapse_LM_trial","eff_cph_relapse_PCR_trial","eff_cph_relapse_LM_all","eff_cph_relapse_PCR_all","eff_incid_recurrent_PCR","eff_incid_recurrent_LM","eff_incid_recurrent_D","eff_incid_any_relapse_PCR","eff_incid_any_relapse_LM","eff_incid_any_relapse_D","eff_incid_relapse_PCR","eff_incid_relapse_LM","eff_incid_relapse_D","eff_risk_relapse_PCR","eff_risk_relapse_LM","eff_risk_relapse_D"
309,1,0,0.01538462,180,1,0,0.75,0.25,28,1,0,0.638671675041425,0.734923864626271,0.699726733265329,0.786092570506151,0.734520120814219,0.806157023887936,0.81848870332262,0.869009902011265,0.69021380866514,0.678736006043501,0.585522607715431,0.726331562206983,0.712071333678593,0.619453783600258,0.763160294299418,0.753313438021554,0.657314629258517,0.772511848341232,0.748125937031484,0.676767676767677
31,0.1,0,0.01538462,180,1,0,0.75,0.25,28,1,0,0.75486225160625,0.783596141384613,0.766062737014957,0.788224167536827,0.767035233710466,0.790683439696622,0.780062262556485,0.791566202520244,0.665509259259259,0.670416942422237,0.686777920410783,0.667055393586006,0.672666666666667,0.690322580645161,0.680188124632569,0.685483870967742,0.711313394018205,0.701949860724234,0.697234352256186,0.713995943204868
310,1,0,0.01538462,180,1,0,0.75,0.25,28,1,0,0.689930881127234,0.716888398199202,0.736517003254055,0.770442560917372,0.780158920776221,0.804445139996207,0.835457166716081,0.855931577003807,0.69255564923435,0.71072944045917,0.723604201216142,0.725512797408222,0.737952039671396,0.735735735735736,0.756997479093151,0.772555058095763,0.763399763399763,0.756242568370987,0.772793053545586,0.770833333333333
