"param_id","eir_equil","sig_het","ff","trial_duration","trial_PQ_eff_stratum_1","trial_PQ_eff_stratum_2","trial_PQ_prop_stratum_1","trial_PQ_prop_stratum_2","trial_PQ_proph","is_LLIN_distributed","is_IRS_administered","eff_cph_recurrent_LM","eff_cph_recurrent_PCR","eff_cph_any_relapse_LM","eff_cph_any_relapse_PCR","eff_cph_relapse_LM_trial","eff_cph_relapse_PCR_trial","eff_cph_relapse_LM_all","eff_cph_relapse_PCR_all","eff_incid_recurrent_PCR","eff_incid_recurrent_LM","eff_incid_recurrent_D","eff_incid_any_relapse_PCR","eff_incid_any_relapse_LM","eff_incid_any_relapse_D","eff_incid_relapse_PCR","eff_incid_relapse_LM","eff_incid_relapse_D","eff_risk_relapse_PCR","eff_risk_relapse_LM","eff_risk_relapse_D"
460,10,0,0.01538462,180,1,0,0.75,0.25,28,1,0,0.676879746640665,0.664085326995903,0.698322817249774,0.765294368068201,0.760905249657831,0.825930946304408,0.80786734610984,0.912567424459603,0.654035040393936,0.749818903532202,0.8335001668335,0.718800857324619,0.776501670426453,0.882470706000118,0.782682968376868,0.82208093048801,0.9334000667334,0.756319514661274,0.789333333333333,0.928571428571429
461,10,0,0.01538462,180,1,0,0.75,0.25,28,1,0,0.591583265525776,0.700293805676696,0.625281471366606,0.783688783665784,0.692647291612806,0.83674516570465,0.82411629568361,0.92362566818395,0.674920896959692,0.769747899159664,0.833333333333333,0.739793182688625,0.807727690892364,0.8,0.794125453419446,0.842105263157895,0.8,0.778225806451613,0.811023622047244,0.857142857142857
462,10,0,0.01538462,180,1,0,0.75,0.25,28,1,0,0.513457908675523,0.63922941098665,0.581252639769328,0.745719056916881,0.611186203026194,0.80296468888177,0.784184051419459,0.909320193542988,0.649996546245769,0.706654170571696,0.4375,0.711402157164869,0.746065057712487,0.5625,0.769427087916923,0.776849642004773,0.666666666666667,0.75609756097561,0.784574468085106,0.666666666666667
