"param_id","eir_equil","sig_het","ff","trial_duration","trial_PQ_eff_stratum_1","trial_PQ_eff_stratum_2","trial_PQ_prop_stratum_1","trial_PQ_prop_stratum_2","trial_PQ_proph","is_LLIN_distributed","is_IRS_administered","eff_cph_recurrent_LM","eff_cph_recurrent_PCR","eff_cph_any_relapse_LM","eff_cph_any_relapse_PCR","eff_cph_relapse_LM_trial","eff_cph_relapse_PCR_trial","eff_cph_relapse_LM_all","eff_cph_relapse_PCR_all","eff_incid_recurrent_PCR","eff_incid_recurrent_LM","eff_incid_recurrent_D","eff_incid_any_relapse_PCR","eff_incid_any_relapse_LM","eff_incid_any_relapse_D","eff_incid_relapse_PCR","eff_incid_relapse_LM","eff_incid_relapse_D","eff_risk_relapse_PCR","eff_risk_relapse_LM","eff_risk_relapse_D"
858,0.1,0,0.01538462,180,1,0,0.75,0.25,45,1,0,0.785689915374647,0.821943070962979,0.785894643334375,0.822373427847649,0.788210124078043,0.825201969175069,0.818598470074099,0.823397851218434,0.69512893982808,0.698684210526316,0.717948717948718,0.697701149425287,0.701650165016502,0.724264705882353,0.708933717579251,0.71343481138319,0.735872235872236,0.742698191933241,0.745985401459854,0.753507014028056
859,0.1,0,0.01538462,180,1,0,0.75,0.25,45,1,0,0.814260269537,0.837557755210735,0.818661506859097,0.835453222185858,0.818653427313113,0.837035597168302,0.822371869649979,0.826084077363618,0.699100112485939,0.697809278350515,0.731791907514451,0.698815566835871,0.697478991596639,0.732018561484919,0.708616780045352,0.707522697795071,0.742123687281214,0.753405994550409,0.758226037195994,0.77120315581854
86,0.1,0,0.01538462,180,1,0,0.75,0.25,28,1,0,0.816403131749854,0.83181284913816,0.820245563282233,0.830503918554502,0.82434727458891,0.835639458549636,0.828260930653441,0.834327938791747,0.720144547730755,0.721171322379782,0.760212189590721,0.721855188521855,0.723023994868655,0.761395902145051,0.729241828866896,0.730382423862009,0.768911768911769,0.753351206434316,0.755994358251058,0.776515151515151
