"param_id","eir_equil","sig_het","ff","trial_duration","trial_PQ_eff_stratum_1","trial_PQ_eff_stratum_2","trial_PQ_prop_stratum_1","trial_PQ_prop_stratum_2","trial_PQ_proph","is_LLIN_distributed","is_IRS_administered","eff_cph_recurrent_LM","eff_cph_recurrent_PCR","eff_cph_any_relapse_LM","eff_cph_any_relapse_PCR","eff_cph_relapse_LM_trial","eff_cph_relapse_PCR_trial","eff_cph_relapse_LM_all","eff_cph_relapse_PCR_all","eff_incid_recurrent_PCR","eff_incid_recurrent_LM","eff_incid_recurrent_D","eff_incid_any_relapse_PCR","eff_incid_any_relapse_LM","eff_incid_any_relapse_D","eff_incid_relapse_PCR","eff_incid_relapse_LM","eff_incid_relapse_D","eff_risk_relapse_PCR","eff_risk_relapse_LM","eff_risk_relapse_D"
636,100,0,0.01538462,180,1,0,0.75,0.25,28,1,0,0.260522874915353,0.280194062294553,0.39625889326176,0.595947987171585,0.580074293297487,0.749768775348018,0.837083724890492,0.916171220941564,0.401456359604918,0.555951320866726,0.72463768115942,0.557050472013677,0.644235082996859,0.808510638297872,0.775857466969171,0.828682170542636,0.875,0.763581488933602,0.823399558498896,0.863636363636364
637,100,0,0.01538462,180,1,0,0.75,0.25,28,1,0,0.471902649676801,0.29718242576592,0.609457194045721,0.652505569583889,0.775257752855778,0.76460467180015,0.823569894411757,0.910717507332912,0.378496167354577,0.532331809274984,0.776595744680851,0.537847405287339,0.61604997597309,0.805970149253731,0.756197781125873,0.789473684210526,0.916666666666667,0.742914979757085,0.787528868360277,0.896551724137931
638,100,0,0.01538462,180,1,0,0.75,0.25,28,1,0,0.279374721360825,0.309447516055994,0.418501958689827,0.608486298142864,0.594879986661766,0.763491561535982,0.814904043184552,0.909876338175213,0.372029274095529,0.521849271690944,0.633333333333333,0.525881585510917,0.620353159851301,0.717391304347826,0.755583212334924,0.806006493506493,0.724137931034483,0.746720484359233,0.795823665893271,0.68
