"param_id","eir_equil","sig_het","ff","trial_duration","trial_PQ_eff_stratum_1","trial_PQ_eff_stratum_2","trial_PQ_prop_stratum_1","trial_PQ_prop_stratum_2","trial_PQ_proph","is_LLIN_distributed","is_IRS_administered","eff_cph_recurrent_LM","eff_cph_recurrent_PCR","eff_cph_any_relapse_LM","eff_cph_any_relapse_PCR","eff_cph_relapse_LM_trial","eff_cph_relapse_PCR_trial","eff_cph_relapse_LM_all","eff_cph_relapse_PCR_all","eff_incid_recurrent_PCR","eff_incid_recurrent_LM","eff_incid_recurrent_D","eff_incid_any_relapse_PCR","eff_incid_any_relapse_LM","eff_incid_any_relapse_D","eff_incid_relapse_PCR","eff_incid_relapse_LM","eff_incid_relapse_D","eff_risk_relapse_PCR","eff_risk_relapse_LM","eff_risk_relapse_D"
714,100,0,0.01538462,180,1,0,0.75,0.25,28,1,0,0.33444884584812,0.244003820896753,0.473709311468501,0.568435467326162,0.622799468121211,0.727610625991829,0.759477990640915,0.900814346603161,0.383137373318473,0.495061116965227,0.564951612903226,0.533109565284415,0.56995631326585,0.6115,0.74155808482668,0.75025,0.706176470588235,0.731509625126646,0.744525547445255,0.615384615384615
715,100,0,0.01538462,180,1,0,0.75,0.25,28,1,0,0.31871689789793,0.261982512385392,0.482714922995882,0.611083839541148,0.671830909379754,0.765404780180994,0.822759021797335,0.907238171640642,0.369547920944559,0.553532611874817,0.4380625,0.523790385711571,0.642781818181818,0.617404255319149,0.752748002953615,0.818293937068304,0.88012,0.73943661971831,0.796766743648961,0.875
716,100,0,0.01538462,180,1,0,0.75,0.25,28,1,0,0.35124779650662,0.271500921546246,0.487214609983249,0.598800968136551,0.646394828680659,0.726508475575593,0.792879974291618,0.904198735909875,0.366886802187597,0.530046674445741,0.464285714285714,0.526275704493526,0.602591792656587,0.65,0.747949699289229,0.737893927747886,0.8,0.744209466263847,0.779017857142857,0.791666666666667
