"param_id","eir_equil","sig_het","ff","trial_duration","trial_PQ_eff_stratum_1","trial_PQ_eff_stratum_2","trial_PQ_prop_stratum_1","trial_PQ_prop_stratum_2","trial_PQ_proph","is_LLIN_distributed","is_IRS_administered","eff_cph_recurrent_LM","eff_cph_recurrent_PCR","eff_cph_any_relapse_LM","eff_cph_any_relapse_PCR","eff_cph_relapse_LM_trial","eff_cph_relapse_PCR_trial","eff_cph_relapse_LM_all","eff_cph_relapse_PCR_all","eff_incid_recurrent_PCR","eff_incid_recurrent_LM","eff_incid_recurrent_D","eff_incid_any_relapse_PCR","eff_incid_any_relapse_LM","eff_incid_any_relapse_D","eff_incid_relapse_PCR","eff_incid_relapse_LM","eff_incid_relapse_D","eff_risk_relapse_PCR","eff_risk_relapse_LM","eff_risk_relapse_D"
1324,10,0,0.01538462,180,1,0,0.75,0.25,45,1,0,0.611706530914962,0.717966997292574,0.689288150104522,0.774413446818528,0.757479182133822,0.814366867277426,0.782071173554508,0.911031770307981,0.651171941386606,0.662675662675663,0.538923538923539,0.707414925421456,0.683090653678889,0.545909545909546,0.745849078347513,0.71422278023745,0.909181909181909,0.746223564954683,0.754874651810585,0.909090909090909
1325,10,0,0.01538462,180,1,0,0.75,0.25,45,1,0,0.583436442653945,0.714510620907218,0.663095794887661,0.777903388999573,0.709374124861883,0.823090057111447,0.771051479640937,0.910444503756229,0.657173473790398,0.672851501397085,0.709095610575991,0.715998547838643,0.716544860244723,0.799599198396794,0.756455470869373,0.739061456245825,0.799599198396794,0.748983739837398,0.73314606741573,0.791666666666667
1326,10,0,0.01538462,180,1,0,0.75,0.25,45,1,0,0.456757538993852,0.673127413448143,0.577421581154818,0.742239814339116,0.627492533521628,0.789440669855639,0.782916097828805,0.902250813822558,0.647998878530875,0.689090909090909,0.76,0.70125,0.73394495412844,0.772727272727273,0.735061195104392,0.750585480093677,0.722222222222222,0.739393939393939,0.785185185185185,0.722222222222222
