"param_id","eir_equil","sig_het","ff","trial_duration","trial_PQ_eff_stratum_1","trial_PQ_eff_stratum_2","trial_PQ_prop_stratum_1","trial_PQ_prop_stratum_2","trial_PQ_proph","is_LLIN_distributed","is_IRS_administered","eff_cph_recurrent_LM","eff_cph_recurrent_PCR","eff_cph_any_relapse_LM","eff_cph_any_relapse_PCR","eff_cph_relapse_LM_trial","eff_cph_relapse_PCR_trial","eff_cph_relapse_LM_all","eff_cph_relapse_PCR_all","eff_incid_recurrent_PCR","eff_incid_recurrent_LM","eff_incid_recurrent_D","eff_incid_any_relapse_PCR","eff_incid_any_relapse_LM","eff_incid_any_relapse_D","eff_incid_relapse_PCR","eff_incid_relapse_LM","eff_incid_relapse_D","eff_risk_relapse_PCR","eff_risk_relapse_LM","eff_risk_relapse_D"
1524,100,0,0.01538462,180,1,0,0.75,0.25,45,1,0,0.535072221321672,0.419840859294407,0.666618523003104,0.666844790039254,0.781340431375959,0.738795516872515,0.843503751757096,0.90937944164618,0.453180279467535,0.656015037593985,0.655737704918033,0.603587005564747,0.729384965831435,0.818181818181818,0.762241494329553,0.849372384937239,0.818181818181818,0.748991935483871,0.829787234042553,0.818181818181818
1525,100,0,0.01538462,180,1,0,0.75,0.25,45,1,0,0.29913195858551,0.361270451611345,0.321355338922655,0.629379928337454,0.484482493776002,0.719683584638038,0.809693900362841,0.911595983454503,0.437929661148877,0.585473156532988,0.490705882352941,0.588994471956697,0.67273290703394,0.408,0.758551939058172,0.804433050847458,0.636727272727273,0.756319514661274,0.789227166276347,0.636363636363636
1526,100,0,0.01538462,180,1,0,0.75,0.25,45,1,0,0.38888010182723,0.363164372141355,0.565230948414891,0.6331984805809,0.692236308818476,0.760651398938465,0.803404237060427,0.918249768819032,0.452192061525756,0.582570483123759,0.526372881355932,0.611106551750439,0.66897532082922,0.634878048780488,0.780632850241546,0.808554174067496,0.591727272727273,0.776876267748479,0.781407035175879,0.555555555555556
