"param_id","eir_equil","sig_het","ff","trial_duration","trial_PQ_eff_stratum_1","trial_PQ_eff_stratum_2","trial_PQ_prop_stratum_1","trial_PQ_prop_stratum_2","trial_PQ_proph","is_LLIN_distributed","is_IRS_administered","eff_cph_recurrent_LM","eff_cph_recurrent_PCR","eff_cph_any_relapse_LM","eff_cph_any_relapse_PCR","eff_cph_relapse_LM_trial","eff_cph_relapse_PCR_trial","eff_cph_relapse_LM_all","eff_cph_relapse_PCR_all","eff_incid_recurrent_PCR","eff_incid_recurrent_LM","eff_incid_recurrent_D","eff_incid_any_relapse_PCR","eff_incid_any_relapse_LM","eff_incid_any_relapse_D","eff_incid_relapse_PCR","eff_incid_relapse_LM","eff_incid_relapse_D","eff_risk_relapse_PCR","eff_risk_relapse_LM","eff_risk_relapse_D"
1008,1,0,0.01538462,180,1,0,0.75,0.25,45,1,0,0.725745280541531,0.764705321776296,0.755614665538238,0.808124487715742,0.771509094872185,0.8300329388407,0.845771191423546,0.876754393089034,0.721584699453552,0.702935222672065,0.818791946308725,0.750723798494499,0.725606469002695,0.843971631205674,0.771357564461013,0.738623103850642,0.8515625,0.781433607520564,0.782178217821782,0.847457627118644
1009,1,0,0.01538462,180,1,0,0.75,0.25,45,1,0,0.665896607421657,0.740789723995844,0.711559090309435,0.778910006574049,0.73339995821523,0.784544258339823,0.790037873507995,0.836833950730211,0.673107964140113,0.653981405806223,0.661532035632755,0.697077384520926,0.67578689800912,0.63673350770125,0.705009528192239,0.68541690395995,0.630260891522153,0.723606168446026,0.711594202898551,0.634408602150538
101,0.1,0,0.01538462,180,1,0,0.75,0.25,28,1,0,0.823706273282275,0.835152100998016,0.827566661703366,0.83678834562454,0.831211355245446,0.838782393780386,0.836085430946796,0.842765373243291,0.731743666169896,0.736182336182336,0.730727470141151,0.734164588528678,0.736691471093303,0.731441048034934,0.741516966067864,0.745131729667812,0.74207650273224,0.76,0.761394101876676,0.77797833935018
