"param_id","eir_equil","sig_het","ff","trial_duration","trial_PQ_eff_stratum_1","trial_PQ_eff_stratum_2","trial_PQ_prop_stratum_1","trial_PQ_prop_stratum_2","trial_PQ_proph","is_LLIN_distributed","is_IRS_administered","eff_cph_recurrent_LM","eff_cph_recurrent_PCR","eff_cph_any_relapse_LM","eff_cph_any_relapse_PCR","eff_cph_relapse_LM_trial","eff_cph_relapse_PCR_trial","eff_cph_relapse_LM_all","eff_cph_relapse_PCR_all","eff_incid_recurrent_PCR","eff_incid_recurrent_LM","eff_incid_recurrent_D","eff_incid_any_relapse_PCR","eff_incid_any_relapse_LM","eff_incid_any_relapse_D","eff_incid_relapse_PCR","eff_incid_relapse_LM","eff_incid_relapse_D","eff_risk_relapse_PCR","eff_risk_relapse_LM","eff_risk_relapse_D"
42,0.1,0,0.01538462,180,1,0,0.75,0.25,28,1,0,0.812875017949872,0.825097182559814,0.813449433995007,0.821738399430465,0.813449433995007,0.825079830781631,0.824952030513993,0.833667920808508,0.696771523178808,0.69290943877551,0.699250875145858,0.697373134328358,0.69295910543131,0.699715789473684,0.717649889380531,0.714480179028133,0.72977868852459,0.746347941567065,0.744710860366714,0.758620689655172
420,10,0,0.01538462,180,1,0,0.75,0.25,28,1,0,0.66464562884292,0.701570940781012,0.720677432419785,0.788838997654565,0.732287657511751,0.836116509211768,0.803265383489493,0.912126133908737,0.652367378154766,0.71742671009772,0.8,0.716051289973737,0.743169398907104,0.88,0.770996441281139,0.77035490605428,0.91304347826087,0.748230535894843,0.779411764705882,0.909090909090909
421,10,0,0.01538462,180,1,0,0.75,0.25,28,1,0,0.432798742737803,0.650258643753893,0.497470176604036,0.740056231754622,0.533152941774766,0.822143020584607,0.74431221203688,0.904077419469655,0.627815642404414,0.674052475130209,0.749749498997996,0.692414894543945,0.712105383899303,0.841947051998734,0.754186329791098,0.760859986357493,0.812312124248497,0.741414141414141,0.740740740740741,0.8125
