"param_id","eir_equil","sig_het","ff","trial_duration","trial_PQ_eff_stratum_1","trial_PQ_eff_stratum_2","trial_PQ_prop_stratum_1","trial_PQ_prop_stratum_2","trial_PQ_proph","is_LLIN_distributed","is_IRS_administered","eff_cph_recurrent_LM","eff_cph_recurrent_PCR","eff_cph_any_relapse_LM","eff_cph_any_relapse_PCR","eff_cph_relapse_LM_trial","eff_cph_relapse_PCR_trial","eff_cph_relapse_LM_all","eff_cph_relapse_PCR_all","eff_incid_recurrent_PCR","eff_incid_recurrent_LM","eff_incid_recurrent_D","eff_incid_any_relapse_PCR","eff_incid_any_relapse_LM","eff_incid_any_relapse_D","eff_incid_relapse_PCR","eff_incid_relapse_LM","eff_incid_relapse_D","eff_risk_relapse_PCR","eff_risk_relapse_LM","eff_risk_relapse_D"
469,10,0,0.01538462,180,1,0,0.75,0.25,28,1,0,0.605443939407607,0.654858268127883,0.685621597384896,0.73765712104882,0.706798920401516,0.819204108386167,0.785133936225913,0.912450680197452,0.654643873252726,0.715817038679168,0.75025025025025,0.716453172831614,0.750735201220638,0.764941412000236,0.774442725335983,0.773575397721184,0.812687687687688,0.757852077001013,0.77807486631016,0.8125
47,0.1,0,0.01538462,180,1,0,0.75,0.25,28,1,0,0.812134890653426,0.818559385903253,0.812570661935216,0.821312938681099,0.812099718874721,0.821299700518832,0.827742266948894,0.837967242070171,0.715689579919345,0.715864415139777,0.742799152743904,0.716145767616356,0.71552487520915,0.7416189879958,0.724760191180075,0.725824846851742,0.753610112354507,0.752330226364847,0.748948106591865,0.768518518518518
470,10,0,0.01538462,180,1,0,0.75,0.25,28,1,0,0.540637059058621,0.629798998137806,0.657999679270356,0.747676560315926,0.73021224076907,0.824200893376531,0.783378657002284,0.910958873020114,0.653497676555806,0.702886689409353,0.667334669338677,0.718543658014892,0.741573542565357,0.809905525336387,0.775186963846798,0.773329220335181,0.85742914400229,0.761421319796954,0.768617021276596,0.833333333333333
