"param_id","eir_equil","sig_het","ff","trial_duration","trial_PQ_eff_stratum_1","trial_PQ_eff_stratum_2","trial_PQ_prop_stratum_1","trial_PQ_prop_stratum_2","trial_PQ_proph","is_LLIN_distributed","is_IRS_administered","eff_cph_recurrent_LM","eff_cph_recurrent_PCR","eff_cph_any_relapse_LM","eff_cph_any_relapse_PCR","eff_cph_relapse_LM_trial","eff_cph_relapse_PCR_trial","eff_cph_relapse_LM_all","eff_cph_relapse_PCR_all","eff_incid_recurrent_PCR","eff_incid_recurrent_LM","eff_incid_recurrent_D","eff_incid_any_relapse_PCR","eff_incid_any_relapse_LM","eff_incid_any_relapse_D","eff_incid_relapse_PCR","eff_incid_relapse_LM","eff_incid_relapse_D","eff_risk_relapse_PCR","eff_risk_relapse_LM","eff_risk_relapse_D"
1476,100,0,0.01538462,180,1,0,0.75,0.25,45,1,0,0.387881807609075,0.410791005422894,0.573677381270725,0.620043821151882,0.637813203241795,0.703411359706576,0.782475085642796,0.905484627769903,0.451106962614715,0.581445464482149,0.595966125799987,0.603168223993651,0.677961462562183,0.762683261259361,0.754862646603575,0.796856330282464,0.789051787786099,0.735146022155086,0.760663507109005,0.777777777777778
1477,100,0,0.01538462,180,1,0,0.75,0.25,45,1,0,0.490083420583485,0.39738196348788,0.609884681466855,0.641227314915123,0.67527871540917,0.717654462593744,0.824327237520691,0.910660360304665,0.449800231988658,0.681659803611023,0.555555555555556,0.601581117373378,0.735885167464115,0.583333333333333,0.754360664743854,0.821882951653944,0.875,0.750252780586451,0.808411214953271,0.869565217391304
1478,100,0,0.01538462,180,1,0,0.75,0.25,45,1,0,0.38606667522491,0.372059793724344,0.449491947055389,0.640950837411614,0.499499348343272,0.652038742612487,0.788332406755642,0.903868595022513,0.462937204420728,0.581327260897853,0.530612244897959,0.603333830548926,0.653639472398632,0.67741935483871,0.746908602150538,0.762962962962963,0.642857142857143,0.732052578361982,0.761363636363636,0.642857142857143
