"param_id","eir_equil","sig_het","ff","trial_duration","trial_PQ_eff_stratum_1","trial_PQ_eff_stratum_2","trial_PQ_prop_stratum_1","trial_PQ_prop_stratum_2","trial_PQ_proph","is_LLIN_distributed","is_IRS_administered","eff_cph_recurrent_LM","eff_cph_recurrent_PCR","eff_cph_any_relapse_LM","eff_cph_any_relapse_PCR","eff_cph_relapse_LM_trial","eff_cph_relapse_PCR_trial","eff_cph_relapse_LM_all","eff_cph_relapse_PCR_all","eff_incid_recurrent_PCR","eff_incid_recurrent_LM","eff_incid_recurrent_D","eff_incid_any_relapse_PCR","eff_incid_any_relapse_LM","eff_incid_any_relapse_D","eff_incid_relapse_PCR","eff_incid_relapse_LM","eff_incid_relapse_D","eff_risk_relapse_PCR","eff_risk_relapse_LM","eff_risk_relapse_D"
596,10,0,0.01538462,180,1,0,0.75,0.25,28,1,0,0.544058652355516,0.587913369789998,0.59006819463099,0.702894428151408,0.684767864330564,0.787995061881135,0.821008276410977,0.905066302859136,0.629707799331719,0.729815296432402,0.749498997995992,0.699460716582245,0.76568241122828,0.799599198396794,0.763789845683737,0.805395915798539,0.916499665998664,0.73407482305359,0.806451612903226,0.916666666666667
597,10,0,0.01538462,180,1,0,0.75,0.25,28,1,0,0.53339177080169,0.639475137716646,0.607434435735761,0.741385603822742,0.723648002044684,0.824451858128744,0.831767331915996,0.915062471405871,0.642219753785199,0.72994275802255,0.572285714285714,0.713270890870354,0.772132947976879,0.632315789473684,0.777366442709279,0.842363834422658,0.706470588235294,0.758655804480652,0.816537467700258,0.705882352941176
598,10,0,0.01538462,180,1,0,0.75,0.25,28,1,0,0.67684230203673,0.689108961550531,0.757427763434066,0.779331406455158,0.772445316467168,0.8252629647576,0.837168641719201,0.912461459900989,0.653810995623632,0.767084219133279,0.931310344827586,0.716141512298816,0.800620378719567,0.9585,0.772323084940073,0.825263157894737,0.954727272727273,0.747464503042596,0.824561403508772,0.952380952380952
