"param_id","eir_equil","sig_het","ff","trial_duration","trial_PQ_eff_stratum_1","trial_PQ_eff_stratum_2","trial_PQ_prop_stratum_1","trial_PQ_prop_stratum_2","trial_PQ_proph","is_LLIN_distributed","is_IRS_administered","eff_cph_recurrent_LM","eff_cph_recurrent_PCR","eff_cph_any_relapse_LM","eff_cph_any_relapse_PCR","eff_cph_relapse_LM_trial","eff_cph_relapse_PCR_trial","eff_cph_relapse_LM_all","eff_cph_relapse_PCR_all","eff_incid_recurrent_PCR","eff_incid_recurrent_LM","eff_incid_recurrent_D","eff_incid_any_relapse_PCR","eff_incid_any_relapse_LM","eff_incid_any_relapse_D","eff_incid_relapse_PCR","eff_incid_relapse_LM","eff_incid_relapse_D","eff_risk_relapse_PCR","eff_risk_relapse_LM","eff_risk_relapse_D"
700,100,0,0.01538462,180,1,0,0.75,0.25,28,1,0,0.298586103621812,0.248030164260221,0.485337691629657,0.60701099697423,0.665453935847841,0.740599020207593,0.776055643808971,0.906784405640358,0.380500383769125,0.507993297159272,0.383595744680851,0.53992480126587,0.608461095100865,0.4339,0.762779037404114,0.7960375,0.764941176470588,0.745967741935484,0.773584905660377,0.8125
701,100,0,0.01538462,180,1,0,0.75,0.25,28,1,0,0.38851918892352,0.270864331107022,0.47679409898063,0.627197208229144,0.687416685233323,0.78483740022115,0.818824994589459,0.916213350995258,0.391538441140961,0.513526265118622,0.302874302874303,0.544098180735722,0.592309127527144,0.332665999332666,0.775510055757053,0.798951493866748,0.856999856999857,0.766364551863041,0.800453514739229,0.857142857142857
702,100,0,0.01538462,180,1,0,0.75,0.25,28,1,0,0.455031845788674,0.227030707581477,0.659863454702933,0.638794323254107,0.780453894211368,0.789771011425399,0.844084698252876,0.916517369384233,0.382295388829706,0.57545462633452,0.561045454545455,0.547644448591155,0.681242942686056,0.7003,0.777364175483523,0.831731411229135,0.889,0.765893037336024,0.811440677966102,0.888888888888889
