"param_id","eir_equil","sig_het","ff","trial_duration","trial_PQ_eff_stratum_1","trial_PQ_eff_stratum_2","trial_PQ_prop_stratum_1","trial_PQ_prop_stratum_2","trial_PQ_proph","is_LLIN_distributed","is_IRS_administered","eff_cph_recurrent_LM","eff_cph_recurrent_PCR","eff_cph_any_relapse_LM","eff_cph_any_relapse_PCR","eff_cph_relapse_LM_trial","eff_cph_relapse_PCR_trial","eff_cph_relapse_LM_all","eff_cph_relapse_PCR_all","eff_incid_recurrent_PCR","eff_incid_recurrent_LM","eff_incid_recurrent_D","eff_incid_any_relapse_PCR","eff_incid_any_relapse_LM","eff_incid_any_relapse_D","eff_incid_relapse_PCR","eff_incid_relapse_LM","eff_incid_relapse_D","eff_risk_relapse_PCR","eff_risk_relapse_LM","eff_risk_relapse_D"
841,0.1,0,0.01538462,180,1,0,0.75,0.25,45,1,0,0.799284864166779,0.818518897931619,0.801712672165889,0.817731169385247,0.807274711842382,0.822702030295306,0.828686822150229,0.833791122056067,0.705774081143818,0.704194189349573,0.712024739928649,0.70899252085072,0.707634170780586,0.714662232924714,0.725643410290512,0.726054430179847,0.734380696503087,0.75098814229249,0.755524861878453,0.755681818181818
842,0.1,0,0.01538462,180,1,0,0.75,0.25,45,1,0,0.825227911526012,0.838120209902586,0.828277087318639,0.838281761009704,0.830724925311817,0.842601970568469,0.831622786105553,0.840692918249144,0.728270099521076,0.726083560418898,0.746684379995947,0.729831563954355,0.727587562832521,0.749782049975658,0.745349913076671,0.744459332866917,0.77783621541726,0.757536041939712,0.754820936639118,0.781954887218045
843,0.1,0,0.01538462,180,1,0,0.75,0.25,45,1,0,0.82955455036963,0.849991098320748,0.830694927517447,0.850154037895437,0.830238458208602,0.852395132991675,0.847292462292023,0.852222800842937,0.745512450119496,0.752283278895677,0.756594932114563,0.746441430537291,0.754015321854518,0.75746845111007,0.757785212530139,0.766205167849697,0.772056107329681,0.769230769230769,0.771269177126918,0.781544256120527
