"param_id","eir_equil","sig_het","ff","trial_duration","trial_PQ_eff_stratum_1","trial_PQ_eff_stratum_2","trial_PQ_prop_stratum_1","trial_PQ_prop_stratum_2","trial_PQ_proph","is_LLIN_distributed","is_IRS_administered","eff_cph_recurrent_LM","eff_cph_recurrent_PCR","eff_cph_any_relapse_LM","eff_cph_any_relapse_PCR","eff_cph_relapse_LM_trial","eff_cph_relapse_PCR_trial","eff_cph_relapse_LM_all","eff_cph_relapse_PCR_all","eff_incid_recurrent_PCR","eff_incid_recurrent_LM","eff_incid_recurrent_D","eff_incid_any_relapse_PCR","eff_incid_any_relapse_LM","eff_incid_any_relapse_D","eff_incid_relapse_PCR","eff_incid_relapse_LM","eff_incid_relapse_D","eff_risk_relapse_PCR","eff_risk_relapse_LM","eff_risk_relapse_D"
109,0.1,0,0.01538462,180,1,0,0.75,0.25,28,1,0,0.784670640493506,0.811198499987927,0.787655996491238,0.808761255612431,0.787102141466844,0.809507163937586,0.808326674608714,0.823017128669814,0.703807390817469,0.699414443721535,0.68798955613577,0.704455724760293,0.700916230366492,0.69119579500657,0.721749006246451,0.720394736842105,0.713720316622691,0.739427012278308,0.729106628242075,0.727650727650728
1090,1,0,0.01538462,180,1,0,0.75,0.25,45,1,0,0.709034096027033,0.755391360530545,0.749304184010271,0.788034350587322,0.7616988899115,0.818077766922716,0.817965727432924,0.859235077129392,0.727696953060664,0.704581358609795,0.75177304964539,0.76065862981476,0.732466063348416,0.769230769230769,0.787820512820513,0.759525296689569,0.785123966942149,0.755896226415094,0.752225519287834,0.761904761904762
1091,1,0,0.01538462,180,1,0,0.75,0.25,45,1,0,0.742676864023279,0.772074056027675,0.789743220264872,0.816565817650444,0.801414278181633,0.830361645194008,0.847119536832849,0.861086804658364,0.722593591905565,0.737519705727798,0.768089285714286,0.758646831300208,0.773106584821429,0.808833333333333,0.777431498079385,0.790348165965123,0.818363636363636,0.75,0.779349363507779,0.828358208955224
