"param_id","eir_equil","sig_het","ff","trial_duration","trial_PQ_eff_stratum_1","trial_PQ_eff_stratum_2","trial_PQ_prop_stratum_1","trial_PQ_prop_stratum_2","trial_PQ_proph","is_LLIN_distributed","is_IRS_administered","eff_cph_recurrent_LM","eff_cph_recurrent_PCR","eff_cph_any_relapse_LM","eff_cph_any_relapse_PCR","eff_cph_relapse_LM_trial","eff_cph_relapse_PCR_trial","eff_cph_relapse_LM_all","eff_cph_relapse_PCR_all","eff_incid_recurrent_PCR","eff_incid_recurrent_LM","eff_incid_recurrent_D","eff_incid_any_relapse_PCR","eff_incid_any_relapse_LM","eff_incid_any_relapse_D","eff_incid_relapse_PCR","eff_incid_relapse_LM","eff_incid_relapse_D","eff_risk_relapse_PCR","eff_risk_relapse_LM","eff_risk_relapse_D"
1446,100,0,0.01538462,180,1,0,0.75,0.25,45,1,0,0.469591921740284,0.409718780474199,0.608066701108388,0.626346585505941,0.740284425352925,0.690823629961975,0.819601842786372,0.904286180558673,0.445826694268368,0.603160592005934,0.542399542399542,0.593763999143009,0.685747994273028,0.574042127233617,0.735848846265796,0.832238910872747,0.518036555073592,0.735205616850552,0.804444444444444,0.730769230769231
1447,100,0,0.01538462,180,1,0,0.75,0.25,45,1,0,0.450521699029346,0.411247518083773,0.596950739680723,0.672800815967028,0.627775929217226,0.712390304650129,0.787292223563563,0.903664954998136,0.456325660589922,0.601428960920933,0.634169014084507,0.610203271028037,0.695220338983051,0.708625,0.758670065252855,0.820260240963855,0.928642857142857,0.751515151515151,0.789351851851852,0.923076923076923
1448,100,0,0.01538462,180,1,0,0.75,0.25,45,1,0,0.339903630799588,0.386745578583927,0.44146013909594,0.656068419329346,0.599018759489202,0.771081678419308,0.83480435413474,0.919788804451168,0.464891051471147,0.600778409090909,0.690450704225352,0.619701613804927,0.684923512747875,0.667,0.790787437353826,0.838201827242525,0.8668,0.768762677484787,0.814732142857143,0.862068965517241
