"param_id","eir_equil","sig_het","ff","trial_duration","trial_PQ_eff_stratum_1","trial_PQ_eff_stratum_2","trial_PQ_prop_stratum_1","trial_PQ_prop_stratum_2","trial_PQ_proph","is_LLIN_distributed","is_IRS_administered","eff_cph_recurrent_LM","eff_cph_recurrent_PCR","eff_cph_any_relapse_LM","eff_cph_any_relapse_PCR","eff_cph_relapse_LM_trial","eff_cph_relapse_PCR_trial","eff_cph_relapse_LM_all","eff_cph_relapse_PCR_all","eff_incid_recurrent_PCR","eff_incid_recurrent_LM","eff_incid_recurrent_D","eff_incid_any_relapse_PCR","eff_incid_any_relapse_LM","eff_incid_any_relapse_D","eff_incid_relapse_PCR","eff_incid_relapse_LM","eff_incid_relapse_D","eff_risk_relapse_PCR","eff_risk_relapse_LM","eff_risk_relapse_D"
488,10,0,0.01538462,180,1,0,0.75,0.25,28,1,0,0.566474201174993,0.645524862397175,0.621285183285642,0.75955043885679,0.633181762208248,0.828937873153746,0.80735288526155,0.909996990531556,0.662366046249295,0.75635407537248,0.857142857142857,0.728728806938042,0.785645004849661,0.894736842105263,0.788057040998217,0.816371681415929,0.933333333333333,0.757056451612903,0.807894736842105,0.928571428571429
489,10,0,0.01538462,180,1,0,0.75,0.25,28,1,0,0.749801953259719,0.701872707660929,0.801897905152978,0.792239575762475,0.870380702118154,0.862472847833521,0.852019628937239,0.926817292194332,0.669174958310172,0.757643914473684,0.789684210526316,0.735302417175071,0.790164383561644,0.789684210526316,0.800692334770747,0.842865625,0.8126875,0.776659959758551,0.828282828282828,0.866666666666667
49,0.1,0,0.01538462,180,1,0,0.75,0.25,28,1,0,0.780025530450012,0.804108845767789,0.786784742216651,0.808299696233297,0.789165079930698,0.811120373116484,0.802203129897271,0.812796574284278,0.706011771300448,0.704840909090909,0.721058441558442,0.7091875,0.708435179153095,0.72553515625,0.724921246458923,0.722900327868852,0.749922673656619,0.733695652173913,0.731988472622478,0.739406779661017
