"param_id","eir_equil","sig_het","ff","trial_duration","trial_PQ_eff_stratum_1","trial_PQ_eff_stratum_2","trial_PQ_prop_stratum_1","trial_PQ_prop_stratum_2","trial_PQ_proph","is_LLIN_distributed","is_IRS_administered","eff_cph_recurrent_LM","eff_cph_recurrent_PCR","eff_cph_any_relapse_LM","eff_cph_any_relapse_PCR","eff_cph_relapse_LM_trial","eff_cph_relapse_PCR_trial","eff_cph_relapse_LM_all","eff_cph_relapse_PCR_all","eff_incid_recurrent_PCR","eff_incid_recurrent_LM","eff_incid_recurrent_D","eff_incid_any_relapse_PCR","eff_incid_any_relapse_LM","eff_incid_any_relapse_D","eff_incid_relapse_PCR","eff_incid_relapse_LM","eff_incid_relapse_D","eff_risk_relapse_PCR","eff_risk_relapse_LM","eff_risk_relapse_D"
341,1,0,0.01538462,180,1,0,0.75,0.25,28,1,0,0.655696411546795,0.698497974845301,0.725822190607614,0.760153249584563,0.738079399508085,0.78470585110956,0.821802958891416,0.851889877294408,0.67143257639473,0.658511192087454,0.653179190751445,0.709667852906287,0.704557935200439,0.710691823899371,0.744215530903328,0.727004716981132,0.736486486486486,0.736225087924971,0.742446043165468,0.738461538461539
342,1,0,0.01538462,180,1,0,0.75,0.25,28,1,0,0.698212846101175,0.733340684887815,0.754379533447357,0.798675160289322,0.77736618993127,0.821771776086545,0.821483126383847,0.856159038495605,0.683153913296479,0.679368535655961,0.694029850746269,0.717010631644778,0.716881594372802,0.766129032258065,0.746584699453552,0.75111678366305,0.801724137931034,0.764207980652962,0.763473053892216,0.785714285714286
343,1,0,0.01538462,180,1,0,0.75,0.25,28,1,0,0.652395885921786,0.720869117383855,0.707050918221864,0.76942469704658,0.729336210877407,0.793095953824709,0.813152837901768,0.847350499001893,0.671900407194525,0.679326262919202,0.732491111801457,0.711699559954492,0.716877302120455,0.756766111906299,0.734414549229364,0.735932251269675,0.772968845133794,0.747584541062802,0.744807121661721,0.755555555555556
