"param_id","eir_equil","sig_het","ff","trial_duration","trial_PQ_eff_stratum_1","trial_PQ_eff_stratum_2","trial_PQ_prop_stratum_1","trial_PQ_prop_stratum_2","trial_PQ_proph","is_LLIN_distributed","is_IRS_administered","eff_cph_recurrent_LM","eff_cph_recurrent_PCR","eff_cph_any_relapse_LM","eff_cph_any_relapse_PCR","eff_cph_relapse_LM_trial","eff_cph_relapse_PCR_trial","eff_cph_relapse_LM_all","eff_cph_relapse_PCR_all","eff_incid_recurrent_PCR","eff_incid_recurrent_LM","eff_incid_recurrent_D","eff_incid_any_relapse_PCR","eff_incid_any_relapse_LM","eff_incid_any_relapse_D","eff_incid_relapse_PCR","eff_incid_relapse_LM","eff_incid_relapse_D","eff_risk_relapse_PCR","eff_risk_relapse_LM","eff_risk_relapse_D"
822,0.1,0,0.01538462,180,1,0,0.75,0.25,45,1,0,0.820985887058563,0.831425838238247,0.825492075060425,0.834978195586231,0.826226480388579,0.835344355468205,0.833981664270397,0.845194861344676,0.749741468459152,0.743341404358353,0.771055753262159,0.750648004147227,0.744383727990285,0.773809523809524,0.755590223608944,0.750304506699147,0.785202863961814,0.759067357512953,0.756130790190736,0.77843137254902
823,0.1,0,0.01538462,180,1,0,0.75,0.25,45,1,0,0.786157631302051,0.807464269813337,0.786072276502109,0.804500031125211,0.784437376982351,0.804239873121386,0.784873503237245,0.79165484942306,0.666019187358917,0.661531007751938,0.661497076023392,0.667710079275198,0.663450064850843,0.663424206815511,0.675096186681844,0.671890410958904,0.674795749704841,0.700549450549451,0.699857752489331,0.723076923076923
824,0.1,0,0.01538462,180,1,0,0.75,0.25,45,1,0,0.811080034499813,0.843893192614617,0.812437724864143,0.844741772163288,0.810420635349532,0.847586775179824,0.844673418276847,0.853853112896075,0.756153930731171,0.747681876606684,0.739602923264312,0.757298837852795,0.748471844660194,0.737947044334975,0.771050866405813,0.764787442773054,0.756159402241594,0.783926218708827,0.783216783216783,0.775303643724696
