"param_id","eir_equil","sig_het","ff","trial_duration","trial_PQ_eff_stratum_1","trial_PQ_eff_stratum_2","trial_PQ_prop_stratum_1","trial_PQ_prop_stratum_2","trial_PQ_proph","is_LLIN_distributed","is_IRS_administered","eff_cph_recurrent_LM","eff_cph_recurrent_PCR","eff_cph_any_relapse_LM","eff_cph_any_relapse_PCR","eff_cph_relapse_LM_trial","eff_cph_relapse_PCR_trial","eff_cph_relapse_LM_all","eff_cph_relapse_PCR_all","eff_incid_recurrent_PCR","eff_incid_recurrent_LM","eff_incid_recurrent_D","eff_incid_any_relapse_PCR","eff_incid_any_relapse_LM","eff_incid_any_relapse_D","eff_incid_relapse_PCR","eff_incid_relapse_LM","eff_incid_relapse_D","eff_risk_relapse_PCR","eff_risk_relapse_LM","eff_risk_relapse_D"
32,0.1,0,0.01538462,180,1,0,0.75,0.25,28,1,0,0.806902879924909,0.827332085872451,0.811660819692305,0.827519886671885,0.812360838357783,0.828677300294446,0.820489196430817,0.826140280190387,0.705294669323446,0.704162761487602,0.731353290279778,0.707391132780888,0.705474705474705,0.732753831114487,0.721197707774889,0.721085306670892,0.750924633553742,0.739946380697051,0.742937853107345,0.75381679389313
320,1,0,0.01538462,180,1,0,0.75,0.25,28,1,0,0.677797290753152,0.753545199090024,0.735417822586337,0.80122468637676,0.796931515850392,0.836327069549882,0.823397008505411,0.859908592697868,0.693201226309922,0.66061801242236,0.729114285714286,0.719843946188341,0.688021099389228,0.773890625,0.750100032061558,0.721888294711824,0.8004,0.758620689655172,0.754360465116279,0.803738317757009
321,1,0,0.01538462,180,1,0,0.75,0.25,28,1,0,0.638767225656629,0.727768805099854,0.698387616455566,0.777339538877643,0.732076428246751,0.805930343772704,0.826538587984542,0.854019101190032,0.682466703973139,0.68288900050226,0.653941176470588,0.722731387730792,0.719098387096774,0.703744827586207,0.75469970845481,0.750689958896066,0.720867647058824,0.753041362530414,0.755882352941176,0.728813559322034
