"param_id","eir_equil","sig_het","ff","trial_duration","trial_PQ_eff_stratum_1","trial_PQ_eff_stratum_2","trial_PQ_prop_stratum_1","trial_PQ_prop_stratum_2","trial_PQ_proph","is_LLIN_distributed","is_IRS_administered","eff_cph_recurrent_LM","eff_cph_recurrent_PCR","eff_cph_any_relapse_LM","eff_cph_any_relapse_PCR","eff_cph_relapse_LM_trial","eff_cph_relapse_PCR_trial","eff_cph_relapse_LM_all","eff_cph_relapse_PCR_all","eff_incid_recurrent_PCR","eff_incid_recurrent_LM","eff_incid_recurrent_D","eff_incid_any_relapse_PCR","eff_incid_any_relapse_LM","eff_incid_any_relapse_D","eff_incid_relapse_PCR","eff_incid_relapse_LM","eff_incid_relapse_D","eff_risk_relapse_PCR","eff_risk_relapse_LM","eff_risk_relapse_D"
285,1,0,0.01538462,180,1,0,0.75,0.25,28,1,0,0.744913572268984,0.768258797890343,0.788243617632143,0.810642199720369,0.806805025030233,0.842564464487129,0.85692651961301,0.870079841801383,0.701078189436725,0.725766149918423,0.628938912307373,0.73665585138531,0.769712868866915,0.685399370168909,0.77349825538747,0.806038138600147,0.723127105274379,0.769414575866189,0.787142857142857,0.72289156626506
286,1,0,0.01538462,180,1,0,0.75,0.25,28,1,0,0.689618132874903,0.748401111697334,0.747244525165555,0.803995141974459,0.760965451685839,0.809563052547008,0.824752398484189,0.861230848164713,0.672519754170325,0.68994708994709,0.71875,0.707248195795419,0.718463302752294,0.735042735042735,0.735557083906465,0.750629722921914,0.759259259259259,0.766908212560386,0.760709010339734,0.75
287,1,0,0.01538462,180,1,0,0.75,0.25,28,1,0,0.695391778729582,0.720647908672928,0.722119971546261,0.765246287316257,0.753089252084322,0.79808756618436,0.791994820894113,0.835439908990671,0.627586481700118,0.634617504051864,0.622425196850394,0.668359610552764,0.66257027183343,0.667,0.704559834938102,0.700617142857143,0.718728155339806,0.724725943970767,0.720183486238532,0.711111111111111
