"param_id","eir_equil","sig_het","ff","trial_duration","trial_PQ_eff_stratum_1","trial_PQ_eff_stratum_2","trial_PQ_prop_stratum_1","trial_PQ_prop_stratum_2","trial_PQ_proph","is_LLIN_distributed","is_IRS_administered","eff_cph_recurrent_LM","eff_cph_recurrent_PCR","eff_cph_any_relapse_LM","eff_cph_any_relapse_PCR","eff_cph_relapse_LM_trial","eff_cph_relapse_PCR_trial","eff_cph_relapse_LM_all","eff_cph_relapse_PCR_all","eff_incid_recurrent_PCR","eff_incid_recurrent_LM","eff_incid_recurrent_D","eff_incid_any_relapse_PCR","eff_incid_any_relapse_LM","eff_incid_any_relapse_D","eff_incid_relapse_PCR","eff_incid_relapse_LM","eff_incid_relapse_D","eff_risk_relapse_PCR","eff_risk_relapse_LM","eff_risk_relapse_D"
1410,100,0,0.01538462,180,1,0,0.75,0.25,45,1,0,0.391936624123617,0.390127288637816,0.502037267777541,0.655332900222863,0.683339538912701,0.742440822285549,0.818073071976361,0.91282240983715,0.459154356614375,0.624752475247525,0.566666666666667,0.611949260677025,0.685027541311968,0.680851063829787,0.771811181787747,0.804537521815009,0.730769230769231,0.74572864321608,0.797066014669927,0.769230769230769
1411,100,0,0.01538462,180,1,0,0.75,0.25,45,1,0,0.499776384019259,0.425023872282884,0.603800562813241,0.665999684459348,0.740457104450539,0.764572435278118,0.828061160617542,0.920747454834394,0.459684528052133,0.614541810209834,0.691485294117647,0.609193338106183,0.695156353330184,0.739391304347826,0.778712355603594,0.81521875,0.862206896551724,0.771399798590131,0.806146572104019,0.84
1412,100,0,0.01538462,180,1,0,0.75,0.25,45,1,0,0.407814076485377,0.356465021274645,0.500322262595506,0.633836239256086,0.591318659488406,0.67324038345118,0.825330865591045,0.900490826957425,0.448706928201953,0.634761905607559,0.63039963039963,0.58950553578009,0.705300326969954,0.685399685399685,0.735061522003103,0.815668350496213,0.624624624624625,0.731509625126646,0.809628008752735,0.642857142857143
