"param_id","eir_equil","sig_het","ff","trial_duration","trial_PQ_eff_stratum_1","trial_PQ_eff_stratum_2","trial_PQ_prop_stratum_1","trial_PQ_prop_stratum_2","trial_PQ_proph","is_LLIN_distributed","is_IRS_administered","eff_cph_recurrent_LM","eff_cph_recurrent_PCR","eff_cph_any_relapse_LM","eff_cph_any_relapse_PCR","eff_cph_relapse_LM_trial","eff_cph_relapse_PCR_trial","eff_cph_relapse_LM_all","eff_cph_relapse_PCR_all","eff_incid_recurrent_PCR","eff_incid_recurrent_LM","eff_incid_recurrent_D","eff_incid_any_relapse_PCR","eff_incid_any_relapse_LM","eff_incid_any_relapse_D","eff_incid_relapse_PCR","eff_incid_relapse_LM","eff_incid_relapse_D","eff_risk_relapse_PCR","eff_risk_relapse_LM","eff_risk_relapse_D"
1224,10,0,0.01538462,180,1,0,0.75,0.25,45,1,0,0.595464417791926,0.70036978240512,0.673735631319882,0.772385290338465,0.71426723844087,0.824096439812141,0.793509168799549,0.908102551594864,0.672753282653766,0.754454545454545,0.95005,0.730349218569559,0.783924157303371,0.947421052631579,0.767241297048949,0.79977624602333,1,0.751515151515151,0.788804071246819,1
1225,10,0,0.01538462,180,1,0,0.75,0.25,45,1,0,0.521091870094411,0.704828421344781,0.658834542474076,0.776925350065431,0.661008704463759,0.830044551865885,0.797109359903487,0.910497133726587,0.663898719441211,0.717372035977105,0.08425,0.720307376113268,0.756828337874659,0.334,0.762205188679245,0.763476635514019,0.112,0.759878419452888,0.793969849246231,0.333333333333333
1226,10,0,0.01538462,180,1,0,0.75,0.25,45,1,0,0.543210527432113,0.732612531356411,0.568249444002017,0.793802296123349,0.581199988557277,0.829660269220537,0.784164994890661,0.909889320760632,0.677058128283108,0.750024390243902,0.727545454545454,0.731443350511499,0.785496975806452,0.762142857142857,0.768387527642636,0.799739631336406,0.764941176470588,0.753036437246964,0.785714285714286,0.714285714285714
