"param_id","eir_equil","sig_het","ff","trial_duration","trial_PQ_eff_stratum_1","trial_PQ_eff_stratum_2","trial_PQ_prop_stratum_1","trial_PQ_prop_stratum_2","trial_PQ_proph","is_LLIN_distributed","is_IRS_administered","eff_cph_recurrent_LM","eff_cph_recurrent_PCR","eff_cph_any_relapse_LM","eff_cph_any_relapse_PCR","eff_cph_relapse_LM_trial","eff_cph_relapse_PCR_trial","eff_cph_relapse_LM_all","eff_cph_relapse_PCR_all","eff_incid_recurrent_PCR","eff_incid_recurrent_LM","eff_incid_recurrent_D","eff_incid_any_relapse_PCR","eff_incid_any_relapse_LM","eff_incid_any_relapse_D","eff_incid_relapse_PCR","eff_incid_relapse_LM","eff_incid_relapse_D","eff_risk_relapse_PCR","eff_risk_relapse_LM","eff_risk_relapse_D"
1368,10,0,0.01538462,180,1,0,0.75,0.25,45,1,0,0.678616324214576,0.68670389277793,0.72042609307524,0.759748890711128,0.737437791359169,0.805855902648334,0.796295207236858,0.903916292723707,0.643829555650994,0.746703224964095,0.916583249916583,0.700166991817715,0.773157921663225,0.94994994994995,0.740406311608982,0.792744286136357,1,0.735085945399393,0.776349614395887,1
1369,10,0,0.01538462,180,1,0,0.75,0.25,45,1,0,0.635473827286115,0.701002775024124,0.691691147946702,0.780919109624532,0.727132500836504,0.818207163102913,0.828499470089203,0.91382086037902,0.670560458689685,0.77625528754561,0.852148444741037,0.726515633347459,0.800759392486011,0.88024024024024,0.769431353994351,0.822737521916167,0.869826348087218,0.754812563323202,0.80440097799511,0.857142857142857
137,0.1,0,0.01538462,180,1,0,0.75,0.25,28,1,0,0.807192623758549,0.829976893556224,0.807704446434338,0.831295084737295,0.810362669487911,0.833199611309103,0.826036411724048,0.83185332060027,0.729098652727561,0.731251061824687,0.791368041907999,0.730460162114838,0.732987284854505,0.791774439661764,0.743412663309304,0.74408258079295,0.803063933498716,0.752645502645503,0.753443526170799,0.760910815939279
