"param_id","eir_equil","sig_het","ff","trial_duration","trial_PQ_eff_stratum_1","trial_PQ_eff_stratum_2","trial_PQ_prop_stratum_1","trial_PQ_prop_stratum_2","trial_PQ_proph","is_LLIN_distributed","is_IRS_administered","eff_cph_recurrent_LM","eff_cph_recurrent_PCR","eff_cph_any_relapse_LM","eff_cph_any_relapse_PCR","eff_cph_relapse_LM_trial","eff_cph_relapse_PCR_trial","eff_cph_relapse_LM_all","eff_cph_relapse_PCR_all","eff_incid_recurrent_PCR","eff_incid_recurrent_LM","eff_incid_recurrent_D","eff_incid_any_relapse_PCR","eff_incid_any_relapse_LM","eff_incid_any_relapse_D","eff_incid_relapse_PCR","eff_incid_relapse_LM","eff_incid_relapse_D","eff_risk_relapse_PCR","eff_risk_relapse_LM","eff_risk_relapse_D"
1184,1,0,0.01538462,180,1,0,0.75,0.25,45,1,0,0.672366682353259,0.758258007441201,0.711518181671989,0.784100041943704,0.744008567133419,0.807550476003998,0.816417850403166,0.847523646396145,0.677020340846619,0.66735324407827,0.550847457627119,0.703303127740427,0.692688290269379,0.603603603603604,0.72756105296543,0.725373134328358,0.676190476190476,0.738770685579196,0.743185078909613,0.708333333333333
1185,1,0,0.01538462,180,1,0,0.75,0.25,45,1,0,0.712636365415642,0.772561068236355,0.733146130906975,0.790570751520486,0.754107718960275,0.80455325839712,0.812863549259411,0.855555596992522,0.691714836223507,0.686343171585793,0.628787878787879,0.721306650971159,0.718649517684887,0.658333333333333,0.739423076923077,0.736965436438196,0.669811320754717,0.753521126760563,0.741007194244604,0.673913043478261
1186,1,0,0.01538462,180,1,0,0.75,0.25,45,1,0,0.683568127871248,0.724862153921748,0.719073218294417,0.75803471368217,0.749200332403397,0.794929090525507,0.82442698429389,0.857948647445476,0.672130119296169,0.671184377700264,0.666332999666333,0.706545955416097,0.710086369151363,0.703092923431907,0.732354404194042,0.742231501888154,0.685399685399685,0.746180963572268,0.752994011976048,0.694736842105263
