"param_id","eir_equil","sig_het","ff","trial_duration","trial_PQ_eff_stratum_1","trial_PQ_eff_stratum_2","trial_PQ_prop_stratum_1","trial_PQ_prop_stratum_2","trial_PQ_proph","is_LLIN_distributed","is_IRS_administered","eff_cph_recurrent_LM","eff_cph_recurrent_PCR","eff_cph_any_relapse_LM","eff_cph_any_relapse_PCR","eff_cph_relapse_LM_trial","eff_cph_relapse_PCR_trial","eff_cph_relapse_LM_all","eff_cph_relapse_PCR_all","eff_incid_recurrent_PCR","eff_incid_recurrent_LM","eff_incid_recurrent_D","eff_incid_any_relapse_PCR","eff_incid_any_relapse_LM","eff_incid_any_relapse_D","eff_incid_relapse_PCR","eff_incid_relapse_LM","eff_incid_relapse_D","eff_risk_relapse_PCR","eff_risk_relapse_LM","eff_risk_relapse_D"
0,0.1,0,0.01538462,180,1,0,0.75,0.25,28,1,0,0.806790237318998,0.829935995471142,0.809472931147693,0.832702730906075,0.810872946865019,0.837570872787066,0.824190046157365,0.8337105685063,0.709960006462488,0.701929923274316,0.745380863825165,0.712555668108688,0.703627010062445,0.746255472862501,0.727874431092721,0.718087248081264,0.769091447002879,0.760217983651226,0.756062767475036,0.760869565217391
1,0.1,0,0.01538462,180,1,0,0.75,0.25,28,1,0,0.831538220614361,0.846506785058458,0.839350370099806,0.85050974400635,0.837983630317989,0.851984075539627,0.849744967207391,0.856273733899165,0.772017837235229,0.771186440677966,0.783393501805054,0.774356103023516,0.77391874180865,0.787878787878788,0.783220720720721,0.783783783783784,0.801703163017032,0.78045515394913,0.782051282051282,0.807017543859649
10,0.1,0,0.01538462,180,1,0,0.75,0.25,28,1,0,0.826817740795519,0.842288523865663,0.831728636918809,0.843169631860815,0.836159183508437,0.847370340450269,0.838601665628848,0.850471896591264,0.730912973838761,0.730627306273063,0.759593679458239,0.73475935828877,0.735058533579791,0.764705882352941,0.758971612212105,0.759876543209877,0.802036199095023,0.771197846567968,0.766809728183119,0.784905660377359
