"param_id","eir_equil","sig_het","ff","trial_duration","trial_PQ_eff_stratum_1","trial_PQ_eff_stratum_2","trial_PQ_prop_stratum_1","trial_PQ_prop_stratum_2","trial_PQ_proph","is_LLIN_distributed","is_IRS_administered","eff_cph_recurrent_LM","eff_cph_recurrent_PCR","eff_cph_any_relapse_LM","eff_cph_any_relapse_PCR","eff_cph_relapse_LM_trial","eff_cph_relapse_PCR_trial","eff_cph_relapse_LM_all","eff_cph_relapse_PCR_all","eff_incid_recurrent_PCR","eff_incid_recurrent_LM","eff_incid_recurrent_D","eff_incid_any_relapse_PCR","eff_incid_any_relapse_LM","eff_incid_any_relapse_D","eff_incid_relapse_PCR","eff_incid_relapse_LM","eff_incid_relapse_D","eff_risk_relapse_PCR","eff_risk_relapse_LM","eff_risk_relapse_D"
330,1,0,0.01538462,180,1,0,0.75,0.25,28,1,0,0.669808722921974,0.726272710603904,0.739397296401302,0.786706572043625,0.775851916634671,0.815922391830214,0.828950657768717,0.863616411470973,0.674067062818336,0.654706260032103,0.589962686567164,0.716585109576704,0.695710153148043,0.64036,0.752674757281553,0.734659730722154,0.706715596330275,0.754156769596199,0.747489239598278,0.747474747474747
331,1,0,0.01538462,180,1,0,0.75,0.25,28,1,0,0.719536102270516,0.742722092674737,0.748933619601812,0.790158274955893,0.802972731053568,0.82893545473925,0.843993047639744,0.867359716819617,0.704279095121287,0.694403169886082,0.739130434782609,0.742608695652174,0.731256599788807,0.796052631578947,0.77612863327149,0.770574971815107,0.839160839160839,0.767711962833914,0.778541953232462,0.82258064516129
332,1,0,0.01538462,180,1,0,0.75,0.25,28,1,0,0.688226357011138,0.702798543553128,0.71767461780234,0.755460491939985,0.750164510847336,0.79543196921449,0.823875420868442,0.856615641286719,0.664695945945946,0.667527103768714,0.764705882352941,0.707774798927614,0.707969432314411,0.779310344827586,0.745343609505459,0.748973607038123,0.808823529411765,0.744483159117305,0.747875354107649,0.827868852459016
