"param_id","eir_equil","sig_het","ff","trial_duration","trial_PQ_eff_stratum_1","trial_PQ_eff_stratum_2","trial_PQ_prop_stratum_1","trial_PQ_prop_stratum_2","trial_PQ_proph","is_LLIN_distributed","is_IRS_administered","eff_cph_recurrent_LM","eff_cph_recurrent_PCR","eff_cph_any_relapse_LM","eff_cph_any_relapse_PCR","eff_cph_relapse_LM_trial","eff_cph_relapse_PCR_trial","eff_cph_relapse_LM_all","eff_cph_relapse_PCR_all","eff_incid_recurrent_PCR","eff_incid_recurrent_LM","eff_incid_recurrent_D","eff_incid_any_relapse_PCR","eff_incid_any_relapse_LM","eff_incid_any_relapse_D","eff_incid_relapse_PCR","eff_incid_relapse_LM","eff_incid_relapse_D","eff_risk_relapse_PCR","eff_risk_relapse_LM","eff_risk_relapse_D"
414,10,0,0.01538462,180,1,0,0.75,0.25,28,1,0,0.564459168467641,0.657162609470023,0.668206381909694,0.771283534685075,0.672222792723925,0.827850521035805,0.766417997243183,0.907932605892611,0.638255728196107,0.695561335436831,0.749498997995992,0.705269667572669,0.736713502619606,0.789051787786099,0.768410752740701,0.7661626415317,0.749498997995992,0.761904761904762,0.768421052631579,0.733333333333333
415,10,0,0.01538462,180,1,0,0.75,0.25,28,1,0,0.459178363591057,0.669248503042302,0.562204641521726,0.750271737747839,0.669876868320288,0.81733664607969,0.761239024265219,0.904666644478699,0.635836129753915,0.656481481481481,0.5625,0.702074945803654,0.692229038854806,0.5625,0.763955342902711,0.742160278745645,0.714285714285714,0.749492900608519,0.755154639175258,0.714285714285714
416,10,0,0.01538462,180,1,0,0.75,0.25,28,1,0,0.49876882388799,0.63235047764249,0.565603810177194,0.739894604578386,0.599463784774935,0.81347288303042,0.812569619455698,0.907663590982115,0.640874684608915,0.706152433425161,0.75,0.70629589126699,0.742827868852459,0.705882352941176,0.765478761699064,0.772076372315036,0.642857142857143,0.743407707910751,0.787061994609164,0.642857142857143
