"param_id","eir_equil","sig_het","ff","trial_duration","trial_PQ_eff_stratum_1","trial_PQ_eff_stratum_2","trial_PQ_prop_stratum_1","trial_PQ_prop_stratum_2","trial_PQ_proph","is_LLIN_distributed","is_IRS_administered","eff_cph_recurrent_LM","eff_cph_recurrent_PCR","eff_cph_any_relapse_LM","eff_cph_any_relapse_PCR","eff_cph_relapse_LM_trial","eff_cph_relapse_PCR_trial","eff_cph_relapse_LM_all","eff_cph_relapse_PCR_all","eff_incid_recurrent_PCR","eff_incid_recurrent_LM","eff_incid_recurrent_D","eff_incid_any_relapse_PCR","eff_incid_any_relapse_LM","eff_incid_any_relapse_D","eff_incid_relapse_PCR","eff_incid_relapse_LM","eff_incid_relapse_D","eff_risk_relapse_PCR","eff_risk_relapse_LM","eff_risk_relapse_D"
1395,10,0,0.01538462,180,1,0,0.75,0.25,45,1,0,0.689512086404164,0.692165649478178,0.773413302972329,0.782379536418253,0.820162921230269,0.825530159473126,0.835249481122392,0.914202804623036,0.669224872141367,0.776766522235395,0.841947210368263,0.725733227300865,0.81280666091904,0.833166499833166,0.762532411294918,0.824649474299124,0.874874874874875,0.76056338028169,0.814903846153846,0.875
1396,10,0,0.01538462,180,1,0,0.75,0.25,45,1,0,0.647034106611356,0.715824762882278,0.730025991370304,0.787357293825341,0.730018945890425,0.830029969106378,0.801281027540694,0.911658086734585,0.690456284318601,0.746654361307073,0.768999768999769,0.747188512098093,0.784077270988266,0.817999817999818,0.787049322653038,0.811199099455327,0.888777666555444,0.760364004044489,0.815508021390374,0.888888888888889
1397,10,0,0.01538462,180,1,0,0.75,0.25,45,1,0,0.582465143926945,0.701768228921971,0.644443050874768,0.774179347726361,0.703296070451184,0.829868480211023,0.776298772658884,0.915691928884899,0.665546578966183,0.715635738831615,0.631578947368421,0.727229261295721,0.739503816793893,0.733333333333333,0.774184733102569,0.767567567567567,0.785714285714286,0.764408493427705,0.766839378238342,0.785714285714286
