"param_id","eir_equil","sig_het","ff","trial_duration","trial_PQ_eff_stratum_1","trial_PQ_eff_stratum_2","trial_PQ_prop_stratum_1","trial_PQ_prop_stratum_2","trial_PQ_proph","is_LLIN_distributed","is_IRS_administered","eff_cph_recurrent_LM","eff_cph_recurrent_PCR","eff_cph_any_relapse_LM","eff_cph_any_relapse_PCR","eff_cph_relapse_LM_trial","eff_cph_relapse_PCR_trial","eff_cph_relapse_LM_all","eff_cph_relapse_PCR_all","eff_incid_recurrent_PCR","eff_incid_recurrent_LM","eff_incid_recurrent_D","eff_incid_any_relapse_PCR","eff_incid_any_relapse_LM","eff_incid_any_relapse_D","eff_incid_relapse_PCR","eff_incid_relapse_LM","eff_incid_relapse_D","eff_risk_relapse_PCR","eff_risk_relapse_LM","eff_risk_relapse_D"
1443,100,0,0.01538462,180,1,0,0.75,0.25,45,1,0,0.345591120569108,0.33693957319779,0.477696542337694,0.657471517495806,0.627410235758891,0.70624933665781,0.802461999065353,0.904544259730526,0.447334080645992,0.574936956028252,0.612127480767988,0.595324971003941,0.666804651774592,0.803955737562081,0.74374912734264,0.790886120066219,0.908908726543997,0.740927419354839,0.787383177570093,0.875
1444,100,0,0.01538462,180,1,0,0.75,0.25,45,1,0,0.433498619875336,0.410751377337975,0.553150978572969,0.656932484083265,0.568361555969738,0.739236965369773,0.81705181336461,0.896908732981542,0.435157531829571,0.611956534933149,0.684615806956378,0.583262381759364,0.684053339840302,0.779779559118236,0.730438285898221,0.787425881874684,0.749749498997996,0.732251521298174,0.792873051224944,0.736842105263158
1445,100,0,0.01538462,180,1,0,0.75,0.25,45,1,0,0.467467748991403,0.404544558342882,0.557871672379367,0.645551048961635,0.667281501361955,0.747145444093243,0.813040960696742,0.912905936106693,0.466464722958475,0.594059405940594,0.8,0.609735109248728,0.66006600660066,0.735849056603774,0.760779520608406,0.788898233809924,0.928571428571429,0.744959677419355,0.783908045977011,0.916666666666667
