"param_id","eir_equil","sig_het","ff","trial_duration","trial_PQ_eff_stratum_1","trial_PQ_eff_stratum_2","trial_PQ_prop_stratum_1","trial_PQ_prop_stratum_2","trial_PQ_proph","is_LLIN_distributed","is_IRS_administered","eff_cph_recurrent_LM","eff_cph_recurrent_PCR","eff_cph_any_relapse_LM","eff_cph_any_relapse_PCR","eff_cph_relapse_LM_trial","eff_cph_relapse_PCR_trial","eff_cph_relapse_LM_all","eff_cph_relapse_PCR_all","eff_incid_recurrent_PCR","eff_incid_recurrent_LM","eff_incid_recurrent_D","eff_incid_any_relapse_PCR","eff_incid_any_relapse_LM","eff_incid_any_relapse_D","eff_incid_relapse_PCR","eff_incid_relapse_LM","eff_incid_relapse_D","eff_risk_relapse_PCR","eff_risk_relapse_LM","eff_risk_relapse_D"
1298,10,0,0.01538462,180,1,0,0.75,0.25,45,1,0,0.583035144577859,0.676799584516301,0.665708182085879,0.757608291403196,0.713129266908553,0.809800527924052,0.808198665597526,0.910679996355116,0.674815946659258,0.723920863309353,0.666666666666667,0.734717595103432,0.77022977022977,0.689655172413793,0.7747667703243,0.802555168408827,0.846153846153846,0.756072874493927,0.791891891891892,0.833333333333333
1299,10,0,0.01538462,180,1,0,0.75,0.25,45,1,0,0.567341902495731,0.687460407214894,0.636046565881837,0.780116584089322,0.704204521376292,0.820011505853428,0.802690516679075,0.911157383889686,0.668018787124297,0.755527929749374,0.809332951617521,0.726529585064086,0.802161845815525,0.823352587527997,0.763878517237195,0.82479675069202,0.866533066132265,0.753024193548387,0.798469387755102,0.866666666666667
13,0.1,0,0.01538462,180,1,0,0.75,0.25,28,1,0,0.82285569933088,0.834243980164821,0.828169676457994,0.836340120186466,0.830444572595265,0.839252555693864,0.834446838659997,0.841596388191827,0.739019271948608,0.744270718232044,0.764873708381171,0.742714439655172,0.748555212831585,0.768130484988453,0.757587595212187,0.764099065420561,0.784597902097902,0.770718232044199,0.768558951965066,0.781609195402299
