"param_id","eir_equil","sig_het","ff","trial_duration","trial_PQ_eff_stratum_1","trial_PQ_eff_stratum_2","trial_PQ_prop_stratum_1","trial_PQ_prop_stratum_2","trial_PQ_proph","is_LLIN_distributed","is_IRS_administered","eff_cph_recurrent_LM","eff_cph_recurrent_PCR","eff_cph_any_relapse_LM","eff_cph_any_relapse_PCR","eff_cph_relapse_LM_trial","eff_cph_relapse_PCR_trial","eff_cph_relapse_LM_all","eff_cph_relapse_PCR_all","eff_incid_recurrent_PCR","eff_incid_recurrent_LM","eff_incid_recurrent_D","eff_incid_any_relapse_PCR","eff_incid_any_relapse_LM","eff_incid_any_relapse_D","eff_incid_relapse_PCR","eff_incid_relapse_LM","eff_incid_relapse_D","eff_risk_relapse_PCR","eff_risk_relapse_LM","eff_risk_relapse_D"
1181,1,0,0.01538462,180,1,0,0.75,0.25,45,1,0,0.727692758996756,0.736525790559794,0.761602127556958,0.774177570694221,0.782818117981722,0.80551480501325,0.826003985297271,0.860873613122742,0.714730878186969,0.702061855670103,0.722627737226277,0.74509211718514,0.736408566721582,0.746031746031746,0.766118421052632,0.756272401433692,0.756521739130435,0.756788665879575,0.757575757575758,0.772277227722772
1182,1,0,0.01538462,180,1,0,0.75,0.25,45,1,0,0.718697644964222,0.746305194185855,0.76928353500221,0.7854262946491,0.782250321020935,0.792824849617843,0.811415315540889,0.845321629522286,0.701318420443788,0.704249407906723,0.745086446184294,0.72915120873294,0.732742183395918,0.779779559118236,0.740650971120098,0.740261328343892,0.788109064845019,0.741007194244604,0.740849194729136,0.783333333333333
1183,1,0,0.01538462,180,1,0,0.75,0.25,45,1,0,0.634851259155007,0.71492613914519,0.670690099079038,0.768072721694385,0.6698250705147,0.782477051491297,0.823703769200143,0.853465545746077,0.700114518851998,0.672067266949153,0.623181102362205,0.737068019093079,0.708153976311337,0.63901724137931,0.75472437357631,0.720444168734491,0.638343137254902,0.750911300121507,0.760709010339734,0.629213483146067
