"param_id","eir_equil","sig_het","ff","trial_duration","trial_PQ_eff_stratum_1","trial_PQ_eff_stratum_2","trial_PQ_prop_stratum_1","trial_PQ_prop_stratum_2","trial_PQ_proph","is_LLIN_distributed","is_IRS_administered","eff_cph_recurrent_LM","eff_cph_recurrent_PCR","eff_cph_any_relapse_LM","eff_cph_any_relapse_PCR","eff_cph_relapse_LM_trial","eff_cph_relapse_PCR_trial","eff_cph_relapse_LM_all","eff_cph_relapse_PCR_all","eff_incid_recurrent_PCR","eff_incid_recurrent_LM","eff_incid_recurrent_D","eff_incid_any_relapse_PCR","eff_incid_any_relapse_LM","eff_incid_any_relapse_D","eff_incid_relapse_PCR","eff_incid_relapse_LM","eff_incid_relapse_D","eff_risk_relapse_PCR","eff_risk_relapse_LM","eff_risk_relapse_D"
1365,10,0,0.01538462,180,1,0,0.75,0.25,45,1,0,0.605332867459176,0.674335128523173,0.671230228042234,0.752996467718021,0.718784114016979,0.815445147036131,0.80370665450859,0.904463058476901,0.670437981536753,0.73049001814882,0.55,0.72680929945161,0.77037773359841,0.6,0.761672288301083,0.80952380952381,0.75,0.746707193515704,0.790155440414508,0.75
1366,10,0,0.01538462,180,1,0,0.75,0.25,45,1,0,0.64863228613075,0.698697117542079,0.696105468369775,0.770417537736153,0.768038733201569,0.833051967313771,0.836330860173417,0.921182178323448,0.687033265444671,0.751993620414673,0.739130434782609,0.744850045440775,0.794508414526129,0.772727272727273,0.788584791269704,0.818273092369478,0.8,0.77116935483871,0.813267813267813,0.8
1367,10,0,0.01538462,180,1,0,0.75,0.25,45,1,0,0.680155896711856,0.689815174163399,0.727278874008289,0.770774762484386,0.728939331227479,0.808603364683115,0.809245780190758,0.901898956086101,0.663107014388489,0.73,0.76024,0.718892457458225,0.760685236768802,0.727545454545454,0.754906170678337,0.784959247648903,0.684526315789474,0.741116751269036,0.7875,0.736842105263158
