"param_id","eir_equil","sig_het","ff","trial_duration","trial_PQ_eff_stratum_1","trial_PQ_eff_stratum_2","trial_PQ_prop_stratum_1","trial_PQ_prop_stratum_2","trial_PQ_proph","is_LLIN_distributed","is_IRS_administered","eff_cph_recurrent_LM","eff_cph_recurrent_PCR","eff_cph_any_relapse_LM","eff_cph_any_relapse_PCR","eff_cph_relapse_LM_trial","eff_cph_relapse_PCR_trial","eff_cph_relapse_LM_all","eff_cph_relapse_PCR_all","eff_incid_recurrent_PCR","eff_incid_recurrent_LM","eff_incid_recurrent_D","eff_incid_any_relapse_PCR","eff_incid_any_relapse_LM","eff_incid_any_relapse_D","eff_incid_relapse_PCR","eff_incid_relapse_LM","eff_incid_relapse_D","eff_risk_relapse_PCR","eff_risk_relapse_LM","eff_risk_relapse_D"
728,100,0,0.01538462,180,1,0,0.75,0.25,28,1,0,0.352720589943761,0.279849906245274,0.551870904046545,0.648808746236159,0.755284119540449,0.813167644434595,0.856631179114537,0.92822546468146,0.402280869960135,0.566109182707479,0.549295774647887,0.568349868093486,0.676029962546816,0.604651162790698,0.81029718983759,0.87300252312868,0.863636363636364,0.796576032225579,0.854761904761905,0.857142857142857
729,100,0,0.01538462,180,1,0,0.75,0.25,28,1,0,0.304769995672418,0.265781719152318,0.368982104161958,0.618907170374277,0.437982575026077,0.757528924525885,0.816534519237324,0.92159127313746,0.407036659368081,0.551709534176266,0.348184741576176,0.56145044515051,0.637715484853857,0.483353804382959,0.782964718538995,0.805114654086935,0.666332665330661,0.769849246231156,0.797777777777778,0.642857142857143
73,0.1,0,0.01538462,180,1,0,0.75,0.25,28,1,0,0.790905814581999,0.816724940894759,0.794178889491314,0.821298688362635,0.793610458441078,0.820829113675085,0.815861985141113,0.822228042015791,0.688925036147258,0.683894420736526,0.665003649067394,0.69052579261396,0.685934265373518,0.667662350265272,0.703945665595869,0.701103909520743,0.687187187187187,0.733606557377049,0.733997155049787,0.723849372384937
