"param_id","eir_equil","sig_het","ff","trial_duration","trial_PQ_eff_stratum_1","trial_PQ_eff_stratum_2","trial_PQ_prop_stratum_1","trial_PQ_prop_stratum_2","trial_PQ_proph","is_LLIN_distributed","is_IRS_administered","eff_cph_recurrent_LM","eff_cph_recurrent_PCR","eff_cph_any_relapse_LM","eff_cph_any_relapse_PCR","eff_cph_relapse_LM_trial","eff_cph_relapse_PCR_trial","eff_cph_relapse_LM_all","eff_cph_relapse_PCR_all","eff_incid_recurrent_PCR","eff_incid_recurrent_LM","eff_incid_recurrent_D","eff_incid_any_relapse_PCR","eff_incid_any_relapse_LM","eff_incid_any_relapse_D","eff_incid_relapse_PCR","eff_incid_relapse_LM","eff_incid_relapse_D","eff_risk_relapse_PCR","eff_risk_relapse_LM","eff_risk_relapse_D"
1484,100,0,0.01538462,180,1,0,0.75,0.25,45,1,0,0.353634207191709,0.423275602902633,0.577186174173738,0.679833978235716,0.737866929288423,0.761344742438541,0.840890625223514,0.921057838070374,0.460116814983463,0.57434219361853,0.573102514278985,0.614012990934045,0.667612029854483,0.7997997997998,0.776039835993508,0.797094391688986,0.870838580516,0.765656565656566,0.8125,0.84
1485,100,0,0.01538462,180,1,0,0.75,0.25,45,1,0,0.503651290911878,0.375501768585313,0.614215436676453,0.607579003717304,0.590544158210912,0.685835781000908,0.847800131517163,0.907785599776157,0.44883079775777,0.624561134934579,0.517150483817151,0.595387637694457,0.718774642984258,0.682136682136682,0.750810569900923,0.846077940318778,0.704000296592889,0.745216515609265,0.824675324675325,0.666666666666667
1486,100,0,0.01538462,180,1,0,0.75,0.25,45,1,0,0.333537792242056,0.354788159367322,0.475896965718739,0.625835584822136,0.663452644980093,0.737306527463687,0.806136695996035,0.911899182246688,0.439853843142372,0.497907949790795,0.675675675675676,0.597151655119323,0.612752721617418,0.6,0.76598117811084,0.774660633484163,0.916666666666667,0.755081300813008,0.786057692307692,0.904761904761905
