"param_id","eir_equil","sig_het","ff","trial_duration","trial_PQ_eff_stratum_1","trial_PQ_eff_stratum_2","trial_PQ_prop_stratum_1","trial_PQ_prop_stratum_2","trial_PQ_proph","is_LLIN_distributed","is_IRS_administered","eff_cph_recurrent_LM","eff_cph_recurrent_PCR","eff_cph_any_relapse_LM","eff_cph_any_relapse_PCR","eff_cph_relapse_LM_trial","eff_cph_relapse_PCR_trial","eff_cph_relapse_LM_all","eff_cph_relapse_PCR_all","eff_incid_recurrent_PCR","eff_incid_recurrent_LM","eff_incid_recurrent_D","eff_incid_any_relapse_PCR","eff_incid_any_relapse_LM","eff_incid_any_relapse_D","eff_incid_relapse_PCR","eff_incid_relapse_LM","eff_incid_relapse_D","eff_risk_relapse_PCR","eff_risk_relapse_LM","eff_risk_relapse_D"
1521,100,0,0.01538462,180,1,0,0.75,0.25,45,1,0,0.398027424725131,0.43365318942428,0.530441197141445,0.609709066680247,0.680258603117344,0.707582677881381,0.800326581698731,0.906726239439842,0.441564080298309,0.566719492868463,0.612903225806452,0.589662327862667,0.643573817486861,0.674418604651163,0.746429296689907,0.767651888341544,0.821428571428571,0.736153071500504,0.781038374717833,0.807692307692308
1522,100,0,0.01538462,180,1,0,0.75,0.25,45,1,0,0.483401205959513,0.385650345099146,0.633580053801192,0.647561272329247,0.732214427004494,0.723863519661737,0.835731882280205,0.914112248766375,0.447726250258287,0.612599612599613,0.676146734970264,0.600807776311629,0.706379447137969,0.804682731512,0.758712818770016,0.816539512485458,0.87987987987988,0.751258811681772,0.812356979405034,0.875
1523,100,0,0.01538462,180,1,0,0.75,0.25,45,1,0,0.260311486228321,0.362960060130338,0.422190250080274,0.623129861871937,0.520575503614676,0.689570021567149,0.797760928061559,0.91060357367566,0.460724347097789,0.604974160206718,0.529411764705882,0.609443987128639,0.693219535324799,0.636363636363636,0.76954003407155,0.818258664412511,0.769230769230769,0.756811301715439,0.802784222737819,0.769230769230769
