"param_id","eir_equil","sig_het","ff","trial_duration","trial_PQ_eff_stratum_1","trial_PQ_eff_stratum_2","trial_PQ_prop_stratum_1","trial_PQ_prop_stratum_2","trial_PQ_proph","is_LLIN_distributed","is_IRS_administered","eff_cph_recurrent_LM","eff_cph_recurrent_PCR","eff_cph_any_relapse_LM","eff_cph_any_relapse_PCR","eff_cph_relapse_LM_trial","eff_cph_relapse_PCR_trial","eff_cph_relapse_LM_all","eff_cph_relapse_PCR_all","eff_incid_recurrent_PCR","eff_incid_recurrent_LM","eff_incid_recurrent_D","eff_incid_any_relapse_PCR","eff_incid_any_relapse_LM","eff_incid_any_relapse_D","eff_incid_relapse_PCR","eff_incid_relapse_LM","eff_incid_relapse_D","eff_risk_relapse_PCR","eff_risk_relapse_LM","eff_risk_relapse_D"
1498,100,0,0.01538462,180,1,0,0.75,0.25,45,1,0,0.3633623234492,0.417243523932953,0.505986979381471,0.66615152439393,0.65121257565417,0.734174484839423,0.845644231030771,0.920495961129718,0.463079767966158,0.589223454833598,0.333333333333333,0.614489293441767,0.675475197032916,0.714285714285714,0.775402144772118,0.804568527918782,0.857142857142857,0.761088709677419,0.824074074074074,0.857142857142857
1499,100,0,0.01538462,180,1,0,0.75,0.25,45,1,0,0.328033456873071,0.38727230880221,0.472837518534047,0.649034580289563,0.590359851294368,0.737710480209529,0.804401766783624,0.914735550659596,0.440929009916575,0.555844809507165,0.334,0.600962730043597,0.639074367088608,0.545909090909091,0.77445530609399,0.794296398891967,0.8002,0.777777777777778,0.799511002444988,0.8
15,0.1,0,0.01538462,180,1,0,0.75,0.25,28,1,0,0.792686925521867,0.82694895420031,0.799324807157554,0.82988186085899,0.798227743651236,0.830180985813255,0.822859116028022,0.83444238975246,0.742713577260924,0.731886298062769,0.729187018343645,0.74293540402327,0.732081032944165,0.726883627248147,0.75262379591841,0.744037569908217,0.744754534485586,0.760319573901465,0.756338028169014,0.756916996047431
