"param_id","eir_equil","sig_het","ff","trial_duration","trial_PQ_eff_stratum_1","trial_PQ_eff_stratum_2","trial_PQ_prop_stratum_1","trial_PQ_prop_stratum_2","trial_PQ_proph","is_LLIN_distributed","is_IRS_administered","eff_cph_recurrent_LM","eff_cph_recurrent_PCR","eff_cph_any_relapse_LM","eff_cph_any_relapse_PCR","eff_cph_relapse_LM_trial","eff_cph_relapse_PCR_trial","eff_cph_relapse_LM_all","eff_cph_relapse_PCR_all","eff_incid_recurrent_PCR","eff_incid_recurrent_LM","eff_incid_recurrent_D","eff_incid_any_relapse_PCR","eff_incid_any_relapse_LM","eff_incid_any_relapse_D","eff_incid_relapse_PCR","eff_incid_relapse_LM","eff_incid_relapse_D","eff_risk_relapse_PCR","eff_risk_relapse_LM","eff_risk_relapse_D"
1313,10,0,0.01538462,180,1,0,0.75,0.25,45,1,0,0.63908944934451,0.69544474025318,0.691881229320486,0.773009454424526,0.687831308016689,0.825747606593107,0.785720178501777,0.913216432277025,0.659840022065922,0.669595782073814,0.666666666666667,0.714384828862165,0.697203471552555,0.761904761904762,0.750706464146945,0.71978021978022,0.736842105263158,0.756811301715439,0.778920308483291,0.736842105263158
1314,10,0,0.01538462,180,1,0,0.75,0.25,45,1,0,0.622457169946383,0.681896987832364,0.676149787074261,0.785791298116453,0.722232470489819,0.837738309472711,0.824802053179106,0.914149077273373,0.681105971530287,0.767169313159426,0.679679358717435,0.742406331059884,0.800367275193108,0.695347216171473,0.778110033323954,0.828186223192654,0.726999453452359,0.761953204476094,0.802005012531328,0.727272727272727
1315,10,0,0.01538462,180,1,0,0.75,0.25,45,1,0,0.652127529592051,0.698882320205741,0.713910712123748,0.777099740000817,0.780404652306869,0.819214406423475,0.840949877922534,0.917862831571288,0.681673840942771,0.762310606060606,0.588235294117647,0.743730838770537,0.815286624203822,0.6,0.782486132581613,0.85421686746988,0.846153846153846,0.76233635448137,0.834688346883469,0.846153846153846
