"param_id","eir_equil","sig_het","ff","trial_duration","trial_PQ_eff_stratum_1","trial_PQ_eff_stratum_2","trial_PQ_prop_stratum_1","trial_PQ_prop_stratum_2","trial_PQ_proph","is_LLIN_distributed","is_IRS_administered","eff_cph_recurrent_LM","eff_cph_recurrent_PCR","eff_cph_any_relapse_LM","eff_cph_any_relapse_PCR","eff_cph_relapse_LM_trial","eff_cph_relapse_PCR_trial","eff_cph_relapse_LM_all","eff_cph_relapse_PCR_all","eff_incid_recurrent_PCR","eff_incid_recurrent_LM","eff_incid_recurrent_D","eff_incid_any_relapse_PCR","eff_incid_any_relapse_LM","eff_incid_any_relapse_D","eff_incid_relapse_PCR","eff_incid_relapse_LM","eff_incid_relapse_D","eff_risk_relapse_PCR","eff_risk_relapse_LM","eff_risk_relapse_D"
536,10,0,0.01538462,180,1,0,0.75,0.25,28,1,0,0.552757221165563,0.650898337730339,0.584419879436104,0.765919885633161,0.662995981364,0.831640965413429,0.79343263970275,0.910062421436989,0.649587833996589,0.720911310008137,0.611111111111111,0.712916006339144,0.752276867030965,0.6,0.769068573524019,0.77510460251046,0.583333333333333,0.753061224489796,0.77979274611399,0.583333333333333
537,10,0,0.01538462,180,1,0,0.75,0.25,28,1,0,0.711206751352624,0.69463381035275,0.766217558030234,0.768946140941634,0.790593366463278,0.83932197560591,0.793992691265541,0.917495466215343,0.651636138035645,0.695007201903808,0.759759519038076,0.713753357320821,0.715382408918417,0.874874749498998,0.769875250094014,0.75193509289321,0.849849699398798,0.768996960486322,0.764864864864865,0.85
538,10,0,0.01538462,180,1,0,0.75,0.25,28,1,0,0.660855480254068,0.6718345519062,0.718389303191866,0.780706975140321,0.780131004082311,0.831323777041089,0.822092387339288,0.915178935949275,0.666974016951507,0.743222315436242,0.963074074074074,0.731057215462806,0.780678276810266,1,0.791640176211454,0.820623430962343,1,0.759109311740891,0.805970149253731,1
