"param_id","eir_equil","sig_het","ff","trial_duration","trial_PQ_eff_stratum_1","trial_PQ_eff_stratum_2","trial_PQ_prop_stratum_1","trial_PQ_prop_stratum_2","trial_PQ_proph","is_LLIN_distributed","is_IRS_administered","eff_cph_recurrent_LM","eff_cph_recurrent_PCR","eff_cph_any_relapse_LM","eff_cph_any_relapse_PCR","eff_cph_relapse_LM_trial","eff_cph_relapse_PCR_trial","eff_cph_relapse_LM_all","eff_cph_relapse_PCR_all","eff_incid_recurrent_PCR","eff_incid_recurrent_LM","eff_incid_recurrent_D","eff_incid_any_relapse_PCR","eff_incid_any_relapse_LM","eff_incid_any_relapse_D","eff_incid_relapse_PCR","eff_incid_relapse_LM","eff_incid_relapse_D","eff_risk_relapse_PCR","eff_risk_relapse_LM","eff_risk_relapse_D"
239,1,0,0.01538462,180,1,0,0.75,0.25,28,1,0,0.645833679189088,0.728666455384708,0.69867365383365,0.789391678069465,0.751356117225439,0.828390531645388,0.827887627790792,0.86196820239182,0.667627938804438,0.656590175656477,0.644450190703989,0.711479262073719,0.69756076912023,0.697671204477921,0.743998975995904,0.732391612493279,0.716413959995463,0.763095238095238,0.760174418604651,0.731958762886598
24,0.1,0,0.01538462,180,1,0,0.75,0.25,28,1,0,0.812841258666368,0.820756363758274,0.81883947508882,0.826642090201502,0.817849232352669,0.827021894597834,0.826227992771149,0.836208197410337,0.745397159389795,0.741701870850935,0.745412844036697,0.746434231378764,0.742580254391278,0.744827586206897,0.753191489361702,0.749237339841367,0.751732101616628,0.750328515111695,0.747237569060774,0.763500931098696
240,1,0,0.01538462,180,1,0,0.75,0.25,28,1,0,0.632600049337006,0.68350918802062,0.688653486772433,0.748199655545059,0.754736907949262,0.780917165393671,0.8168504511362,0.851503844916533,0.668535889305275,0.642752427184466,0.658236842105263,0.712432242275925,0.684283737024221,0.695542857142857,0.752892857142857,0.729593984962406,0.737105263157895,0.748201438848921,0.749625187406297,0.766666666666667
