"param_id","eir_equil","sig_het","ff","trial_duration","trial_PQ_eff_stratum_1","trial_PQ_eff_stratum_2","trial_PQ_prop_stratum_1","trial_PQ_prop_stratum_2","trial_PQ_proph","is_LLIN_distributed","is_IRS_administered","eff_cph_recurrent_LM","eff_cph_recurrent_PCR","eff_cph_any_relapse_LM","eff_cph_any_relapse_PCR","eff_cph_relapse_LM_trial","eff_cph_relapse_PCR_trial","eff_cph_relapse_LM_all","eff_cph_relapse_PCR_all","eff_incid_recurrent_PCR","eff_incid_recurrent_LM","eff_incid_recurrent_D","eff_incid_any_relapse_PCR","eff_incid_any_relapse_LM","eff_incid_any_relapse_D","eff_incid_relapse_PCR","eff_incid_relapse_LM","eff_incid_relapse_D","eff_risk_relapse_PCR","eff_risk_relapse_LM","eff_risk_relapse_D"
22,0.1,0,0.01538462,180,1,0,0.75,0.25,28,1,0,0.787398000995043,0.830220322595908,0.786053314852985,0.829340738950691,0.786382120002518,0.829271799952205,0.817284616837591,0.834850279141566,0.704053303720156,0.698973042362003,0.655043586550436,0.706079196876743,0.700193423597679,0.656679151061173,0.7271702367531,0.721642764015645,0.678934010152284,0.759408602150538,0.746438746438746,0.717741935483871
220,1,0,0.01538462,180,1,0,0.75,0.25,28,1,0,0.65096931061945,0.727174767955789,0.714915808416409,0.785399513131322,0.761061820747648,0.81810929507849,0.834967024661677,0.862954882351273,0.664072765963819,0.689982740830198,0.773106439773106,0.705959717986176,0.730141100004114,0.791158064539359,0.750402292775174,0.776556927963271,0.834480149440779,0.768674698795181,0.774668630338733,0.826923076923077
221,1,0,0.01538462,180,1,0,0.75,0.25,28,1,0,0.643023285086142,0.706413647561643,0.697160574651418,0.768460019042197,0.731718393083351,0.792284665898691,0.814450131430769,0.847800993806796,0.663273727647868,0.663010967098704,0.565573770491803,0.707488986784141,0.701979668271803,0.607142857142857,0.739792611795204,0.737187127532777,0.634615384615385,0.729216152019002,0.732946298984035,0.630434782608696
