"param_id","eir_equil","sig_het","ff","trial_duration","trial_PQ_eff_stratum_1","trial_PQ_eff_stratum_2","trial_PQ_prop_stratum_1","trial_PQ_prop_stratum_2","trial_PQ_proph","is_LLIN_distributed","is_IRS_administered","eff_cph_recurrent_LM","eff_cph_recurrent_PCR","eff_cph_any_relapse_LM","eff_cph_any_relapse_PCR","eff_cph_relapse_LM_trial","eff_cph_relapse_PCR_trial","eff_cph_relapse_LM_all","eff_cph_relapse_PCR_all","eff_incid_recurrent_PCR","eff_incid_recurrent_LM","eff_incid_recurrent_D","eff_incid_any_relapse_PCR","eff_incid_any_relapse_LM","eff_incid_any_relapse_D","eff_incid_relapse_PCR","eff_incid_relapse_LM","eff_incid_relapse_D","eff_risk_relapse_PCR","eff_risk_relapse_LM","eff_risk_relapse_D"
1149,1,0,0.01538462,180,1,0,0.75,0.25,45,1,0,0.672138752121556,0.767325621590333,0.731545611071509,0.808915655599016,0.765624318014516,0.825538103754593,0.845541483756006,0.872734231693703,0.741093198992443,0.727365527488856,0.556895161290323,0.774668350668648,0.764724446786091,0.675325,0.790277652370203,0.783127020785219,0.705057142857143,0.786729857819905,0.792318634423898,0.74
115,0.1,0,0.01538462,180,1,0,0.75,0.25,28,1,0,0.85541394456158,0.872063865594808,0.859006789701628,0.873782211911416,0.860904691806917,0.875737405113335,0.863971568926947,0.874847020292079,0.786403895992937,0.772194403066886,0.790751203180582,0.788259968059016,0.774422309633577,0.794579159658525,0.802567054029042,0.790430824913584,0.81986542351007,0.81282722513089,0.808864265927978,0.820415879017013
1150,1,0,0.01538462,180,1,0,0.75,0.25,45,1,0,0.685430603229839,0.756970816123201,0.745243024835302,0.788705924869485,0.749958447453155,0.789371953631167,0.828259507809526,0.850569460784113,0.707753730742237,0.719270552603886,0.695007507507508,0.738510279298547,0.748043498043498,0.733066399733066,0.746248580359173,0.757560306873665,0.729459188918648,0.753309265944645,0.764705882352941,0.708333333333333
