"param_id","eir_equil","sig_het","ff","trial_duration","trial_PQ_eff_stratum_1","trial_PQ_eff_stratum_2","trial_PQ_prop_stratum_1","trial_PQ_prop_stratum_2","trial_PQ_proph","is_LLIN_distributed","is_IRS_administered","eff_cph_recurrent_LM","eff_cph_recurrent_PCR","eff_cph_any_relapse_LM","eff_cph_any_relapse_PCR","eff_cph_relapse_LM_trial","eff_cph_relapse_PCR_trial","eff_cph_relapse_LM_all","eff_cph_relapse_PCR_all","eff_incid_recurrent_PCR","eff_incid_recurrent_LM","eff_incid_recurrent_D","eff_incid_any_relapse_PCR","eff_incid_any_relapse_LM","eff_incid_any_relapse_D","eff_incid_relapse_PCR","eff_incid_relapse_LM","eff_incid_relapse_D","eff_risk_relapse_PCR","eff_risk_relapse_LM","eff_risk_relapse_D"
1421,100,0,0.01538462,180,1,0,0.75,0.25,45,1,0,0.387119486092836,0.390258733806489,0.57736816198522,0.610780957581354,0.630612586255881,0.721863154860221,0.776231586242651,0.899920990881384,0.444163354773635,0.583655760365616,0.520167094752886,0.588018467341131,0.643775165678613,0.665998663994656,0.73686304726437,0.710192224992819,0.768768305842454,0.719635627530364,0.731651376146789,0.769230769230769
1422,100,0,0.01538462,180,1,0,0.75,0.25,45,1,0,0.472317129724145,0.363748925419884,0.510039874586858,0.642642291502457,0.633959401335148,0.759778799290133,0.822967303552054,0.914889189599581,0.468545699676935,0.662927981109799,0.671641791044776,0.618792599805258,0.727312970340859,0.711538461538461,0.780926284835929,0.84206529992407,0.823529411764706,0.768145161290323,0.805369127516778,0.806451612903226
1423,100,0,0.01538462,180,1,0,0.75,0.25,45,1,0,0.406198558806219,0.416247382479173,0.586983776033239,0.642117922153082,0.748033570390504,0.744328964122787,0.834269154574273,0.90974333390536,0.446134315094579,0.629263627669748,0.551724137931034,0.598386794222472,0.716026241799438,0.615384615384615,0.755765414357079,0.844255319148936,0.875,0.752525252525252,0.817102137767221,0.869565217391304
