"param_id","eir_equil","sig_het","ff","trial_duration","trial_PQ_eff_stratum_1","trial_PQ_eff_stratum_2","trial_PQ_prop_stratum_1","trial_PQ_prop_stratum_2","trial_PQ_proph","is_LLIN_distributed","is_IRS_administered","eff_cph_recurrent_LM","eff_cph_recurrent_PCR","eff_cph_any_relapse_LM","eff_cph_any_relapse_PCR","eff_cph_relapse_LM_trial","eff_cph_relapse_PCR_trial","eff_cph_relapse_LM_all","eff_cph_relapse_PCR_all","eff_incid_recurrent_PCR","eff_incid_recurrent_LM","eff_incid_recurrent_D","eff_incid_any_relapse_PCR","eff_incid_any_relapse_LM","eff_incid_any_relapse_D","eff_incid_relapse_PCR","eff_incid_relapse_LM","eff_incid_relapse_D","eff_risk_relapse_PCR","eff_risk_relapse_LM","eff_risk_relapse_D"
569,10,0,0.01538462,180,1,0,0.75,0.25,28,1,0,0.505038889047335,0.656764166598759,0.61103063193847,0.764919961419509,0.688167735163373,0.822336194958742,0.800249579770726,0.903938587009836,0.640958758473064,0.704620476610768,0.667,0.707145737051793,0.733994082840237,0.692615384615385,0.764737504560379,0.776759776536313,0.7003,0.755351681957187,0.794344473007712,0.666666666666667
57,0.1,0,0.01538462,180,1,0,0.75,0.25,28,1,0,0.80186770300994,0.828444556613795,0.801864164845457,0.827906855155057,0.805618537471127,0.830262404119721,0.824866890756507,0.831603228832249,0.715042372881356,0.709677419354839,0.713950762016413,0.717472118959108,0.711233211233211,0.715294117647059,0.732942430703625,0.727495407225965,0.738770685579196,0.751004016064257,0.749299719887955,0.746534653465347
570,10,0,0.01538462,180,1,0,0.75,0.25,28,1,0,0.672575306692078,0.649267313668376,0.700383510603674,0.755479760911953,0.773596310164145,0.829049763147412,0.81488432232886,0.910383342689275,0.64122074743979,0.676173869722257,0.83983983983984,0.70162102149561,0.711956854813998,0.817999817999818,0.760918519635395,0.757615589978803,0.856999856999857,0.752525252525252,0.807106598984772,0.857142857142857
