"param_id","eir_equil","sig_het","ff","trial_duration","trial_PQ_eff_stratum_1","trial_PQ_eff_stratum_2","trial_PQ_prop_stratum_1","trial_PQ_prop_stratum_2","trial_PQ_proph","is_LLIN_distributed","is_IRS_administered","eff_cph_recurrent_LM","eff_cph_recurrent_PCR","eff_cph_any_relapse_LM","eff_cph_any_relapse_PCR","eff_cph_relapse_LM_trial","eff_cph_relapse_PCR_trial","eff_cph_relapse_LM_all","eff_cph_relapse_PCR_all","eff_incid_recurrent_PCR","eff_incid_recurrent_LM","eff_incid_recurrent_D","eff_incid_any_relapse_PCR","eff_incid_any_relapse_LM","eff_incid_any_relapse_D","eff_incid_relapse_PCR","eff_incid_relapse_LM","eff_incid_relapse_D","eff_risk_relapse_PCR","eff_risk_relapse_LM","eff_risk_relapse_D"
852,0.1,0,0.01538462,180,1,0,0.75,0.25,45,1,0,0.779428109678852,0.820951663516101,0.779064378614707,0.820159755587839,0.778443055378149,0.819682897730084,0.821281416038241,0.829409721376554,0.725754247398083,0.734142407905714,0.742116060572032,0.725247800055281,0.733767708626288,0.741492399291674,0.733379004696834,0.742499941359979,0.757524514806068,0.752305665349144,0.749656121045392,0.742063492063492
853,0.1,0,0.01538462,180,1,0,0.75,0.25,45,1,0,0.816508387398039,0.83108376671555,0.816322614518582,0.833733001925805,0.81707837431486,0.835332273143688,0.847172370281737,0.849177060639566,0.755296610169492,0.758873929008568,0.778177458033573,0.757430997876858,0.760882893930104,0.778580024067389,0.763985082578583,0.767241379310345,0.78433734939759,0.772020725388601,0.780189959294437,0.777131782945736
854,0.1,0,0.01538462,180,1,0,0.75,0.25,45,1,0,0.808838969747157,0.829214529210479,0.816575669759106,0.831427343920524,0.818249237838983,0.832177324783648,0.821548042178482,0.830027389302623,0.695582122905028,0.694714193130266,0.696369077306733,0.697966311061202,0.696373941368078,0.698598997493734,0.713490129723632,0.714111183780249,0.723476070528967,0.744884038199181,0.74633431085044,0.738241308793456
