"param_id","eir_equil","sig_het","ff","trial_duration","trial_PQ_eff_stratum_1","trial_PQ_eff_stratum_2","trial_PQ_prop_stratum_1","trial_PQ_prop_stratum_2","trial_PQ_proph","is_LLIN_distributed","is_IRS_administered","eff_cph_recurrent_LM","eff_cph_recurrent_PCR","eff_cph_any_relapse_LM","eff_cph_any_relapse_PCR","eff_cph_relapse_LM_trial","eff_cph_relapse_PCR_trial","eff_cph_relapse_LM_all","eff_cph_relapse_PCR_all","eff_incid_recurrent_PCR","eff_incid_recurrent_LM","eff_incid_recurrent_D","eff_incid_any_relapse_PCR","eff_incid_any_relapse_LM","eff_incid_any_relapse_D","eff_incid_relapse_PCR","eff_incid_relapse_LM","eff_incid_relapse_D","eff_risk_relapse_PCR","eff_risk_relapse_LM","eff_risk_relapse_D"
1502,100,0,0.01538462,180,1,0,0.75,0.25,45,1,0,0.399384322529691,0.372261762724742,0.599354350444875,0.667712712121797,0.650905951914151,0.74198332186641,0.826941035620547,0.914536193898826,0.444594067969352,0.594079190853384,0.651143206698762,0.601026660236935,0.690860587412311,0.72028028028028,0.769705020186716,0.810286247786248,0.741000259518778,0.766129032258065,0.806382978723404,0.740740740740741
1503,100,0,0.01538462,180,1,0,0.75,0.25,45,1,0,0.465053745153816,0.457949108278983,0.574649521759924,0.638490256769634,0.704673567539842,0.733707993040752,0.814471235487433,0.906683902850972,0.456078510929655,0.633394383394383,0.656716417910448,0.60165418576059,0.691879350348028,0.645833333333333,0.749334929502527,0.795161290322581,0.64,0.731584258324924,0.787810383747178,0.64
1504,100,0,0.01538462,180,1,0,0.75,0.25,45,1,0,0.41873732743918,0.398144868366121,0.539379611510042,0.645542162393253,0.67920817626903,0.687866626852177,0.785553410579291,0.905337339253969,0.445141308555943,0.601141407736208,0.618181818181818,0.596783414002058,0.6763723150358,0.75,0.752083912197833,0.791666666666667,0.833333333333333,0.74572864321608,0.782407407407407,0.833333333333333
