"param_id","eir_equil","sig_het","ff","trial_duration","trial_PQ_eff_stratum_1","trial_PQ_eff_stratum_2","trial_PQ_prop_stratum_1","trial_PQ_prop_stratum_2","trial_PQ_proph","is_LLIN_distributed","is_IRS_administered","eff_cph_recurrent_LM","eff_cph_recurrent_PCR","eff_cph_any_relapse_LM","eff_cph_any_relapse_PCR","eff_cph_relapse_LM_trial","eff_cph_relapse_PCR_trial","eff_cph_relapse_LM_all","eff_cph_relapse_PCR_all","eff_incid_recurrent_PCR","eff_incid_recurrent_LM","eff_incid_recurrent_D","eff_incid_any_relapse_PCR","eff_incid_any_relapse_LM","eff_incid_any_relapse_D","eff_incid_relapse_PCR","eff_incid_relapse_LM","eff_incid_relapse_D","eff_risk_relapse_PCR","eff_risk_relapse_LM","eff_risk_relapse_D"
574,10,0,0.01538462,180,1,0,0.75,0.25,28,1,0,0.411942985791686,0.60884213499119,0.474360646032404,0.721031056789311,0.519275634910689,0.78962493597441,0.76589943230497,0.908730882204905,0.641807791483727,0.66119557195572,0.52096,0.709178685336445,0.709991726990693,0.477238095238095,0.767762141629737,0.744725943970767,0.501,0.741641337386018,0.746031746031746,0.526315789473684
575,10,0,0.01538462,180,1,0,0.75,0.25,28,1,0,0.472236453478898,0.655676067630659,0.529124209605958,0.772141664006088,0.63353043739674,0.839646373518147,0.767717023661815,0.908943942365213,0.624954492717673,0.67795763973535,0.498495486459378,0.695963617653488,0.721821715145436,0.468995220956989,0.762280421424329,0.748437994284252,0.623871614844534,0.755040322580645,0.758354755784062,0.625
576,10,0,0.01538462,180,1,0,0.75,0.25,28,1,0,0.58412558131382,0.657940127685224,0.673337271298821,0.755923066515574,0.702312408045535,0.812857695287016,0.780747505215403,0.910259581379118,0.644848710626303,0.717917526136704,0.618666285332952,0.707800062656192,0.739435748112538,0.687187187187187,0.766244420777024,0.769481621797016,0.74974974974975,0.753024193548387,0.788888888888889,0.75
