"param_id","eir_equil","sig_het","ff","trial_duration","trial_PQ_eff_stratum_1","trial_PQ_eff_stratum_2","trial_PQ_prop_stratum_1","trial_PQ_prop_stratum_2","trial_PQ_proph","is_LLIN_distributed","is_IRS_administered","eff_cph_recurrent_LM","eff_cph_recurrent_PCR","eff_cph_any_relapse_LM","eff_cph_any_relapse_PCR","eff_cph_relapse_LM_trial","eff_cph_relapse_PCR_trial","eff_cph_relapse_LM_all","eff_cph_relapse_PCR_all","eff_incid_recurrent_PCR","eff_incid_recurrent_LM","eff_incid_recurrent_D","eff_incid_any_relapse_PCR","eff_incid_any_relapse_LM","eff_incid_any_relapse_D","eff_incid_relapse_PCR","eff_incid_relapse_LM","eff_incid_relapse_D","eff_risk_relapse_PCR","eff_risk_relapse_LM","eff_risk_relapse_D"
385,1,0,0.01538462,180,1,0,0.75,0.25,28,1,0,0.698823207771084,0.752426250781444,0.750327044770692,0.789199184866562,0.778537933370917,0.819870735955846,0.816306141187793,0.85920016366124,0.707084813467792,0.706003232451595,0.626610737721849,0.742767731020301,0.741555833880042,0.73923503335268,0.769073172314354,0.764470352705647,0.775637706672189,0.761336515513127,0.752623688155922,0.765957446808511
386,1,0,0.01538462,180,1,0,0.75,0.25,28,1,0,0.682832558851436,0.727239986686446,0.727270003915733,0.778309443891548,0.750223714637372,0.795353083158262,0.807131380335112,0.843060871741422,0.668197849746132,0.662067225546282,0.673951076756688,0.697157705640828,0.691563744228545,0.724448897795591,0.723618463189656,0.720090391499435,0.782173041735645,0.732779097387173,0.729106628242075,0.794117647058824
387,1,0,0.01538462,180,1,0,0.75,0.25,28,1,0,0.603265130475086,0.696289087057417,0.686985568348629,0.781172102783683,0.736778293750945,0.807622595081089,0.820370516202834,0.856944852764466,0.662668227033353,0.65,0.688,0.712422360248447,0.701306076093129,0.735042735042735,0.754374380983823,0.74546553808948,0.771428571428571,0.749108204518431,0.743065693430657,0.75
