"param_id","prop_relapse"
3532,0.891515994436718
3533,0.886997464686708
3534,0.891721969961579
3535,0.884711779448622
3536,0.889278206026629
3537,0.882290934645116
3538,0.895319757056091
3539,0.896468974974289
354,0.876591230551627
3540,0.887719298245614
3541,0.899858457183298
3542,0.888383484954514
3543,0.885416666666667
