"param_id","prop_relapse"
2187,0.701496110113704
2188,0.709189877815739
2189,0.706672187389093
219,0.879352796341892
2190,0.712528868360277
2191,0.702871912693854
2192,0.705146845013085
2193,0.707750877401701
2194,0.70916785884597
2195,0.714858970630997
2196,0.700902151283831
2197,0.699040418726374
2198,0.711083801498127
