"param_id","prop_relapse"
8939,0.535160905840286
894,0.801739834108841
8940,0.535850745241128
8941,0.543385729128264
8942,0.549424977235169
8943,0.542318586458052
8944,0.542649787910923
8945,0.547300493276573
8946,0.542952432286754
8947,0.540313925409176
8948,0.538867772208954
8949,0.545710029118981
895,0.808107557547362
