"param_id","prop_relapse"
9969,0.897787144362487
997,0.795212230939449
9970,0.902613677049767
9971,0.895344640923854
9972,0.902802412202909
9973,0.886866523911492
9974,0.892358559882439
9975,0.891807811959903
9976,0.895104895104895
9977,0.90169133192389
9978,0.898434782608696
9979,0.900907187718074
998,0.81487707501576
