"param_id","prop_relapse"
2749,0.301405539479124
275,0.880960791239845
2750,0.296901875453321
2751,0.299030947170991
2752,0.301964251878987
2753,0.300648822314481
2754,0.303853233779396
2755,0.296366428917082
2756,0.299979291778836
2757,0.299480040254948
2758,0.298652246599657
2759,0.299910586180366
276,0.87755809920222
