"param_id","prop_relapse"
5077,0.83823729737093
5078,0.835241862724686
5079,0.827892170143593
508,0.888356164383562
5080,0.832174706832385
5081,0.828033788888126
5082,0.836704119850187
5083,0.840882127154721
5084,0.835380669546436
5085,0.834076105587933
5086,0.836066684738412
5087,0.825309111003661
5088,0.832137931034483
