"param_id","prop_relapse"
289,0.866167023554604
2890,0.298908041168103
2891,0.299601577176359
2892,0.303955745746791
2893,0.299618007064816
2894,0.302151178319739
2895,0.298863494442363
2896,0.300726061684215
2897,0.30281616305647
2898,0.300728300563247
2899,0.296220887956288
29,0.870285512865703
290,0.875175808720112
