"param_id","prop_relapse"
9921,0.88558106169297
9922,0.895569620253165
9923,0.891257225433526
9924,0.906449326718639
9925,0.891910739191074
9926,0.907986111111111
9927,0.889329488103821
9928,0.89221140472879
9929,0.893390191897655
993,0.818163471241171
9930,0.903395169758488
9931,0.905012267788293
9932,0.884199134199134
