"param_id","prop_relapse"
4668,0.824009799918334
4669,0.801427115188583
467,0.887776243093923
4670,0.82335265078343
4671,0.811742582532386
4672,0.79859034600598
4673,0.810173697270472
4674,0.81047797954498
4675,0.799483092827913
4676,0.815414094102619
4677,0.806827643630308
4678,0.816248404934071
4679,0.808118853316593
