"param_id","prop_relapse"
9090,0.544395041767718
9091,0.53573347662547
9092,0.538756013280033
9093,0.543705941591138
9094,0.535501152855012
9095,0.540644145531711
9096,0.548415315254693
9097,0.539370078740158
9098,0.541652323580034
9099,0.540301003344482
91,0.882289416846652
910,0.816645542881284
9100,0.5403688733399
