"param_id","prop_relapse"
1473,0.81085138322968
1474,0.786302470375577
1475,0.816209578387229
1476,0.796683178979108
1477,0.809111523397238
1478,0.80932022231723
1479,0.808380711728785
148,0.88950660180681
1480,0.803954214360042
1481,0.805298829328404
1482,0.804384133611691
1483,0.807844773628208
1484,0.798207212841359
