"param_id","prop_relapse"
5557,0.715816747144035
5558,0.722277430291693
5559,0.709512955854127
556,0.873967684021544
5560,0.727940305578586
5561,0.715422058648937
5562,0.718485390578414
5563,0.716520614009292
5564,0.720440459714784
5565,0.714108837922292
5566,0.715203044176229
5567,0.716195250029837
5568,0.71598129720657
