"param_id","prop_relapse"
6376,0.307672731899733
6377,0.307538415698293
6378,0.307352281705781
6379,0.303729012513887
638,0.886641088245553
6380,0.308832030831817
6381,0.30491459708687
6382,0.306958284073636
6383,0.299032390147189
6384,0.305569017467709
6385,0.31151832460733
6386,0.306821991283942
6387,0.311365528726062
