"param_id","prop_relapse"
3919,0.886480908152735
392,0.886176066024759
3920,0.891891891891892
3921,0.884416924664603
3922,0.891364902506964
3923,0.884574278589241
3924,0.864921465968586
3925,0.876834944504117
3926,0.885413005272408
3927,0.881343556042351
3928,0.885097493036212
3929,0.876600284495021
393,0.887636612021858
