"param_id","prop_relapse"
8447,0.877714859149882
8448,0.874061657313607
8449,0.878885466255951
845,0.813508920985556
8450,0.888095238095238
8451,0.882618348492444
8452,0.883048143851508
8453,0.884814463804039
8454,0.878651685393258
8455,0.880838622263424
8456,0.881541882876205
8457,0.880516764991412
8458,0.878973988439306
