"param_id","prop_relapse"
1977,0.701024855695606
1978,0.709884921805842
1979,0.70556776992097
198,0.880995311936531
1980,0.70682966968379
1981,0.702590434431431
1982,0.697555829083875
1983,0.71552897993014
1984,0.707223880597015
1985,0.711996688937504
1986,0.706095494126585
1987,0.705953024568991
1988,0.703539312889094
