"param_id","prop_relapse"
6434,0.896588486140725
6435,0.891969751530429
6436,0.891666666666667
6437,0.887242500903506
6438,0.895015906680806
6439,0.898470097357441
644,0.879551820728291
6440,0.893266475644699
6441,0.894297130403196
6442,0.906797477224947
6443,0.892025405786874
6444,0.895648967551622
6445,0.899159663865546
