"param_id","prop_relapse"
4972,0.784882232462878
4973,0.782213336772862
4974,0.792762718654026
4975,0.791101750691062
4976,0.784979155810318
4977,0.800038902937172
4978,0.792541241414725
4979,0.780571278136106
498,0.876508161816891
4980,0.797927461139896
4981,0.789065529274913
4982,0.796500448660428
4983,0.789698736637512
