"param_id","prop_relapse"
2679,0.300025033377837
268,0.891770401106501
2680,0.299538407402041
2681,0.303406597955213
2682,0.300303379014541
2683,0.300539755034254
2684,0.301146107834525
2685,0.305641046826266
2686,0.300587326120556
2687,0.300012632110826
2688,0.301046473302571
2689,0.30118909512761
269,0.887793267596056
