"param_id","prop_relapse"
9137,0.543120138582249
9138,0.537474035482004
9139,0.539631786207129
914,0.814300306435138
9140,0.545072949460072
9141,0.542414107631499
9142,0.543288669094797
9143,0.549108340037544
9144,0.541124654307078
9145,0.541919479735845
9146,0.540965998724533
9147,0.538080743887347
9148,0.541085009295251
