"param_id","prop_relapse"
12723,0.316321908500679
12724,0.312271699425987
12725,0.315043274012316
12726,0.314709622721492
12727,0.31648266511718
12728,0.313668058318215
12729,0.320734109988008
1273,0.796715859488672
12730,0.318217962218736
12731,0.313290933165469
12732,0.314704877423764
12733,0.310352971487461
12734,0.314187360626989
