"param_id","prop_relapse"
1215,0.82139848357203
12150,0.602420856610801
12151,0.599402985074627
12152,0.599646421862915
12153,0.597808677926616
12154,0.605171648416691
12155,0.598599594619495
12156,0.602872612422921
12157,0.589957846831052
12158,0.5977210071678
12159,0.591219332226526
1216,0.807221283783784
12160,0.604695664973872
