"param_id","prop_relapse"
2807,0.305291270238691
2808,0.301428512617842
2809,0.298882797574549
281,0.876824492702029
2810,0.301819925368467
2811,0.30425111220959
2812,0.301890281487569
2813,0.2997159385432
2814,0.301142092807902
2815,0.305083700078148
2816,0.305687353704055
2817,0.303287772441817
2818,0.300680730890008
