"param_id","prop_relapse"
9465,0.309714679768985
9466,0.315338602862636
9467,0.30956925345942
9468,0.3120139591995
9469,0.312052882210964
947,0.809341825902335
9470,0.310089657243362
9471,0.312858488143138
9472,0.311690271400548
9473,0.314703853780498
9474,0.313548387096774
9475,0.316986603761335
9476,0.318465825136151
