"param_id","prop_relapse"
6189,0.332551160849259
619,0.883032981978919
6190,0.329106198291062
6191,0.334336610706084
6192,0.331896065196289
6193,0.336993699369937
6194,0.331942062990705
6195,0.336949846468782
6196,0.335151147916246
6197,0.332976850923512
6198,0.335141772717124
6199,0.332378288137887
62,0.870266479663394
