"param_id","prop_relapse"
3064,0.301946582163875
3065,0.301061913929082
3066,0.299106223485317
3067,0.30009646764229
3068,0.303839940350441
3069,0.301627268187115
307,0.884505021520803
3070,0.298564573508728
3071,0.300683136235114
3072,0.295905190369074
3073,0.302181072516001
3074,0.296169404771733
3075,0.299739989599584
