"param_id","prop_relapse"
4480,0.847421808960271
4481,0.821695760598504
4482,0.837619553666312
4483,0.823203241629345
4484,0.837538060026098
4485,0.839449541284404
4486,0.825945945945946
4487,0.833711106532042
4488,0.837139164153382
4489,0.827030511388053
449,0.882592466915507
4490,0.827586206896552
4491,0.84330035971223
