"param_id","prop_relapse"
12782,0.316785074175646
12783,0.318002909215368
12784,0.313444999678298
12785,0.313832683553678
12786,0.319640263180381
12787,0.312287951283167
12788,0.315604357896543
12789,0.312307327483993
1279,0.804852758191622
12790,0.318354226936676
12791,0.317658123677404
12792,0.316157993084044
12793,0.314582656706723
