"param_id","prop_relapse"
11822,0.726230899830221
11823,0.731920578055741
11824,0.723967738052245
11825,0.720065809518006
11826,0.724332772301034
11827,0.723470319634703
11828,0.717715332926084
11829,0.719819318111503
1183,0.79949452401011
11830,0.736207105614163
11831,0.729555236728838
11832,0.728378861982584
11833,0.732479095229501
