"param_id","prop_relapse"
4164,0.85172570390554
4165,0.868194192377496
4166,0.86184792219275
4167,0.845986038394415
4168,0.868054018153642
4169,0.857050730868444
417,0.873413130214001
4170,0.855741360089186
4171,0.85074290859973
4172,0.859107303877367
4173,0.855257369115706
4174,0.854294478527607
4175,0.868954398894519
