"param_id","prop_relapse"
10254,0.880289330922242
10255,0.882908074099965
10256,0.882656572608396
10257,0.874867444326617
10258,0.889347079037801
10259,0.874227553616867
1026,0.789234893792535
10260,0.883246977547496
10261,0.878606615059817
10262,0.878169014084507
10263,0.892819614711033
10264,0.876717281272596
10265,0.878669968164132
