"param_id","prop_relapse"
11342,0.899632802937577
11343,0.895590775933298
11344,0.902469683525584
11345,0.903812572759022
11346,0.903078421092053
11347,0.907809834606542
11348,0.902381479023815
11349,0.907232358760167
1135,0.804051172707889
11350,0.901501501501502
11351,0.904561247874621
11352,0.910445537177768
11353,0.902333686922261
