"param_id","prop_relapse"
11495,0.920208684977751
11496,0.917012135373483
11497,0.911251504211793
11498,0.914307228915663
11499,0.911671692285063
115,0.882016446192349
1150,0.804720133667502
11500,0.912626336604658
11501,0.914556493410336
11502,0.912663755458515
11503,0.911967606478704
11504,0.918017018128006
11505,0.913285241959723
