"param_id","prop_relapse"
8037,0.882844574780059
8038,0.880318204417927
8039,0.871486233242035
804,0.8099121706399
8040,0.885197033590228
8041,0.880948883666275
8042,0.885353969618802
8043,0.888239538239538
8044,0.878507376337865
8045,0.881073241479333
8046,0.881656804733728
8047,0.878444918056883
8048,0.885797637683222
