"param_id","prop_relapse"
2058,0.712714937419581
2059,0.702415855517767
206,0.880171184022825
2060,0.71730627515447
2061,0.701499450008684
2062,0.718059041472451
2063,0.712174940898345
2064,0.701028490365291
2065,0.702075702075702
2066,0.705397390272835
2067,0.702155376598768
2068,0.706732993984267
2069,0.701268257498347
