"param_id","prop_relapse"
399,0.876472688325598
3990,0.887040887040887
3991,0.88337382853176
3992,0.875267284390592
3993,0.876683203401843
3994,0.878378378378378
3995,0.880766501064585
3996,0.884724186704385
3997,0.872950819672131
3998,0.891629037860368
3999,0.875223453700393
4,0.880271622587563
40,0.884641873278237
