"param_id","prop_relapse"
3439,0.888490498386519
344,0.88533901313454
3440,0.896322241681261
3441,0.881069669247009
3442,0.898138391289076
3443,0.891570479188527
3444,0.89622641509434
3445,0.886511965192168
3446,0.894142554693013
3447,0.886928339935182
3448,0.893814801573114
3449,0.887974230493916
345,0.878787878787879
