"param_id","prop_relapse"
9348,0.535384824862988
9349,0.541099123398517
935,0.806264260526862
9350,0.546957559229589
9351,0.527910084638317
9352,0.545479146230085
9353,0.541445970108971
9354,0.537917087967644
9355,0.547180628625388
9356,0.538683016055823
9357,0.542127461724951
9358,0.534355287254969
9359,0.539671217987908
