"param_id","prop_relapse"
7909,0.820098239869014
791,0.880014074595355
7910,0.819759965709387
7911,0.821459227467811
7912,0.812981069273975
7913,0.835682726698927
7914,0.81762250054933
7915,0.821061830893598
7916,0.8126347563605
7917,0.826086956521739
7918,0.809805579036348
7919,0.816202090592335
792,0.882642304989459
