"param_id","prop_relapse"
12500,0.566511332344842
12501,0.570678599112113
12502,0.559384701245248
12503,0.569613552143992
12504,0.56781657699476
12505,0.565027284175178
12506,0.569501528085151
12507,0.566219349399283
12508,0.571322489391796
12509,0.567634298613806
1251,0.79451193967323
12510,0.568620568620569
12511,0.574178536172613
