"param_id","prop_relapse"
4375,0.886104783599089
4376,0.895494658615885
4377,0.870945792696757
4378,0.883154602323503
4379,0.884064458370636
438,0.889902060114826
4380,0.890614449696151
4381,0.872095548317047
4382,0.876104190260476
4383,0.882312298479963
4384,0.891502969392417
4385,0.88311996206733
4386,0.895819209039548
