"param_id","prop_relapse"
8435,0.872515825114088
8436,0.875180271127776
8437,0.883967921392963
8438,0.884203002144389
8439,0.881005385996409
844,0.801953449709061
8440,0.885505394662124
8441,0.872234432234432
8442,0.886797894585046
8443,0.884483388097846
8444,0.878353945179721
8445,0.878206510023712
8446,0.877849210987727
