"param_id","prop_relapse"
9804,0.902143845089903
9805,0.904996481351161
9806,0.90722724113968
9807,0.894885361552028
9808,0.89736279401283
9809,0.892108938547486
981,0.8124191461837
9810,0.897849462365591
9811,0.895661527429186
9812,0.899716513111269
9813,0.903511762700307
9814,0.908551483420593
9815,0.897084650509308
