"param_id","prop_relapse"
6633,0.895456224602881
6634,0.891018814341498
6635,0.886860007160759
6636,0.891743747858856
6637,0.892550635084106
6638,0.886089425124202
6639,0.893129770992366
664,0.887262079062958
6640,0.896576067772679
6641,0.903927068723703
6642,0.892407340770061
6643,0.893977641543455
6644,0.886623748211731
