"param_id","prop_relapse"
3779,0.875690607734807
378,0.87339514978602
3780,0.883870967741936
3781,0.883246977547496
3782,0.887600983491394
3783,0.872430900070872
3784,0.886324491904926
3785,0.891280947255113
3786,0.881624225739849
3787,0.878294036061026
3788,0.890415785764623
3789,0.87721788502484
379,0.876692801140413
