"param_id","prop_relapse"
2502,0.299968811726791
2503,0.301935163744625
2504,0.299987677647252
2505,0.299097487938779
2506,0.30353066973741
2507,0.302530482712544
2508,0.303810097902679
2509,0.300517158350956
251,0.881981032665964
2510,0.302363270832479
2511,0.305877216689882
2512,0.301953116875013
2513,0.303946844410908
