"param_id","prop_relapse"
798,0.879518072289157
7980,0.825390218522372
7981,0.808058925476603
7982,0.818690426854538
7983,0.811922922521076
7984,0.809387169501947
7985,0.799374348279458
7986,0.805350747840742
7987,0.82275847722072
7988,0.810330047149593
7989,0.825244879786287
799,0.880330123796424
7990,0.82046908315565
