"param_id","prop_relapse"
6024,0.327160212949902
6025,0.336640093156575
6026,0.336354392325036
6027,0.331545207674843
6028,0.332368840140861
6029,0.330424705160543
603,0.880628272251309
6030,0.334618419569383
6031,0.333604409505738
6032,0.334694788528066
6033,0.334690625829866
6034,0.332869612044786
6035,0.333047462140874
