"param_id","prop_relapse"
2034,0.702395523692953
2035,0.703562781044621
2036,0.706394476133293
2037,0.714045659983776
2038,0.703588964227262
2039,0.709569992989016
204,0.877762430939227
2040,0.701821557025177
2041,0.700706672845227
2042,0.711429247515381
2043,0.705402047216141
2044,0.706880301602262
2045,0.705848089468779
