"param_id","prop_relapse"
4996,0.780658354772742
4997,0.785162588433829
4998,0.780346820809249
4999,0.791837799074255
5,0.889165186500888
50,0.892622099064773
500,0.873056057866184
5000,0.829691387077254
5001,0.832460732984293
5002,0.82201340427002
5003,0.826632659910061
5004,0.835608843301684
5005,0.836089921015324
