"param_id","prop_relapse"
7886,0.813613914537256
7887,0.803792074989348
7888,0.837179758627991
7889,0.79413612565445
789,0.873634377276038
7890,0.805075709106419
7891,0.811831340465702
7892,0.821867321867322
7893,0.811356869417269
7894,0.808858826096443
7895,0.801792191167058
7896,0.824705387205387
7897,0.826541274817137
