"param_id","prop_relapse"
11319,0.903798027381128
1132,0.820360551431601
11320,0.906748645879081
11321,0.897297297297297
11322,0.895614165061491
11323,0.907677356656948
11324,0.899158412154614
11325,0.906561398129695
11326,0.904023408924652
11327,0.904952550415184
11328,0.904318249038746
11329,0.891672208675091
1133,0.818200493015612
