"param_id","prop_relapse"
5897,0.448744079230659
5898,0.448296610412309
5899,0.448232908458864
59,0.870750708215297
590,0.883344803854095
5900,0.44283017788709
5901,0.450127073874183
5902,0.441173941704164
5903,0.457164106524786
5904,0.445079024004071
5905,0.446297036487181
5906,0.452418051708218
5907,0.451110346014805
