"param_id","prop_relapse"
5627,0.380945236309077
5628,0.372345553723202
5629,0.376238609769457
563,0.879151943462897
5630,0.380610278104583
5631,0.38122514320018
5632,0.37642614091273
5633,0.375998392525242
5634,0.377855669077982
5635,0.380350488468124
5636,0.379407407407407
5637,0.377926337664939
5638,0.38048683160415
