"param_id","prop_relapse"
6235,0.311315348205379
6236,0.309556140201986
6237,0.302457744411358
6238,0.310395501884864
6239,0.316817601907431
624,0.889081455805893
6240,0.309795615800064
6241,0.307573544752764
6242,0.306477582363141
6243,0.302187089390921
6244,0.309925697754282
6245,0.308001515279064
6246,0.309612084489735
