"param_id","prop_relapse"
2737,0.29781335334459
2738,0.304090363096116
2739,0.298889255925345
274,0.875090252707581
2740,0.300715492605186
2741,0.298275933012385
2742,0.301431238332296
2743,0.301278338573556
2744,0.305478887744593
2745,0.295792622967969
2746,0.300116768839401
2747,0.300465773933295
2748,0.30016628559551
