"param_id","prop_relapse"
7769,0.914651162790698
777,0.893416927899687
7770,0.909609678155672
7771,0.90539894887721
7772,0.915014164305949
7773,0.909621621621622
7774,0.900637243332547
7775,0.915327416646678
7776,0.897298556124825
7777,0.909340659340659
7778,0.903172737955347
7779,0.900837988826816
778,0.871884871884872
