"param_id","prop_relapse"
1263,0.799468520032706
12630,0.312126642771804
12631,0.316184995920471
12632,0.316311966085086
12633,0.315019428224108
12634,0.314880020865936
12635,0.31185684265257
12636,0.315239948119326
12637,0.313131526656238
12638,0.315658033542165
12639,0.315828210234652
1264,0.816396242527754
12640,0.315139390249206
