"param_id","prop_relapse"
4387,0.878753412192903
4388,0.890529184646832
4389,0.897110332749562
439,0.882945467176103
4390,0.889579020013803
4391,0.88759328358209
4392,0.887683615819209
4393,0.882053551670724
4394,0.884923358499199
4395,0.886250565355043
4396,0.877940523746116
4397,0.877097505668934
4398,0.878954607977992
