"param_id","prop_relapse"
12068,0.595322334363711
12069,0.606216663601251
1207,0.815485996705107
12070,0.59680653546231
12071,0.600376661475499
12072,0.599085478280109
12073,0.592024765976266
12074,0.599940311870477
12075,0.60781523642732
12076,0.599288150674774
12077,0.602231176777852
12078,0.599105591898584
12079,0.600206193158806
