"param_id","prop_relapse"
2269,0.706855378880541
227,0.875318066157761
2270,0.704885805145996
2271,0.711656077430081
2272,0.710504885993485
2273,0.709624122263527
2274,0.715798764342454
2275,0.704326228845376
2276,0.708912413507599
2277,0.700952047193505
2278,0.714226535684696
2279,0.709039878376798
228,0.882515549412578
