"param_id","prop_relapse"
9863,0.902327221438646
9864,0.888849557522124
9865,0.902682255845942
9866,0.900694444444444
9867,0.888205499276411
9868,0.896090172595984
9869,0.90429619280475
987,0.812512778572889
9870,0.892153350053744
9871,0.901754385964912
9872,0.908494475138122
9873,0.897048236141109
9874,0.897352194414218
