"param_id","prop_relapse"
11260,0.895111045957634
11261,0.902205882352941
11262,0.898134438851051
11263,0.902217591903557
11264,0.904029304029304
11265,0.902253417066864
11266,0.901861624157139
11267,0.898527983262348
11268,0.908711260898234
11269,0.898809969313674
1127,0.803917482808919
11270,0.899223670719203
11271,0.895507319535588
