"param_id","prop_relapse"
10863,0.904374850585704
10864,0.909596662030598
10865,0.923574232278919
10866,0.92404181184669
10867,0.900240384615385
10868,0.914376064217952
10869,0.908704883227176
1087,0.813496932515337
10870,0.906507791017415
10871,0.914459807827513
10872,0.897810218978102
10873,0.917788461538461
10874,0.91523400191022
