"param_id","prop_relapse"
6528,0.895336787564767
6529,0.900175131348511
653,0.873604609290601
6530,0.893309222423146
6531,0.903428971308607
6532,0.895937277263008
6533,0.896576319543509
6534,0.904123711340206
6535,0.891826086956522
6536,0.903436426116838
6537,0.900144717800289
6538,0.91063829787234
6539,0.888806247675716
