"param_id","prop_relapse"
7323,0.904190260475651
7324,0.908518768262531
7325,0.898259377298357
7326,0.900460159844999
7327,0.901465993751502
7328,0.90714971209213
7329,0.897887323943662
733,0.891057487579844
7330,0.901401869158879
7331,0.895698427382054
7332,0.908858405022088
7333,0.909777879551179
7334,0.908589251439539
