"param_id","prop_relapse"
5006,0.839194287254109
5007,0.833721408026298
5008,0.838967168737419
5009,0.84041245561322
501,0.890125173852573
5010,0.832503580440565
5011,0.83390881544641
5012,0.830400217435619
5013,0.830148048452221
5014,0.829529926209347
5015,0.837536737065136
5016,0.836758701819943
5017,0.827260367097213
