"param_id","prop_relapse"
7311,0.908754908754909
7312,0.896836313617607
7313,0.90344009489917
7314,0.902745995423341
7315,0.90004659832246
7316,0.903030303030303
7317,0.907443209279845
7318,0.909174311926605
7319,0.900722442321137
732,0.877989601386482
7320,0.898343544361244
7321,0.912350597609562
7322,0.900069396252602
