"param_id","prop_relapse"
8903,0.544300387270584
8904,0.539184426917268
8905,0.533536990304157
8906,0.544524087347891
8907,0.53767100208909
8908,0.539069359086918
8909,0.545812708354379
891,0.807137129109864
8910,0.531110429238689
8911,0.543142413816366
8912,0.540884559247819
8913,0.544620882640504
8914,0.536838557465453
