"param_id","prop_relapse"
6902,0.890201528839472
6903,0.892476933995742
6904,0.890324834090115
6905,0.891774891774892
6906,0.883771929824561
6907,0.904470079307859
6908,0.887125856473134
6909,0.89288206559665
691,0.876933895921238
6910,0.902387640449438
6911,0.911486486486486
6912,0.889512451771308
6913,0.909186906019007
