"param_id","prop_relapse"
5264,0.747048801265669
5265,0.733793018531059
5266,0.751940805434255
5267,0.754867148279662
5268,0.746513944223108
5269,0.740150152013402
527,0.875309953949699
5270,0.74026692908543
5271,0.740886215784952
5272,0.748865448301239
5273,0.743990009366219
5274,0.746695760598504
5275,0.750680078446258
