"param_id","prop_relapse"
2830,0.293070672042449
2831,0.302201578804857
2832,0.304699123822119
2833,0.297750099599505
2834,0.30225456036073
2835,0.303424387613299
2836,0.298608938663997
2837,0.299935210149017
2838,0.301839395449261
2839,0.300254022015241
284,0.879918588873813
2840,0.303848127244741
2841,0.299874843554443
