"param_id","prop_relapse"
551,0.885379701916253
5510,0.712658678372286
5511,0.721493795364083
5512,0.70545389944928
5513,0.719553270696685
5514,0.717025951659837
5515,0.714352392065344
5516,0.718047302807876
5517,0.722573336513236
5518,0.718611127570066
5519,0.718193860507977
552,0.873404255319149
5520,0.716904520212575
