"param_id","prop_relapse"
8470,0.883299942759015
8471,0.881448877985425
8472,0.878658668786587
8473,0.886550382009514
8474,0.885991331815177
8475,0.884877977919814
8476,0.877298392934704
8477,0.884276638752527
8478,0.883788075646023
8479,0.880656960481962
848,0.808008008008008
8480,0.885147237945117
8481,0.884534436461282
