"param_id","prop_relapse"
9043,0.546782538125993
9044,0.533809394882902
9045,0.542789196534738
9046,0.54057123193393
9047,0.544787792415447
9048,0.543369248492241
9049,0.539842572433428
905,0.791586998087954
9050,0.541120021474348
9051,0.535573055733937
9052,0.540028567541831
9053,0.544067456334069
9054,0.546491437131865
