"param_id","prop_relapse"
3860,0.881499823134064
3861,0.885149201943095
3862,0.886584141853463
3863,0.887808266759291
3864,0.871953437613678
3865,0.874255691768827
3866,0.877529286474973
3867,0.882948986722572
3868,0.886497743838945
3869,0.868965517241379
387,0.881109185441941
3870,0.879885263535317
3871,0.882373351839001
