"param_id","prop_relapse"
11670,0.885155466399198
11671,0.890454743571117
11672,0.893338213762811
11673,0.884368781782003
11674,0.892789786740171
11675,0.901412574105248
11676,0.88135469774217
11677,0.894370284387696
11678,0.890493736182756
11679,0.887104976389393
1168,0.814627994955864
11680,0.895680282104026
11681,0.894694297472075
