"param_id","prop_relapse"
11951,0.727956091158573
11952,0.722433693516699
11953,0.723253599904796
11954,0.727798757461323
11955,0.730855243275914
11956,0.725030898711082
11957,0.722942142726775
11958,0.728076900395117
11959,0.720638954438192
1196,0.809620872401141
11960,0.726601428828721
11961,0.729067641681901
11962,0.72660293490836
