"param_id","prop_relapse"
9101,0.541566652016633
9102,0.535962176843376
9103,0.540270824233057
9104,0.539575387315624
9105,0.542275820251971
9106,0.542864894194249
9107,0.545006960714407
9108,0.538042570254285
9109,0.546149323927102
911,0.810613943808533
9110,0.541408146749393
9111,0.540948275862069
9112,0.555291836598248
