"param_id","prop_relapse"
2948,0.300859236795552
2949,0.302150783901393
295,0.892367217727752
2950,0.301305950719627
2951,0.29956499916346
2952,0.301655477252825
2953,0.302127040837522
2954,0.302855591067661
2955,0.301312292701016
2956,0.301138258839226
2957,0.3003671314248
2958,0.303862483172828
2959,0.297366465780566
