"param_id","prop_relapse"
2491,0.302566336797992
2492,0.297865243495664
2493,0.303466557911909
2494,0.302413304434812
2495,0.300646862510815
2496,0.300140339290874
2497,0.297976098285858
2498,0.300857703833833
2499,0.301331464611072
25,0.876632302405498
250,0.877236057523676
2500,0.303992908824803
2501,0.302411107208529
