"param_id","prop_relapse"
296,0.883521754025351
2960,0.300495752165059
2961,0.3006747694022
2962,0.302809917355372
2963,0.301234516757115
2964,0.297590108968986
2965,0.299499747771986
2966,0.299866471672919
2967,0.304526575446438
2968,0.301355362294776
2969,0.300689342029225
297,0.887186629526462
2970,0.299796156086197
