"param_id","prop_relapse"
4808,0.787994067960539
4809,0.791593695271454
481,0.883993115318417
4810,0.787329735286559
4811,0.778135048231511
4812,0.78255737704918
4813,0.778083087994766
4814,0.78483579746173
4815,0.787571337983513
4816,0.793210488078727
4817,0.796708991966831
4818,0.793650793650794
4819,0.787594853183768
