"param_id","prop_relapse"
10746,0.917784825567212
10747,0.922149915642323
10748,0.913054126867499
10749,0.915180722891566
1075,0.801754028146033
10750,0.921327014218009
10751,0.922758620689655
10752,0.923132183908046
10753,0.932052483598875
10754,0.917466410748561
10755,0.919036697247706
10756,0.926174496644295
10757,0.921071513991868
