"param_id","prop_relapse"
2046,0.703234469873891
2047,0.714475048980062
2048,0.711262638137785
2049,0.713405417974654
205,0.872875354107649
2050,0.703164850452122
2051,0.707540479848718
2052,0.710086221862161
2053,0.706971362452994
2054,0.709461393165818
2055,0.703802892340653
2056,0.697628227596682
2057,0.708800945067927
