"param_id","prop_relapse"
1298,0.826639757820383
1299,0.801124531445231
13,0.88943146145797
130,0.889272162814764
1300,0.81786941580756
1301,0.814822460776218
1302,0.802098333676198
1303,0.81352677618946
1304,0.810953689997885
1305,0.810776410691557
1306,0.807975050122522
1307,0.820184641208561
1308,0.806621978468414
