"param_id","prop_relapse"
4785,0.818639798488665
4786,0.807643581081081
4787,0.807676348547718
4788,0.815162013450173
4789,0.799303439268611
479,0.885884831460674
4790,0.817257830325659
4791,0.81628519343731
4792,0.802776051377667
4793,0.8125
4794,0.802497883149873
4795,0.80749539217694
4796,0.815817751987965
