"param_id","prop_relapse"
3509,0.893323913811374
351,0.884968242766408
3510,0.895424836601307
3511,0.905083540703875
3512,0.895714285714286
3513,0.882854100106496
3514,0.884981684981685
3515,0.880986418870622
3516,0.901498929336188
3517,0.897163120567376
3518,0.882269503546099
3519,0.890613973182781
352,0.87603305785124
