"param_id","prop_relapse"
5943,0.447731642227898
5944,0.444454113006149
5945,0.446554795701396
5946,0.448237253100597
5947,0.452405827384062
5948,0.451698924731183
5949,0.44467013789552
595,0.880195599022005
5950,0.442346807230641
5951,0.445396825396825
5952,0.445981084092922
5953,0.446625096979972
5954,0.450156940246454
