"param_id","prop_relapse"
3204,0.888493053081582
3205,0.878466278671688
3206,0.88148667601683
3207,0.891599860578599
3208,0.898903358464702
3209,0.889170590365809
321,0.874825662482566
3210,0.888619014573213
3211,0.885856079404467
3212,0.890353920888272
3213,0.879832810867294
3214,0.891511095456146
3215,0.894623655913979
