"param_id","prop_relapse"
6669,0.895023610606611
667,0.887074829931973
6670,0.872787610619469
6671,0.89471766848816
6672,0.885257548845471
6673,0.894924946390279
6674,0.892345333799371
6675,0.893895348837209
6676,0.90771349862259
6677,0.903780068728522
6678,0.882940756602427
6679,0.911236350827756
668,0.883379888268156
