"param_id","prop_relapse"
6844,0.889477401129944
6845,0.884463580911374
6846,0.894868139700641
6847,0.89795197740113
6848,0.902702702702703
6849,0.900174520069808
685,0.886379430159833
6850,0.885554780181438
6851,0.894698354661792
6852,0.902335456475584
6853,0.888214285714286
6854,0.895951704545455
6855,0.899449035812672
