"param_id","prop_relapse"
12279,0.633198789101917
1228,0.804731272048143
12280,0.630725671954389
12281,0.636025710524278
12282,0.637731983135663
12283,0.636003051106026
12284,0.632284404729808
12285,0.641752774588595
12286,0.626488438196205
12287,0.634550475606014
12288,0.627370855821126
12289,0.630375928217822
1229,0.80266393442623
