"param_id","prop_relapse"
3907,0.885811965811966
3908,0.886274509803922
3909,0.888008642419878
391,0.884848484848485
3910,0.875564824469934
3911,0.879901095019428
3912,0.880027500859402
3913,0.887512899896801
3914,0.881428571428571
3915,0.87912860154603
3916,0.877957191137814
3917,0.880281690140845
3918,0.865303244005642
