"param_id","prop_relapse"
12407,0.568294211882705
12408,0.565316437673525
12409,0.565585630094929
1241,0.790470372632865
12410,0.56770093723374
12411,0.566624140619463
12412,0.56884827879303
12413,0.564580606360774
12414,0.563679162421389
12415,0.56868737118897
12416,0.567196176284529
12417,0.568181818181818
12418,0.570548433048433
