"param_id","prop_relapse"
12606,0.31710870217233
12607,0.319714279567116
12608,0.313763482529226
12609,0.318751064917362
1261,0.803828780382878
12610,0.319566572786103
12611,0.312758531540848
12612,0.315615114986749
12613,0.313550875368348
12614,0.318680605155509
12615,0.315904374891925
12616,0.316258827043287
12617,0.313779227841218
