"param_id","prop_relapse"
9570,0.313520546459937
9571,0.314039172130972
9572,0.309414004654115
9573,0.319816956908606
9574,0.316919876032162
9575,0.316031579623013
9576,0.31438005188568
9577,0.320393657736468
9578,0.316556490384615
9579,0.316691410392365
958,0.811011904761905
9580,0.319107349972078
9581,0.315346312482636
