"param_id","prop_relapse"
3263,0.888370423546303
3264,0.887721839913075
3265,0.876053370786517
3266,0.877304964539007
3267,0.892367217727752
3268,0.88659793814433
3269,0.895639742673338
327,0.873946629213483
3270,0.890896209705986
3271,0.891072044122716
3272,0.883093525179856
3273,0.891756272401434
3274,0.881805157593123
