"param_id","prop_relapse"
9710,0.901152637093957
9711,0.905971173644475
9712,0.898930665746809
9713,0.899362154500354
9714,0.897018030513176
9715,0.899617922889892
9716,0.898148148148148
9717,0.905995033699894
9718,0.89906992766104
9719,0.898347701149425
972,0.822984634813723
9720,0.909992912827782
9721,0.892318484742196
