"param_id","prop_relapse"
10453,0.913105413105413
10454,0.920889704196285
10455,0.914231408885721
10456,0.91825415963347
10457,0.915346417592812
10458,0.932815910744603
10459,0.914695340501792
1046,0.793585526315789
10460,0.90470503940769
10461,0.914152046783626
10462,0.920811202317721
10463,0.92833491012299
10464,0.90384167636787
