"param_id","prop_relapse"
8423,0.874810482997618
8424,0.881259348956478
8425,0.888431245032156
8426,0.881237381021056
8427,0.876088364395193
8428,0.882743197912784
8429,0.883532934131737
843,0.804655029093932
8430,0.882327016306743
8431,0.885902160560734
8432,0.876131861912847
8433,0.882302220306101
8434,0.878910483346579
