"param_id","prop_relapse"
8013,0.874151103565365
8014,0.88478899476965
8015,0.888584947508502
8016,0.879474765258216
8017,0.889019291425218
8018,0.881364562118126
8019,0.877893646919607
802,0.796499367355546
8020,0.884156976744186
8021,0.873359073359073
8022,0.879775674728356
8023,0.871501361066518
8024,0.884364111498258
