"param_id","prop_relapse"
1249,0.795358649789029
12490,0.562497796269525
12491,0.568112805835747
12492,0.572073192396518
12493,0.568342291073875
12494,0.570915745759133
12495,0.565157017731254
12496,0.568454593733404
12497,0.564239753811722
12498,0.562975309928118
12499,0.568764076576577
125,0.87402413058907
1250,0.805289462723865
