"param_id","prop_relapse"
12641,0.316304301396779
12642,0.313207138994051
12643,0.316845493562232
12644,0.318535201507244
12645,0.314478923086646
12646,0.31503920171062
12647,0.314204731276573
12648,0.316735554981486
12649,0.314312804378744
1265,0.811039900764937
12650,0.314431662087912
12651,0.315743491175957
12652,0.312890194638267
