"param_id","prop_relapse"
7394,0.913856812933025
7395,0.911157993436474
7396,0.902444545043006
7397,0.898344602471439
7398,0.914069877242682
7399,0.897790055248619
74,0.882895670688432
740,0.881427072402938
7400,0.908364661654135
7401,0.904301594973417
7402,0.901951563602163
7403,0.899715504978663
7404,0.907009345794393
