"param_id","prop_relapse"
8799,0.724129651860744
88,0.880628272251309
880,0.802441505595117
8800,0.538383838383838
8801,0.544095665171898
8802,0.538741324079018
8803,0.540713820413481
8804,0.544513045210117
8805,0.546047958873068
8806,0.543716122950544
8807,0.543558489927205
8808,0.536650744011822
8809,0.540933202689462
