"param_id","prop_relapse"
7687,0.897133220910624
7688,0.905160390516039
7689,0.894192334822478
769,0.880532565671105
7690,0.896447643371256
7691,0.912789390874354
7692,0.900046926325669
7693,0.904331270823417
7694,0.906849964446551
7695,0.898268911548494
7696,0.905540417801998
7697,0.905099150141643
7698,0.914392348961978
