"param_id","prop_relapse"
7007,0.880543633762518
7008,0.888397790055249
7009,0.87212543554007
701,0.881773399014778
7010,0.888397414086424
7011,0.874654696132597
7012,0.874780161800915
7013,0.878479293957909
7014,0.88158819395643
7015,0.879051934471941
7016,0.868805704099822
7017,0.889315642458101
7018,0.879888268156425
