"param_id","prop_relapse"
10945,0.916190476190476
10946,0.910870077811837
10947,0.912346842601319
10948,0.911071587372165
10949,0.914813948045869
1095,0.810505050505051
10950,0.909069981583794
10951,0.920114122681883
10952,0.911180272923151
10953,0.919404396123848
10954,0.9068524970964
10955,0.912380952380952
10956,0.90836197021764
