"param_id","prop_relapse"
1160,0.805645816409423
11600,0.890690099234906
11601,0.896193514877198
11602,0.891435639962163
11603,0.896513599174467
11604,0.880604681881559
11605,0.887153030082837
11606,0.89648233715904
11607,0.891197691197691
11608,0.894574691914638
11609,0.895359083565869
1161,0.806124518353275
11610,0.890145747226452
