"param_id","prop_relapse"
11330,0.903742927607718
11331,0.900163059590869
11332,0.900291332847779
11333,0.908789508583217
11334,0.902630399043491
11335,0.900318447752351
11336,0.901114625696641
11337,0.900451150062865
11338,0.911173932450528
11339,0.895867768595041
1134,0.803231744733074
11340,0.902654867256637
11341,0.900822199383351
