"param_id","prop_relapse"
4714,0.806806172056648
4715,0.803236245954693
4716,0.815237699813162
4717,0.810991379310345
4718,0.819647463456578
4719,0.811090027408813
472,0.874684911775297
4720,0.808351177730193
4721,0.819109663409338
4722,0.807459887476558
4723,0.818411628396882
4724,0.813339015555082
4725,0.817429103705237
