"param_id","prop_relapse"
1637,0.713795387487204
1638,0.703382274267372
1639,0.703915504464025
164,0.879445234708393
1640,0.711416058394161
1641,0.699136794149383
1642,0.707999307918565
1643,0.702961517999645
1644,0.700195717928948
1645,0.7063560540696
1646,0.701697089869948
1647,0.708045161671691
1648,0.701047305248294
