"param_id","prop_relapse"
9336,0.536674857777628
9337,0.542003149817378
9338,0.542523680649526
9339,0.539433551198257
934,0.81286795626577
9340,0.541022192333558
9341,0.543438391522891
9342,0.540904454267256
9343,0.546416060361089
9344,0.541813289174084
9345,0.539538545803095
9346,0.537029487702133
9347,0.542761034283579
