"param_id","prop_relapse"
2842,0.301182557280118
2843,0.298754751055207
2844,0.30406473622899
2845,0.301788805539527
2846,0.296807681260515
2847,0.301379721588222
2848,0.301454910322338
2849,0.302331344084911
285,0.876968143537166
2850,0.300987047603182
2851,0.299381570810142
2852,0.300449904472338
2853,0.30166251039069
