"param_id","prop_relapse"
6645,0.902317290552585
6646,0.901574803149606
6647,0.887624466571835
6648,0.904648795385137
6649,0.907140344706296
665,0.878684030157642
6650,0.894121691302853
6651,0.896108532666905
6652,0.89521723256663
6653,0.893501805054152
6654,0.900891632373114
6655,0.895231465367212
6656,0.899026325279481
