"param_id","prop_relapse"
5111,0.839211969399499
5112,0.841439823131132
5113,0.830093999575942
5114,0.832128845756762
5115,0.828472462764115
5116,0.841036808092161
5117,0.84343916064859
5118,0.834663547543691
5119,0.839641366094039
512,0.88576512455516
5120,0.834624083339045
5121,0.837525994499229
5122,0.849972497249725
