"param_id","prop_relapse"
8060,0.882598074435982
8061,0.87604934666764
8062,0.875604041587348
8063,0.88337345984988
8064,0.879140364564863
8065,0.872696694940041
8066,0.887320916905444
8067,0.878002260525572
8068,0.882268278641336
8069,0.879923082401538
807,0.807676348547718
8070,0.876286418321496
8071,0.882635503297964
