"param_id","prop_relapse"
4644,0.800256629597947
4645,0.802487352445194
4646,0.809604400253861
4647,0.8125
4648,0.817753001715266
4649,0.822461473506439
465,0.889279437609842
4650,0.818613690347657
4651,0.813026505033902
4652,0.807708161582852
4653,0.808832942180499
4654,0.822222222222222
4655,0.808350730688935
