"param_id","prop_relapse"
7066,0.894989704873027
7067,0.873351839000694
7068,0.876221498371335
7069,0.877543604651163
707,0.886766712141883
7070,0.876712328767123
7071,0.881615598885794
7072,0.879018320082959
7073,0.88149180899268
7074,0.899041752224504
7075,0.883268482490272
7076,0.874049945711184
7077,0.891229281767956
