"param_id","prop_relapse"
2245,0.702760210414327
2246,0.70750964677946
2247,0.713978108738561
2248,0.708818832436269
2249,0.705838280214397
225,0.878323108384458
2250,0.708427568146649
2251,0.706054105589322
2252,0.712266087874699
2253,0.714117647058824
2254,0.702770487022455
2255,0.699487118320611
2256,0.705334114888628
