"param_id","prop_relapse"
2924,0.297139808773442
2925,0.299524136067992
2926,0.30340008343763
2927,0.296631348493298
2928,0.301884437788594
2929,0.30062347519653
293,0.875982844889207
2930,0.300111496531219
2931,0.306123302859773
2932,0.296450418209812
2933,0.304625133733849
2934,0.300643448064549
2935,0.29638176872991
