"param_id","prop_relapse"
2175,0.70530325227073
2176,0.696516820482286
2177,0.703312811492231
2178,0.705493845691984
2179,0.703949298750073
218,0.872890484739677
2180,0.705650307460262
2181,0.699668238170072
2182,0.70962269669494
2183,0.708508895131086
2184,0.702885349944174
2185,0.706395520188624
2186,0.706298984034833
