"param_id","prop_relapse"
3767,0.88477508650519
3768,0.890832750174948
3769,0.881689115398617
377,0.880286738351254
3770,0.883720930232558
3771,0.882499112531061
3772,0.893034825870647
3773,0.887975334018499
3774,0.885027726432532
3775,0.886067019400353
3776,0.893465909090909
3777,0.879206517888771
3778,0.883292810003473
