"param_id","prop_relapse"
8459,0.881004366812227
846,0.802855343271048
8460,0.885266229029905
8461,0.881780250347705
8462,0.868731563421829
8463,0.882378409582912
8464,0.883163006450678
8465,0.872977458166229
8466,0.877200608563356
8467,0.874739189869775
8468,0.880032684593671
8469,0.876438875127495
847,0.797885835095137
