"param_id","prop_relapse"
4070,0.849702380952381
4071,0.859915235333482
4072,0.852255393331881
4073,0.854283786822577
4074,0.856241844280122
4075,0.859133126934985
4076,0.843702906350915
4077,0.863195057369815
4078,0.844961240310077
4079,0.834573304157549
408,0.882373232149017
4080,0.865136612021858
4081,0.869078380706288
