"param_id","prop_relapse"
7289,0.915625
729,0.87379679144385
7290,0.911473087818697
7291,0.914659325533379
7292,0.898622981956315
7293,0.9049500348594
7294,0.911903637222485
7295,0.911010215664018
7296,0.915512465373961
7297,0.897093295827473
7298,0.905642484589853
7299,0.899746485365292
73,0.885785007072136
