"param_id","prop_relapse"
8130,0.881619937694704
8131,0.887439895089611
8132,0.884784014950047
8133,0.881390296886314
8134,0.880306603773585
8135,0.879880753290191
8136,0.876304458877618
8137,0.877036931616025
8138,0.869282952804727
8139,0.88627593738624
814,0.803282009724473
8140,0.879275065770243
8141,0.869602701343487
