"param_id","prop_relapse"
8998,0.547051229786656
8999,0.538377863892855
9,0.884723195515067
90,0.878734622144112
900,0.818725510414518
9000,0.541641820711588
9001,0.528744352864089
9002,0.544317490365763
9003,0.538484636172555
9004,0.545285694988518
9005,0.537976839237057
9006,0.541755745590593
9007,0.537677245104659
