"param_id","prop_relapse"
2104,0.71810737033667
2105,0.704456055891505
2106,0.692181647940075
2107,0.709388529743194
2108,0.698543857621634
2109,0.707045375014581
211,0.884479092841956
2110,0.70022450667612
2111,0.706451232456658
2112,0.705665672689002
2113,0.71422641285655
2114,0.704905482598198
2115,0.710596346921495
