"param_id","prop_relapse"
6504,0.890098314606742
6505,0.896380411639461
6506,0.899402040098488
6507,0.898964655480186
6508,0.895957820738137
6509,0.892818863879957
651,0.886671418389166
6510,0.888576449912127
6511,0.897032534858777
6512,0.903467029231815
6513,0.891853432942013
6514,0.901007294199375
6515,0.8898756660746
