"param_id","prop_relapse"
7699,0.909514925373134
77,0.873137041075972
770,0.878323108384458
7700,0.899496282082034
7701,0.916317016317016
7702,0.904481665912177
7703,0.913877837584835
7704,0.903881700554529
7705,0.902125671572063
7706,0.912902478573083
7707,0.907058823529412
7708,0.919527165264833
7709,0.902129696099545
