"param_id","prop_relapse"
0,0.872844827586207
1,0.870337477797513
10,0.874573960463531
100,0.880794701986755
1000,0.811209439528024
10000,0.909187655196878
10001,0.894470545717383
10002,0.895120174799709
10003,0.90524832687566
10004,0.894288754877616
10005,0.898782608695652
10006,0.891948414081562
10007,0.895204262877442
