"param_id","prop_relapse"
12770,0.315898097387939
12771,0.315939726968318
12772,0.315512918347324
12773,0.313002089121492
12774,0.313637630512617
12775,0.31746376182623
12776,0.315064962955009
12777,0.318759455370651
12778,0.317248571490647
12779,0.320204042099826
1278,0.797548605240913
12780,0.318012527509734
12781,0.316003636206225
