"param_id","prop_relapse"
4515,0.837874050915587
4516,0.83527419013339
4517,0.828559393428812
4518,0.833297483329748
4519,0.835619420857827
452,0.867842996038891
4520,0.825851225330731
4521,0.832948098339987
4522,0.825846426200487
4523,0.832054560954817
4524,0.816805616498464
4525,0.834324553950722
4526,0.83832589759932
