"param_id","prop_relapse"
8482,0.880870732070971
8483,0.87923021060276
8484,0.876950480940506
8485,0.879561517380643
8486,0.89020343384793
8487,0.884492613762898
8488,0.881164629762761
8489,0.876904370216723
849,0.802778929904604
8490,0.870794663573086
8491,0.877883506343714
8492,0.879428128741461
8493,0.877394909922791
