"param_id","prop_relapse"
1836,0.705143191116306
1837,0.704034314862045
1838,0.700913923899409
1839,0.701111497047586
184,0.88604571818492
1840,0.69891047443362
1841,0.709392717283301
1842,0.704870394048588
1843,0.701067198311247
1844,0.703962286669054
1845,0.701169903200903
1846,0.706754626656547
1847,0.703769681645788
