"param_id","prop_relapse"
3146,0.303732061420024
3147,0.302864031259093
3148,0.302833323015333
3149,0.297300138777913
315,0.878507871321013
3150,0.300659754948162
3151,0.297254951115568
3152,0.297937436260328
3153,0.295936432129771
3154,0.300811157554939
3155,0.298731329291919
3156,0.300779342124822
3157,0.296460361034856
