"param_id","prop_relapse"
11565,0.911150998429437
11566,0.914367269267364
11567,0.915437045914164
11568,0.907903475758247
11569,0.913838890528179
1157,0.804548248309773
11570,0.918912995836073
11571,0.914881083867167
11572,0.90748995250274
11573,0.910883166011931
11574,0.913106833346116
11575,0.914714438830194
11576,0.911733774038462
