"param_id","prop_relapse"
7581,0.899927483683829
7582,0.908352668213457
7583,0.90249485008011
7584,0.902587176602925
7585,0.91006952231442
7586,0.904524994077233
7587,0.900140977443609
7588,0.901635514018692
7589,0.903464755077658
759,0.886331938633194
7590,0.907433056325023
7591,0.909872241579559
7592,0.894270122783083
