"param_id","prop_relapse"
2701,0.304276588684254
2702,0.30225471018223
2703,0.302115117172095
2704,0.302536643856856
2705,0.303236407504472
2706,0.30117705673538
2707,0.300680467898773
2708,0.303872494606991
2709,0.302279178837372
271,0.878291814946619
2710,0.300953602382972
2711,0.299766442841056
2712,0.299339933993399
