"param_id","prop_relapse"
9125,0.549756295694557
9126,0.542771368818728
9127,0.540528810843293
9128,0.537500424404984
9129,0.54117883860579
913,0.798113586193056
9130,0.535158093440302
9131,0.538838444406373
9132,0.535970859050895
9133,0.535622025832767
9134,0.545837580699966
9135,0.545822102425876
9136,0.537504238724992
