"param_id","prop_relapse"
214,0.871646120377085
2140,0.709413770800259
2141,0.703419198336606
2142,0.712797706126748
2143,0.711047139258726
2144,0.715658021133526
2145,0.70989242282507
2146,0.70261748958953
2147,0.714650210644989
2148,0.713196344373945
2149,0.705646566747996
215,0.879060124395301
2150,0.707707475497303
