"param_id","prop_relapse"
826,0.794982521077524
8260,0.877717777461987
8261,0.876725545495027
8262,0.879407365196951
8263,0.874561466313453
8264,0.884522679132277
8265,0.878526194588371
8266,0.875758451314649
8267,0.881337252020573
8268,0.872564877980167
8269,0.878367755306225
827,0.799344799344799
8270,0.873629166969279
