"param_id","prop_relapse"
977,0.803462321792261
9770,0.906003430531732
9771,0.897802581095221
9772,0.89481017067224
9773,0.89709013484741
9774,0.901199717713479
9775,0.905820105820106
9776,0.896335078534031
9777,0.897768178545716
9778,0.891154111955771
9779,0.899148211243612
978,0.816944959802103
9780,0.899180619878874
