"param_id","prop_relapse"
5580,0.714160276298074
5581,0.718746173625566
5582,0.71446128635805
5583,0.723311296349526
5584,0.716161732519295
5585,0.718180239624935
5586,0.713016141708482
5587,0.712010023268301
5588,0.722847100175747
5589,0.719077441888474
559,0.877682403433476
5590,0.720729704364148
5591,0.713908080504656
