"param_id","prop_relapse"
10312,0.878288319887759
10313,0.874863188617293
10314,0.883345297918162
10315,0.88689407540395
10316,0.878248487006052
10317,0.881962375507193
10318,0.888770053475936
10319,0.876609442060086
1032,0.795926680244399
10320,0.889780258109522
10321,0.876156583629893
10322,0.887156895967469
10323,0.878141135972461
