"param_id","prop_relapse"
9875,0.889697852202403
9876,0.885175968716673
9877,0.906509695290859
9878,0.892757660167131
9879,0.894497020679986
988,0.815896188158962
9880,0.898843930635838
9881,0.898513954331279
9882,0.912617965746243
9883,0.894466837669476
9884,0.90060779406507
9885,0.891627401232331
9886,0.899583043780403
