"param_id","prop_relapse"
5135,0.834865556093178
5136,0.832746955345061
5137,0.836503467692096
5138,0.836954300892188
5139,0.843779871637307
514,0.875658587987355
5140,0.836743128745609
5141,0.839307702832125
5142,0.836306179775281
5143,0.837889557135046
5144,0.831584837040146
5145,0.837329120010991
5146,0.827610128338536
