"param_id","prop_relapse"
5404,0.7100509214355
5405,0.716472604763875
5406,0.708781467911594
5407,0.712416383053632
5408,0.714541013879788
5409,0.706570974763221
541,0.886307638155579
5410,0.719506435234384
5411,0.711136201568814
5412,0.72078154875717
5413,0.721399810516343
5414,0.712438460169642
5415,0.727426013140299
