"param_id","prop_relapse"
3661,0.89380837080595
3662,0.891806722689076
3663,0.880878819086852
3664,0.891520768966701
3665,0.88162672476398
3666,0.884199864956111
3667,0.882289803220036
3668,0.882663847780127
3669,0.880901287553648
367,0.885844748858447
3670,0.889461036731891
3671,0.874727668845316
3672,0.886021505376344
