"param_id","prop_relapse"
6599,0.897618201208674
66,0.883737517831669
660,0.887922032718413
6600,0.890934352205627
6601,0.903684786574243
6602,0.887403237156932
6603,0.907512402551382
6604,0.896290961469211
6605,0.90223960184856
6606,0.895102466134074
6607,0.894953656024717
6608,0.911333571683947
6609,0.902258292166549
