"param_id","prop_relapse"
1029,0.801681008605163
10290,0.87857641311933
10291,0.887784090909091
10292,0.87899388171312
10293,0.880629020729092
10294,0.880612972202423
10295,0.88465535157603
10296,0.882004872955099
10297,0.88116353316779
10298,0.881219341275403
10299,0.887853692201518
103,0.891930323498045
1030,0.8078620979609
