"param_id","prop_relapse"
3357,0.889454052221092
3358,0.88698752228164
3359,0.881121362668559
336,0.877892488430046
3360,0.883811547998583
3361,0.884708318950639
3362,0.886993603411514
3363,0.8870116156283
3364,0.890800561797753
3365,0.889321074964639
3366,0.878406708595388
3367,0.88377808988764
3368,0.89063056644104
