"param_id","prop_relapse"
4867,0.77964880094352
4868,0.780500353720497
4869,0.7820364663585
487,0.882270985719262
4870,0.788356697819315
4871,0.796648404769578
4872,0.791542387485915
4873,0.79651008492569
4874,0.796971872348757
4875,0.781925216716263
4876,0.799514212564826
4877,0.79103803997421
4878,0.786641099392777
