"param_id","prop_relapse"
11717,0.895221943666126
11718,0.896908719743365
11719,0.895657763176689
1172,0.804228501727994
11720,0.89095532146749
11721,0.888360175695461
11722,0.895420070011669
11723,0.888775584529099
11724,0.891848382847944
11725,0.893093661305582
11726,0.887107165867278
11727,0.893058976959861
11728,0.889745681026173
