"param_id","prop_relapse"
5229,0.734060247643689
523,0.871640735502122
5230,0.742362461577065
5231,0.748419566685079
5232,0.741115177076227
5233,0.748780939448182
5234,0.744517543859649
5235,0.748512908566873
5236,0.739323248891319
5237,0.750497197613451
5238,0.75639606396064
5239,0.758494770068701
524,0.881230116648993
