"param_id","prop_relapse"
2420,0.299903863854855
2421,0.303259837535605
2422,0.300793519590015
2423,0.304155136181103
2424,0.302928091050181
2425,0.303168078392294
2426,0.302639528343159
2427,0.299211941792103
2428,0.301232949657969
2429,0.301342678601588
243,0.883884588318086
2430,0.2987646159567
2431,0.298995185262717
