"param_id","prop_relapse"
6575,0.89153627311522
6576,0.89510735656459
6577,0.912084063047286
6578,0.898949655921767
6579,0.895031490552834
658,0.882190837065105
6580,0.885132679025809
6581,0.899580125962211
6582,0.896103896103896
6583,0.891797556719023
6584,0.900134952766532
6585,0.897820650232226
6586,0.890270665691295
