"param_id","prop_relapse"
3275,0.892346208869814
3276,0.880902043692741
3277,0.901925820256776
3278,0.885584324702589
3279,0.885623229461756
328,0.884930530815818
3280,0.899138549892319
3281,0.898151377746774
3282,0.88255033557047
3283,0.887741046831956
3284,0.893564356435644
3285,0.888077858880779
3286,0.889369369369369
