"param_id","prop_relapse"
4960,0.781941969966913
4961,0.775803451151453
4962,0.791747510024576
4963,0.786871325930764
4964,0.785995482413682
4965,0.791615048575341
4966,0.786666666666667
4967,0.778141361256545
4968,0.78512987012987
4969,0.790557444351787
497,0.870842179759377
4970,0.788343359855101
4971,0.780914916566208
