"param_id","prop_relapse"
5838,0.452685421994885
5839,0.447176173082326
584,0.879740348479672
5840,0.446725177963921
5841,0.443223126190064
5842,0.449255361968834
5843,0.450915426580218
5844,0.452366407772639
5845,0.452435455362058
5846,0.448924654199719
5847,0.45332602550049
5848,0.447654157426341
5849,0.451632599656907
