"param_id","prop_relapse"
9055,0.537020817893957
9056,0.541941887128238
9057,0.538365669630827
9058,0.536590249274202
9059,0.538479500950729
906,0.818664965986395
9060,0.536906646902267
9061,0.539357704133925
9062,0.541164220214303
9063,0.539487943646708
9064,0.541587555377902
9065,0.534050667393081
9066,0.540678022823868
