"param_id","prop_relapse"
11378,0.901520207638116
11379,0.895008736610195
1138,0.810837832433513
11380,0.906626058535136
11381,0.90268108428381
11382,0.89755701527788
11383,0.901686024728363
11384,0.902243945789824
11385,0.898940085382011
11386,0.90782020157434
11387,0.902736227654141
11388,0.897563882887581
11389,0.900259933160045
