"param_id","prop_relapse"
8084,0.876973684210526
8085,0.880478087649402
8086,0.876415699123869
8087,0.887642872546905
8088,0.881010234886974
8089,0.875851681847522
809,0.811523849725623
8090,0.880220869318986
8091,0.876345266857017
8092,0.882443758270843
8093,0.87886541413846
8094,0.873944072240023
8095,0.878512753999135
