"param_id","prop_relapse"
12243,0.631101109645379
12244,0.634741456224058
12245,0.626934984520124
12246,0.628601504931966
12247,0.630118377644091
12248,0.625413175493889
12249,0.631313325885118
1225,0.807471264367816
12250,0.629761398352604
12251,0.628831002374939
12252,0.63572455043306
12253,0.629345881620907
12254,0.641608662026295
