"param_id","prop_relapse"
10523,0.920271218143559
10524,0.921871398939848
10525,0.908765225698591
10526,0.925129900803023
10527,0.906837999082148
10528,0.915349063488202
10529,0.915362731152205
1053,0.807313064913722
10530,0.916450929630501
10531,0.919412182981749
10532,0.917303683113273
10533,0.916549789621318
10534,0.916744840525328
