"param_id","prop_relapse"
8634,0.718211238599588
8635,0.736141643396114
8636,0.726389143590684
8637,0.711360193880642
8638,0.721524364342497
8639,0.715801091421914
864,0.797910893199744
8640,0.723551938726663
8641,0.725307009812562
8642,0.722320072881871
8643,0.727673449670914
8644,0.728971962616822
8645,0.732001439884809
