"param_id","prop_relapse"
7628,0.912322274881517
7629,0.903902549063839
763,0.876340243030736
7630,0.906060606060606
7631,0.917555081734186
7632,0.904895104895105
7633,0.911957029425502
7634,0.91174410459958
7635,0.896816437118989
7636,0.897181146025878
7637,0.900707601004337
7638,0.891330308096489
7639,0.908549654679686
