"param_id","prop_relapse"
193,0.887096774193548
1930,0.714360373962023
1931,0.705861602680934
1932,0.70926067296964
1933,0.705105736651478
1934,0.707686017988553
1935,0.709440986562736
1936,0.711086487432204
1937,0.702944331863154
1938,0.705885791104097
1939,0.704718779790276
194,0.87069271758437
1940,0.709721561161352
