"param_id","prop_relapse"
10511,0.921975662133142
10512,0.914556962025316
10513,0.906722493603163
10514,0.921501706484642
10515,0.917278511992168
10516,0.920433145009416
10517,0.919782300047326
10518,0.918574463063488
10519,0.925736829890926
1052,0.81612835127718
10520,0.918065153010859
10521,0.913577274915744
10522,0.913648356920125
