"param_id","prop_relapse"
4586,0.826869509320763
4587,0.823781009409752
4588,0.825588664305064
4589,0.826548672566372
459,0.873027259684362
4590,0.813236239023346
4591,0.834769495906937
4592,0.826731624655793
4593,0.82893634840871
4594,0.828402366863905
4595,0.823247078464107
4596,0.829247495203581
4597,0.829021129797326
