"param_id","prop_relapse"
12759,0.31720797234433
1276,0.814150165016502
12760,0.313787191562317
12761,0.317807564467424
12762,0.316529566303458
12763,0.313135866065679
12764,0.317700584341376
12765,0.316083467094703
12766,0.313073048943222
12767,0.318616645622445
12768,0.31477131998121
12769,0.311771238200999
1277,0.815286624203822
