"param_id","prop_relapse"
8365,0.887863834656368
8366,0.878045285182001
8367,0.87899232039044
8368,0.878281622911695
8369,0.879506845387427
837,0.81165733250363
8370,0.876575028636884
8371,0.878826987882699
8372,0.883405833273907
8373,0.881534600215131
8374,0.881222707423581
8375,0.877886836027714
8376,0.885915990116484
