"param_id","prop_relapse"
11085,0.806188584570353
11086,0.813774448605909
11087,0.818332298779226
11088,0.820642978003384
11089,0.813296516567545
1109,0.813105295693386
11090,0.833017875920084
11091,0.822392974753019
11092,0.820792286732341
11093,0.817456986991188
11094,0.822095857026807
11095,0.82285471537808
11096,0.825371010367961
