"param_id","prop_relapse"
5194,0.839203467894879
5195,0.83589602151279
5196,0.836106662953422
5197,0.834443910146321
5198,0.839774446431027
5199,0.835554630015271
52,0.876200640341515
520,0.871104815864023
5200,0.742471708970015
5201,0.737792393125271
5202,0.741579448144624
5203,0.756033159349094
5204,0.750061500615006
