"param_id","prop_relapse"
9254,0.545850222606153
9255,0.540134574865765
9256,0.539920840726082
9257,0.539609296059279
9258,0.541896417577213
9259,0.534405058182552
926,0.801794283329856
9260,0.53670937563555
9261,0.537991858887381
9262,0.543982509479725
9263,0.54521625163827
9264,0.533438422323585
9265,0.540566229886618
