"param_id","prop_relapse"
11963,0.723500386421735
11964,0.720957135898685
11965,0.728466799830519
11966,0.72855033953351
11967,0.727453580901857
11968,0.725610838312726
11969,0.722565033272837
1197,0.812656119900083
11970,0.717987164877347
11971,0.717695716395864
11972,0.723970799425562
11973,0.729791868344627
11974,0.71255447435974
