"param_id","prop_relapse"
1895,0.708250088141967
1896,0.704199139234617
1897,0.696600499227386
1898,0.697779844240381
1899,0.702563806444162
19,0.884738527214514
190,0.886999645766915
1900,0.70509977827051
1901,0.710574808298163
1902,0.703710175315976
1903,0.703165603590834
1904,0.707128758852897
1905,0.708923761564586
