"param_id","prop_relapse"
8271,0.876544096523987
8272,0.875676831005985
8273,0.887901270844046
8274,0.881859311150029
8275,0.8816729254105
8276,0.876984414642987
8277,0.874854988399072
8278,0.879306624469539
8279,0.883765327850797
828,0.817911714770798
8280,0.8849589923843
8281,0.884151532349603
8282,0.880315424865502
