"param_id","prop_relapse"
6891,0.880191106210952
6892,0.900739176346357
6893,0.891570479188527
6894,0.893928820655966
6895,0.894146512443042
6896,0.889203539823009
6897,0.903980446927374
6898,0.89155370177268
6899,0.896043165467626
69,0.8843728100911
690,0.87915512465374
6900,0.898824367652298
6901,0.88994708994709
