"param_id","prop_relapse"
943,0.825786163522013
9430,0.316722250726868
9431,0.317226621014338
9432,0.316431623931624
9433,0.312141213906388
9434,0.311842697110545
9435,0.315553754611956
9436,0.314784969038935
9437,0.311889568954291
9438,0.316568686781361
9439,0.313392043729122
944,0.808911917098446
9440,0.313518002001405
