"param_id","prop_relapse"
578,0.876166547020818
5780,0.380399002493766
5781,0.373768272196174
5782,0.381075247475625
5783,0.381745952428543
5784,0.380932959469794
5785,0.375218237142715
5786,0.37528564331843
5787,0.378904573116841
5788,0.379488846653996
5789,0.377275910364146
579,0.881069669247009
5790,0.378332543581814
