"param_id","prop_relapse"
2631,0.299379672993181
2632,0.302744496496828
2633,0.301894736842105
2634,0.303847256934486
2635,0.304116292458261
2636,0.300423537152021
2637,0.300659853042193
2638,0.304507153061013
2639,0.3041173465043
264,0.87216206776109
2640,0.301659094179807
2641,0.301888737679904
2642,0.29858837757251
