"param_id","prop_relapse"
9547,0.313343489175446
9548,0.314403573642251
9549,0.31686494939036
955,0.800918196994992
9550,0.311024978466839
9551,0.316911843659401
9552,0.313713225778621
9553,0.312546494080639
9554,0.316987444155074
9555,0.31346744240967
9556,0.312098375354924
9557,0.314967140131439
9558,0.311420853592653
