"param_id","prop_relapse"
585,0.881728045325779
5850,0.449415945701885
5851,0.442962706384944
5852,0.444859705611776
5853,0.450504242493501
5854,0.448146002317497
5855,0.450889741800419
5856,0.443800063162126
5857,0.45301094890511
5858,0.450503938832252
5859,0.447162876177349
586,0.878209576682859
5860,0.4494511509983
