"param_id","prop_relapse"
1508,0.80530603718404
1509,0.806090082469867
151,0.877750611246944
1510,0.81134401972873
1511,0.798472634705134
1512,0.793019480519481
1513,0.813882063882064
1514,0.796550290939318
1515,0.802676941796796
1516,0.803714057507987
1517,0.796610169491525
1518,0.81799379524302
1519,0.811007268951194
