"param_id","prop_relapse"
6973,0.891566265060241
6974,0.900070871722183
6975,0.902258292166549
6976,0.884695290858726
6977,0.904210526315789
6978,0.885390873717722
6979,0.892250169952413
698,0.881000676132522
6980,0.911642411642412
6981,0.901855817273376
6982,0.892350294219453
6983,0.899718508092892
6984,0.879435191889935
