"param_id","prop_relapse"
11740,0.892705167173252
11741,0.888695652173913
11742,0.892299726311118
11743,0.894339622641509
11744,0.886854632002929
11745,0.892027301771711
11746,0.887826215895611
11747,0.888266922000442
11748,0.890334044065387
11749,0.885225436921721
1175,0.798088907353552
11750,0.887129154583984
11751,0.893002591632729
