"param_id","prop_relapse"
2386,0.714167012879103
2387,0.70660394211874
2388,0.710087976539589
2389,0.690382614726621
239,0.878439568094741
2390,0.71257768570583
2391,0.714927048260382
2392,0.709078122252828
2393,0.706491959499702
2394,0.70574520236743
2395,0.709472600388972
2396,0.70665652784277
2397,0.709075244112579
