"param_id","prop_relapse"
8072,0.874049707602339
8073,0.878429380171288
8074,0.877688770212135
8075,0.877734492058735
8076,0.873478609430799
8077,0.879568780920032
8078,0.875974536871468
8079,0.87735982966643
808,0.80841316118284
8080,0.881735029298271
8081,0.881686505091065
8082,0.879415519931905
8083,0.882875143184422
