"param_id","prop_relapse"
10781,0.924091645452442
10782,0.925352112676056
10783,0.916119962511715
10784,0.922745754604162
10785,0.918963486454653
10786,0.925809569840503
10787,0.93016558675306
10788,0.909548944337812
10789,0.923636363636364
1079,0.816895715440582
10790,0.918552036199095
10791,0.916666666666667
10792,0.922065727699531
