"param_id","prop_relapse"
3005,0.302615770503552
3006,0.300446945869889
3007,0.298433929432483
3008,0.304323308270677
3009,0.299162659592107
301,0.889892323723515
3010,0.302145650565479
3011,0.299194572207538
3012,0.298509937205977
3013,0.301677746122191
3014,0.30532825679968
3015,0.299056525697261
3016,0.301292474463206
