"param_id","prop_relapse"
7850,0.801943844492441
7851,0.824018771331058
7852,0.810727496917386
7853,0.819560111039932
7854,0.81472134595163
7855,0.822795517022626
7856,0.818297872340426
7857,0.816637630662021
7858,0.812702922077922
7859,0.827884412571188
786,0.898093587521664
7860,0.822869022869023
7861,0.828528399311532
