"param_id","prop_relapse"
9113,0.54093557404102
9114,0.545417611808918
9115,0.540637355952823
9116,0.542902722150567
9117,0.544790619765494
9118,0.536002451230722
9119,0.542521403390969
912,0.822976287816844
9120,0.542087198831006
9121,0.536884011909939
9122,0.546892057295974
9123,0.530255252763302
9124,0.533073541167066
