"param_id","prop_relapse"
3954,0.885684503127172
3955,0.876645876645877
3956,0.884602015988877
3957,0.877607788595271
3958,0.875743787189359
3959,0.877963737796374
396,0.886133426475725
3960,0.874733853797019
3961,0.879928952042629
3962,0.891349480968858
3963,0.882394868139701
3964,0.881501894591802
3965,0.88656504785537
