"param_id","prop_relapse"
2690,0.302004573641814
2691,0.299934202409837
2692,0.302065021709203
2693,0.299492707672796
2694,0.303927266688808
2695,0.30323559360778
2696,0.301795436598645
2697,0.294836213784113
2698,0.303011487115803
2699,0.30552454203366
27,0.880894166957737
270,0.883180858550317
2700,0.306258295048494
