"param_id","prop_relapse"
5955,0.443878864136807
5956,0.447538210076564
5957,0.443240439205741
5958,0.448698403566806
5959,0.449397171342453
596,0.876960613454165
5960,0.449557989955652
5961,0.446879739048328
5962,0.456228664005092
5963,0.451115803892472
5964,0.44329117604303
5965,0.453778629228262
5966,0.447578347578348
