"param_id","prop_relapse"
4457,0.82011270047681
4458,0.81970421922575
4459,0.820119352088662
446,0.881792519407198
4460,0.831633760034715
4461,0.819991345737776
4462,0.826686155773648
4463,0.823946689595873
4464,0.8408057179987
4465,0.834330910645575
4466,0.828180862250263
4467,0.838565022421525
4468,0.823989278534733
