"param_id","prop_relapse"
2199,0.702278627055091
22,0.875720461095101
220,0.879192210602236
2200,0.704040051228315
2201,0.710672210672211
2202,0.699367088607595
2203,0.712410292315771
2204,0.713376175175533
2205,0.704636621047664
2206,0.703042596348884
2207,0.705334413330248
2208,0.708701804032543
2209,0.706984368596686
