"param_id","prop_relapse"
8728,0.718031000242189
8729,0.719069032571706
873,0.800041101520756
8730,0.725231097416449
8731,0.72467799479954
8732,0.723639808181872
8733,0.717976644279058
8734,0.733713108296467
8735,0.729120744550576
8736,0.726127762640024
8737,0.72288790219573
8738,0.71407416548405
8739,0.722728106093015
