"param_id","prop_relapse"
10242,0.879206517888771
10243,0.873612602935911
10244,0.878998609179416
10245,0.883794189709485
10246,0.875269590222861
10247,0.884336475707034
10248,0.886857537081752
10249,0.888453314326443
1025,0.798728813559322
10250,0.897554058844381
10251,0.872943647182359
10252,0.876630243214663
10253,0.886659626891939
