"param_id","prop_relapse"
6294,0.310626533072798
6295,0.306814632826001
6296,0.309748527269272
6297,0.309235768948527
6298,0.30919172892548
6299,0.306977035752346
63,0.879943502824859
630,0.879717813051146
6300,0.304355273864074
6301,0.307167883827937
6302,0.311680409559178
6303,0.306187699830732
6304,0.306962698311429
