"param_id","prop_relapse"
1344,0.784640390085331
1345,0.812050739957717
1346,0.814877789585547
1347,0.802509771651923
1348,0.801724137931034
1349,0.803571428571429
135,0.895194986072423
1350,0.808037622915776
1351,0.813504169208867
1352,0.793637678165668
1353,0.804754891647381
1354,0.803533866217922
1355,0.809741881765196
