"param_id","prop_relapse"
8166,0.882866363503007
8167,0.880976455293948
8168,0.885360017402654
8169,0.889949385394071
817,0.813913418048675
8170,0.879488999290277
8171,0.878117955057814
8172,0.880568994151202
8173,0.880391155221484
8174,0.884337176824465
8175,0.88367879402812
8176,0.884649316277018
8177,0.88560157790927
