"param_id","prop_relapse"
9899,0.902651779483601
99,0.900666900666901
990,0.812099187687046
9900,0.894549340933381
9901,0.908077994428969
9902,0.907296439901304
9903,0.902496626180837
9904,0.891327815761065
9905,0.903270702853166
9906,0.898063573255389
9907,0.890187743535246
9908,0.905444126074499
9909,0.890121689334288
