"param_id","prop_relapse"
8049,0.876101645123384
805,0.798180314309347
8050,0.882686781609195
8051,0.888620916465687
8052,0.886877161993082
8053,0.876705180767797
8054,0.883800312900014
8055,0.882636770027673
8056,0.881437299970905
8057,0.880778048960876
8058,0.881535888299033
8059,0.890191740412979
806,0.801169590643275
