"param_id","prop_relapse"
5615,0.377887705905986
5616,0.37926252445457
5617,0.385979188242837
5618,0.385071775146441
5619,0.378643191087238
562,0.882499112531061
5620,0.378487321053403
5621,0.37998787756339
5622,0.37913246199251
5623,0.378025699770894
5624,0.381622851365015
5625,0.373543988528013
5626,0.3807681748983
