"param_id","prop_relapse"
9453,0.311924067334908
9454,0.315226460709014
9455,0.31670113753878
9456,0.312917378055369
9457,0.311586852838984
9458,0.313202965235174
9459,0.310173482835353
946,0.810647046093919
9460,0.313466576523282
9461,0.310927808407994
9462,0.312435008665511
9463,0.312408539209779
9464,0.317117347482367
