"param_id","prop_relapse"
10582,0.915051447714764
10583,0.911778507742844
10584,0.917056074766355
10585,0.921256151863136
10586,0.915506035283194
10587,0.908592777085928
10588,0.913890192397935
10589,0.915542938254081
1059,0.807802874743326
10590,0.918170878459687
10591,0.922434953362788
10592,0.907706945765937
10593,0.914019584427991
