"param_id","prop_relapse"
9816,0.902177793645127
9817,0.893646893646894
9818,0.888611210282042
9819,0.888849305308158
982,0.803619721239859
9820,0.891758047400071
9821,0.899963885879379
9822,0.89141061452514
9823,0.888966725043783
9824,0.891464699683878
9825,0.895378000716589
9826,0.897297297297297
9827,0.891618497109827
