"param_id","prop_relapse"
6563,0.90728021978022
6564,0.896066402020931
6565,0.886699507389163
6566,0.893451327433628
6567,0.902532084634062
6568,0.896149770399152
6569,0.884965416818347
657,0.88711358110455
6570,0.894755244755245
6571,0.887813620071685
6572,0.902507947721653
6573,0.88753904894134
6574,0.88815099615519
