"param_id","prop_relapse"
7265,0.907493061979649
7266,0.903572262432874
7267,0.904761904761905
7268,0.910760536849541
7269,0.901848892946816
727,0.877580071174377
7270,0.901969872537659
7271,0.900587544065805
7272,0.913240917782027
7273,0.910999543587403
7274,0.910662824207493
7275,0.916551086453999
7276,0.899228431143325
