"param_id","prop_relapse"
1112,0.813770219825798
11120,0.819356161574739
11121,0.815663176265271
11122,0.82459465150558
11123,0.827586206896552
11124,0.816824395373291
11125,0.821804666529011
11126,0.816241105064881
11127,0.81981795614398
11128,0.818107164853213
11129,0.833782942519195
1113,0.809171597633136
11130,0.816907302783009
