"param_id","prop_relapse"
6762,0.900699300699301
6763,0.894994749737487
6764,0.904894133981257
6765,0.900865176640231
6766,0.901102810387762
6767,0.899177690382553
6768,0.89157483114113
6769,0.891756272401434
677,0.883744855967078
6770,0.897807637906648
6771,0.900492264416315
6772,0.894830028328612
6773,0.902345117255863
