"param_id","prop_relapse"
7944,0.82994923857868
7945,0.822259136212625
7946,0.82044370723616
7947,0.814807002742038
7948,0.826236559139785
7949,0.817620419925895
795,0.886713286713287
7950,0.809264305177112
7951,0.830837376080996
7952,0.813173409229518
7953,0.829659747485555
7954,0.814187741105872
7955,0.80243288590604
