"param_id","prop_relapse"
5686,0.382050707869921
5687,0.378636409077277
5688,0.379036114256952
5689,0.377832798564968
569,0.878336221837088
5690,0.379274327920221
5691,0.375902055442194
5692,0.374613003095975
5693,0.374534068883256
5694,0.377827719055616
5695,0.373718361483976
5696,0.376268129555873
5697,0.381275407137691
