"param_id","prop_relapse"
9559,0.31753062944316
956,0.796174413821473
9560,0.309716206606762
9561,0.311790127478446
9562,0.31571336067343
9563,0.314906133748594
9564,0.31678563007738
9565,0.314531384350817
9566,0.313206153311316
9567,0.317369549678342
9568,0.312933954276037
9569,0.314636581893896
957,0.808851422550053
