"param_id","prop_relapse"
12595,0.576071111111111
12596,0.566058655221745
12597,0.563377821256376
12598,0.565807762215332
12599,0.574274091737972
126,0.890700902151284
1260,0.794776119402985
12600,0.314876933130037
12601,0.318761778913849
12602,0.317469630788622
12603,0.314959279897128
12604,0.318479176112443
12605,0.317584627894039
