"param_id","prop_relapse"
10640,0.916846393481908
10641,0.918237454100367
10642,0.926823529411765
10643,0.925430210325048
10644,0.925934634375735
10645,0.92291169451074
10646,0.925098860200047
10647,0.918424753867792
10648,0.911311358785867
10649,0.925
1065,0.81234309623431
10650,0.924764150943396
10651,0.931902985074627
