"param_id","prop_relapse"
8552,0.88113750899928
8553,0.875986631586433
8554,0.87931282346176
8555,0.887874175545408
8556,0.886987778576564
8557,0.880177726816683
8558,0.879643710623506
8559,0.876075976381874
856,0.808032955715757
8560,0.883529754110287
8561,0.887917095399089
8562,0.875080076873799
8563,0.882065101765832
