"param_id","prop_relapse"
11448,0.90964581763376
11449,0.913368818946232
1145,0.805336179295624
11450,0.920613441587731
11451,0.906756343625802
11452,0.906689613888057
11453,0.9110365398956
11454,0.914560314817618
11455,0.910707471571396
11456,0.912118688971312
11457,0.914935408325149
11458,0.909231905465288
11459,0.914938068944934
