"param_id","prop_relapse"
1730,0.711025054274482
1731,0.708376781369482
1732,0.701308608649727
1733,0.702061795455873
1734,0.714835100804102
1735,0.703341483292584
1736,0.713608428446005
1737,0.716489645760399
1738,0.709023082303567
1739,0.700513471412912
174,0.866125044154009
1740,0.707942572652541
1741,0.71053708140962
