"param_id","prop_relapse"
5322,0.742624810892587
5323,0.745263422924404
5324,0.746874813086907
5325,0.741670873296315
5326,0.74257788637752
5327,0.743830787309048
5328,0.739170734721621
5329,0.741119583410824
533,0.873134328358209
5330,0.752941905115818
5331,0.741482476492856
5332,0.751553180914513
5333,0.748536585365854
