"param_id","prop_relapse"
2362,0.705827829915421
2363,0.716180523656408
2364,0.699342144254134
2365,0.70478926080075
2366,0.706627043090639
2367,0.703185523501185
2368,0.712559967631929
2369,0.694725812085225
237,0.877628403998621
2370,0.707148854504018
2371,0.703468601224212
2372,0.716275177813639
2373,0.704566744730679
