"param_id","prop_relapse"
5334,0.752565846420181
5335,0.736170212765957
5336,0.752616208323193
5337,0.7428839537066
5338,0.741890072224263
5339,0.74460076514871
534,0.87530141233207
5340,0.752785852713178
5341,0.747769667477697
5342,0.734106555851889
5343,0.748299319727891
5344,0.743962264150943
5345,0.741030902194864
