"param_id","prop_relapse"
2971,0.304193568349182
2972,0.297729639658404
2973,0.303367520657725
2974,0.302113184207814
2975,0.299469247580393
2976,0.299142970894537
2977,0.303616554124032
2978,0.301362135962896
2979,0.302955974842767
298,0.873876986869385
2980,0.303574766840454
2981,0.303703090050534
2982,0.296088684375654
