"param_id","prop_relapse"
12548,0.566327247191011
12549,0.563268460619687
1255,0.818391286133222
12550,0.56510148224505
12551,0.570135907171499
12552,0.568089212953034
12553,0.566656161361488
12554,0.568840579710145
12555,0.577547849424394
12556,0.568131023886018
12557,0.566004399091335
12558,0.571756885761765
12559,0.571886577372471
