"param_id","prop_relapse"
4059,0.860687853722246
406,0.869172388868811
4060,0.846638183044749
4061,0.863800042363906
4062,0.856078860898138
4063,0.851635260991986
4064,0.857847533632287
4065,0.860321656752589
4066,0.864824654622742
4067,0.85672710991717
4068,0.838955386289445
4069,0.852763295099062
407,0.874602613917344
