"param_id","prop_relapse"
2292,0.702308413405203
2293,0.703254664234006
2294,0.718545196906182
2295,0.700222926199695
2296,0.701774470520893
2297,0.695799965431814
2298,0.717901271414075
2299,0.710969103593832
23,0.873194786896795
230,0.883422459893048
2300,0.699464056856577
2301,0.703217334208798
2302,0.713545909461189
