"param_id","prop_relapse"
12290,0.635533033897654
12291,0.635759756435096
12292,0.628319981056869
12293,0.632298952737953
12294,0.632149708334965
12295,0.623824692021338
12296,0.63357658596857
12297,0.627647329650092
12298,0.639267965607005
12299,0.629541530788414
123,0.877072819033886
1230,0.819905213270142
12300,0.63775215026806
