"param_id","prop_relapse"
10688,0.909802116889093
10689,0.928758637121754
1069,0.801445578231292
10690,0.915242332006556
10691,0.916048792154987
10692,0.927146171693735
10693,0.919971503205889
10694,0.921052631578947
10695,0.916848484848485
10696,0.926188786373314
10697,0.923766816143498
10698,0.916125931266522
10699,0.919877097612858
