"param_id","prop_relapse"
8751,0.725097685602645
8752,0.72298636554748
8753,0.728317785133915
8754,0.716812567454131
8755,0.72627824019025
8756,0.722063870629981
8757,0.724321098179648
8758,0.716190589071945
8759,0.72500746937556
876,0.79830866807611
8760,0.72980467808054
8761,0.723279304674654
8762,0.723844426055089
