"param_id","prop_relapse"
9535,0.313658025773086
9536,0.31206408844551
9537,0.315401795301293
9538,0.314652061308538
9539,0.315791724580349
954,0.800291241938839
9540,0.31392161062326
9541,0.311674150096216
9542,0.313832754108208
9543,0.312547363862726
9544,0.311441535479198
9545,0.313283639967254
9546,0.3159187755457
