"param_id","prop_relapse"
1497,0.801038753495805
1498,0.814110688635403
1499,0.799017601309865
15,0.878934624697337
150,0.890750436300174
1500,0.799543946932007
1501,0.78963110667996
1502,0.78821623810488
1503,0.796825396825397
1504,0.798928718582612
1505,0.801051524710831
1506,0.799714460534367
1507,0.791392834428662
