"param_id","prop_relapse"
10196,0.908243727598566
10197,0.902516838000709
10198,0.903271192402392
10199,0.896008403361345
102,0.889155799588195
1020,0.80844834797156
10200,0.883184011026878
10201,0.885561497326203
10202,0.890524048815506
10203,0.884480337078652
10204,0.885894294714736
10205,0.881109185441941
10206,0.88
