"param_id","prop_relapse"
12185,0.60266578541529
12186,0.603983857232774
12187,0.599283234404749
12188,0.597987384693915
12189,0.600390294193453
1219,0.818939239991872
12190,0.606618198171189
12191,0.597897552096876
12192,0.600805549339897
12193,0.606324692038978
12194,0.591272302696391
12195,0.600361051562676
12196,0.601400674398785
