"param_id","prop_relapse"
12126,0.589624185978826
12127,0.589064929295921
12128,0.597104810353857
12129,0.596513999629149
1213,0.804274227676682
12130,0.601696498636075
12131,0.602452942048318
12132,0.601992268807612
12133,0.593457091797659
12134,0.596179426544487
12135,0.598501188082617
12136,0.596867424948723
12137,0.599081781195178
