"param_id","prop_relapse"
6997,0.896028880866426
6998,0.88103953147877
6999,0.891873038018835
7,0.889211768979295
70,0.887091100949701
700,0.879505300353357
7000,0.884721266345492
7001,0.867636363636364
7002,0.881635581061693
7003,0.886501969208736
7004,0.890439637124913
7005,0.875854623965455
7006,0.889510489510489
