"param_id","prop_relapse"
1036,0.804392446633826
10360,0.881963788300836
10361,0.886112102820421
10362,0.885714285714286
10363,0.886323889471843
10364,0.892755681818182
10365,0.89617109348051
10366,0.885714285714286
10367,0.873485388453314
10368,0.895057549085985
10369,0.897667942916812
1037,0.800411946446962
10370,0.882144124955627
