"param_id","prop_relapse"
3321,0.890953716690042
3322,0.896410256410256
3323,0.884042553191489
3324,0.894141829393628
3325,0.885724209795068
3326,0.875229357798165
3327,0.87451396253093
3328,0.891372685993713
3329,0.895527603074773
333,0.885584324702589
3330,0.894604316546763
3331,0.887906647807638
3332,0.897988505747126
