"param_id","prop_relapse"
12020,0.598814446192689
12021,0.598584466381077
12022,0.601999926473291
12023,0.590501396853404
12024,0.602377906539243
12025,0.593852625364378
12026,0.597743393730016
12027,0.595352066357292
12028,0.593126509381386
12029,0.596594702871133
1203,0.814569536423841
12030,0.597150066795309
12031,0.597909891475134
