"param_id","prop_relapse"
10793,0.917523250122369
10794,0.919647114926085
10795,0.916844349680171
10796,0.918621013133208
10797,0.918912639405205
10798,0.91643709825528
10799,0.916786570743405
108,0.88872936109117
1080,0.823316283034953
10800,0.905500363460141
10801,0.910454758556024
10802,0.914785142024763
10803,0.90607000443066
