"param_id","prop_relapse"
6071,0.338977832512315
6072,0.336097067745197
6073,0.333897425483427
6074,0.331831355855448
6075,0.337913691679016
6076,0.333310985965853
6077,0.334032570938783
6078,0.336166644000181
6079,0.334256756756757
608,0.869690424766019
6080,0.333713842149723
6081,0.337110734362452
6082,0.331129699586257
