"param_id","prop_relapse"
1286,0.797729618163055
1287,0.806097055163832
1288,0.795757071547421
1289,0.80174382395682
129,0.880787458986511
1290,0.808457711442786
1291,0.803309593632174
1292,0.812072184194151
1293,0.801003344481605
1294,0.807461139896373
1295,0.795734894417729
1296,0.814522653721683
1297,0.801093355761144
