"param_id","prop_relapse"
11108,0.817159516867972
11109,0.821210204511912
1111,0.805406520841932
11110,0.812793176972281
11111,0.794396374124433
11112,0.819432860717264
11113,0.809246147438567
11114,0.802415157193421
11115,0.817422945205479
11116,0.811967632027257
11117,0.824978577549272
11118,0.819210245464248
11119,0.818713450292398
