"param_id","prop_relapse"
4773,0.817857142857143
4774,0.805012744265081
4775,0.801077586206897
4776,0.791979949874687
4777,0.813490451036164
4778,0.7979633401222
4779,0.778772112382934
478,0.874113475177305
4780,0.807259073842303
4781,0.829948141745895
4782,0.821032423208191
4783,0.827751196172249
4784,0.791433491175204
