"param_id","prop_relapse"
9230,0.536864637129655
9231,0.539708099218857
9232,0.542412581562657
9233,0.544505087258271
9234,0.545796355260484
9235,0.536200087757788
9236,0.535689581343259
9237,0.548758715936268
9238,0.543550722197906
9239,0.543464962957928
924,0.797377586560131
9240,0.541098623395624
9241,0.543120138582249
