"param_id","prop_relapse"
4222,0.876721763085399
4223,0.882935614588023
4224,0.882032667876588
4225,0.886745347253745
4226,0.896239238785682
4227,0.900183570445158
4228,0.871653020579774
4229,0.87048785823671
423,0.874511198009243
4230,0.866046511627907
4231,0.884244372990354
4232,0.882933393137475
4233,0.883470105509965
