"param_id","prop_relapse"
3884,0.878127233738385
3885,0.894306049822064
3886,0.873475078424538
3887,0.881574239713775
3888,0.886164623467601
3889,0.884889522451889
389,0.880041365046536
3890,0.874954162082875
3891,0.886225402504472
3892,0.881535648994516
3893,0.888576449912127
3894,0.888655462184874
3895,0.882312218760817
