"param_id","prop_relapse"
5720,0.376356873560892
5721,0.376950087785302
5722,0.383047236877957
5723,0.374794332162766
5724,0.381892121151639
5725,0.383828904474958
5726,0.383613361336134
5727,0.383627291141742
5728,0.38147229537958
5729,0.378867396411256
573,0.891258741258741
5730,0.380501810011235
5731,0.377605416740355
