"param_id","prop_relapse"
5499,0.720353361024981
55,0.880262249827467
550,0.879222108495394
5500,0.72536043488537
5501,0.723124701385571
5502,0.717490652264229
5503,0.713590810525699
5504,0.715147493515111
5505,0.701434080501326
5506,0.726148200757576
5507,0.720009358366965
5508,0.714285714285714
5509,0.709579566826427
