"param_id","prop_relapse"
661,0.878549435511461
6610,0.889581169955002
6611,0.898738612473721
6612,0.899929527836505
6613,0.903373155305692
6614,0.888407367280607
6615,0.897111913357401
6616,0.89056875449964
6617,0.896959459459459
6618,0.895553987297107
6619,0.900532859680284
662,0.88300449982693
6620,0.89992774566474
