"param_id","prop_relapse"
12384,0.630752487562189
12385,0.633078742294421
12386,0.634124302663629
12387,0.62846942301048
12388,0.630973008355473
12389,0.622971573253539
1239,0.80319803198032
12390,0.636201550387597
12391,0.628130797773655
12392,0.635790947270182
12393,0.631658211794547
12394,0.623650868137025
12395,0.629424691939408
