"param_id","prop_relapse"
8833,0.54126973552728
8834,0.536789744274554
8835,0.54684206948127
8836,0.542702666622167
8837,0.536198714280906
8838,0.534687594123356
8839,0.537955331028982
884,0.813527575442248
8840,0.538748990035012
8841,0.535122282608696
8842,0.543062200956938
8843,0.539579039832427
8844,0.550220115137149
