"param_id","prop_relapse"
1918,0.708033537491824
1919,0.713229548596502
192,0.878263937896965
1920,0.706210705681885
1921,0.70211539570004
1922,0.706728239901795
1923,0.705691056910569
1924,0.711594634873323
1925,0.708238453903194
1926,0.711772423664122
1927,0.704793796263659
1928,0.700681844447013
1929,0.695360794962158
