"param_id","prop_relapse"
11553,0.914745673040587
11554,0.918512421430709
11555,0.90829925791307
11556,0.913180452780423
11557,0.910926546784517
11558,0.91931008623922
11559,0.911784818782767
1156,0.800126769490809
11560,0.915519166356531
11561,0.917053451115436
11562,0.909179614201006
11563,0.910886710400236
11564,0.904959289415248
