"param_id","prop_relapse"
10149,0.892805232558139
1015,0.809129511677282
10150,0.898716119828816
10151,0.897711015736767
10152,0.893967093235832
10153,0.894322845417237
10154,0.894472361809045
10155,0.903551532033426
10156,0.890788555478018
10157,0.885501595179015
10158,0.902501839587932
10159,0.898203592814371
1016,0.800830696202532
