"param_id","prop_relapse"
6012,0.336755278612095
6013,0.338277577472502
6014,0.330817834736208
6015,0.333643333484553
6016,0.331744692495382
6017,0.332032971876928
6018,0.333693304535637
6019,0.332726528011651
602,0.87918281084889
6020,0.334129464285714
6021,0.335372722252899
6022,0.333736065835366
6023,0.332398157018384
