"param_id","prop_relapse"
9418,0.309097159554811
9419,0.313118838695699
942,0.809474768280124
9420,0.314476088124664
9421,0.313708944567052
9422,0.314730160105726
9423,0.309108632080581
9424,0.312317372293911
9425,0.310640147810021
9426,0.314466627899464
9427,0.314469535036296
9428,0.314683179974707
9429,0.313654558297836
