"param_id","prop_relapse"
11788,0.89479038000436
11789,0.891144708423326
1179,0.810137100124636
11790,0.88794754678061
11791,0.894799229515484
11792,0.890611225389362
11793,0.88478419897586
11794,0.887144115057235
11795,0.894516010305484
11796,0.896024016987625
11797,0.893026599568656
11798,0.895743277895817
11799,0.891882183908046
