"param_id","prop_relapse"
10652,0.919165267450228
10653,0.925383877159309
10654,0.922270955165692
10655,0.9103562160887
10656,0.926485148514852
10657,0.914984564236523
10658,0.927145948545323
10659,0.918560606060606
1066,0.814907872696817
10660,0.912523900573614
10661,0.921550315199626
10662,0.914965986394558
10663,0.926026775584298
