"param_id","prop_relapse"
10465,0.908705882352941
10466,0.918325326012354
10467,0.912586577501791
10468,0.920257081647227
10469,0.910430308699719
1047,0.808731808731809
10470,0.912822989616035
10471,0.917604790419162
10472,0.917146144994246
10473,0.919027384324835
10474,0.914878566375855
10475,0.909310178485287
10476,0.901315789473684
