"param_id","prop_relapse"
11611,0.880518518518518
11612,0.895768833849329
11613,0.888548504741065
11614,0.886008470863152
11615,0.88509362200117
11616,0.888905446688026
11617,0.88936170212766
11618,0.890570517100675
11619,0.885741265344665
1162,0.797801742015761
11620,0.890214111222877
11621,0.884823554882009
11622,0.894518453810876
