"param_id","prop_relapse"
11577,0.918374898246133
11578,0.910961466517022
11579,0.911662604328237
1158,0.815414094102619
11580,0.916480405304724
11581,0.910235276487337
11582,0.908694999249137
11583,0.916090601559053
11584,0.916446324695928
11585,0.915204458167031
11586,0.907467166979362
11587,0.918519635185046
11588,0.907588785046729
