"param_id","prop_relapse"
7124,0.882414882414882
7125,0.883564075257366
7126,0.889319703912584
7127,0.878777231201687
7128,0.888344417220861
7129,0.877005347593583
713,0.892033542976939
7130,0.881667255386789
7131,0.883121468926554
7132,0.874864767399928
7133,0.877697841726619
7134,0.883515707730321
7135,0.883640152830844
