"param_id","prop_relapse"
2444,0.302572239853015
2445,0.302015786529657
2446,0.304665179036934
2447,0.300125
2448,0.302444982713289
2449,0.300156723435378
245,0.881081081081081
2450,0.302257294916498
2451,0.298968640823414
2452,0.308618663981202
2453,0.300696401923396
2454,0.29973392735598
2455,0.297110162112857
