"param_id","prop_relapse"
5990,0.455326509201236
5991,0.447079037800687
5992,0.449865352661434
5993,0.446898334290638
5994,0.444990204707419
5995,0.452528938815077
5996,0.449050733196969
5997,0.452706365737438
5998,0.446785724622999
5999,0.441290545005315
6,0.883696780893043
60,0.877508650519031
600,0.876230661040788
