"param_id","prop_relapse"
86,0.879817799579538
860,0.812667077935431
8600,0.725353816378372
8601,0.72311352406515
8602,0.719004719004719
8603,0.713128525141006
8604,0.72114569456219
8605,0.725642558278542
8606,0.717562724014337
8607,0.718534380204616
8608,0.726138076575219
8609,0.731777181862506
861,0.813688212927757
