"param_id","prop_relapse"
3708,0.89120611748349
3709,0.884615384615385
371,0.878397711015737
3710,0.898574743122307
3711,0.885561497326203
3712,0.886339937434828
3713,0.875714285714286
3714,0.876203576341128
3715,0.885673959068454
3716,0.882703081232493
3717,0.877824858757062
3718,0.88506151142355
3719,0.877997914494265
