"param_id","prop_relapse"
4632,0.810395622895623
4633,0.818561001042753
4634,0.803017944535073
4635,0.823112223612849
4636,0.800459194322688
4637,0.812720848056537
4638,0.829683180948331
4639,0.810674511451986
464,0.876338514680484
4640,0.819492385786802
4641,0.802587646076795
4642,0.796485492439722
4643,0.811461440136344
