"param_id","prop_relapse"
11213,0.903394635458312
11214,0.891427312128113
11215,0.896791364778944
11216,0.896640258215962
11217,0.903128892796952
11218,0.902668643439585
11219,0.903506829088224
1122,0.815608740894901
11220,0.90321141837645
11221,0.901532710280374
11222,0.898365527488856
11223,0.901572466993028
11224,0.903557429184232
