"param_id","prop_relapse"
4035,0.85492700729927
4036,0.849459894277178
4037,0.856220787892277
4038,0.846904156064461
4039,0.850710900473934
404,0.886412652767793
4040,0.852221018418202
4041,0.857711003093239
4042,0.857791912766924
4043,0.863956043956044
4044,0.841661258922777
4045,0.855965292841649
4046,0.861779879621668
