"param_id","prop_relapse"
4258,0.877386031888614
4259,0.892767510837326
426,0.890744606819763
4260,0.877509587187007
4261,0.874031890660592
4262,0.880146386093321
4263,0.88294930875576
4264,0.886663632225762
4265,0.871599815583218
4266,0.87838145032962
4267,0.889097303634232
4268,0.880150642445724
4269,0.882993197278912
