"param_id","prop_relapse"
11975,0.730578208351217
11976,0.728170263080106
11977,0.725103734439834
11978,0.715409367179121
11979,0.723204683952683
1198,0.81615302869288
11980,0.727278217283652
11981,0.718820324529196
11982,0.725842964375074
11983,0.719551772702223
11984,0.725357638679302
11985,0.735456730769231
11986,0.73199880489991
