"param_id","prop_relapse"
7335,0.915366972477064
7336,0.901016949152542
7337,0.913275982329691
7338,0.902678144428503
7339,0.900804924242424
734,0.885263535317318
7340,0.898955495004541
7341,0.908697741470447
7342,0.923426493978641
7343,0.90291715285881
7344,0.913322251246735
7345,0.905832747716093
7346,0.905624404194471
