"param_id","prop_relapse"
2514,0.302398683572077
2515,0.300318761384335
2516,0.298901510423168
2517,0.304239711550417
2518,0.302199520483686
2519,0.301913995570229
252,0.880820013898541
2520,0.29942812150346
2521,0.298757958459451
2522,0.299670668667667
2523,0.299210313594628
2524,0.302951838425686
2525,0.302622605245211
