"param_id","prop_relapse"
764,0.879492600422833
7640,0.904349915885604
7641,0.89735401459854
7642,0.902405498281787
7643,0.904005524861878
7644,0.908855393311352
7645,0.911290322580645
7646,0.90237651444548
7647,0.902439024390244
7648,0.901585820895522
7649,0.913308341143393
765,0.887289325842697
7650,0.894736842105263
