"param_id","prop_relapse"
5814,0.443135425172052
5815,0.444400057069482
5816,0.440878040415011
5817,0.447036877600804
5818,0.45243213804569
5819,0.444832022873481
582,0.892005610098177
5820,0.452138377273888
5821,0.452795943648987
5822,0.444327071318449
5823,0.445061075035043
5824,0.455327156919514
5825,0.445457359106384
