"param_id","prop_relapse"
1084,0.810517351500958
10840,0.908473782771536
10841,0.907555138432661
10842,0.905188679245283
10843,0.914258645191852
10844,0.921290921755282
10845,0.918372147729946
10846,0.925746009715475
10847,0.900193798449612
10848,0.900985560394224
10849,0.911539354539122
1085,0.794565664882668
10850,0.903358464701851
