"param_id","prop_relapse"
4293,0.891450313339302
4294,0.880559376432829
4295,0.881730543146015
4296,0.881906077348066
4297,0.882866741321389
4298,0.872164948453608
4299,0.883434207576776
43,0.882574460801095
430,0.874824191279888
4300,0.876438104003681
4301,0.876947392187853
4302,0.882326215356656
4303,0.877782825988187
