"param_id","prop_relapse"
7675,0.904617537313433
7676,0.899484536082474
7677,0.896648699320366
7678,0.904152583293095
7679,0.907094984978045
768,0.875
7680,0.898273006860658
7681,0.889533534462752
7682,0.903620122237894
7683,0.892120075046904
7684,0.908575478384125
7685,0.906987836870975
7686,0.913073553147337
