"param_id","prop_relapse"
902,0.811718098415346
9020,0.541179254851579
9021,0.535443511372522
9022,0.536076873450817
9023,0.541570751523358
9024,0.541204624355388
9025,0.537071821317578
9026,0.546106522551919
9027,0.54539002298229
9028,0.544641327072694
9029,0.539083918421932
903,0.811456830826293
9030,0.541314095000506
