"param_id","prop_relapse"
3181,0.302868732488605
3182,0.300638373084361
3183,0.305173281866241
3184,0.301489089634121
3185,0.303930724170133
3186,0.298217146185691
3187,0.303631261517842
3188,0.30102917727941
3189,0.303112513144059
319,0.885832187070151
3190,0.298133846815658
3191,0.30003321017892
3192,0.298974871858982
