"param_id","prop_relapse"
12711,0.317810756671764
12712,0.312130948245919
12713,0.317189267647122
12714,0.315650040172852
12715,0.31763758272379
12716,0.313514444396607
12717,0.313327868145144
12718,0.31600373165974
12719,0.316341442448208
1272,0.807361170899699
12720,0.313736623716969
12721,0.311788626632528
12722,0.31526113106313
