"param_id","prop_relapse"
2796,0.296127893698744
2797,0.301746670538937
2798,0.305097451274363
2799,0.300131746795207
28,0.883162725026474
280,0.869172388868811
2800,0.302412575655683
2801,0.303504144687264
2802,0.298237245956035
2803,0.30195367069077
2804,0.302752104307642
2805,0.302229802812214
2806,0.30138201320132
