"param_id","prop_relapse"
12794,0.311102108697043
12795,0.312868083270413
12796,0.312423572823032
12797,0.318211304761493
12798,0.318460079324021
12799,0.313373638624475
128,0.876819311324104
1280,0.807216054654142
1281,0.814081632653061
1282,0.804106776180698
1283,0.789025150696321
1284,0.797455968688845
1285,0.817873782295637
