"param_id","prop_relapse"
6832,0.900245872848613
6833,0.893503727369542
6834,0.892086330935252
6835,0.896705559368566
6836,0.896335078534031
6837,0.884629037983671
6838,0.903660220994475
6839,0.890148830616584
684,0.886759581881533
6840,0.903517938000697
6841,0.890226628895184
6842,0.895152603231598
6843,0.891343716044911
