"param_id","prop_relapse"
12430,0.563827931479608
12431,0.567865590649784
12432,0.566484195656013
12433,0.565357142857143
12434,0.570553658794129
12435,0.569418551479123
12436,0.566728827275606
12437,0.570193782238952
12438,0.562981825792723
12439,0.565855556341515
1244,0.808063838723226
12440,0.570520965692503
12441,0.564897067117879
