"param_id","prop_relapse"
5592,0.710889662624565
5593,0.716127116127116
5594,0.70264537795322
5595,0.711369570377403
5596,0.713225613405147
5597,0.714521939408256
5598,0.70959287087192
5599,0.714623757690487
56,0.872002820874471
560,0.880969609261939
5600,0.381846322831894
5601,0.376970304473124
5602,0.380892928485817
