"param_id","prop_relapse"
1625,0.70504821327283
1626,0.710363204541505
1627,0.699682203389831
1628,0.695659772793475
1629,0.710632648349111
163,0.880128433820906
1630,0.698801340680566
1631,0.706612053832651
1632,0.700729927007299
1633,0.707986396153395
1634,0.707659873506676
1635,0.711009704251386
1636,0.702890106048246
