"param_id","prop_relapse"
2221,0.704261954261954
2222,0.711174296275235
2223,0.712117633164049
2224,0.713745951781216
2225,0.70859777272183
2226,0.702175060092631
2227,0.710513963858249
2228,0.704806565064478
2229,0.709743529687317
223,0.875452570601014
2230,0.710585056390977
2231,0.710578148534353
2232,0.702816407619493
