"param_id","prop_relapse"
5065,0.8350347080441
5066,0.833761492698756
5067,0.836842820268985
5068,0.829168070057258
5069,0.82720459480283
507,0.880184331797235
5070,0.830313588850174
5071,0.8313393040268
5072,0.834856624572665
5073,0.834290794692928
5074,0.836394673950154
5075,0.837333518312986
5076,0.84237150951032
