"param_id","prop_relapse"
3345,0.891481088723931
3346,0.882268997502676
3347,0.89142273655548
3348,0.887125856473134
3349,0.888888888888889
335,0.888416578108395
3350,0.89198606271777
3351,0.884520884520885
3352,0.892205056179775
3353,0.881939564300773
3354,0.881374321880651
3355,0.888114325548972
3356,0.885642135642136
