"param_id","prop_relapse"
723,0.880960791239845
7230,0.91310507674144
7231,0.91131221719457
7232,0.897632468996618
7233,0.911442554183174
7234,0.906242525711552
7235,0.911330049261084
7236,0.908880129840019
7237,0.910857142857143
7238,0.898444863336475
7239,0.907187053783912
724,0.888965755793843
7240,0.910295857988166
