"param_id","prop_relapse"
5533,0.716734887583793
5534,0.713557413006106
5535,0.714946431707745
5536,0.720368928550039
5537,0.712158659352583
5538,0.712480252764613
5539,0.7156484082397
554,0.88282060145178
5540,0.713715529753266
5541,0.715354236476783
5542,0.717608173076923
5543,0.708057493886802
5544,0.716352424997035
