"param_id","prop_relapse"
12032,0.597532424096027
12033,0.598414454277286
12034,0.600213062963779
12035,0.603611571770776
12036,0.599186471319348
12037,0.601219192939153
12038,0.604050688543803
12039,0.604315750645518
1204,0.800500834724541
12040,0.594565339106416
12041,0.603080167187559
12042,0.600507595541987
12043,0.596047515428245
