"param_id","prop_relapse"
3287,0.888966725043783
3288,0.889468196037539
3289,0.886044880785414
329,0.890602582496413
3290,0.87870036101083
3291,0.892242892242892
3292,0.896239554317549
3293,0.893009985734665
3294,0.884533143264433
3295,0.89265335235378
3296,0.892031735081062
3297,0.884206920178143
3298,0.892091388400703
