"param_id","prop_relapse"
9758,0.893200427198291
9759,0.898679985729575
976,0.811594202898551
9760,0.904608788853162
9761,0.897836112096488
9762,0.894888408927286
9763,0.894623655913979
9764,0.902861179795125
9765,0.897391304347826
9766,0.888849929873773
9767,0.892153350053744
9768,0.899928520371694
9769,0.891784292435758
