"param_id","prop_relapse"
10137,0.899416909620991
10138,0.897535211267606
10139,0.898197242841994
1014,0.80688622754491
10140,0.896527534198527
10141,0.885938668661182
10142,0.90499306518724
10143,0.889125044279136
10144,0.889724310776942
10145,0.904251518399428
10146,0.902439024390244
10147,0.901523202267092
10148,0.90138346931536
