"param_id","prop_relapse"
11143,0.838826281097172
11144,0.817812031684864
11145,0.816846828472364
11146,0.799273969677557
11147,0.804909560723514
11148,0.821843853820598
11149,0.829242488362251
1115,0.803244154202654
11150,0.822035721971164
11151,0.823978539001238
11152,0.816798800085708
11153,0.807659392383398
11154,0.79930441898527
