"param_id","prop_relapse"
9688,0.889007470651014
9689,0.895183175033921
969,0.790265301859202
9690,0.90383961943595
9691,0.893102202961358
9692,0.896991150442478
9693,0.894978783592645
9694,0.901499659168371
9695,0.896797153024911
9696,0.897545357524013
9697,0.90356764394207
9698,0.902689313517339
9699,0.904070796460177
