"param_id","prop_relapse"
20,0.873279209318743
200,0.880276816608997
2000,0.703306366514245
2001,0.714443219404631
2002,0.711516803983166
2003,0.705923794986203
2004,0.713187844655638
2005,0.697483029975371
2006,0.71203086636268
2007,0.704994192799071
2008,0.712506486766995
2009,0.70399479966907
201,0.876634853305055
