"param_id","prop_relapse"
11097,0.807914262159934
11098,0.828917170874191
11099,0.812769628990509
111,0.876468494126023
1110,0.820805647840532
11100,0.817065287653523
11101,0.811853448275862
11102,0.8
11103,0.813382443216697
11104,0.811532753868984
11105,0.812878946268033
11106,0.818500206015657
11107,0.816455696202532
