"param_id","prop_relapse"
5744,0.379092001201321
5745,0.380622051812426
5746,0.381620054485017
5747,0.379678469575751
5748,0.38043532400259
5749,0.382730366822135
575,0.880868955851437
5750,0.371701319472211
5751,0.376081667460935
5752,0.377371627502176
5753,0.379564032697548
5754,0.379709566345626
5755,0.373365100637828
