"param_id","prop_relapse"
10278,0.886556044700305
10279,0.886147338738104
1028,0.813958467137658
10280,0.875743787189359
10281,0.890243902439024
10282,0.896664249456128
10283,0.88360539389638
10284,0.879873551106428
10285,0.876508161816891
10286,0.883309759547383
10287,0.881331916400992
10288,0.897521768251842
10289,0.884735202492212
