"param_id","prop_relapse"
7382,0.919387988125143
7383,0.899204864359214
7384,0.900164822227455
7385,0.90981308411215
7386,0.900569530137636
7387,0.900828347906121
7388,0.899463494285048
7389,0.901910531220876
739,0.884706680230587
7390,0.908237986270023
7391,0.903554502369668
7392,0.909817351598174
7393,0.91208536302482
