"param_id","prop_relapse"
9207,0.542158458825125
9208,0.541972153090738
9209,0.535148764498235
921,0.805788590604027
9210,0.537269958956706
9211,0.538734278833289
9212,0.539687373122209
9213,0.538927567278083
9214,0.53306932033577
9215,0.543155413369254
9216,0.542297180187987
9217,0.534897814888388
9218,0.538597926895799
