"param_id","prop_relapse"
11846,0.726093621035255
11847,0.711120229790726
11848,0.718873576992211
11849,0.717695029081969
1185,0.804425711275026
11850,0.724690020464668
11851,0.718522561863173
11852,0.725352528172754
11853,0.729927891898443
11854,0.720191731575794
11855,0.723707234658782
11856,0.728207581011599
11857,0.724844005573393
