"param_id","prop_relapse"
3380,0.87908144958737
3381,0.886075949367089
3382,0.894158075601375
3383,0.884358523725835
3384,0.888771186440678
3385,0.884629165173773
3386,0.882956152758133
3387,0.883804075795495
3388,0.894516241704506
3389,0.892541534110993
339,0.88578589330469
3390,0.890927977839335
3391,0.885159010600707
