"param_id","prop_relapse"
1812,0.692063857990894
1813,0.698041089345437
1814,0.701181537745184
1815,0.706900640265592
1816,0.710173755338443
1817,0.704388807069219
1818,0.714143192488263
1819,0.697240551889622
182,0.876498365419542
1820,0.71111761263897
1821,0.703973857734726
1822,0.708304458304458
1823,0.72002816736107
