"param_id","prop_relapse"
11483,0.915830462782687
11484,0.912589001666414
11485,0.912346139500187
11486,0.914587832303224
11487,0.907916118548325
11488,0.919263672471738
11489,0.910279531109107
1149,0.805371900826446
11490,0.912471994025392
11491,0.918116376724655
11492,0.906938775510204
11493,0.915879305089912
11494,0.917771106392326
