"param_id","prop_relapse"
1754,0.707429977733505
1755,0.697413944760453
1756,0.718771848054067
1757,0.706044277849362
1758,0.712502240009557
1759,0.706093189964158
176,0.876751706791232
1760,0.70147178120292
1761,0.698579663635823
1762,0.709884542884072
1763,0.70206314287413
1764,0.709308433031806
1765,0.704189714016712
