"param_id","prop_relapse"
10804,0.909593652320269
10805,0.904195804195804
10806,0.904739776951673
10807,0.911434709954643
10808,0.914959504525965
10809,0.916988856038208
1081,0.799671255393466
10810,0.918021365536461
10811,0.902628571428571
10812,0.908476213475006
10813,0.916
10814,0.918604651162791
10815,0.911743772241993
