"param_id","prop_relapse"
8494,0.882293906810036
8495,0.885441701259923
8496,0.886211216744049
8497,0.885841418046539
8498,0.88949877220858
8499,0.883367287543655
85,0.885655597398151
850,0.808255388369256
8500,0.875782205279436
8501,0.864980742678584
8502,0.876980968232144
8503,0.877035950110051
8504,0.883459981535402
