"param_id","prop_relapse"
4152,0.865406006674082
4153,0.858039919264409
4154,0.862268776465344
4155,0.858071748878924
4156,0.84931207687268
4157,0.854276895943563
4158,0.843162953254696
4159,0.843438914027149
416,0.890696851786346
4160,0.851342501637197
4161,0.854759786476868
4162,0.843783901063137
4163,0.858698067096201
