"param_id","prop_relapse"
7968,0.801328627776625
7969,0.810444874274661
797,0.874508401859135
7970,0.824508320726172
7971,0.813420277660917
7972,0.806820502348377
7973,0.808931484502447
7974,0.808029345832484
7975,0.827697609304329
7976,0.835448392554992
7977,0.813344594594595
7978,0.816241972239486
7979,0.828058169375535
