"param_id","prop_relapse"
3673,0.884259259259259
3674,0.887407927043143
3675,0.901156677181914
3676,0.88956228956229
3677,0.883309759547383
3678,0.886858749121574
3679,0.877242349630672
368,0.866959064327485
3680,0.885871433482296
3681,0.880570409982175
3682,0.878109452736318
3683,0.880384478462086
3684,0.880639431616341
