"param_id","prop_relapse"
434,0.884052800570817
4340,0.884190744655861
4341,0.868359739049394
4342,0.879073949202068
4343,0.877145438121048
4344,0.887482742751956
4345,0.889887640449438
4346,0.869165487977369
4347,0.880886426592798
4348,0.873843376213044
4349,0.896121569516897
435,0.872273047149894
4350,0.872123368920522
