"param_id","prop_relapse"
4890,0.795064307632043
4891,0.777777777777778
4892,0.789307555730913
4893,0.77920385692879
4894,0.791608577308637
4895,0.79472447114129
4896,0.79859227689526
4897,0.787825974696618
4898,0.796412673474732
4899,0.793743641912513
49,0.889241622574956
490,0.886080332409972
4900,0.784507408370159
