"param_id","prop_relapse"
7476,0.902731983042864
7477,0.897785730261686
7478,0.90986515259049
7479,0.897954385139901
748,0.873264506941972
7480,0.904018912529551
7481,0.913124708080336
7482,0.900120627261761
7483,0.895922238027501
7484,0.905510018214936
7485,0.89740202553941
7486,0.901275389702409
7487,0.904013142454823
