"param_id","prop_relapse"
840,0.809054325955734
8400,0.881696102758721
8401,0.879281302638967
8402,0.881079110462997
8403,0.882301656495205
8404,0.877640151786354
8405,0.889360456607639
8406,0.875427490358728
8407,0.875836485306954
8408,0.872943595769683
8409,0.875398230088496
841,0.798148148148148
8410,0.879156705064116
