"param_id","prop_relapse"
3825,0.876197494473102
3826,0.890726096333573
3827,0.875042793563848
3828,0.890113798008535
3829,0.870547945205479
383,0.87009715725081
3830,0.881518268889677
3831,0.884104772156441
3832,0.882060390763766
3833,0.888573456352023
3834,0.872908508365967
3835,0.880054832076765
3836,0.880264531848242
