"param_id","prop_relapse"
8154,0.8817540542506
8155,0.874723707664884
8156,0.877766378425912
8157,0.880854042702135
8158,0.874892703862661
8159,0.884958965792723
816,0.802916751063399
8160,0.882018427872157
8161,0.885228251507321
8162,0.879882672771498
8163,0.878675155590529
8164,0.881487274278402
8165,0.880884653676575
