"param_id","prop_relapse"
11928,0.725040407808032
11929,0.725566343042071
1193,0.801537822111388
11930,0.73842762674504
11931,0.720633953063091
11932,0.729716638411238
11933,0.721201800267607
11934,0.717421206865618
11935,0.723231096264804
11936,0.725630890848282
11937,0.720175920835624
11938,0.723101452698713
11939,0.725487812291046
