"param_id","prop_relapse"
10101,0.892430278884462
10102,0.898510564599931
10103,0.900426742532006
10104,0.90770901194354
10105,0.901939655172414
10106,0.89330985915493
10107,0.902816901408451
10108,0.887766149404547
10109,0.900785153461813
1011,0.822097378277154
10110,0.887820512820513
10111,0.890759189282034
10112,0.895767750961875
