"param_id","prop_relapse"
10887,0.914511494252874
10888,0.909372764130694
10889,0.899693179136181
1089,0.799407532797292
10890,0.904368358913814
10891,0.917898193760263
10892,0.91145467322558
10893,0.897963852665294
10894,0.896976744186047
10895,0.914152046783626
10896,0.917125748502994
10897,0.911189634864547
10898,0.912847304678224
