"param_id","prop_relapse"
10605,0.919048762911362
10606,0.91746776084408
10607,0.92589928057554
10608,0.925733207190161
10609,0.923258003766478
1061,0.802766715573255
10610,0.922936199405442
10611,0.916802610114193
10612,0.926817862988076
10613,0.921676646706587
10614,0.922428330522766
10615,0.92910447761194
10616,0.920018600325506
