"param_id","prop_relapse"
771,0.874563242487771
7710,0.896988906497623
7711,0.899759615384615
7712,0.916237716424895
7713,0.903316866619619
7714,0.907488986784141
7715,0.904628330995792
7716,0.903105590062112
7717,0.913231064237776
7718,0.894193857965451
7719,0.90221187427241
772,0.884615384615385
7720,0.910891089108911
