"param_id","prop_relapse"
11038,0.822290478279947
11039,0.820183086312119
1104,0.805394990366089
11040,0.816715542521994
11041,0.820222362072582
11042,0.809085328422345
11043,0.82263759086189
11044,0.804825506247307
11045,0.8253367003367
11046,0.820047018593717
11047,0.835607675906183
11048,0.822737306843267
11049,0.825984082598408
