"param_id","prop_relapse"
4047,0.843480185964136
4048,0.854616048317515
4049,0.85806165446884
405,0.883126110124334
4050,0.856485539000876
4051,0.846496106785317
4052,0.850174978127734
4053,0.848575712143928
4054,0.847597254004577
4055,0.855720292100022
4056,0.850694444444444
4057,0.847533632286996
4058,0.86596352450011
