"param_id","prop_relapse"
7534,0.903744543992649
7535,0.905832747716093
7536,0.907169990503324
7537,0.896460390079461
7538,0.904695164681149
7539,0.907563025210084
754,0.87804018329221
7540,0.911602209944751
7541,0.893142320338187
7542,0.905158454776775
7543,0.912786736316148
7544,0.89264544456641
7545,0.914423076923077
