"param_id","prop_relapse"
11424,0.912332057344442
11425,0.907086017430845
11426,0.90649951496157
11427,0.911205231089315
11428,0.911681994375618
11429,0.913888677955805
1143,0.805219206680585
11430,0.920681374756116
11431,0.909825541877502
11432,0.918222222222222
11433,0.911838408383325
11434,0.912391536002436
11435,0.910274854243961
