"param_id","prop_relapse"
3685,0.881998582565556
3686,0.885908440629471
3687,0.885734563520227
3688,0.889002383384406
3689,0.890454385346953
369,0.878117316473481
3690,0.878712871287129
3691,0.880756013745704
3692,0.884955752212389
3693,0.889122807017544
3694,0.886778932282336
3695,0.884532374100719
3696,0.875224094657583
