"param_id","prop_relapse"
7803,0.818910585817061
7804,0.79608938547486
7805,0.807896412651242
7806,0.813297093874138
7807,0.819455894476505
7808,0.823961937716263
7809,0.80922950144211
781,0.884057971014493
7810,0.817118093174431
7811,0.810863031343924
7812,0.810191871260574
7813,0.807602956705385
7814,0.81147366176157
