"param_id","prop_relapse"
1719,0.705161139654367
172,0.871398453970485
1720,0.708311087382096
1721,0.71336948282899
1722,0.701868447255901
1723,0.700878060126766
1724,0.700431952302732
1725,0.711708076324437
1726,0.713560422693193
1727,0.703181683021112
1728,0.713446926087958
1729,0.694112154986287
173,0.884684041413781
