"param_id","prop_relapse"
6926,0.894331700489853
6927,0.891383055756698
6928,0.89492119089317
6929,0.893431167016073
693,0.872604684173172
6930,0.894809688581315
6931,0.898115840893231
6932,0.8912964969303
6933,0.893119105833042
6934,0.897101449275362
6935,0.896825396825397
6936,0.904714142427282
6937,0.899328859060403
