"param_id","prop_relapse"
1590,0.808455219394911
1591,0.801493466085874
1592,0.812691287492349
1593,0.805623471882641
1594,0.810793915399041
1595,0.801929392446634
1596,0.805960684844642
1597,0.802992518703242
1598,0.808247854301863
1599,0.784612087441063
16,0.887368421052632
160,0.884937238493724
1600,0.713331008833101
