"param_id","prop_relapse"
7815,0.820146995244271
7816,0.797835409434348
7817,0.814252086454098
7818,0.821099935801412
7819,0.817291311754685
782,0.881935047361299
7820,0.821146655587869
7821,0.817658774065059
7822,0.820611503100278
7823,0.813790168120877
7824,0.817971866470712
7825,0.808813856610393
7826,0.826096077197399
