"param_id","prop_relapse"
3849,0.884588318085855
385,0.880404463040446
3850,0.883912576137585
3851,0.88769123783032
3852,0.892093654563963
3853,0.876874782002093
3854,0.880041011619959
3855,0.875475613974403
3856,0.880200860832138
3857,0.876306620209059
3858,0.871602288984263
3859,0.878411053540587
386,0.877921171956749
