"param_id","prop_relapse"
8353,0.88021582733813
8354,0.880495091762697
8355,0.887568619275936
8356,0.88977577824541
8357,0.879873993699685
8358,0.883063630372703
8359,0.885683684398429
836,0.804907975460123
8360,0.885615128550181
8361,0.875921724333522
8362,0.879976708639639
8363,0.880473797559225
8364,0.885922505231258
