"param_id","prop_relapse"
7112,0.892275718739176
7113,0.884265734265734
7114,0.881987577639752
7115,0.876972740315638
7116,0.882660167130919
7117,0.884520884520885
7118,0.883177570093458
7119,0.896865520728008
712,0.872047937962637
7120,0.886519696422118
7121,0.877120110764971
7122,0.881010881010881
7123,0.894092219020173
