"param_id","prop_relapse"
4726,0.786805131337813
4727,0.808786610878661
4728,0.805837300765887
4729,0.806828003457217
473,0.880556498133695
4730,0.817438692098093
4731,0.804123711340206
4732,0.803484172509029
4733,0.80060553633218
4734,0.832173913043478
4735,0.818541666666667
4736,0.817611336032389
4737,0.821997105643994
