"param_id","prop_relapse"
4105,0.857589285714286
4106,0.857338820301783
4107,0.861878453038674
4108,0.871428571428571
4109,0.851209493382017
411,0.887141858839972
4110,0.852603706972639
4111,0.863744847038403
4112,0.854427645788337
4113,0.848415250344511
4114,0.868655387355298
4115,0.865183246073298
4116,0.848775055679287
