"param_id","prop_relapse"
7991,0.814016736401674
7992,0.816859221223791
7993,0.814464762687487
7994,0.818181818181818
7995,0.808412197686646
7996,0.833876221498371
7997,0.817367185833155
7998,0.815991471215352
7999,0.824546424759872
8,0.883310249307479
80,0.885887913571911
800,0.815129621759456
8000,0.876967930029155
