"param_id","prop_relapse"
5802,0.451544743304209
5803,0.450664190025892
5804,0.4459867053208
5805,0.45036460300398
5806,0.450991141760683
5807,0.448768909605651
5808,0.443347478421524
5809,0.448773326557692
581,0.872563176895307
5810,0.445617740232313
5811,0.448332706712555
5812,0.439462917074857
5813,0.448851180138371
