"param_id","prop_relapse"
4984,0.779170435456777
4985,0.782302019878166
4986,0.785185185185185
4987,0.783974151857835
4988,0.793825871296175
4989,0.789031750196799
499,0.882067291016302
4990,0.781328847771236
4991,0.792069441704478
4992,0.784313725490196
4993,0.783530025428702
4994,0.794789130863873
4995,0.771682340647858
