"param_id","prop_relapse"
613,0.871012482662968
6130,0.335140038553124
6131,0.332875292845558
6132,0.334959573054811
6133,0.336596197856479
6134,0.332415706829344
6135,0.336213135516555
6136,0.331138052048676
6137,0.338619890481925
6138,0.333875698964158
6139,0.332576694010563
614,0.894988066825776
6140,0.332636594520486
