"param_id","prop_relapse"
6739,0.898434782608696
674,0.886371558034158
6740,0.903361344537815
6741,0.893884892086331
6742,0.890365448504983
6743,0.892805232558139
6744,0.895045871559633
6745,0.903819444444444
6746,0.892198581560284
6747,0.898190847818375
6748,0.90063202247191
6749,0.892523364485981
675,0.879902811523776
