"param_id","prop_relapse"
7827,0.811824539097266
7828,0.810839308308731
7829,0.803833865814697
783,0.876928471248247
7830,0.816545220745821
7831,0.806499261447563
7832,0.821112515802781
7833,0.825921219822109
7834,0.810693641618497
7835,0.822359982898675
7836,0.818334030975303
7837,0.819859961807766
7838,0.818431041754534
