"param_id","prop_relapse"
11987,0.725738650012011
11988,0.712693425031126
11989,0.721464422793032
1199,0.80041928721174
11990,0.72585464977289
11991,0.719278057052874
11992,0.719101796407186
11993,0.720226497808086
11994,0.721218625171406
11995,0.727889115564623
11996,0.727425049368679
11997,0.728399540480077
11998,0.737186737305792
