"param_id","prop_relapse"
8857,0.541249533376319
8858,0.53890365448505
8859,0.541848855224651
886,0.806478932881643
8860,0.536772216547497
8861,0.543824027072758
8862,0.535424756454799
8863,0.538268377420797
8864,0.535140799837734
8865,0.540057367753986
8866,0.549611936304028
8867,0.545878111821521
8868,0.528479946073475
