"param_id","prop_relapse"
4492,0.838563081584073
4493,0.838600212089077
4494,0.836863074019711
4495,0.837295528898582
4496,0.827335047129392
4497,0.849978002639683
4498,0.827001502468341
4499,0.811794762614435
45,0.883126110124334
450,0.884389061959155
4500,0.843220338983051
4501,0.836313907006101
4502,0.840799158780231
