"param_id","prop_relapse"
10570,0.918804424570487
10571,0.915770199130236
10572,0.923468152094938
10573,0.921382189239332
10574,0.922148603880738
10575,0.921122033085591
10576,0.914365281967974
10577,0.910922330097087
10578,0.916198387490838
10579,0.923688011555128
1058,0.800165323413929
10580,0.917542256738237
10581,0.915419339510573
