"param_id","prop_relapse"
1077,0.794693619709413
10770,0.923765786452354
10771,0.906303654648026
10772,0.917133520074697
10773,0.921686746987952
10774,0.920136352568785
10775,0.919328128696475
10776,0.931017491993102
10777,0.913264073447693
10778,0.922285987565758
10779,0.914075480655115
1078,0.782922684791844
10780,0.922707633221315
