"param_id","prop_relapse"
5709,0.381456656616749
571,0.883680555555556
5710,0.376527093596059
5711,0.376996406468357
5712,0.378498711823707
5713,0.376636630656644
5714,0.380506068911511
5715,0.38167368394828
5716,0.379242706393544
5717,0.376836299824517
5718,0.372515343621347
5719,0.38380458844838
572,0.884130982367758
