"param_id","prop_relapse"
3216,0.881096475614098
3217,0.877358490566038
3218,0.895673412421493
3219,0.887700534759358
322,0.89063044235458
3220,0.874733853797019
3221,0.886932972241029
3222,0.890820584144645
3223,0.880284191829485
3224,0.878681626928471
3225,0.891023402025847
3226,0.891259463179628
3227,0.890651948947913
