"param_id","prop_relapse"
6364,0.307188576015547
6365,0.309171724078981
6366,0.305616214726398
6367,0.305043933761406
6368,0.305613001608489
6369,0.308760998610702
637,0.87773851590106
6370,0.307484503266879
6371,0.307942776715753
6372,0.308809333948882
6373,0.30877593755949
6374,0.308421875330052
6375,0.305587058395566
