"param_id","prop_relapse"
6352,0.308834446919079
6353,0.307173513182097
6354,0.308964243746852
6355,0.307844032887634
6356,0.305802814513394
6357,0.308432562763055
6358,0.30584656978709
6359,0.309996826404316
636,0.877464788732394
6360,0.305663106837425
6361,0.303206132734742
6362,0.30474460264481
6363,0.311511264943835
