"param_id","prop_relapse"
3333,0.896258503401361
3334,0.892442882249561
3335,0.888734835355286
3336,0.884902309058615
3337,0.887154009936125
3338,0.885940730530668
3339,0.883987495658215
334,0.892367217727752
3340,0.875541125541126
3341,0.889450867052023
3342,0.886355410785378
3343,0.883720930232558
3344,0.887313704107597
