"param_id","prop_relapse"
11647,0.894871794871795
11648,0.88519724936663
11649,0.887575691252645
1165,0.807228915662651
11650,0.89019437191761
11651,0.888745148771022
11652,0.890028235993461
11653,0.889404656646036
11654,0.891176047214625
11655,0.894369239631336
11656,0.892566782810685
11657,0.887362637362637
11658,0.891870097500183
