"param_id","prop_relapse"
2597,0.299728771124557
2598,0.300117523350034
2599,0.301076604554865
26,0.88317107093185
260,0.890973451327434
2600,0.304092459264873
2601,0.298740128255356
2602,0.299022474726376
2603,0.29919115047928
2604,0.299256895755489
2605,0.302272538774156
2606,0.301130545201327
2607,0.302297784647089
