"param_id","prop_relapse"
5041,0.831316875305965
5042,0.826286261631089
5043,0.835307734204793
5044,0.833493085033548
5045,0.843417853421327
5046,0.839123609309945
5047,0.833792343706968
5048,0.836690896503981
5049,0.833866684823313
505,0.881912236889047
5050,0.831944254679601
5051,0.835357812174637
5052,0.83275094210346
