"param_id","prop_relapse"
6153,0.331591159972065
6154,0.328657314629259
6155,0.327787810383747
6156,0.329676726067879
6157,0.334251668682525
6158,0.333892392325238
6159,0.336624332450747
616,0.875800711743772
6160,0.331338264963013
6161,0.331393917694184
6162,0.332282897402422
6163,0.331737146197253
6164,0.332387245554127
