"param_id","prop_relapse"
3110,0.304743473606193
3111,0.295450754732716
3112,0.301319403979023
3113,0.296660679294579
3114,0.302631578947368
3115,0.304436660828955
3116,0.303888481291269
3117,0.303291339896546
3118,0.301055501621465
3119,0.304999691504021
312,0.876889848812095
3120,0.303804032191156
3121,0.304150015370427
