"param_id","prop_relapse"
5240,0.74974426860822
5241,0.747018476178706
5242,0.754491747365857
5243,0.743254844248222
5244,0.736519375434604
5245,0.744561800578398
5246,0.746406959152799
5247,0.745943637916311
5248,0.75112462006079
5249,0.737086584912672
525,0.872167737571863
5250,0.752345448897173
5251,0.748931493466846
