"param_id","prop_relapse"
3040,0.302414734254224
3041,0.307060755336617
3042,0.300251625078633
3043,0.299104737431094
3044,0.306019612352855
3045,0.303953310923677
3046,0.30356617801487
3047,0.29914086494563
3048,0.299554222560036
3049,0.302060300469095
305,0.888008270158511
3050,0.297468616646642
3051,0.299916926272066
