"param_id","prop_relapse"
10899,0.911806883365201
109,0.876621100595864
1090,0.80234471410942
10900,0.917004531361793
10901,0.912152614225153
10902,0.907173962869585
10903,0.900193798449612
10904,0.919714964370546
10905,0.913993822760751
10906,0.915145769139607
10907,0.905471478463329
10908,0.911743428984808
10909,0.904494382022472
