"param_id","prop_relapse"
9523,0.313722974273433
9524,0.317145794953087
9525,0.311845493562232
9526,0.313641060971409
9527,0.315109041048187
9528,0.309258029267457
9529,0.311493814607694
953,0.795996765062677
9530,0.312148421745314
9531,0.312521345628415
9532,0.311573588860608
9533,0.315323697420807
9534,0.314071165008739
