"param_id","prop_relapse"
3029,0.304433295791952
303,0.881870092790864
3030,0.303628314922841
3031,0.304749964030995
3032,0.298179341094872
3033,0.299619819000785
3034,0.299310947811062
3035,0.298640004968018
3036,0.301965505074614
3037,0.299104452801961
3038,0.301670824511017
3039,0.305130890052356
304,0.878257765083899
