"param_id","prop_relapse"
2233,0.715903755868545
2234,0.702336278900859
2235,0.707576668671076
2236,0.705400789210201
2237,0.703801945181255
2238,0.705511269140334
2239,0.704105207037498
224,0.898929049531459
2240,0.700667134831461
2241,0.705655378944944
2242,0.705951471711415
2243,0.702042221202386
2244,0.704697986577181
