"param_id","prop_relapse"
6750,0.894383610031791
6751,0.89888033589923
6752,0.891486392184229
6753,0.889568345323741
6754,0.887600983491394
6755,0.888888888888889
6756,0.906162464985994
6757,0.899133448873484
6758,0.889809146561037
6759,0.892291066282421
676,0.87296077750781
6760,0.887550200803213
6761,0.887215411558669
