"param_id","prop_relapse"
544,0.882956878850103
5440,0.716528382976183
5441,0.716427757452168
5442,0.716251638269987
5443,0.717680719374051
5444,0.708191126279863
5445,0.714556999584594
5446,0.719275473479261
5447,0.707716104467845
5448,0.71715785705763
5449,0.722611408724319
545,0.884520884520885
5450,0.725128017556694
