"param_id","prop_relapse"
12138,0.595472800292077
12139,0.599362614015165
1214,0.804158709951199
12140,0.593940520446097
12141,0.600191896080892
12142,0.59059730821994
12143,0.601315400532072
12144,0.599499888034635
12145,0.598872988804034
12146,0.598884534217667
12147,0.600104547830632
12148,0.594578536947642
12149,0.596317280453258
