"param_id","prop_relapse"
6165,0.333687307802925
6166,0.331551766907967
6167,0.327312596075595
6168,0.334887578739716
6169,0.333649011251663
617,0.87359943977591
6170,0.331393483938963
6171,0.337280237714697
6172,0.33084593837535
6173,0.333789421739716
6174,0.327780521754748
6175,0.335369810898512
6176,0.33000199880072
