"param_id","prop_relapse"
9511,0.312267180475273
9512,0.311814754981152
9513,0.313152850466283
9514,0.309734322435953
9515,0.316636079024074
9516,0.313445797781107
9517,0.314085081710224
9518,0.312686341442337
9519,0.310066456505069
952,0.801351628097481
9520,0.311780355432585
9521,0.31129207383279
9522,0.313760124073755
