"param_id","prop_relapse"
7241,0.914842434447919
7242,0.908215962441315
7243,0.914983560356975
7244,0.918525475463724
7245,0.905934787708187
7246,0.907865168539326
7247,0.898757062146893
7248,0.908966772872098
7249,0.90511121628017
725,0.878397212543554
7250,0.901658767772512
7251,0.903179190751445
7252,0.916169039963252
