"param_id","prop_relapse"
9851,0.89975026757046
9852,0.890101892285298
9853,0.88479427549195
9854,0.898111863199145
9855,0.907135173897454
9856,0.89103690685413
9857,0.900035829451809
9858,0.897923266455473
9859,0.903145103645461
986,0.803083975828298
9860,0.898989898989899
9861,0.908295414770738
9862,0.898174157303371
