"param_id","prop_relapse"
537,0.885554780181438
5370,0.747287106860401
5371,0.745907647202541
5372,0.740233415233415
5373,0.74497012559444
5374,0.748610517315092
5375,0.747528929604629
5376,0.741887262535036
5377,0.752754131196795
5378,0.73854364762898
5379,0.749984397428696
538,0.885280621249559
5380,0.748513747832549
