"param_id","prop_relapse"
3614,0.885882761012834
3615,0.889125044279136
3616,0.8825
3617,0.88388710253662
3618,0.879856115107914
3619,0.88566493955095
362,0.88029146426093
3620,0.887555707919095
3621,0.888127029953086
3622,0.889394469723486
3623,0.887369557394746
3624,0.883321653819201
3625,0.882016446192349
