"param_id","prop_relapse"
11307,0.901789643538213
11308,0.892684738210175
11309,0.901696643122406
1131,0.80683204554697
11310,0.899674459899379
11311,0.903719912472648
11312,0.906845657494623
11313,0.907293045140421
11314,0.901897098988706
11315,0.904542124542125
11316,0.905003734129948
11317,0.901188061431469
11318,0.895257062772
