"param_id","prop_relapse"
8096,0.878207444886158
8097,0.887196924896511
8098,0.882967152490755
8099,0.877014540505694
81,0.875980042765502
810,0.805954391891892
8100,0.879864136454257
8101,0.871587462082912
8102,0.884060032719255
8103,0.871582496518361
8104,0.886153846153846
8105,0.884233816287203
8106,0.879370375743508
