"param_id","prop_relapse"
11155,0.824486301369863
11156,0.814922279792746
11157,0.804252657911194
11158,0.814069264069264
11159,0.814528261336772
1116,0.803347280334728
11160,0.835321687260332
11161,0.811647542758173
11162,0.806681034482759
11163,0.805637982195846
11164,0.810309278350515
11165,0.80447730540152
11166,0.824154794811822
