"param_id","prop_relapse"
12267,0.644110275689223
12268,0.627000268621206
12269,0.631444478340451
1227,0.805585163078235
12270,0.642185964222528
12271,0.625230343980344
12272,0.634281638798637
12273,0.632321455880104
12274,0.641165972635336
12275,0.63095931926798
12276,0.632402837754473
12277,0.632151966195896
12278,0.633072988938667
