"param_id","prop_relapse"
4304,0.888157894736842
4305,0.870093457943925
4306,0.885878300803674
4307,0.887909604519774
4308,0.882971428571429
4309,0.880217391304348
431,0.885993485342019
4310,0.881725417439703
4311,0.878511075588034
4312,0.882220216606498
4313,0.8881325164511
4314,0.871758934828311
4315,0.870475359790667
