"param_id","prop_relapse"
5170,0.840613026819923
5171,0.830876958986329
5172,0.838908034326644
5173,0.837758318739054
5174,0.830752212389381
5175,0.83844777762488
5176,0.824772587374325
5177,0.834519698357883
5178,0.833858591394903
5179,0.83115671641791
518,0.863589031586255
5180,0.8368745716244
5181,0.83215922303536
