"param_id","prop_relapse"
12689,0.317436052019637
1269,0.797134551495017
12690,0.312069112264874
12691,0.316648087806551
12692,0.312401314385695
12693,0.317233594547073
12694,0.314154324452697
12695,0.314794168096055
12696,0.317369425646365
12697,0.315339822331789
12698,0.314023283135747
12699,0.316522762951334
127,0.877328646748682
