"param_id","prop_relapse"
11858,0.727573529411765
11859,0.729086768935762
1186,0.821495521766299
11860,0.718472788300168
11861,0.717451184427985
11862,0.714173986283239
11863,0.726281352235551
11864,0.719714389446932
11865,0.718188530642383
11866,0.726965492707222
11867,0.734781017445407
11868,0.721955954619911
11869,0.720655697596183
