"param_id","prop_relapse"
8974,0.539057456423499
8975,0.540632701981836
8976,0.531850696681018
8977,0.54242789265877
8978,0.54101244813278
8979,0.533671649979427
898,0.804738734927015
8980,0.543288269834767
8981,0.541076390079923
8982,0.542658763759526
8983,0.538366378013307
8984,0.537578323454699
8985,0.539030569160615
