"param_id","prop_relapse"
11623,0.892946917048647
11624,0.885008139706971
11625,0.894587722484562
11626,0.893893967093236
11627,0.891826062038828
11628,0.894284674190025
11629,0.897034176200539
1163,0.796132828919714
11630,0.890249332146037
11631,0.888340486409156
11632,0.890282583621684
11633,0.893654784795149
11634,0.890538311590943
