"param_id","prop_relapse"
9933,0.902974504249292
9934,0.890455531453362
9935,0.898475398475398
9936,0.89647657101344
9937,0.899011299435028
9938,0.898180545836249
9939,0.899439383321654
994,0.798013245033113
9940,0.905961674946771
9941,0.900846859562456
9942,0.895291637385805
9943,0.897227356746765
9944,0.897310513447433
