"param_id","prop_relapse"
10816,0.907972557369293
10817,0.918874560375147
10818,0.90889577867875
10819,0.911180272923151
1082,0.786487038171055
10820,0.911389468800742
10821,0.916225324987963
10822,0.908402366863905
10823,0.911730545876887
10824,0.921727083814362
10825,0.919339841933984
10826,0.914830119375574
10827,0.90898428336852
