"param_id","prop_relapse"
11752,0.890865954922894
11753,0.894272490598785
11754,0.88950755658399
11755,0.891323147881234
11756,0.893502866382478
11757,0.894498477986488
11758,0.891806571961544
11759,0.890698516105682
1176,0.791701947502117
11760,0.889171511627907
11761,0.888394512421209
11762,0.880725190839695
11763,0.882228233057972
