"param_id","prop_relapse"
11506,0.911262798634812
11507,0.915647468682826
11508,0.913824192336589
11509,0.910332855309835
1151,0.809901817422185
11510,0.918487268344131
11511,0.912569538415276
11512,0.918114874815906
11513,0.905451000974732
11514,0.913642052565707
11515,0.914376712836086
11516,0.921411871181839
11517,0.909170817462643
