"param_id","prop_relapse"
10055,0.895031490552834
10056,0.895021645021645
10057,0.90356394129979
10058,0.9
10059,0.892778993435449
1006,0.809131261889664
10060,0.888529306005034
10061,0.892094017094017
10062,0.887921653971708
10063,0.899028452463567
10064,0.904694167852063
10065,0.899676375404531
10066,0.900983384198033
