"param_id","prop_relapse"
12197,0.59469877748816
12198,0.599206203373636
12199,0.598751754191595
122,0.877031802120141
1220,0.790216946377405
12200,0.633544501798842
12201,0.63728076982772
12202,0.632953007155289
12203,0.639386290131735
12204,0.63072807185171
12205,0.634604330331481
12206,0.625193738375697
12207,0.621811100292113
