"param_id","prop_relapse"
12255,0.626571618816341
12256,0.635257642949649
12257,0.636202969130469
12258,0.637159608115405
12259,0.632493616372575
1226,0.804416403785489
12260,0.622930431403032
12261,0.636031128404669
12262,0.633326821644853
12263,0.639725016506777
12264,0.63735710133695
12265,0.6254613262888
12266,0.625939197780603
