"param_id","prop_relapse"
9676,0.889640441438234
9677,0.893842887473461
9678,0.898317221625492
9679,0.898328690807799
968,0.791709419248923
9680,0.889048473967684
9681,0.900958466453674
9682,0.90784382694337
9683,0.898091465610371
9684,0.902626970227671
9685,0.895050895050895
9686,0.896259703599153
9687,0.898231685312162
