"param_id","prop_relapse"
2093,0.71289156626506
2094,0.704239086789422
2095,0.705573387802743
2096,0.70709328314316
2097,0.704564120614807
2098,0.702736540869254
2099,0.715721800116891
21,0.875884016973126
210,0.868230424284236
2100,0.699624602945423
2101,0.706267377201112
2102,0.715172817809022
2103,0.710668647845468
