"param_id","prop_relapse"
12114,0.60064138841728
12115,0.605065700376999
12116,0.604266804703098
12117,0.604515203882781
12118,0.60438544593995
12119,0.596419493866726
1212,0.811130210571551
12120,0.595807159052894
12121,0.601114351955725
12122,0.595873381081382
12123,0.604430732632048
12124,0.598301956441491
12125,0.59710728397823
