"param_id","prop_relapse"
12208,0.63532362890046
12209,0.633358925143954
1221,0.798300165837479
12210,0.636938202247191
12211,0.629631070983811
12212,0.635646810836131
12213,0.631831624227062
12214,0.628258420418787
12215,0.634266692774623
12216,0.630306138551365
12217,0.638260254596888
12218,0.633438209406986
12219,0.634504275479547
