"param_id","prop_relapse"
2784,0.299090290240733
2785,0.300166896750664
2786,0.299658450269536
2787,0.301870414384623
2788,0.299197325794936
2789,0.303314181030893
279,0.875977256574272
2790,0.302416437563305
2791,0.303578107467897
2792,0.299829854338714
2793,0.299182652911142
2794,0.302176350874278
2795,0.301662061458595
