"param_id","prop_relapse"
138,0.866780821917808
1380,0.793032786885246
1381,0.809055521409547
1382,0.804343372259783
1383,0.799918166939444
1384,0.802239552089582
1385,0.821325051759834
1386,0.820108018280017
1387,0.795407098121086
1388,0.81273330568229
1389,0.798507462686567
139,0.884344146685472
1390,0.806265457543281
