"param_id","prop_relapse"
8610,0.712786885245902
8611,0.713477458162111
8612,0.718642012731131
8613,0.725634337206545
8614,0.720486424658359
8615,0.720277191925279
8616,0.72661353149158
8617,0.713182503770739
8618,0.717367591807054
8619,0.716854996154529
862,0.799639350831497
8620,0.731375103636148
8621,0.726181185087351
