"param_id","prop_relapse"
6985,0.897765741367637
6986,0.896774193548387
6987,0.897053473990542
6988,0.894755492558469
6989,0.903701165181631
699,0.892694861936386
6990,0.903316866619619
6991,0.892101551480959
6992,0.891669646049339
6993,0.893319342427422
6994,0.898968338669513
6995,0.894156560088203
6996,0.892831795599716
