"param_id","prop_relapse"
9172,0.533230861763625
9173,0.548987114883831
9174,0.541543580863129
9175,0.541970193143086
9176,0.539278347029184
9177,0.541975595970343
9178,0.536510044828159
9179,0.548818261396539
918,0.81501014198783
9180,0.544247041769207
9181,0.534379873872652
9182,0.544577658526645
9183,0.547547581690429
