"param_id","prop_relapse"
929,0.803345573235414
9290,0.544094248281932
9291,0.539837453667494
9292,0.536138480226751
9293,0.543527502620102
9294,0.544052200100385
9295,0.536071368456489
9296,0.54668754998667
9297,0.538237655560016
9298,0.538912417414874
9299,0.533326624400389
93,0.875849731663685
930,0.802575107296137
