"param_id","prop_relapse"
2585,0.297384678747941
2586,0.297342680827841
2587,0.300043656320812
2588,0.300307028462368
2589,0.307620412486759
259,0.879232111692845
2590,0.303771179470308
2591,0.299942735602094
2592,0.301753567566421
2593,0.303403211510317
2594,0.301213286207395
2595,0.299903270287514
2596,0.302994508341105
