"param_id","prop_relapse"
2655,0.304638332652227
2656,0.300936520044072
2657,0.302046226493248
2658,0.301207573836593
2659,0.303447557546089
266,0.871533871533872
2660,0.304671645850332
2661,0.299960583366181
2662,0.305882352941176
2663,0.3044000911936
2664,0.3032454784679
2665,0.304612054612055
2666,0.300843408533799
