"param_id","prop_relapse"
12466,0.565335689045936
12467,0.567108605630372
12468,0.565174410394012
12469,0.560941635325254
1247,0.808774834437086
12470,0.563970431445021
12471,0.565008197305581
12472,0.564528786473568
12473,0.569949296579304
12474,0.568892045454545
12475,0.569572637665006
12476,0.577565378055714
12477,0.562412793817752
