"param_id","prop_relapse"
2936,0.301994658654649
2937,0.302952052389117
2938,0.298380080374529
2939,0.299903910427808
294,0.882993675333802
2940,0.301663793282513
2941,0.30116751056618
2942,0.30167884410147
2943,0.302581648522551
2944,0.294808098372873
2945,0.303063822682306
2946,0.302084625884105
2947,0.300488851302572
