"param_id","prop_relapse"
1391,0.802585676174841
1392,0.810539523212045
1393,0.799443493150685
1394,0.801975945017182
1395,0.808624758635486
1396,0.796008403361344
1397,0.796672828096118
1398,0.799914766673769
1399,0.812605042016807
14,0.882212359166951
140,0.882543103448276
1400,0.794517681523331
1401,0.806078767123288
