"param_id","prop_relapse"
7745,0.908707865168539
7746,0.894066778765313
7747,0.899453292132161
7748,0.905146549734595
7749,0.888291656929189
775,0.882496513249651
7750,0.906654343807763
7751,0.907333176137703
7752,0.916513339466421
7753,0.900616860863605
7754,0.899480460808674
7755,0.905704856199906
7756,0.89187976671153
