"param_id","prop_relapse"
5521,0.716074909907249
5522,0.720503129798039
5523,0.704774239124036
5524,0.720943918083917
5525,0.723517261729124
5526,0.707853837940444
5527,0.713138300990796
5528,0.718622161617359
5529,0.719860873666215
553,0.877867746288799
5530,0.710296896909102
5531,0.705793420416062
5532,0.720492141049037
