"param_id","prop_relapse"
7510,0.908796296296296
7511,0.908628267406893
7512,0.911147772802263
7513,0.91055753262159
7514,0.903600464576074
7515,0.903700298781889
7516,0.91048184517013
7517,0.896414342629482
7518,0.89922480620155
7519,0.894242351240665
752,0.891304347826087
7520,0.907129881925522
7521,0.904806565064478
