"param_id","prop_relapse"
9079,0.540633164806081
908,0.807914262159934
9080,0.540154280597837
9081,0.541206942949408
9082,0.537709171961808
9083,0.539767680218654
9084,0.542881961845578
9085,0.538585749848617
9086,0.538902759970308
9087,0.541513444215782
9088,0.532844024398418
9089,0.54809008762322
909,0.814958091553836
