"param_id","prop_relapse"
11471,0.913726087950613
11472,0.91689545150998
11473,0.911692741158152
11474,0.916085472622051
11475,0.914844391372491
11476,0.910261264672473
11477,0.909558604235013
11478,0.914010321797207
11479,0.904729109274564
1148,0.804164089878376
11480,0.912227106772968
11481,0.919598742326696
11482,0.912869945025981
