"param_id","prop_relapse"
11296,0.902030532088336
11297,0.903242295896013
11298,0.895548961424332
11299,0.897838469402658
113,0.874826629680999
1130,0.812486636732949
11300,0.90596262236725
11301,0.901497357604228
11302,0.895917754765121
11303,0.903809383732902
11304,0.897331356560415
11305,0.9018473180503
11306,0.898427602652955
