"param_id","prop_relapse"
6458,0.898519321054532
6459,0.879942487419123
646,0.878969654199012
6460,0.89469781238413
6461,0.887166546503244
6462,0.898039215686275
6463,0.895155459146782
6464,0.892291066282421
6465,0.889575009081003
6466,0.892194609730486
6467,0.893072824156306
6468,0.89650249821556
6469,0.899395662993246
