"param_id","prop_relapse"
7604,0.912846118928734
7605,0.908560765103802
7606,0.906672888474102
7607,0.918906394810009
7608,0.904060793160769
7609,0.913506012950971
761,0.885785007072136
7610,0.892874337987482
7611,0.910697674418605
7612,0.909774436090226
7613,0.909961249145202
7614,0.905318387789172
7615,0.900092293493309
