"param_id","prop_relapse"
10980,0.896241641687803
10981,0.914631254446289
10982,0.903698534542917
10983,0.914994096812279
10984,0.910874704491726
10985,0.907335907335907
10986,0.899336807200379
10987,0.90363196125908
10988,0.916494608855242
10989,0.907394609536973
1099,0.806781829814459
10990,0.906428571428571
10991,0.90293899728328
