"param_id","prop_relapse"
10172,0.893799246317232
10173,0.888573456352023
10174,0.899720475192173
10175,0.895340751043115
10176,0.905157493942541
10177,0.895299145299145
10178,0.896787423103213
10179,0.895
1018,0.803769633507853
10180,0.895538243626062
10181,0.890299823633157
10182,0.910925539318024
10183,0.890292313244316
