"param_id","prop_relapse"
5089,0.832267482274433
509,0.883304647160069
5090,0.837570132298954
5091,0.843435734949718
5092,0.833703961084086
5093,0.82846615720524
5094,0.832746357295767
5095,0.832955672001133
5096,0.838044718995501
5097,0.82741935483871
5098,0.828621291448517
5099,0.834016251128551
51,0.890125173852573
