"param_id","prop_relapse"
5931,0.450179558798381
5932,0.455779573758233
5933,0.443313995027293
5934,0.452032520325203
5935,0.449134075008602
5936,0.443772707455312
5937,0.445316573017436
5938,0.445293057581739
5939,0.443701258040644
594,0.88758215150467
5940,0.448623409162088
5941,0.451138424340117
5942,0.44760036392585
