"param_id","prop_relapse"
8283,0.884133099824869
8284,0.885680612846199
8285,0.882752575060267
8286,0.887668424135911
8287,0.87422695239465
8288,0.886095949439816
8289,0.880709373868983
829,0.806862543661393
8290,0.883989880737261
8291,0.881459184404788
8292,0.875680778447462
8293,0.882258300424163
8294,0.871081139249588
