"param_id","prop_relapse"
4879,0.783038103733911
488,0.885808099233856
4880,0.793490313743396
4881,0.791033036182486
4882,0.778257174609401
4883,0.792116560426694
4884,0.786031621586306
4885,0.780875970011837
4886,0.784225900681597
4887,0.781605459863503
4888,0.791113675706867
4889,0.784623451530445
489,0.886107193229901
