"param_id","prop_relapse"
2772,0.29795224707314
2773,0.301003623037521
2774,0.29923686527737
2775,0.299265503714214
2776,0.302310038013284
2777,0.304782146652497
2778,0.298297494824891
2779,0.305337519623234
278,0.873461012311902
2780,0.302452930801099
2781,0.300206494452992
2782,0.301285357651282
2783,0.302996147225182
