"param_id","prop_relapse"
9441,0.310070709235055
9442,0.310844566949481
9443,0.314316492513196
9444,0.311849817245929
9445,0.315894111291194
9446,0.3160304680888
9447,0.314223998271952
9448,0.313348634676848
9449,0.316972536210083
945,0.807644370585791
9450,0.314818767877727
9451,0.313421058243938
9452,0.313243578310895
