"param_id","prop_relapse"
4738,0.803794829024187
4739,0.808887060275663
474,0.880430879712747
4740,0.809757136770345
4741,0.809831824062096
4742,0.806742043551089
4743,0.805384778460886
4744,0.817188169738534
4745,0.819532908704883
4746,0.806708595387841
4747,0.810132063217147
4748,0.819995754616854
4749,0.806859592711683
