"param_id","prop_relapse"
3251,0.890269886363636
3252,0.890685413005272
3253,0.887994399719986
3254,0.887181278379322
3255,0.889288281811646
3256,0.879859894921191
3257,0.891163793103448
3258,0.89038189533239
3259,0.891436761017556
326,0.882705177879535
3260,0.894328156650912
3261,0.888888888888889
3262,0.895501730103806
