"param_id","prop_relapse"
1601,0.706952375345853
1602,0.705159269546717
1603,0.716580976863753
1604,0.717446857939366
1605,0.702947319563704
1606,0.704458819452466
1607,0.710394138155173
1608,0.709430856067733
1609,0.703829488230472
161,0.879023700035373
1610,0.709328552426118
1611,0.710318396226415
1612,0.70742512847776
