"param_id","prop_relapse"
9828,0.884884148584038
9829,0.8931402964495
983,0.812228878330923
9830,0.90492593868412
9831,0.903732124171608
9832,0.903340440653874
9833,0.903640256959315
9834,0.898788310762651
9835,0.886250885896527
9836,0.889412617839014
9837,0.890692640692641
9838,0.903804737975592
9839,0.900530973451327
