"param_id","prop_relapse"
10676,0.928121974830591
10677,0.924646417806631
10678,0.915944743619761
10679,0.921706516643225
1068,0.803678445959909
10680,0.907468294974166
10681,0.928218404330431
10682,0.927857142857143
10683,0.928930366116296
10684,0.912724692526017
10685,0.930420327713132
10686,0.919754543308945
10687,0.911779201577132
