"param_id","prop_relapse"
11179,0.816976127320955
1118,0.825898389095415
11180,0.819098712446352
11181,0.823067119796092
11182,0.803693295865114
11183,0.814967462039046
11184,0.815497382198953
11185,0.833224472022643
11186,0.818051282051282
11187,0.808335142174951
11188,0.823282202143307
11189,0.812513437970329
1119,0.821067821067821
