"param_id","prop_relapse"
5650,0.378417620278085
5651,0.378782565130261
5652,0.379033669107906
5653,0.378522353878323
5654,0.381048590766744
5655,0.381899340471951
5656,0.385058931111563
5657,0.37345410207281
5658,0.378922869012463
5659,0.377294829810459
566,0.883753999289015
5660,0.381853505916787
5661,0.385729111296732
