"param_id","prop_relapse"
5861,0.443351281256167
5862,0.445640287769784
5863,0.445165347128934
5864,0.448742129240055
5865,0.449402946047241
5866,0.445741621344571
5867,0.443576063446287
5868,0.444660694353015
5869,0.448109046413022
587,0.871803977272727
5870,0.449825986078886
5871,0.44915672443322
5872,0.451796171663316
