"param_id","prop_relapse"
5182,0.829380580357143
5183,0.841227948326156
5184,0.837918215613383
5185,0.841223698781838
5186,0.836337269525585
5187,0.840019266496938
5188,0.830338631651693
5189,0.82871012482663
519,0.869308307264512
5190,0.83215438500103
5191,0.836934480106286
5192,0.832477802441731
5193,0.829618050835939
