"param_id","prop_relapse"
9887,0.885322755138839
9888,0.901125967628431
9889,0.900389932647997
989,0.80605055946954
9890,0.893390191897655
9891,0.900141143260409
9892,0.898720682302772
9893,0.902816901408451
9894,0.905949412183826
9895,0.898624185372918
9896,0.894383610031791
9897,0.894133981256508
9898,0.888363636363636
