"param_id","prop_relapse"
12102,0.600088167223835
12103,0.600952032222629
12104,0.594176625106367
12105,0.590856481481482
12106,0.592982067744078
12107,0.594098240469208
12108,0.598896511670115
12109,0.599941351123493
1211,0.810754481033764
12110,0.598943128487491
12111,0.596185345612055
12112,0.595885865958859
12113,0.597284728472847
