"param_id","prop_relapse"
1426,0.804950917626974
1427,0.802723895996698
1428,0.803422285597881
1429,0.802401302401302
143,0.879038047379756
1430,0.804
1431,0.813255613126079
1432,0.787126715092817
1433,0.81294964028777
1434,0.799150485436893
1435,0.801279488204718
1436,0.806737946338511
1437,0.7966065747614
