"param_id","prop_relapse"
5768,0.380680549005981
5769,0.377282505377958
577,0.874610322133703
5770,0.38346205126915
5771,0.377125077784692
5772,0.376879887708041
5773,0.381042090129394
5774,0.377485242905481
5775,0.378574794751594
5776,0.381218324066329
5777,0.379138412445154
5778,0.375699361291281
5779,0.373148720484609
