"param_id","prop_relapse"
2151,0.706992629875966
2152,0.711374713723648
2153,0.709285252833735
2154,0.705263157894737
2155,0.708403605699331
2156,0.712229373902867
2157,0.710183073053752
2158,0.701581947190881
2159,0.713505346350535
216,0.877762430939227
2160,0.709172914714152
2161,0.713201730985832
2162,0.700507314771118
