"param_id","prop_relapse"
6938,0.899569583931133
6939,0.892857142857143
694,0.864968597348221
6940,0.893347794649313
6941,0.905074214704867
6942,0.903271192402392
6943,0.89471766848816
6944,0.898729710656316
6945,0.889272162814764
6946,0.898293029871977
6947,0.896799712333693
6948,0.891273247496423
6949,0.902772902772903
