"param_id","prop_relapse"
7136,0.882036572248118
7137,0.889685792349727
7138,0.88136826783115
7139,0.888967218893197
714,0.884974093264249
7140,0.887170474516696
7141,0.884899683210137
7142,0.883099074391498
7143,0.8875044499822
7144,0.87414352686621
7145,0.876911600149198
7146,0.888647080159594
7147,0.87208480565371
