"param_id","prop_relapse"
5826,0.457221101181897
5827,0.447142938205754
5828,0.448200062805104
5829,0.443630618986069
583,0.884776536312849
5830,0.445451178163376
5831,0.44644228854306
5832,0.451821647017108
5833,0.449915402483439
5834,0.441990049751244
5835,0.448988340192044
5836,0.451271001368547
5837,0.452843273231623
