"param_id","prop_relapse"
12571,0.570583413521508
12572,0.567573229061202
12573,0.570155822951052
12574,0.571076359537898
12575,0.569545247361593
12576,0.574266252986698
12577,0.567785187287174
12578,0.568897499119408
12579,0.573975170657518
1258,0.813953488372093
12580,0.562617285699111
12581,0.561426822871131
12582,0.562822051245853
