"param_id","prop_relapse"
695,0.885623229461756
6950,0.891545391545392
6951,0.895021645021645
6952,0.894682320441989
6953,0.893767705382436
6954,0.893319700068166
6955,0.902748414376321
6956,0.891257225433526
6957,0.893074991029781
6958,0.893277893277893
6959,0.893593919652552
696,0.882204610951009
6960,0.902162353775257
