"param_id","prop_relapse"
1194,0.800243111831442
11940,0.73136782756798
11941,0.717669264490989
11942,0.72414629708255
11943,0.723758908080686
11944,0.716786328843529
11945,0.722866935241417
11946,0.728633886326885
11947,0.727990970654628
11948,0.731371473831719
11949,0.718788591590709
1195,0.798236405626706
11950,0.722863880994134
