"param_id","prop_relapse"
6259,0.308562332439678
626,0.886292291594001
6260,0.310344104949914
6261,0.307079945799458
6262,0.305985233728377
6263,0.309033885015576
6264,0.308213758740885
6265,0.307078233102714
6266,0.307494035446489
6267,0.305951487871968
6268,0.31024046088336
6269,0.308878681892883
627,0.877223578653645
