"param_id","prop_relapse"
4445,0.815062761506276
4446,0.827291666666667
4447,0.824318476849849
4448,0.822852270304839
4449,0.832093517534538
445,0.886792452830189
4450,0.831158069194116
4451,0.827015250544662
4452,0.825068005858966
4453,0.822403784132445
4454,0.83661499790532
4455,0.834607218683652
4456,0.848911651728553
