"param_id","prop_relapse"
6095,0.326424637518265
6096,0.338803503927205
6097,0.332772052715476
6098,0.32897714666075
6099,0.333833005190621
61,0.869596284387281
610,0.877521613832853
6100,0.334457939721098
6101,0.335050045903401
6102,0.332503420586322
6103,0.335087009307972
6104,0.336817522220207
6105,0.332068524214733
