"param_id","prop_relapse"
4702,0.825557390586292
4703,0.830515463917526
4704,0.811637931034483
4705,0.811423771524569
4706,0.80840267911508
4707,0.807318104906937
4708,0.824890556597874
4709,0.828125
471,0.893016855865153
4710,0.820826306913997
4711,0.812989210916014
4712,0.816123571730851
4713,0.803991596638655
