"param_id","prop_relapse"
1438,0.80124095139607
1439,0.805532786885246
144,0.88518652662079
1440,0.811104153621373
1441,0.797646564404287
1442,0.815872349359647
1443,0.811958928930944
1444,0.812322659100122
1445,0.788072637226579
1446,0.79957805907173
1447,0.804941482444733
1448,0.808878699458108
1449,0.810569948186528
