"param_id","prop_relapse"
7733,0.903471231573942
7734,0.898034682080925
7735,0.910274291027429
7736,0.902932484655603
7737,0.904639776171602
7738,0.901205388796975
7739,0.909671532846715
774,0.886590584878745
7740,0.906546379828823
7741,0.906242801197881
7742,0.912438045787114
7743,0.901909307875895
7744,0.892000949442203
