"param_id","prop_relapse"
1660,0.71084550164861
1661,0.705654394926898
1662,0.709587449157467
1663,0.699934961272394
1664,0.704165204165204
1665,0.707982583454282
1666,0.703425375742747
1667,0.703091557669441
1668,0.701094271168588
1669,0.705629216096767
167,0.88793987017424
1670,0.704008401890425
1671,0.706390226712087
