"param_id","prop_relapse"
145,0.876084692814995
1450,0.82839248434238
1451,0.808629232039637
1452,0.797502601456816
1453,0.800467985534993
1454,0.817463706233988
1455,0.807603444654484
1456,0.807157894736842
1457,0.825628034621068
1458,0.802032520325203
1459,0.784364261168385
146,0.882622488544237
1460,0.816925010473398
