"param_id","prop_relapse"
9992,0.899826689774697
9993,0.892063492063492
9994,0.898280802292264
9995,0.901703335699077
9996,0.892239794041927
9997,0.89167862266858
9998,0.903247863247863
9999,0.895055140519388
