"param_id","prop_relapse"
11541,0.913705583756345
11542,0.906088519433835
11543,0.910332103321033
11544,0.911735205616851
11545,0.914709892440539
11546,0.90790768066591
11547,0.917235686951302
11548,0.913606751554634
11549,0.911565672100892
1155,0.819551934826884
11550,0.910872361352803
11551,0.911795961742827
11552,0.908927366764111
