"param_id","prop_relapse"
7347,0.911638954869359
7348,0.909949164851126
7349,0.907749077490775
735,0.878923766816143
7350,0.908924902990185
7351,0.91235530356721
7352,0.908429208734445
7353,0.920293282876064
7354,0.905967030415603
7355,0.901121538109407
7356,0.912179339033973
7357,0.908035079402702
7358,0.908829863603733
