"param_id","prop_relapse"
7593,0.899976520309932
7594,0.903002309468822
7595,0.902960526315789
7596,0.896784715750233
7597,0.908692644685266
7598,0.905896226415094
7599,0.907649253731343
76,0.875706214689266
760,0.88
7600,0.91647003303445
7601,0.904141461144718
7602,0.90516005733397
7603,0.900273847558193
