"param_id","prop_relapse"
10921,0.910622367805335
10922,0.905845711547676
10923,0.91021377672209
10924,0.905913334929375
10925,0.912910077885296
10926,0.907879354687865
10927,0.913180169286578
10928,0.910328068043742
10929,0.900968523002421
1093,0.820502264306299
10930,0.924988055422838
10931,0.912539754656974
10932,0.906129343629344
