"param_id","prop_relapse"
8588,0.875647668393782
8589,0.878611470461406
859,0.785714285714286
8590,0.884332969829153
8591,0.885051694428489
8592,0.871887431855017
8593,0.88508064516129
8594,0.881182449359387
8595,0.876802666859917
8596,0.884382963232617
8597,0.880473288932974
8598,0.878043601359003
8599,0.886797979058358
