"param_id","prop_relapse"
8517,0.87909763835037
8518,0.879342134375691
8519,0.881570478438103
852,0.797886108714409
8520,0.878029485796476
8521,0.875793421811887
8522,0.881249549094582
8523,0.881533601378518
8524,0.880751039128565
8525,0.882830369659854
8526,0.881496266725808
8527,0.884873404025103
8528,0.878744853045577
