"param_id","prop_relapse"
5416,0.720652109240198
5417,0.715915230833884
5418,0.710899633526422
5419,0.707880268784362
542,0.870038637161925
5420,0.722010934157357
5421,0.719493153975498
5422,0.716241257696216
5423,0.721377912867275
5424,0.709131163235998
5425,0.715725080964376
5426,0.716800954938824
5427,0.714959407831901
