"param_id","prop_relapse"
3837,0.881035689293212
3838,0.881138790035587
3839,0.881489437880415
384,0.883422459893048
3840,0.878928571428571
3841,0.884137931034483
3842,0.882886149383611
3843,0.886785714285714
3844,0.881528215913074
3845,0.873554913294798
3846,0.894425087108014
3847,0.880185979971388
3848,0.874307479224377
