"param_id","prop_relapse"
10125,0.896576319543509
10126,0.899331221400915
10127,0.903091351163599
10128,0.890352438590246
10129,0.89612188365651
1013,0.822085889570552
10130,0.898904206433369
10131,0.9004329004329
10132,0.892156862745098
10133,0.89795197740113
10134,0.90200210748156
10135,0.890935887988209
10136,0.884615384615385
