"param_id","prop_relapse"
118,0.887517630465444
1180,0.794818652849741
11800,0.719039724933996
11801,0.715990597311796
11802,0.721488156853194
11803,0.725017802041301
11804,0.729947180936003
11805,0.719020876571847
11806,0.728093564416434
11807,0.720685189545562
11808,0.729806187552666
11809,0.722296152915558
1181,0.804453870625663
