"param_id","prop_relapse"
11026,0.82805724197745
11027,0.819817912343849
11028,0.822423986486487
11029,0.824568696736645
1103,0.810888843060425
11030,0.812593065305254
11031,0.82315249893208
11032,0.789417537870706
11033,0.82146017699115
11034,0.813352625051674
11035,0.826449643947101
11036,0.81901318587835
11037,0.826360286147843
