"param_id","prop_relapse"
8681,0.722944493915108
8682,0.726912147762254
8683,0.728036990332072
8684,0.725940546683414
8685,0.72756544034345
8686,0.720180490411447
8687,0.724364330906052
8688,0.726326045916814
8689,0.724125386527618
869,0.799756789623024
8690,0.724160631994733
8691,0.730940066930332
8692,0.72362843647814
