"param_id","prop_relapse"
2327,0.712442342500146
2328,0.704855842185129
2329,0.707792207792208
233,0.885341572262273
2330,0.695269591921101
2331,0.70807564224548
2332,0.705125967300867
2333,0.704236939531057
2334,0.705325232308792
2335,0.702255109231853
2336,0.704094256259205
2337,0.701928731036105
2338,0.710748616370521
