"param_id","prop_relapse"
8787,0.718345628250091
8788,0.723176603459549
8789,0.727492739593417
879,0.804430379746835
8790,0.724528529252275
8791,0.726753524897376
8792,0.707678300455235
8793,0.725227381522259
8794,0.718526891956211
8795,0.726382000725777
8796,0.71585733719761
8797,0.728775132748643
8798,0.725225767609874
