"param_id","prop_relapse"
4082,0.860097864768683
4083,0.864141084258654
4084,0.858581338106959
4085,0.848248158893104
4086,0.844439541041483
4087,0.855369200609889
4088,0.866919304502898
4089,0.862123613312203
409,0.875
4090,0.853077279037483
4091,0.861690686169069
4092,0.852280165830242
4093,0.852941176470588
