"param_id","prop_relapse"
8248,0.88160317235519
8249,0.878192389784353
825,0.811316785864535
8250,0.878329991406474
8251,0.877204585537919
8252,0.882114121207647
8253,0.884662488293351
8254,0.874269839008406
8255,0.880116740252937
8256,0.881932554157671
8257,0.886530014641288
8258,0.879904960760314
8259,0.878833369075702
