"param_id","prop_relapse"
12313,0.631084113595914
12314,0.631328989716618
12315,0.639071943848703
12316,0.630338790981204
12317,0.637606248564209
12318,0.632520015249714
12319,0.631097922848665
1232,0.805392976588629
12320,0.632386038527561
12321,0.636574880910887
12322,0.631648832304929
12323,0.642198932173225
12324,0.630527652695994
