"param_id","prop_relapse"
2128,0.70576598591959
2129,0.705324101707055
213,0.880084895649098
2130,0.710795254316927
2131,0.704884227891357
2132,0.704003702846563
2133,0.700069995333644
2134,0.701033973412112
2135,0.71277822627148
2136,0.704208065458796
2137,0.707009318747468
2138,0.702319203481786
2139,0.710429799426934
