"param_id","prop_relapse"
2163,0.704818229257262
2164,0.711093238352387
2165,0.711499856610267
2166,0.698645598194131
2167,0.71450903195924
2168,0.703020134228188
2169,0.711079612567919
217,0.88255261371351
2170,0.711887612357878
2171,0.706486423764214
2172,0.718225910126804
2173,0.704509377388441
2174,0.708422082781648
