"param_id","prop_relapse"
4539,0.839242984555145
454,0.877685377685378
4540,0.828348778433024
4541,0.838167938931298
4542,0.829169335895793
4543,0.833586791223115
4544,0.842551388005933
4545,0.830471636600739
4546,0.823228010247652
4547,0.839148936170213
4548,0.831296377127892
4549,0.828503970809186
455,0.893669115075201
