"param_id","prop_relapse"
12677,0.314539352603659
12678,0.310350066193546
12679,0.317997382198953
1268,0.809533943392211
12680,0.317319355397678
12681,0.312125005395606
12682,0.314943065941536
12683,0.31672552440114
12684,0.313547110566273
12685,0.315452969224101
12686,0.313794536427462
12687,0.313673562419954
12688,0.314868553986372
