"param_id","prop_relapse"
9781,0.893939393939394
9782,0.895097332372026
9783,0.886527377521614
9784,0.88518652662079
9785,0.901403382511695
9786,0.898591549295775
9787,0.893526706756279
9788,0.90556552962298
9789,0.896613832853026
979,0.816176470588235
9790,0.888109435285865
9791,0.905667018655403
9792,0.899965144649704
