"param_id","prop_relapse"
3450,0.873264506941972
3451,0.886854632002929
3452,0.895553257497415
3453,0.888297872340426
3454,0.90020366598778
3455,0.8907681465821
3456,0.889760970388869
3457,0.886013986013986
3458,0.890503189227498
3459,0.888307155322862
346,0.886324491904926
3460,0.895679662802951
3461,0.891929824561403
