"param_id","prop_relapse"
11272,0.907167858773398
11273,0.90424670641054
11274,0.902534256667158
11275,0.903695991671005
11276,0.906577201002802
11277,0.907586104513064
11278,0.894921703497732
11279,0.907306920389504
1128,0.807155852031534
11280,0.898936955558837
11281,0.898528442784977
11282,0.909983510718033
11283,0.901286915123112
