"param_id","prop_relapse"
3942,0.887719298245614
3943,0.886456908344733
3944,0.887751620607301
3945,0.882394615657102
3946,0.883263009845288
3947,0.864835164835165
3948,0.876137158852344
3949,0.872052704576976
395,0.889809146561037
3950,0.884946606958319
3951,0.893021608218208
3952,0.881663113006397
3953,0.8738036157391
