"param_id","prop_relapse"
6340,0.310436669029362
6341,0.309380553711753
6342,0.306339735615947
6343,0.309525307826233
6344,0.309961305055717
6345,0.30507286400136
6346,0.31217497064251
6347,0.3090318388564
6348,0.308551691789438
6349,0.302401654566942
635,0.876790830945559
6350,0.304137843765817
6351,0.307986629385919
