"param_id","prop_relapse"
10992,0.908543644362121
10993,0.90229746070133
10994,0.91076421248835
10995,0.907358262967431
10996,0.9128305582762
10997,0.912718786464411
10998,0.920143884892086
10999,0.920341722465943
11,0.874912157413914
110,0.872708039492243
1100,0.801683432560049
11000,0.817220543806647
11001,0.815910999160369
