"param_id","prop_relapse"
7721,0.909391222274658
7722,0.907238229093465
7723,0.917542630226583
7724,0.901736854627647
7725,0.910185185185185
7726,0.91413196069256
7727,0.912403644008409
7728,0.895658263305322
7729,0.908308121945543
773,0.879749041477867
7730,0.898978433598184
7731,0.900381315538608
7732,0.912853529547022
