"param_id","prop_relapse"
9980,0.886765236206275
9981,0.899373259052925
9982,0.893186657203691
9983,0.899715504978663
9984,0.895340501792115
9985,0.89103251161129
9986,0.892025405786874
9987,0.894567548248749
9988,0.90282131661442
9989,0.900327391778829
999,0.81650806785271
9990,0.899404135997196
9991,0.891399416909621
