"param_id","prop_relapse"
12009,0.596012360211889
1201,0.8171858216971
12010,0.600264150943396
12011,0.596692628548226
12012,0.604195855762849
12013,0.597099528857479
12014,0.593828529194383
12015,0.598645564410521
12016,0.598152169912026
12017,0.586231081579919
12018,0.598684452283835
12019,0.594347162682555
1202,0.799376947040498
