"param_id","prop_relapse"
4246,0.881429221665908
4247,0.872325581395349
4248,0.875168995042812
4249,0.8828197945845
425,0.868876080691643
4250,0.878821691586699
4251,0.874277790617056
4252,0.881873727087576
4253,0.876156101962554
4254,0.888987764182425
4255,0.882831938475458
4256,0.876627827278958
4257,0.879074889867841
