"param_id","prop_relapse"
6961,0.896925858951175
6962,0.884488448844885
6963,0.89250700280112
6964,0.906894100923952
6965,0.881361881361881
6966,0.889758179231863
6967,0.892198581560284
6968,0.907551164431898
6969,0.895501239815799
697,0.881101813110181
6970,0.903703703703704
6971,0.90046544933763
6972,0.89704347826087
