"param_id","prop_relapse"
8576,0.881804596883228
8577,0.881593034044679
8578,0.882606509088297
8579,0.884677301331772
858,0.804842105263158
8580,0.883067092651757
8581,0.872626754928348
8582,0.873645426961422
8583,0.884593232541397
8584,0.876993166287016
8585,0.879841673734803
8586,0.880232311070189
8587,0.883646190928347
