"param_id","prop_relapse"
1208,0.8073055612559
12080,0.595642797090324
12081,0.602210753632737
12082,0.588155927506108
12083,0.603407424122757
12084,0.598214285714286
12085,0.606422843438507
12086,0.596836776172351
12087,0.594268979833926
12088,0.595433555669574
12089,0.592135978990371
1209,0.806768330896177
12090,0.59749174427665
