"param_id","prop_relapse"
5873,0.448048568950564
5874,0.446937210689234
5875,0.445365263809833
5876,0.445652173913043
5877,0.446137351165284
5878,0.446622102119186
5879,0.440744312702105
588,0.8802543270929
5880,0.448722003392657
5881,0.445596003674782
5882,0.447585360983541
5883,0.450886220697541
5884,0.447726032119976
