"param_id","prop_relapse"
4433,0.836798991808444
4434,0.830508474576271
4435,0.828565092038146
4436,0.839967172753385
4437,0.824952661476962
4438,0.80647929628835
4439,0.826943005181347
444,0.869257950530035
4440,0.814909478168264
4441,0.827025871285012
4442,0.823062460831418
4443,0.828522557194783
4444,0.827690972222222
