"param_id","prop_relapse"
11682,0.892998099693027
11683,0.890825217837007
11684,0.88622175980975
11685,0.887165854378969
11686,0.897597597597598
11687,0.894287200059431
11688,0.89000216247387
11689,0.89188205314889
1169,0.802188725996283
11690,0.898881333625795
11691,0.894305372566242
11692,0.898772783385375
11693,0.889161141539349
