"param_id","prop_relapse"
6036,0.335271934208733
6037,0.336647085404428
6038,0.33326613806388
6039,0.334538465058807
604,0.88343133863715
6040,0.337756469973416
6041,0.335018002102109
6042,0.332985125468377
6043,0.338848191141666
6044,0.33210996780222
6045,0.333088976450105
6046,0.335687053037652
6047,0.332658478427138
