"param_id","prop_relapse"
1579,0.802799247963234
158,0.8793347487615
1580,0.808131093134205
1581,0.821482602118003
1582,0.808553560621344
1583,0.801272534464475
1584,0.80593849416755
1585,0.810709838107098
1586,0.814049586776859
1587,0.792926177256837
1588,0.795444959932518
1589,0.809797089567534
159,0.869657364888732
