"param_id","prop_relapse"
10441,0.908629441624365
10442,0.90939200378519
10443,0.907416154936231
10444,0.913398692810457
10445,0.905033238366572
10446,0.913023037141514
10447,0.91375623663578
10448,0.919892865838812
10449,0.920400381315539
1045,0.82233071534706
10450,0.914965169349027
10451,0.912951167728238
10452,0.916164891153312
