"param_id","prop_relapse"
10594,0.917583704050574
10595,0.914631137429065
10596,0.906836616454229
10597,0.906001446131598
10598,0.920406235238545
10599,0.912698412698413
106,0.874253600280998
1060,0.812358393408857
10600,0.926110715134236
10601,0.930275229357798
10602,0.919014918304523
10603,0.924932316022643
10604,0.920969914683431
