"param_id","prop_relapse"
10664,0.910698096101541
10665,0.921223801493616
10666,0.926777751701479
10667,0.925423728813559
10668,0.919362292051756
10669,0.911165644171779
1067,0.797579983593109
10670,0.922056384742952
10671,0.919883466860889
10672,0.92158290847293
10673,0.91441647597254
10674,0.917853751187085
10675,0.915269804822044
