"param_id","prop_relapse"
10828,0.911301859799714
10829,0.910341439449767
1083,0.803575015063266
10830,0.914265635980323
10831,0.912562132851333
10832,0.917700381679389
10833,0.90990990990991
10834,0.916786916786917
10835,0.919623971797885
10836,0.909924363969746
10837,0.907286371338659
10838,0.907801418439716
10839,0.90365682137834
