"param_id","prop_relapse"
4797,0.810414452709883
4798,0.805886036318096
4799,0.801537822111388
48,0.876923076923077
480,0.873608617594255
4800,0.784923838041922
4801,0.784928309436479
4802,0.786360971797043
4803,0.792824883913237
4804,0.788655136809499
4805,0.77915092527374
4806,0.793024585477416
4807,0.786601941747573
