"param_id","prop_relapse"
5123,0.835999722972505
5124,0.835993996452449
5125,0.842617214835549
5126,0.833594976452119
5127,0.828149782773602
5128,0.825108346148469
5129,0.829609131788309
513,0.87914691943128
5130,0.83909026297086
5131,0.838950276243094
5132,0.833068142511242
5133,0.839787610619469
5134,0.825294237703245
