"param_id","prop_relapse"
9640,0.890995260663507
9641,0.899076291481355
9642,0.897879858657244
9643,0.901032395870417
9644,0.901686401148188
9645,0.900881834215168
9646,0.904156647200275
9647,0.892280071813286
9648,0.893081761006289
9649,0.893713094824592
965,0.808248299319728
9650,0.908643710470836
9651,0.896293656450463
