"param_id","prop_relapse"
3122,0.298121967542245
3123,0.301984758395444
3124,0.304391134722338
3125,0.298596858638743
3126,0.299814279818407
3127,0.304093689330522
3128,0.296724908910235
3129,0.298341628632205
313,0.88012729844413
3130,0.301245706245085
3131,0.300279016720637
3132,0.304187959616104
3133,0.296435232726282
