"param_id","prop_relapse"
1146,0.817000206313183
11460,0.909546627349797
11461,0.909383177570093
11462,0.918023170552867
11463,0.915237591599305
11464,0.911604680629053
11465,0.91373778076263
11466,0.911902113459399
11467,0.915574316818485
11468,0.909097767048884
11469,0.91510216391465
1147,0.810576327205123
11470,0.906380396024581
