"param_id","prop_relapse"
1824,0.712537863039734
1825,0.706832736031961
1826,0.699232825758456
1827,0.711743151282499
1828,0.701326012033413
1829,0.700898970054176
183,0.877878576413119
1830,0.708558396350978
1831,0.704782784284313
1832,0.703186303649982
1833,0.701246529213682
1834,0.70417817476641
1835,0.704681802140925
