"param_id","prop_relapse"
11881,0.722418226394786
11882,0.721952375310982
11883,0.725538131298074
11884,0.72202380952381
11885,0.727432236205227
11886,0.719607015851968
11887,0.723861068157488
11888,0.724944786008476
11889,0.728532018547866
1189,0.807333994053518
11890,0.724907285560474
11891,0.727906123945728
11892,0.722630767406002
