"param_id","prop_relapse"
248,0.888812628689087
2480,0.29969191323946
2481,0.299970868533855
2482,0.300795025353171
2483,0.297613603292729
2484,0.301654796816087
2485,0.305028905327283
2486,0.301354094723844
2487,0.304489643280078
2488,0.302638720721473
2489,0.29763358936668
249,0.881831085876508
2490,0.302508915722956
