"param_id","prop_relapse"
2339,0.703455389375967
234,0.89101203113942
2340,0.716000716717434
2341,0.703007302627796
2342,0.697069167643611
2343,0.709287531806616
2344,0.697242346342603
2345,0.700070118032021
2346,0.69875523499302
2347,0.7084853750362
2348,0.703313429340827
2349,0.698537682789651
235,0.884737398660557
