"param_id","prop_relapse"
11518,0.914144441114774
11519,0.914024390243902
1152,0.812851579402856
11520,0.907424038317617
11521,0.908924485125858
11522,0.913164186010642
11523,0.915059092642013
11524,0.907931388359478
11525,0.912838724619779
11526,0.912390111954317
11527,0.915333384368062
11528,0.915192235908921
11529,0.918692066272535
