"param_id","prop_relapse"
4656,0.800459194322688
4657,0.798819063686208
4658,0.814730290456432
4659,0.825234619395203
466,0.887274016306274
4660,0.812566109583245
4661,0.799958106409719
4662,0.784683239775461
4663,0.793402410657644
4664,0.823836359841369
4665,0.812619502868069
4666,0.804155523554824
4667,0.81122776944504
