"param_id","prop_relapse"
10219,0.877040639110802
1022,0.806703204047218
10220,0.883778966131907
10221,0.877285513361463
10222,0.877319587628866
10223,0.889728615596015
10224,0.885057471264368
10225,0.882956152758133
10226,0.888046226074395
10227,0.883631265334735
10228,0.882753675152384
10229,0.880396319886766
1023,0.807809773123909
