"param_id","prop_relapse"
9594,0.313784711659641
9595,0.318607906345436
9596,0.317602259113469
9597,0.310211904556809
9598,0.314780298648156
9599,0.312125668734148
96,0.885069444444444
960,0.816608283535957
9600,0.890580736543909
9601,0.899144689950107
9602,0.897500905469033
9603,0.89662447257384
9604,0.905766526019691
