"param_id","prop_relapse"
6868,0.900035323207347
6869,0.90207819654808
687,0.8762341325811
6870,0.899604174163368
6871,0.904251641894227
6872,0.894773277950848
6873,0.895352962043278
6874,0.911392405063291
6875,0.894755492558469
6876,0.902919451283855
6877,0.909782232976149
6878,0.89157060518732
6879,0.895495495495495
