"param_id","prop_relapse"
3790,0.886126126126126
3791,0.877057793345009
3792,0.879646017699115
3793,0.882415630550622
3794,0.892411467116358
3795,0.872777971418613
3796,0.877873563218391
3797,0.894606103619588
3798,0.882416011436741
3799,0.887818306951136
38,0.882914750619031
380,0.880125086865879
3800,0.881912236889047
