"param_id","prop_relapse"
9617,0.897604998264491
9618,0.884698275862069
9619,0.900969529085873
962,0.809020723283218
9620,0.89247311827957
9621,0.898729710656316
9622,0.885103298296484
9623,0.888653234358431
9624,0.894080996884735
9625,0.89134438305709
9626,0.902100391598434
9627,0.885281385281385
9628,0.901484969214053
