"param_id","prop_relapse"
8389,0.881243553852954
839,0.813058847993346
8390,0.885348011878033
8391,0.87684098185699
8392,0.879009278877767
8393,0.870390338580979
8394,0.882166064981949
8395,0.877066115702479
8396,0.878639356254572
8397,0.885195290063182
8398,0.876353399740147
8399,0.888180764774044
84,0.879497031086273
