"param_id","prop_relapse"
10090,0.895795903701042
10091,0.899265477439664
10092,0.897872340425532
10093,0.890597693114296
10094,0.89795197740113
10095,0.898407079646018
10096,0.892663534513914
10097,0.901967552640663
10098,0.891166604547149
10099,0.902279005524862
101,0.883135059482155
1010,0.799753289473684
10100,0.896929050476527
