"param_id","prop_relapse"
11916,0.724921630094044
11917,0.72453774333313
11918,0.732620636701908
11919,0.716350767754319
1192,0.801862278042443
11920,0.729856983108705
11921,0.728398014710279
11922,0.73267750213858
11923,0.721371524650213
11924,0.722198782472425
11925,0.730835872617554
11926,0.720776562774107
11927,0.726617397625394
