"param_id","prop_relapse"
7932,0.810544363480497
7933,0.820889172516486
7934,0.8203426124197
7935,0.802985074626866
7936,0.810098792535675
7937,0.806343906510851
7938,0.813963298882092
7939,0.826172300981461
794,0.885132804415316
7940,0.824919441460795
7941,0.811989100817439
7942,0.831126502342636
7943,0.817535545023697
