"param_id","prop_relapse"
12747,0.315770168511446
12748,0.318247670119143
12749,0.314752204057177
1275,0.795508021390374
12750,0.319237111612567
12751,0.313949379389549
12752,0.31610851422595
12753,0.310455308297552
12754,0.317137484600255
12755,0.314021538126836
12756,0.312630298818624
12757,0.317875519386854
12758,0.316274969359451
