"param_id","prop_relapse"
4925,0.779719387755102
4926,0.800130463144162
4927,0.786375878604743
4928,0.786520498183705
4929,0.784923117018504
493,0.875658587987355
4930,0.785668749203111
4931,0.780847024939451
4932,0.785528708755521
4933,0.780853881566501
4934,0.788081171333162
4935,0.790670248312914
4936,0.798698279869828
