"param_id","prop_relapse"
4399,0.883306691025348
44,0.877156659765355
440,0.883616210599238
4400,0.834124245038827
4401,0.824327233584499
4402,0.816907483286608
4403,0.826894343649947
4404,0.823946689595873
4405,0.829226847918437
4406,0.828091339939681
4407,0.826646642351427
4408,0.81230903535574
4409,0.835630965005302
