"param_id","prop_relapse"
12665,0.315123165393528
12666,0.321262687080681
12667,0.314565904643111
12668,0.319123754599643
12669,0.31169672750837
1267,0.823018228062738
12670,0.312537313432836
12671,0.315589189189189
12672,0.316846451501329
12673,0.317999277564116
12674,0.316161938157475
12675,0.316745724357022
12676,0.312479340664184
