"param_id","prop_relapse"
6000,0.333549020482842
6001,0.33728875324557
6002,0.331344093313441
6003,0.331630432292502
6004,0.335387403715451
6005,0.334127740705434
6006,0.336134833491483
6007,0.330671514705206
6008,0.334622389099984
6009,0.336765759312321
601,0.879613041920459
6010,0.331280565115015
6011,0.333708385730359
