"param_id","prop_relapse"
6657,0.904527904527905
6658,0.896636299929923
6659,0.901025097207494
666,0.86374695863747
6660,0.89803094233474
6661,0.903293622985284
6662,0.899303135888502
6663,0.899574166075231
6664,0.894030377958319
6665,0.90818431911967
6666,0.891481088723931
6667,0.885089883679944
6668,0.892523364485981
