"param_id","prop_relapse"
6786,0.89890031926215
6787,0.894394213381555
6788,0.890543817111188
6789,0.890067161541181
679,0.875486381322957
6790,0.890042979942693
6791,0.898445970365016
6792,0.893731988472622
6793,0.899295774647887
6794,0.890960253253605
6795,0.898791018998273
6796,0.905841924398625
6797,0.883053221288515
