"param_id","prop_relapse"
11002,0.824352548036759
11003,0.829425682942568
11004,0.8187267465895
11005,0.813570205479452
11006,0.826241878012995
11007,0.824806849029025
11008,0.822909950569525
11009,0.814233498172436
1101,0.814047822374039
11010,0.815516188149053
11011,0.815059445178336
11012,0.807864928403505
11013,0.825816151202749
