"param_id","prop_relapse"
186,0.875222816399287
1860,0.704734390660928
1861,0.70306931831245
1862,0.709263521288838
1863,0.707736057106378
1864,0.701038143007115
1865,0.713797773982687
1866,0.710714704846849
1867,0.715227989675939
1868,0.714553937187073
1869,0.706087158358962
187,0.881302521008403
1870,0.697606538237011
