"param_id","prop_relapse"
10875,0.908246225319396
10876,0.904139433551198
10877,0.898281139627973
10878,0.915037412503017
10879,0.909501187648456
1088,0.790771175726928
10880,0.911534926470588
10881,0.909753231492362
10882,0.90654420206659
10883,0.905074476142388
10884,0.907897876401813
10885,0.914873035066505
10886,0.907281553398058
