"param_id","prop_relapse"
730,0.890344827586207
7300,0.906094808126411
7301,0.911510623394817
7302,0.909197012138189
7303,0.901398435648258
7304,0.893122453870117
7305,0.916725476358504
7306,0.900767018216683
7307,0.894585529468136
7308,0.90625
7309,0.900788131664349
731,0.87619384506544
7310,0.909452503509593
