"param_id","prop_relapse"
482,0.875268048606147
4820,0.783896919353784
4821,0.792899026999162
4822,0.800065703022339
4823,0.790315415370946
4824,0.797260802469136
4825,0.785770234986945
4826,0.786292915005786
4827,0.778814382896016
4828,0.787531806615776
4829,0.788799053441136
483,0.85750452079566
4830,0.783360895560361
