"param_id","prop_relapse"
1848,0.704736034014409
1849,0.715630885122411
185,0.875747976064766
1850,0.707353290567831
1851,0.707401032702238
1852,0.695677776469203
1853,0.703705865188211
1854,0.707839852100064
1855,0.702815249266862
1856,0.707727620504973
1857,0.699466970114392
1858,0.708788019503134
1859,0.700446218882104
