"param_id","prop_relapse"
358,0.876673713883016
3580,0.884420289855072
3581,0.887343532684284
3582,0.891959798994975
3583,0.89924704195052
3584,0.892995424146427
3585,0.898352611286365
3586,0.893059490084986
3587,0.889279437609842
3588,0.899896800825593
3589,0.900035958288385
359,0.884721266345492
3590,0.888367052023121
