"param_id","prop_relapse"
11400,0.915744296363226
11401,0.918491574493356
11402,0.91025641025641
11403,0.914929785661493
11404,0.914567863431065
11405,0.913687624382693
11406,0.914948453608247
11407,0.90953778429934
11408,0.908697960112232
11409,0.913050064379308
1141,0.801647785787848
11410,0.912312723401019
11411,0.906201262532492
