"param_id","prop_relapse"
5428,0.711656073869769
5429,0.714226609137656
543,0.895615866388309
5430,0.710892857142857
5431,0.711969480209824
5432,0.710164512338425
5433,0.720885811496448
5434,0.709736392050481
5435,0.720407676719514
5436,0.715612934362934
5437,0.717452498240676
5438,0.722308334326935
5439,0.716141988069222
