"param_id","prop_relapse"
5018,0.841379778637876
5019,0.828830701025215
502,0.869085734614016
5020,0.841168289290682
5021,0.846266369462246
5022,0.835620160304307
5023,0.827439886845827
5024,0.831401475237092
5025,0.83679753656659
5026,0.832065217391304
5027,0.837032512047784
5028,0.832527290313666
5029,0.835040358136065
