"param_id","prop_relapse"
1567,0.802461410095953
1568,0.809963495812755
1569,0.820402298850575
157,0.891763104152485
1570,0.815822784810127
1571,0.804878048780488
1572,0.802447927850548
1573,0.810190018793067
1574,0.821937616195001
1575,0.808006707189268
1576,0.813344775799185
1577,0.799495586380832
1578,0.817639539838091
