"param_id","prop_relapse"
8142,0.882574932868858
8143,0.879595722865094
8144,0.879072455392617
8145,0.87025877348458
8146,0.881228765571914
8147,0.880448950036206
8148,0.873609416493218
8149,0.887776267792003
815,0.798227950060411
8150,0.876169906407487
8151,0.875339528234453
8152,0.87932019423022
8153,0.883172174917015
