"param_id","prop_relapse"
6493,0.898761061946903
6494,0.898801128349788
6495,0.890459363957597
6496,0.898010849909584
6497,0.900245872848613
6498,0.895610093328725
6499,0.902325581395349
65,0.875448671931084
650,0.875675675675676
6500,0.896229802513465
6501,0.903721406623421
6502,0.896795952782462
6503,0.886156008432888
