"param_id","prop_relapse"
10477,0.915306363851431
10478,0.919455066921606
10479,0.913298872180451
1048,0.801386181503141
10480,0.922674280275993
10481,0.905846442826955
10482,0.915406427221172
10483,0.92081974848626
10484,0.910774410774411
10485,0.912831241283124
10486,0.914387633769322
10487,0.919894787183166
10488,0.917260004910386
