"param_id","prop_relapse"
5674,0.375697691959572
5675,0.376440648934348
5676,0.374030287258037
5677,0.378506859774871
5678,0.378221649484536
5679,0.375682783734574
568,0.878809355067328
5680,0.379335278131
5681,0.377315104101577
5682,0.381423120757148
5683,0.377701594872559
5684,0.375391907571531
5685,0.378577061023071
