"param_id","prop_relapse"
3052,0.300070948624849
3053,0.300154814738363
3054,0.300940964436155
3055,0.297663131027846
3056,0.301373825018077
3057,0.303660617022589
3058,0.30004738457735
3059,0.302404508710945
306,0.882563551736484
3060,0.299918923975636
3061,0.299498929247146
3062,0.299644425852332
3063,0.297310258548791
