"param_id","prop_relapse"
3966,0.872226198997853
3967,0.875647668393782
3968,0.886947218259629
3969,0.88695652173913
397,0.871204188481675
3970,0.888849177984274
3971,0.882352941176471
3972,0.894590846047157
3973,0.892382948986723
3974,0.882518466408723
3975,0.881974248927039
3976,0.877433309300649
3977,0.885041056765441
