"param_id","prop_relapse"
152,0.886983904828551
1520,0.811493784389647
1521,0.797305699481865
1522,0.806137258967448
1523,0.807381297947336
1524,0.803205518360722
1525,0.814477766287487
1526,0.801996333265431
1527,0.794567062818336
1528,0.808158062460166
1529,0.80279010779962
153,0.886701208981002
1530,0.813324952859837
