"param_id","prop_relapse"
9793,0.89193083573487
9794,0.899964400142399
9795,0.889249639249639
9796,0.897878460985257
9797,0.889605734767025
9798,0.882309941520468
9799,0.905647141353911
98,0.874426807760141
980,0.803728744109814
9800,0.881404514510928
9801,0.894042097752408
9802,0.896588486140725
9803,0.900550584996559
