"param_id","prop_relapse"
7757,0.910472183263207
7758,0.904208998548621
7759,0.904357798165138
776,0.890840220385675
7760,0.907563025210084
7761,0.903877790834313
7762,0.909926470588235
7763,0.908137679507636
7764,0.91170383996321
7765,0.909153792944432
7766,0.914184397163121
7767,0.891114777280226
7768,0.910419161676647
