"param_id","prop_relapse"
3088,0.300055737907971
3089,0.302776855387681
309,0.879812882331774
3090,0.299688897130025
3091,0.305031511519785
3092,0.299667980908902
3093,0.299157011752004
3094,0.301061313349103
3095,0.302617320996916
3096,0.304997801553569
3097,0.303086049732322
3098,0.299174632585169
3099,0.303680853724624
