"param_id","prop_relapse"
6587,0.891682070240296
6588,0.890764989662302
6589,0.892094017094017
659,0.887698686938493
6590,0.9
6591,0.883505917159763
6592,0.892088827203331
6593,0.888294075660243
6594,0.897490279250619
6595,0.892280701754386
6596,0.901212553495007
6597,0.897699115044248
6598,0.894513274336283
