"param_id","prop_relapse"
2538,0.303308099139272
2539,0.298401130059164
254,0.882846592816381
2540,0.298236962150166
2541,0.3022493167963
2542,0.302846945891619
2543,0.303091664405152
2544,0.30108736407949
2545,0.302111857937101
2546,0.305374183827222
2547,0.305170686920958
2548,0.300695249130939
2549,0.30215557638238
