"param_id","prop_relapse"
10418,0.923814204964365
10419,0.910747663551402
1042,0.806037251123956
10420,0.906965533863582
10421,0.912067352666043
10422,0.921544515494343
10423,0.905319896883056
10424,0.920506912442396
10425,0.903869262196587
10426,0.914492078285182
10427,0.924205967276227
10428,0.907074480504319
10429,0.920557320948423
