"param_id","prop_relapse"
11061,0.820883202641354
11062,0.811528497409326
11063,0.831929233361415
11064,0.805631435175457
11065,0.816691505216095
11066,0.826963906581741
11067,0.820892366250793
11068,0.811879095328683
11069,0.81470463238419
1107,0.796904413302656
11070,0.801545853352831
11071,0.825246796891409
11072,0.832495079816313
