"param_id","prop_relapse"
4421,0.833405452185201
4422,0.826566729127629
4423,0.829106029106029
4424,0.827013208351086
4425,0.826888489208633
4426,0.832349219738507
4427,0.837703141928494
4428,0.816465422612514
4429,0.847568988173456
443,0.885653409090909
4430,0.835095613048369
4431,0.838103374626228
4432,0.836075949367089
