"param_id","prop_relapse"
10031,0.890554200069711
10032,0.904017063633132
10033,0.896168993913355
10034,0.886858749121574
10035,0.886535008976661
10036,0.893328576525152
10037,0.902483564645727
10038,0.887931034482759
10039,0.895092460881935
1004,0.8003663003663
10040,0.896526772793054
10041,0.899270580062522
10042,0.891156462585034
