"param_id","prop_relapse"
1941,0.699805298247684
1942,0.708240924477647
1943,0.708521494340508
1944,0.707124473561067
1945,0.706427503736921
1946,0.700679873402884
1947,0.712985366977762
1948,0.699617041646721
1949,0.708551894854718
195,0.86579038395019
1950,0.702818947980238
1951,0.713566957233955
1952,0.706831854190244
