"param_id","prop_relapse"
10371,0.895010395010395
10372,0.900590893291623
10373,0.888253113429822
10374,0.870032223415682
10375,0.876296031462281
10376,0.878701391366393
10377,0.873992673992674
10378,0.880985915492958
10379,0.877997914494265
1038,0.80559085133418
10380,0.895924553721792
10381,0.871443624868282
10382,0.881574364332985
