"param_id","prop_relapse"
12618,0.314940613517901
12619,0.312571121846484
1262,0.791831097079716
12620,0.315505822258777
12621,0.313387730432155
12622,0.317204763337776
12623,0.316875907977189
12624,0.317077322439253
12625,0.315546942291128
12626,0.313460622591679
12627,0.318828628819114
12628,0.31409343859195
12629,0.316704060534072
