"param_id","prop_relapse"
7874,0.81318449873631
7875,0.816691826612034
7876,0.800374298190892
7877,0.789342732738959
7878,0.828947368421053
7879,0.820183878554629
788,0.880174291938998
7880,0.823220659248373
7881,0.823377739578857
7882,0.81760607979734
7883,0.814246107912135
7884,0.814021830394626
7885,0.823722552842192
