"param_id","prop_relapse"
10395,0.877973112719752
10396,0.882696938424493
10397,0.883638928067701
10398,0.879800853485064
10399,0.879139638101741
104,0.870106761565836
1040,0.7991462113127
10400,0.916055805154883
10401,0.918447955390335
10402,0.922188163169064
10403,0.911966650318784
10404,0.917116694059638
10405,0.91719298245614
