"param_id","prop_relapse"
9957,0.894736842105263
9958,0.891231964483907
9959,0.902995234853642
996,0.796206533192835
9960,0.895209580838323
9961,0.900251166128454
9962,0.901304194571731
9963,0.913282863041982
9964,0.892541534110993
9965,0.905094207955338
9966,0.899715504978663
9967,0.897345132743363
9968,0.905463695183321
