"param_id","prop_relapse"
6774,0.892313142047467
6775,0.901750625223294
6776,0.895100069013112
6777,0.895804676753783
6778,0.891511095456146
6779,0.886645412681545
678,0.874133148404993
6780,0.898365316275764
6781,0.897864768683274
6782,0.89691817215728
6783,0.8997113997114
6784,0.900961881011756
6785,0.899745731928805
