"param_id","prop_relapse"
10535,0.914101646385111
10536,0.915238536359426
10537,0.918828850273744
10538,0.908728179551122
10539,0.920888445220863
1054,0.805346700083542
10540,0.915045087802563
10541,0.92757793764988
10542,0.904993909866017
10543,0.915392205229403
10544,0.910982099661345
10545,0.922986616576661
10546,0.920428106095859
