"param_id","prop_relapse"
12349,0.635439871809903
1235,0.815099833610649
12350,0.631170527448043
12351,0.62688786290007
12352,0.631311966797325
12353,0.62689349801911
12354,0.633741888968998
12355,0.632845718743905
12356,0.638015947467167
12357,0.638694102770433
12358,0.629410170016653
12359,0.634839763534536
1236,0.802409129332206
