"param_id","prop_relapse"
3369,0.894736842105263
337,0.884588068181818
3370,0.903123903123903
3371,0.886641088245553
3372,0.886620488516223
3373,0.892631578947368
3374,0.894479385045423
3375,0.89416695773664
3376,0.893721501227639
3377,0.890021082220661
3378,0.887274016306274
3379,0.896330602066263
338,0.880350877192982
