"param_id","prop_relapse"
5252,0.744758654314968
5253,0.743190661478599
5254,0.746622048238414
5255,0.738957055214724
5256,0.736098196020086
5257,0.739710858197478
5258,0.740417363304229
5259,0.742714250432206
526,0.88340655626901
5260,0.744093509077344
5261,0.750848189500956
5262,0.748416845988318
5263,0.743075755659542
