"param_id","prop_relapse"
1414,0.81296179016255
1415,0.820357990079793
1416,0.810928734676917
1417,0.814929056138186
1418,0.810570909824491
1419,0.802637000412031
142,0.890264877880977
1420,0.820703933747412
1421,0.816339066339066
1422,0.808084932625561
1423,0.803199326457588
1424,0.796452876881831
1425,0.814448188711036
