"param_id","prop_relapse"
5288,0.737084870848708
5289,0.743444409841171
529,0.881574239713775
5290,0.744471287864709
5291,0.743652493117161
5292,0.742291563887518
5293,0.752807624597827
5294,0.747833622183709
5295,0.75468118957288
5296,0.741899852724595
5297,0.743809232650566
5298,0.738762296102602
5299,0.746745932415519
