"param_id","prop_relapse"
3474,0.900385829533497
3475,0.888340965128566
3476,0.894569816643159
3477,0.88994708994709
3478,0.887045534768796
3479,0.896081175647306
348,0.888431170614487
3480,0.894490457328052
3481,0.89095459420808
3482,0.890165111270639
3483,0.889239397125832
3484,0.888928957807429
3485,0.901707912164517
