"param_id","prop_relapse"
6914,0.895319757056091
6915,0.889908256880734
6916,0.890430451796514
6917,0.903668152211176
6918,0.90165086055497
6919,0.898008241758242
692,0.882208157524613
6920,0.901710957408081
6921,0.902595094205475
6922,0.8948432760364
6923,0.900879566982409
6924,0.900734009087732
6925,0.897435897435897
