"param_id","prop_relapse"
2468,0.299213583929577
2469,0.301990235021516
247,0.880014074595355
2470,0.300172956302486
2471,0.302047993380223
2472,0.300979631222336
2473,0.298504962519368
2474,0.306021365458476
2475,0.303242569112451
2476,0.301372165836643
2477,0.302732715934282
2478,0.297237659365806
2479,0.2995722768988
