"param_id","prop_relapse"
6388,0.312762765934971
6389,0.306393596007901
639,0.881629785739375
6390,0.307292770828917
6391,0.308238636363636
6392,0.310116993519064
6393,0.3067087276551
6394,0.303828313703696
6395,0.308093662509544
6396,0.310782241014799
6397,0.302526567368017
6398,0.307150664200437
6399,0.308924533936266
