"param_id","prop_relapse"
6317,0.306652918304655
6318,0.306071975016244
6319,0.30499735868991
632,0.875907111756168
6320,0.304204293746805
6321,0.31118676636451
6322,0.309243017711172
6323,0.311137038608401
6324,0.305782341553741
6325,0.306242613540436
6326,0.30936782808262
6327,0.307986468598323
6328,0.307040146288754
