"param_id","prop_relapse"
7195,0.900755494505495
7196,0.870655678968112
7197,0.890971039182283
7198,0.881434149804757
7199,0.880485194434534
72,0.893392370572207
720,0.877266387726639
7200,0.897027348394768
7201,0.898049233627497
7202,0.906939338235294
7203,0.908325537885875
7204,0.904397705544933
7205,0.905615292712067
