"param_id","prop_relapse"
11635,0.884003257087867
11636,0.887702531173001
11637,0.891785793644915
11638,0.886733238231098
11639,0.90048596503953
1164,0.803292181069959
11640,0.890889052167524
11641,0.880486931614751
11642,0.891316725978648
11643,0.892359337371379
11644,0.892284461062774
11645,0.887347842124677
11646,0.895434799176892
