"param_id","prop_relapse"
2315,0.702631124417065
2316,0.715634218289086
2317,0.698427937117485
2318,0.700713012477718
2319,0.708069010493864
232,0.874775744528167
2320,0.695906432748538
2321,0.711357307897387
2322,0.706385630913933
2323,0.712981685828182
2324,0.705813545443912
2325,0.709873236921978
2326,0.699453230642601
