"param_id","prop_relapse"
11589,0.90514493853392
1159,0.791208791208791
11590,0.913508626535071
11591,0.907638432917487
11592,0.913885078494132
11593,0.911407585069705
11594,0.921713329275715
11595,0.91388518024032
11596,0.90953690626626
11597,0.911463898641429
11598,0.913706346226061
11599,0.909773876822374
116,0.886285320468642
