"param_id","prop_relapse"
12653,0.311958665637595
12654,0.315617246984344
12655,0.320146915847467
12656,0.317942094500054
12657,0.318174035868681
12658,0.315713435880003
12659,0.315279178017547
1266,0.803454813566463
12660,0.320369890242849
12661,0.315591214778241
12662,0.315533980582524
12663,0.314511647787989
12664,0.314648207188715
