"param_id","prop_relapse"
936,0.801213643021553
9360,0.543714555765595
9361,0.541922084882591
9362,0.541059223595165
9363,0.529673342472166
9364,0.538358861414222
9365,0.54097407483412
9366,0.545258038368009
9367,0.535759139200978
9368,0.540963165166987
9369,0.548258406248952
937,0.810355849137013
9370,0.539619542904065
