"param_id","prop_relapse"
654,0.870231729055258
6540,0.894938917975567
6541,0.8958694897605
6542,0.894134477825465
6543,0.900625434329395
6544,0.892335115864528
6545,0.879811183732752
6546,0.896873877111031
6547,0.890039271688683
6548,0.901825697554254
6549,0.895092460881935
655,0.881320224719101
6550,0.896708683473389
