"param_id","prop_relapse"
7522,0.910421836228288
7523,0.901559227367931
7524,0.898273878020713
7525,0.91875
7526,0.905898876404494
7527,0.908944213923467
7528,0.904299583911234
7529,0.896505376344086
753,0.888415067519545
7530,0.905373831775701
7531,0.902274837511606
7532,0.908703878902554
7533,0.905421542870791
