"param_id","prop_relapse"
317,0.881170662905501
3170,0.301021355617456
3171,0.304406154362135
3172,0.301784556162263
3173,0.300396076560977
3174,0.300146473294411
3175,0.297818844679112
3176,0.300155876545776
3177,0.302381838481578
3178,0.296277946367746
3179,0.300606671284926
318,0.874955970412117
3180,0.297006891062564
