"param_id","prop_relapse"
12524,0.564705473742706
12525,0.574589172654194
12526,0.56458481192335
12527,0.568701887588316
12528,0.570413023388071
12529,0.576399070266404
1253,0.808560980856098
12530,0.565570269115762
12531,0.568487144410537
12532,0.564602022945781
12533,0.567096014557391
12534,0.562741552317129
12535,0.571635925939038
