"param_id","prop_relapse"
6809,0.897618201208674
681,0.889161697649947
6810,0.889392882065597
6811,0.895059502344032
6812,0.888576449912127
6813,0.88578589330469
6814,0.894588896697119
6815,0.894605216148625
6816,0.89179505553565
6817,0.891319689484827
6818,0.902551381998583
6819,0.896432282646346
682,0.876349703935911
