"param_id","prop_relapse"
1684,0.704217148182665
1685,0.699739959549263
1686,0.718790522220912
1687,0.699830775514968
1688,0.704518054997417
1689,0.699562665439061
169,0.887372013651877
1690,0.711806975521411
1691,0.700261551874455
1692,0.704664740225276
1693,0.712793733681462
1694,0.708785499884553
1695,0.712673762577793
