"param_id","prop_relapse"
5732,0.380628867281222
5733,0.378489368134637
5734,0.374150001254611
5735,0.379381547139404
5736,0.387340316492088
5737,0.378119717609625
5738,0.380587707044502
5739,0.382445297313463
574,0.877316530763529
5740,0.377651202877914
5741,0.379483749504558
5742,0.379359107093255
5743,0.370387984981227
