"param_id","prop_relapse"
6703,0.89230213227322
6704,0.903490028490028
6705,0.890308839190628
6706,0.887334315169367
6707,0.896213183730715
6708,0.893395549174444
6709,0.900494001411433
671,0.879023700035373
6710,0.894883397145841
6711,0.890296886314265
6712,0.905809556548642
6713,0.898016997167139
6714,0.89330985915493
