"param_id","prop_relapse"
400,0.878291814946619
4000,0.846390168970814
4001,0.856984478935698
4002,0.846880492091388
4003,0.863010705702425
4004,0.843791136463361
4005,0.849379932356257
4006,0.850308995193408
4007,0.8561872909699
4008,0.848003529671299
4009,0.857559443696725
401,0.890147614143495
4010,0.857769973661106
