"param_id","prop_relapse"
9324,0.541344758948753
9325,0.547137191091223
9326,0.538095723360169
9327,0.543828085957021
9328,0.536298825183251
9329,0.544306804683523
933,0.797988264878458
9330,0.546415348367553
9331,0.541608853091475
9332,0.540681711645349
9333,0.531204447608393
9334,0.540072275321693
9335,0.539546973635351
