"param_id","prop_relapse"
3299,0.872447151558581
33,0.873502466525722
330,0.873123659756969
3300,0.887586206896552
3301,0.888731896856235
3302,0.881276901004304
3303,0.888017118402282
3304,0.892754662840746
3305,0.886305848165638
3306,0.882078853046595
3307,0.886473429951691
3308,0.888392857142857
3309,0.890079502246803
