"param_id","prop_relapse"
10933,0.891957364341085
10934,0.902589688762176
10935,0.897178383548541
10936,0.915314885496183
10937,0.91091042226019
10938,0.906360009387468
10939,0.90343347639485
1094,0.804000851244946
10940,0.916883116883117
10941,0.906745562130178
10942,0.907355679702048
10943,0.901421800947867
10944,0.91872956562354
