"param_id","prop_relapse"
9652,0.901933216168717
9653,0.885409252669039
9654,0.894544123031856
9655,0.901359358661555
9656,0.896907216494845
9657,0.884475218658892
9658,0.906684764166949
9659,0.898305084745763
966,0.796315462637135
9660,0.903962870403427
9661,0.90061438380918
9662,0.886704789135097
9663,0.900276052449965
