"param_id","prop_relapse"
4117,0.861022364217252
4118,0.861310592459605
4119,0.862549800796813
412,0.886594202898551
4120,0.865198831723208
4121,0.858928571428571
4122,0.846221634721304
4123,0.863728813559322
4124,0.846617238183503
4125,0.840230139411374
4126,0.876009604889762
4127,0.848444145959257
4128,0.845076683707491
