"param_id","prop_relapse"
9477,0.318410779498804
9478,0.3154047333219
9479,0.312294869580238
948,0.817154811715481
9480,0.315766607290264
9481,0.311854570282496
9482,0.310641339426888
9483,0.315476317873424
9484,0.314523333475135
9485,0.310079848888126
9486,0.313706191963713
9487,0.314430808294541
9488,0.313588999892577
