"param_id","prop_relapse"
5569,0.715453460620525
557,0.866347569955817
5570,0.708323353293413
5571,0.713928612951982
5572,0.719426194924959
5573,0.71315172289374
5574,0.706920270351098
5575,0.717723110073622
5576,0.710739341608203
5577,0.71174910642223
5578,0.723052903380772
5579,0.705544026089535
558,0.879377431906615
