"param_id","prop_relapse"
3872,0.884418683941357
3873,0.873314407381121
3874,0.887730274591588
3875,0.882540809084457
3876,0.883245149911817
3877,0.878248974008208
3878,0.891274238227147
3879,0.894511994742031
388,0.881824712643678
3880,0.876534296028881
3881,0.886193364252587
3882,0.874051069703244
3883,0.882083773319254
