"param_id","prop_relapse"
6422,0.888560885608856
6423,0.895731280615815
6424,0.887636491722438
6425,0.897435897435897
6426,0.892579505300353
6427,0.900634249471459
6428,0.898448519040903
6429,0.90143809189758
643,0.878872258962757
6430,0.901052631578947
6431,0.897666068222621
6432,0.902387640449438
6433,0.897444872243612
