"param_id","prop_relapse"
12325,0.632150784687877
12326,0.624247536520839
12327,0.635599159074982
12328,0.631922453077933
12329,0.620946571957999
1233,0.802342305321553
12330,0.622009756097561
12331,0.639837461905134
12332,0.630954695702897
12333,0.636153133683236
12334,0.63252446183953
12335,0.635804356132977
12336,0.631836164766116
