"param_id","prop_relapse"
9406,0.31243480297192
9407,0.309512982091427
9408,0.313594554423454
9409,0.315882704456206
941,0.811701689328389
9410,0.31821548750291
9411,0.315614475405968
9412,0.315094663632851
9413,0.316524621212121
9414,0.309360194630586
9415,0.315720288761987
9416,0.313680054926193
9417,0.316604445952825
