"param_id","prop_relapse"
9722,0.880564603691639
9723,0.909838998211091
9724,0.893151667264252
9725,0.890971039182283
9726,0.903879762320867
9727,0.89594546106925
9728,0.901102810387762
9729,0.891557753444013
973,0.80828025477707
9730,0.914489311163896
9731,0.896914446002805
9732,0.892691622103387
9733,0.893601725377426
