"param_id","prop_relapse"
5475,0.706679457968581
5476,0.721604866066207
5477,0.718214475001472
5478,0.712704552216602
5479,0.712443546470169
548,0.87615988579586
5480,0.714997922725384
5481,0.714294072903867
5482,0.711131986848286
5483,0.714656996071321
5484,0.713318815843682
5485,0.712287246444393
5486,0.708792497069168
