"param_id","prop_relapse"
2409,0.299212436087745
241,0.874235214140041
2410,0.304627674986547
2411,0.30277754608391
2412,0.301937193698336
2413,0.304346934590937
2414,0.303930606771706
2415,0.298856989313987
2416,0.299020921364526
2417,0.302854658745109
2418,0.298825658725482
2419,0.30004310964219
242,0.877430555555556
