"param_id","prop_relapse"
11764,0.888733637299603
11765,0.886023650092606
11766,0.891809246450673
11767,0.889513385593847
11768,0.895010395010395
11769,0.899008446566287
1177,0.823322286661143
11770,0.891190563951345
11771,0.884124553343543
11772,0.895677755148224
11773,0.885839736553238
11774,0.886998158379374
11775,0.882130108545203
