"param_id","prop_relapse"
3193,0.300058548009368
3194,0.302417214486954
3195,0.299809104867826
3196,0.29869748516056
3197,0.303853641178071
3198,0.297847113884555
3199,0.300991399659271
32,0.87975592246949
320,0.872936109117014
3200,0.878511235955056
3201,0.897146882705178
3202,0.883457314913213
3203,0.897383622154264
