"param_id","prop_relapse"
1105,0.803230543318649
11050,0.821830537269059
11051,0.807504078303426
11052,0.825400213447172
11053,0.819759965709387
11054,0.816295979469632
11055,0.807829181494662
11056,0.816279069767442
11057,0.823781009409752
11058,0.825770191507077
11059,0.82386726228462
1106,0.817741255794353
11060,0.809303304567459
