"param_id","prop_relapse"
365,0.879571481344662
3650,0.869297610427227
3651,0.890391459074733
3652,0.877092981831136
3653,0.882097649186257
3654,0.890947221251311
3655,0.883528600964852
3656,0.89469964664311
3657,0.882716049382716
3658,0.875
3659,0.884955752212389
366,0.876517516475893
3660,0.88961038961039
