"param_id","prop_relapse"
8200,0.882819319173698
8201,0.879230546716806
8202,0.871098949859488
8203,0.886637654276949
8204,0.87853648159966
8205,0.882142857142857
8206,0.886024523563303
8207,0.868711208470245
8208,0.883482241748505
8209,0.888437545335848
821,0.805369127516778
8210,0.877793043604021
8211,0.881639722863741
