"param_id","prop_relapse"
2608,0.305154030932614
2609,0.304026260024099
261,0.871533871533872
2610,0.297414784008025
2611,0.29863148607891
2612,0.300364925450944
2613,0.300140339290874
2614,0.297588195953854
2615,0.301850736347963
2616,0.305141238230147
2617,0.297023144122883
2618,0.301652978480091
2619,0.301295695480565
