"param_id","prop_relapse"
9489,0.316010814058276
949,0.802831783601014
9490,0.316759564225994
9491,0.31544173033466
9492,0.318552867766476
9493,0.311514758352254
9494,0.314308681672026
9495,0.311794805917743
9496,0.312570733061434
9497,0.314129295780672
9498,0.316410987467818
9499,0.311919586883992
95,0.883893805309734
