"param_id","prop_relapse"
8869,0.538711220445538
887,0.809594882729211
8870,0.538057212170221
8871,0.540741738808233
8872,0.538865687727334
8873,0.542187135671697
8874,0.544040390257215
8875,0.535474334856221
8876,0.540907528360261
8877,0.542496275226872
8878,0.54632073208349
8879,0.539818804926877
888,0.811435523114355
