"param_id","prop_relapse"
2900,0.306006815948483
2901,0.299450549450549
2902,0.304132872990255
2903,0.304857172321337
2904,0.3045087275643
2905,0.302266224811148
2906,0.295969487681682
2907,0.300478071087092
2908,0.301939854254336
2909,0.300896759762779
291,0.885724209795068
2910,0.299283751145165
2911,0.30093907419308
