"param_id","prop_relapse"
3403,0.893044390073401
3404,0.895968322534197
3405,0.891495601173021
3406,0.887177650429799
3407,0.897018030513176
3408,0.895033462486791
3409,0.889891696750903
341,0.883868690434169
3410,0.880466472303207
3411,0.881031307550645
3412,0.889839572192513
3413,0.887062937062937
3414,0.893728222996516
