"param_id","prop_relapse"
7464,0.89811320754717
7465,0.911437366800853
7466,0.924822369928948
7467,0.8997505103198
7468,0.914299021891011
7469,0.885644768856448
747,0.883259157822664
7470,0.907223796033994
7471,0.914995224450812
7472,0.908086506817113
7473,0.904863582443654
7474,0.898533301274345
7475,0.911847014925373
