"param_id","prop_relapse"
4620,0.826451477677636
4621,0.810557062382641
4622,0.793220338983051
4623,0.817555938037866
4624,0.803659539473684
4625,0.829440754231841
4626,0.82298997654084
4627,0.808370512003399
4628,0.820564925828084
4629,0.8231822971549
463,0.882901554404145
4630,0.806849606466709
4631,0.815640109312592
