"param_id","prop_relapse"
6118,0.336026573301014
6119,0.334747011997369
612,0.878628891220707
6120,0.331233286497756
6121,0.330501719465258
6122,0.332500891901534
6123,0.334248191076735
6124,0.333750978856695
6125,0.332184470337099
6126,0.333236581227114
6127,0.334546342112854
6128,0.335304781327895
6129,0.329300984433782
