"param_id","prop_relapse"
441,0.868322558693433
4410,0.82282793867121
4411,0.825791374548545
4412,0.824506749740395
4413,0.836218087408048
4414,0.821068769163382
4415,0.822005756032765
4416,0.829598308668076
4417,0.834856396866841
4418,0.824646643109541
4419,0.837022569444444
442,0.88896978522024
4420,0.83572192513369
