"param_id","prop_relapse"
2713,0.303032180774156
2714,0.303104525136244
2715,0.299644083145547
2716,0.299041466972286
2717,0.301981118433284
2718,0.299342173958442
2719,0.296088925483738
272,0.879728765167737
2720,0.302368242059484
2721,0.297238539206054
2722,0.29819598969137
2723,0.29901847937551
2724,0.298935075300888
