"param_id","prop_relapse"
5791,0.373753332675027
5792,0.381135275339186
5793,0.384623062910189
5794,0.37699952436979
5795,0.381858846918489
5796,0.382249319107469
5797,0.381806325399413
5798,0.375173178165697
5799,0.376528362397274
58,0.902404526166902
580,0.870166725789287
5800,0.443524676733366
5801,0.450058889431502
