"param_id","prop_relapse"
11249,0.897617466991222
1125,0.808483830323394
11250,0.903875407461065
11251,0.909951546775997
11252,0.901769190909764
11253,0.897812384130515
11254,0.90134187252211
11255,0.895200120373157
11256,0.901296338412554
11257,0.90560341653781
11258,0.895736002966259
11259,0.906936416184971
1126,0.807611438183347
