"param_id","prop_relapse"
331,0.878712871287129
3310,0.893736805066854
3311,0.899028452463567
3312,0.889433170048985
3313,0.898340981291917
3314,0.892694861936386
3315,0.892149669845928
3316,0.890832750174948
3317,0.886557610241821
3318,0.890663826766063
3319,0.882352941176471
332,0.884547694473777
3320,0.897284122562674
