"param_id","prop_relapse"
2398,0.702675858845525
2399,0.713920133309528
24,0.872910863509749
240,0.881611208406305
2400,0.300766521649057
2401,0.300216883550217
2402,0.302694530165897
2403,0.301873064050059
2404,0.301691261813961
2405,0.299852228026724
2406,0.299386299552165
2407,0.301740165869352
2408,0.300636256243394
