"param_id","prop_relapse"
984,0.792128723635573
9840,0.902542372881356
9841,0.891131939437635
9842,0.909185082872928
9843,0.889537003281079
9844,0.887664415215073
9845,0.897646219686163
9846,0.900538599640934
9847,0.905894519131334
9848,0.899564902102973
9849,0.895976803189561
985,0.81383519837233
9850,0.895344640923854
