"param_id","prop_relapse"
10043,0.887398517472644
10044,0.894258720930233
10045,0.896822563370225
10046,0.886066763425254
10047,0.891358910003585
10048,0.897079276773296
10049,0.891296986115814
1005,0.799428104575163
10050,0.897417757339936
10051,0.89155370177268
10052,0.902387640449438
10053,0.899580125962211
10054,0.890882460637129
